id,supplier,location,overdue_hours
KLT-000001,SUP-057,WH-02,0
KLT-000002,SUP-144,WH-01,0
KLT-000003,SUP-198,Carrier,0
KLT-000004,SUP-024,WH-02,0
KLT-000005,SUP-082,WH-01,0
KLT-000006,SUP-153,Supplier,0
KLT-000007,SUP-127,WH-01,0
KLT-000008,SUP-053,WH-02,0
KLT-000009,SUP-071,WH-01,0
KLT-000010,SUP-051,Supplier,0
KLT-000011,SUP-058,Carrier,0
KLT-000012,SUP-157,Supplier,0
KLT-000013,SUP-082,WH-02,0
KLT-000014,SUP-040,Supplier,0
KLT-000015,SUP-080,Carrier,0
KLT-000016,SUP-124,WH-02,0
KLT-000017,SUP-055,WH-02,45
KLT-000018,SUP-097,Carrier,0
KLT-000019,SUP-001,Carrier,0
KLT-000020,SUP-036,Supplier,0
KLT-000021,SUP-041,WH-02,0
KLT-000022,SUP-038,Carrier,0
KLT-000023,SUP-167,WH-02,0
KLT-000024,SUP-044,Supplier,0
KLT-000025,SUP-084,WH-02,0
KLT-000026,SUP-016,WH-01,0
KLT-000027,SUP-125,WH-01,0
KLT-000028,SUP-153,Supplier,0
KLT-000029,SUP-013,WH-01,0
KLT-000030,SUP-116,WH-01,0
KLT-000031,SUP-086,Supplier,0
KLT-000032,SUP-193,Supplier,0
KLT-000033,SUP-157,Supplier,0
KLT-000034,SUP-182,WH-01,0
KLT-000035,SUP-114,Carrier,0
KLT-000036,SUP-030,WH-02,0
KLT-000037,SUP-167,WH-02,0
KLT-000038,SUP-126,WH-02,0
KLT-000039,SUP-035,WH-01,0
KLT-000040,SUP-110,Supplier,0
KLT-000041,SUP-190,WH-02,0
KLT-000042,SUP-020,WH-01,0
KLT-000043,SUP-167,WH-02,0
KLT-000044,SUP-177,Supplier,0
KLT-000045,SUP-071,Carrier,0
KLT-000046,SUP-073,WH-02,0
KLT-000047,SUP-137,Supplier,0
KLT-000048,SUP-067,Supplier,0
KLT-000049,SUP-027,WH-02,0
KLT-000050,SUP-014,WH-01,0
KLT-000051,SUP-069,WH-01,0
KLT-000052,SUP-127,WH-01,0
KLT-000053,SUP-133,Carrier,0
KLT-000054,SUP-150,WH-01,0
KLT-000055,SUP-094,Carrier,0
KLT-000056,SUP-017,WH-02,0
KLT-000057,SUP-009,WH-01,0
KLT-000058,SUP-076,WH-01,0
KLT-000059,SUP-195,Carrier,0
KLT-000060,SUP-175,WH-01,0
KLT-000061,SUP-174,Supplier,0
KLT-000062,SUP-117,WH-01,0
KLT-000063,SUP-054,Supplier,0
KLT-000064,SUP-119,WH-01,0
KLT-000065,SUP-075,WH-01,0
KLT-000066,SUP-084,WH-01,0
KLT-000067,SUP-005,Carrier,0
KLT-000068,SUP-106,WH-01,0
KLT-000069,SUP-131,Supplier,0
KLT-000070,SUP-134,WH-01,0
KLT-000071,SUP-144,WH-01,0
KLT-000072,SUP-024,Supplier,0
KLT-000073,SUP-158,WH-02,0
KLT-000074,SUP-008,Supplier,0
KLT-000075,SUP-160,Supplier,0
KLT-000076,SUP-116,Supplier,0
KLT-000077,SUP-187,Supplier,0
KLT-000078,SUP-133,Carrier,0
KLT-000079,SUP-079,Supplier,0
KLT-000080,SUP-159,WH-02,0
KLT-000081,SUP-100,WH-01,0
KLT-000082,SUP-133,WH-02,0
KLT-000083,SUP-193,Supplier,0
KLT-000084,SUP-023,WH-02,0
KLT-000085,SUP-145,Supplier,0
KLT-000086,SUP-081,Carrier,42
KLT-000087,SUP-059,Carrier,0
KLT-000088,SUP-131,Supplier,0
KLT-000089,SUP-189,Carrier,0
KLT-000090,SUP-137,WH-02,0
KLT-000091,SUP-020,WH-01,0
KLT-000092,SUP-175,WH-02,0
KLT-000093,SUP-118,Supplier,0
KLT-000094,SUP-085,WH-02,0
KLT-000095,SUP-163,Supplier,0
KLT-000096,SUP-138,WH-01,0
KLT-000097,SUP-014,WH-02,0
KLT-000098,SUP-003,WH-01,0
KLT-000099,SUP-119,WH-01,0
KLT-000100,SUP-154,Carrier,0
KLT-000101,SUP-199,Carrier,0
KLT-000102,SUP-161,Carrier,0
KLT-000103,SUP-105,Supplier,0
KLT-000104,SUP-109,WH-02,0
KLT-000105,SUP-200,Supplier,0
KLT-000106,SUP-199,Supplier,0
KLT-000107,SUP-121,WH-01,0
KLT-000108,SUP-196,Carrier,0
KLT-000109,SUP-071,Supplier,0
KLT-000110,SUP-186,WH-01,0
KLT-000111,SUP-173,Supplier,0
KLT-000112,SUP-032,WH-02,0
KLT-000113,SUP-072,Carrier,0
KLT-000114,SUP-136,WH-01,0
KLT-000115,SUP-110,Supplier,0
KLT-000116,SUP-120,WH-01,0
KLT-000117,SUP-063,WH-01,0
KLT-000118,SUP-175,Carrier,0
KLT-000119,SUP-183,WH-01,0
KLT-000120,SUP-042,Carrier,0
KLT-000121,SUP-004,WH-01,0
KLT-000122,SUP-066,Supplier,0
KLT-000123,SUP-164,Supplier,0
KLT-000124,SUP-041,Carrier,0
KLT-000125,SUP-024,Supplier,0
KLT-000126,SUP-134,Supplier,0
KLT-000127,SUP-133,WH-02,0
KLT-000128,SUP-051,Supplier,0
KLT-000129,SUP-043,WH-02,0
KLT-000130,SUP-038,Carrier,0
KLT-000131,SUP-085,WH-01,0
KLT-000132,SUP-180,Carrier,0
KLT-000133,SUP-134,Supplier,0
KLT-000134,SUP-120,Supplier,0
KLT-000135,SUP-144,WH-01,0
KLT-000136,SUP-070,WH-01,0
KLT-000137,SUP-005,Supplier,0
KLT-000138,SUP-181,WH-01,0
KLT-000139,SUP-016,WH-02,0
KLT-000140,SUP-053,WH-02,0
KLT-000141,SUP-191,WH-01,0
KLT-000142,SUP-116,WH-01,0
KLT-000143,SUP-090,WH-02,0
KLT-000144,SUP-198,WH-02,0
KLT-000145,SUP-066,Carrier,0
KLT-000146,SUP-188,Supplier,0
KLT-000147,SUP-087,Carrier,0
KLT-000148,SUP-180,WH-02,0
KLT-000149,SUP-144,Carrier,0
KLT-000150,SUP-121,Supplier,0
KLT-000151,SUP-198,WH-02,0
KLT-000152,SUP-017,WH-02,0
KLT-000153,SUP-022,WH-02,0
KLT-000154,SUP-013,Carrier,0
KLT-000155,SUP-132,Supplier,0
KLT-000156,SUP-123,Carrier,0
KLT-000157,SUP-196,WH-01,0
KLT-000158,SUP-034,WH-01,0
KLT-000159,SUP-079,Carrier,0
KLT-000160,SUP-101,WH-02,0
KLT-000161,SUP-002,Supplier,0
KLT-000162,SUP-114,WH-01,0
KLT-000163,SUP-169,WH-01,0
KLT-000164,SUP-097,Carrier,0
KLT-000165,SUP-152,WH-02,0
KLT-000166,SUP-140,WH-02,0
KLT-000167,SUP-176,Supplier,0
KLT-000168,SUP-169,Supplier,0
KLT-000169,SUP-090,WH-01,0
KLT-000170,SUP-093,WH-02,0
KLT-000171,SUP-132,WH-02,0
KLT-000172,SUP-112,Carrier,0
KLT-000173,SUP-023,Carrier,0
KLT-000174,SUP-011,Carrier,0
KLT-000175,SUP-130,WH-01,0
KLT-000176,SUP-060,WH-02,0
KLT-000177,SUP-103,WH-01,0
KLT-000178,SUP-032,WH-01,0
KLT-000179,SUP-077,Carrier,0
KLT-000180,SUP-038,WH-02,0
KLT-000181,SUP-085,WH-02,0
KLT-000182,SUP-190,Supplier,0
KLT-000183,SUP-121,WH-02,0
KLT-000184,SUP-046,Supplier,0
KLT-000185,SUP-036,WH-02,0
KLT-000186,SUP-098,Carrier,0
KLT-000187,SUP-198,Carrier,0
KLT-000188,SUP-110,WH-01,0
KLT-000189,SUP-163,WH-02,0
KLT-000190,SUP-194,Supplier,0
KLT-000191,SUP-009,Supplier,0
KLT-000192,SUP-109,WH-01,0
KLT-000193,SUP-057,Supplier,0
KLT-000194,SUP-081,Supplier,0
KLT-000195,SUP-164,Supplier,0
KLT-000196,SUP-022,WH-02,0
KLT-000197,SUP-064,Supplier,0
KLT-000198,SUP-053,Carrier,0
KLT-000199,SUP-115,Supplier,0
KLT-000200,SUP-023,WH-01,0
KLT-000201,SUP-032,Carrier,0
KLT-000202,SUP-053,Carrier,0
KLT-000203,SUP-126,WH-02,0
KLT-000204,SUP-147,Carrier,0
KLT-000205,SUP-024,Supplier,0
KLT-000206,SUP-057,Carrier,0
KLT-000207,SUP-177,Carrier,0
KLT-000208,SUP-167,Supplier,0
KLT-000209,SUP-151,WH-02,0
KLT-000210,SUP-189,WH-02,0
KLT-000211,SUP-098,WH-01,0
KLT-000212,SUP-104,Supplier,0
KLT-000213,SUP-124,Carrier,0
KLT-000214,SUP-179,WH-01,0
KLT-000215,SUP-059,WH-01,0
KLT-000216,SUP-100,WH-02,0
KLT-000217,SUP-189,Carrier,0
KLT-000218,SUP-180,WH-02,0
KLT-000219,SUP-143,Supplier,0
KLT-000220,SUP-036,Carrier,0
KLT-000221,SUP-108,WH-01,0
KLT-000222,SUP-154,WH-02,0
KLT-000223,SUP-071,Carrier,0
KLT-000224,SUP-086,WH-02,0
KLT-000225,SUP-059,Supplier,0
KLT-000226,SUP-182,Supplier,0
KLT-000227,SUP-117,Carrier,0
KLT-000228,SUP-129,Supplier,0
KLT-000229,SUP-025,Carrier,0
KLT-000230,SUP-057,WH-01,0
KLT-000231,SUP-083,WH-02,0
KLT-000232,SUP-075,WH-01,0
KLT-000233,SUP-072,WH-01,0
KLT-000234,SUP-125,WH-01,0
KLT-000235,SUP-198,WH-02,0
KLT-000236,SUP-191,WH-01,0
KLT-000237,SUP-141,Supplier,0
KLT-000238,SUP-142,WH-01,0
KLT-000239,SUP-048,Carrier,0
KLT-000240,SUP-116,Carrier,0
KLT-000241,SUP-040,WH-02,0
KLT-000242,SUP-156,WH-02,0
KLT-000243,SUP-182,Supplier,0
KLT-000244,SUP-184,Supplier,0
KLT-000245,SUP-108,Carrier,0
KLT-000246,SUP-172,Carrier,0
KLT-000247,SUP-057,Carrier,0
KLT-000248,SUP-108,WH-02,0
KLT-000249,SUP-012,WH-01,0
KLT-000250,SUP-114,WH-01,0
KLT-000251,SUP-183,WH-01,0
KLT-000252,SUP-078,WH-01,0
KLT-000253,SUP-166,WH-01,0
KLT-000254,SUP-173,WH-01,0
KLT-000255,SUP-001,WH-01,0
KLT-000256,SUP-129,Supplier,0
KLT-000257,SUP-175,Supplier,0
KLT-000258,SUP-001,WH-01,0
KLT-000259,SUP-156,Carrier,0
KLT-000260,SUP-191,Supplier,0
KLT-000261,SUP-200,Supplier,0
KLT-000262,SUP-022,WH-02,0
KLT-000263,SUP-044,Supplier,0
KLT-000264,SUP-098,WH-02,0
KLT-000265,SUP-168,Carrier,0
KLT-000266,SUP-124,Carrier,0
KLT-000267,SUP-059,WH-02,0
KLT-000268,SUP-044,WH-01,0
KLT-000269,SUP-066,Supplier,0
KLT-000270,SUP-136,WH-02,0
KLT-000271,SUP-006,Carrier,0
KLT-000272,SUP-100,Supplier,0
KLT-000273,SUP-116,WH-02,0
KLT-000274,SUP-175,WH-02,0
KLT-000275,SUP-181,WH-01,0
KLT-000276,SUP-183,Supplier,0
KLT-000277,SUP-095,WH-01,0
KLT-000278,SUP-194,WH-01,0
KLT-000279,SUP-159,WH-01,0
KLT-000280,SUP-078,Supplier,0
KLT-000281,SUP-180,Supplier,0
KLT-000282,SUP-104,Carrier,0
KLT-000283,SUP-163,Carrier,0
KLT-000284,SUP-177,Supplier,0
KLT-000285,SUP-174,WH-02,0
KLT-000286,SUP-081,WH-02,0
KLT-000287,SUP-030,Supplier,0
KLT-000288,SUP-068,Carrier,0
KLT-000289,SUP-116,Supplier,0
KLT-000290,SUP-145,Carrier,0
KLT-000291,SUP-044,Carrier,0
KLT-000292,SUP-181,WH-01,0
KLT-000293,SUP-049,Carrier,0
KLT-000294,SUP-051,WH-02,0
KLT-000295,SUP-127,WH-01,0
KLT-000296,SUP-039,Carrier,0
KLT-000297,SUP-088,Supplier,0
KLT-000298,SUP-088,WH-02,0
KLT-000299,SUP-057,Carrier,0
KLT-000300,SUP-099,WH-01,0
KLT-000301,SUP-137,Carrier,0
KLT-000302,SUP-124,Supplier,0
KLT-000303,SUP-021,Carrier,0
KLT-000304,SUP-078,WH-02,0
KLT-000305,SUP-131,Carrier,0
KLT-000306,SUP-091,WH-01,0
KLT-000307,SUP-093,WH-02,0
KLT-000308,SUP-160,WH-01,0
KLT-000309,SUP-186,WH-01,0
KLT-000310,SUP-115,Supplier,0
KLT-000311,SUP-180,Carrier,0
KLT-000312,SUP-052,Carrier,0
KLT-000313,SUP-024,WH-02,0
KLT-000314,SUP-107,Supplier,0
KLT-000315,SUP-091,WH-01,0
KLT-000316,SUP-164,Supplier,0
KLT-000317,SUP-187,WH-02,0
KLT-000318,SUP-115,Carrier,0
KLT-000319,SUP-095,Supplier,0
KLT-000320,SUP-140,WH-02,0
KLT-000321,SUP-031,WH-02,0
KLT-000322,SUP-191,Carrier,0
KLT-000323,SUP-125,WH-01,0
KLT-000324,SUP-061,Supplier,0
KLT-000325,SUP-060,Carrier,0
KLT-000326,SUP-147,WH-02,0
KLT-000327,SUP-093,WH-01,0
KLT-000328,SUP-063,Supplier,0
KLT-000329,SUP-159,Supplier,0
KLT-000330,SUP-096,WH-02,0
KLT-000331,SUP-093,WH-02,0
KLT-000332,SUP-102,WH-01,0
KLT-000333,SUP-079,Supplier,0
KLT-000334,SUP-194,Carrier,0
KLT-000335,SUP-031,Supplier,0
KLT-000336,SUP-170,WH-01,0
KLT-000337,SUP-193,WH-02,0
KLT-000338,SUP-059,Carrier,0
KLT-000339,SUP-121,WH-02,0
KLT-000340,SUP-042,Carrier,0
KLT-000341,SUP-176,Supplier,0
KLT-000342,SUP-024,Carrier,0
KLT-000343,SUP-032,WH-02,0
KLT-000344,SUP-146,WH-01,0
KLT-000345,SUP-166,Carrier,0
KLT-000346,SUP-049,Carrier,0
KLT-000347,SUP-145,Carrier,0
KLT-000348,SUP-034,WH-01,0
KLT-000349,SUP-148,Supplier,0
KLT-000350,SUP-097,Carrier,0
KLT-000351,SUP-104,Supplier,0
KLT-000352,SUP-013,WH-02,0
KLT-000353,SUP-052,Supplier,0
KLT-000354,SUP-198,WH-01,0
KLT-000355,SUP-081,WH-01,0
KLT-000356,SUP-118,Carrier,0
KLT-000357,SUP-188,WH-01,0
KLT-000358,SUP-199,WH-01,0
KLT-000359,SUP-133,Carrier,0
KLT-000360,SUP-081,WH-01,0
KLT-000361,SUP-071,Supplier,0
KLT-000362,SUP-188,Supplier,0
KLT-000363,SUP-008,WH-02,0
KLT-000364,SUP-169,Carrier,0
KLT-000365,SUP-013,Supplier,0
KLT-000366,SUP-091,WH-02,0
KLT-000367,SUP-158,WH-01,0
KLT-000368,SUP-003,WH-02,0
KLT-000369,SUP-039,Carrier,0
KLT-000370,SUP-028,Carrier,0
KLT-000371,SUP-076,Supplier,0
KLT-000372,SUP-165,WH-01,0
KLT-000373,SUP-006,Supplier,0
KLT-000374,SUP-195,Carrier,0
KLT-000375,SUP-116,Carrier,0
KLT-000376,SUP-032,Carrier,0
KLT-000377,SUP-100,WH-01,0
KLT-000378,SUP-181,WH-01,0
KLT-000379,SUP-047,Supplier,0
KLT-000380,SUP-039,Carrier,0
KLT-000381,SUP-151,Carrier,0
KLT-000382,SUP-176,Supplier,0
KLT-000383,SUP-053,WH-02,0
KLT-000384,SUP-170,Supplier,0
KLT-000385,SUP-196,Carrier,0
KLT-000386,SUP-111,WH-02,0
KLT-000387,SUP-131,Supplier,0
KLT-000388,SUP-189,Carrier,0
KLT-000389,SUP-082,Supplier,0
KLT-000390,SUP-098,WH-02,0
KLT-000391,SUP-029,WH-01,0
KLT-000392,SUP-067,Supplier,0
KLT-000393,SUP-018,WH-01,0
KLT-000394,SUP-196,WH-02,0
KLT-000395,SUP-046,WH-01,0
KLT-000396,SUP-044,WH-02,0
KLT-000397,SUP-189,Supplier,0
KLT-000398,SUP-077,Carrier,0
KLT-000399,SUP-036,Supplier,0
KLT-000400,SUP-137,Carrier,0
KLT-000401,SUP-149,Supplier,0
KLT-000402,SUP-059,WH-02,0
KLT-000403,SUP-014,Carrier,0
KLT-000404,SUP-040,Carrier,0
KLT-000405,SUP-066,Carrier,0
KLT-000406,SUP-098,Supplier,0
KLT-000407,SUP-051,WH-01,0
KLT-000408,SUP-172,Supplier,0
KLT-000409,SUP-192,Supplier,0
KLT-000410,SUP-125,Carrier,0
KLT-000411,SUP-052,WH-01,0
KLT-000412,SUP-090,WH-02,0
KLT-000413,SUP-063,Supplier,0
KLT-000414,SUP-062,WH-02,0
KLT-000415,SUP-157,WH-02,0
KLT-000416,SUP-040,WH-01,0
KLT-000417,SUP-015,Carrier,0
KLT-000418,SUP-035,Carrier,0
KLT-000419,SUP-048,WH-01,0
KLT-000420,SUP-050,Carrier,0
KLT-000421,SUP-190,WH-01,0
KLT-000422,SUP-197,Supplier,0
KLT-000423,SUP-057,WH-02,0
KLT-000424,SUP-185,Carrier,0
KLT-000425,SUP-105,Carrier,0
KLT-000426,SUP-198,Supplier,0
KLT-000427,SUP-084,WH-02,0
KLT-000428,SUP-008,WH-02,0
KLT-000429,SUP-041,WH-02,0
KLT-000430,SUP-003,Supplier,0
KLT-000431,SUP-165,WH-02,0
KLT-000432,SUP-044,Carrier,0
KLT-000433,SUP-010,Carrier,0
KLT-000434,SUP-173,WH-01,0
KLT-000435,SUP-065,WH-02,0
KLT-000436,SUP-119,Carrier,0
KLT-000437,SUP-098,Supplier,0
KLT-000438,SUP-016,Supplier,0
KLT-000439,SUP-008,WH-01,0
KLT-000440,SUP-004,Supplier,0
KLT-000441,SUP-175,Carrier,0
KLT-000442,SUP-187,Carrier,0
KLT-000443,SUP-042,WH-01,0
KLT-000444,SUP-078,Supplier,0
KLT-000445,SUP-046,WH-01,0
KLT-000446,SUP-035,WH-02,0
KLT-000447,SUP-090,WH-02,0
KLT-000448,SUP-114,Carrier,0
KLT-000449,SUP-002,WH-02,0
KLT-000450,SUP-043,WH-02,0
KLT-000451,SUP-157,Supplier,0
KLT-000452,SUP-008,WH-01,0
KLT-000453,SUP-088,WH-02,0
KLT-000454,SUP-193,WH-01,0
KLT-000455,SUP-188,Supplier,0
KLT-000456,SUP-070,WH-02,0
KLT-000457,SUP-038,WH-01,0
KLT-000458,SUP-002,WH-02,0
KLT-000459,SUP-150,WH-02,0
KLT-000460,SUP-144,Supplier,0
KLT-000461,SUP-152,Supplier,0
KLT-000462,SUP-001,Supplier,0
KLT-000463,SUP-180,WH-02,0
KLT-000464,SUP-038,WH-01,0
KLT-000465,SUP-154,Supplier,0
KLT-000466,SUP-153,WH-02,0
KLT-000467,SUP-063,WH-02,0
KLT-000468,SUP-072,Carrier,0
KLT-000469,SUP-158,WH-01,0
KLT-000470,SUP-071,WH-02,0
KLT-000471,SUP-129,WH-01,0
KLT-000472,SUP-099,Carrier,0
KLT-000473,SUP-110,Carrier,0
KLT-000474,SUP-041,Carrier,0
KLT-000475,SUP-164,WH-02,0
KLT-000476,SUP-044,Supplier,0
KLT-000477,SUP-025,WH-01,0
KLT-000478,SUP-033,Supplier,0
KLT-000479,SUP-054,Carrier,0
KLT-000480,SUP-020,Carrier,0
KLT-000481,SUP-001,WH-01,0
KLT-000482,SUP-093,WH-02,0
KLT-000483,SUP-156,WH-02,0
KLT-000484,SUP-115,Supplier,0
KLT-000485,SUP-029,Carrier,0
KLT-000486,SUP-017,WH-02,0
KLT-000487,SUP-196,Supplier,0
KLT-000488,SUP-175,WH-02,0
KLT-000489,SUP-116,Supplier,0
KLT-000490,SUP-157,WH-01,0
KLT-000491,SUP-156,Carrier,0
KLT-000492,SUP-002,Supplier,0
KLT-000493,SUP-082,Supplier,0
KLT-000494,SUP-189,Carrier,0
KLT-000495,SUP-098,Carrier,0
KLT-000496,SUP-143,WH-01,0
KLT-000497,SUP-072,WH-02,0
KLT-000498,SUP-119,Supplier,0
KLT-000499,SUP-192,Supplier,0
KLT-000500,SUP-127,WH-02,0
KLT-000501,SUP-049,Carrier,0
KLT-000502,SUP-189,Supplier,0
KLT-000503,SUP-093,Supplier,0
KLT-000504,SUP-067,WH-02,0
KLT-000505,SUP-124,WH-02,0
KLT-000506,SUP-110,Supplier,0
KLT-000507,SUP-128,Supplier,0
KLT-000508,SUP-188,WH-01,0
KLT-000509,SUP-005,WH-01,0
KLT-000510,SUP-118,Supplier,0
KLT-000511,SUP-047,Supplier,0
KLT-000512,SUP-027,Supplier,0
KLT-000513,SUP-156,WH-02,0
KLT-000514,SUP-128,WH-02,0
KLT-000515,SUP-139,Carrier,0
KLT-000516,SUP-160,Supplier,0
KLT-000517,SUP-146,WH-02,0
KLT-000518,SUP-043,Supplier,0
KLT-000519,SUP-148,Carrier,0
KLT-000520,SUP-175,Carrier,0
KLT-000521,SUP-099,WH-01,0
KLT-000522,SUP-082,Carrier,0
KLT-000523,SUP-142,WH-01,0
KLT-000524,SUP-040,WH-01,0
KLT-000525,SUP-189,WH-01,0
KLT-000526,SUP-193,WH-01,0
KLT-000527,SUP-012,Carrier,0
KLT-000528,SUP-188,Carrier,0
KLT-000529,SUP-169,Supplier,0
KLT-000530,SUP-115,WH-02,0
KLT-000531,SUP-007,WH-02,0
KLT-000532,SUP-108,WH-01,0
KLT-000533,SUP-058,Carrier,0
KLT-000534,SUP-124,Supplier,0
KLT-000535,SUP-052,Carrier,0
KLT-000536,SUP-107,WH-02,0
KLT-000537,SUP-096,Carrier,0
KLT-000538,SUP-130,WH-01,0
KLT-000539,SUP-157,WH-01,0
KLT-000540,SUP-192,WH-01,0
KLT-000541,SUP-146,WH-02,0
KLT-000542,SUP-087,Supplier,0
KLT-000543,SUP-180,WH-02,0
KLT-000544,SUP-115,Supplier,0
KLT-000545,SUP-058,Supplier,0
KLT-000546,SUP-079,WH-02,0
KLT-000547,SUP-098,Carrier,0
KLT-000548,SUP-026,Carrier,0
KLT-000549,SUP-052,Supplier,0
KLT-000550,SUP-097,Carrier,0
KLT-000551,SUP-152,WH-02,0
KLT-000552,SUP-096,WH-01,0
KLT-000553,SUP-178,WH-02,0
KLT-000554,SUP-096,WH-02,0
KLT-000555,SUP-094,Carrier,0
KLT-000556,SUP-045,WH-02,0
KLT-000557,SUP-046,Carrier,0
KLT-000558,SUP-164,Supplier,0
KLT-000559,SUP-062,Supplier,0
KLT-000560,SUP-010,WH-01,0
KLT-000561,SUP-162,Supplier,0
KLT-000562,SUP-063,Carrier,0
KLT-000563,SUP-006,WH-01,0
KLT-000564,SUP-123,WH-02,0
KLT-000565,SUP-108,WH-01,0
KLT-000566,SUP-081,WH-02,0
KLT-000567,SUP-079,Supplier,0
KLT-000568,SUP-122,WH-01,0
KLT-000569,SUP-120,Carrier,0
KLT-000570,SUP-005,Supplier,0
KLT-000571,SUP-160,Carrier,0
KLT-000572,SUP-102,Carrier,0
KLT-000573,SUP-181,Carrier,0
KLT-000574,SUP-161,Supplier,0
KLT-000575,SUP-092,Supplier,0
KLT-000576,SUP-017,WH-02,0
KLT-000577,SUP-147,Carrier,0
KLT-000578,SUP-143,Carrier,0
KLT-000579,SUP-126,WH-01,0
KLT-000580,SUP-051,WH-01,0
KLT-000581,SUP-067,Carrier,0
KLT-000582,SUP-031,WH-02,0
KLT-000583,SUP-026,WH-01,36
KLT-000584,SUP-140,WH-02,0
KLT-000585,SUP-075,Supplier,0
KLT-000586,SUP-026,WH-02,0
KLT-000587,SUP-140,WH-02,0
KLT-000588,SUP-194,WH-02,0
KLT-000589,SUP-181,Supplier,0
KLT-000590,SUP-134,Supplier,0
KLT-000591,SUP-092,Supplier,0
KLT-000592,SUP-092,WH-02,0
KLT-000593,SUP-112,Carrier,0
KLT-000594,SUP-068,WH-02,0
KLT-000595,SUP-172,Supplier,0
KLT-000596,SUP-080,Supplier,0
KLT-000597,SUP-088,Supplier,0
KLT-000598,SUP-105,WH-01,0
KLT-000599,SUP-003,Supplier,0
KLT-000600,SUP-162,Carrier,0
KLT-000601,SUP-020,WH-02,0
KLT-000602,SUP-075,Carrier,0
KLT-000603,SUP-073,Supplier,0
KLT-000604,SUP-103,WH-02,0
KLT-000605,SUP-063,WH-01,0
KLT-000606,SUP-172,Supplier,0
KLT-000607,SUP-043,WH-01,0
KLT-000608,SUP-074,WH-01,0
KLT-000609,SUP-169,Supplier,0
KLT-000610,SUP-111,WH-01,0
KLT-000611,SUP-009,Supplier,0
KLT-000612,SUP-176,Supplier,0
KLT-000613,SUP-077,WH-01,0
KLT-000614,SUP-068,Supplier,0
KLT-000615,SUP-171,WH-02,0
KLT-000616,SUP-141,WH-02,0
KLT-000617,SUP-074,WH-02,0
KLT-000618,SUP-017,WH-01,0
KLT-000619,SUP-018,Carrier,0
KLT-000620,SUP-074,WH-01,0
KLT-000621,SUP-023,WH-01,0
KLT-000622,SUP-090,Supplier,0
KLT-000623,SUP-099,Carrier,0
KLT-000624,SUP-167,Supplier,0
KLT-000625,SUP-150,WH-02,0
KLT-000626,SUP-137,Supplier,0
KLT-000627,SUP-139,Carrier,0
KLT-000628,SUP-051,WH-01,0
KLT-000629,SUP-097,Supplier,0
KLT-000630,SUP-060,WH-01,0
KLT-000631,SUP-155,Supplier,0
KLT-000632,SUP-138,WH-02,0
KLT-000633,SUP-063,Supplier,0
KLT-000634,SUP-061,WH-02,0
KLT-000635,SUP-126,WH-02,0
KLT-000636,SUP-042,WH-01,0
KLT-000637,SUP-139,WH-02,0
KLT-000638,SUP-062,WH-02,0
KLT-000639,SUP-194,WH-01,0
KLT-000640,SUP-032,Supplier,0
KLT-000641,SUP-041,Carrier,0
KLT-000642,SUP-085,Supplier,0
KLT-000643,SUP-183,WH-01,0
KLT-000644,SUP-101,WH-01,0
KLT-000645,SUP-033,WH-02,0
KLT-000646,SUP-007,WH-01,0
KLT-000647,SUP-151,WH-02,0
KLT-000648,SUP-079,WH-01,0
KLT-000649,SUP-196,Carrier,0
KLT-000650,SUP-129,Supplier,0
KLT-000651,SUP-132,Supplier,0
KLT-000652,SUP-093,Carrier,0
KLT-000653,SUP-027,Supplier,0
KLT-000654,SUP-156,Supplier,0
KLT-000655,SUP-055,WH-01,0
KLT-000656,SUP-124,Carrier,0
KLT-000657,SUP-090,Supplier,0
KLT-000658,SUP-122,WH-01,0
KLT-000659,SUP-094,WH-01,0
KLT-000660,SUP-103,Carrier,0
KLT-000661,SUP-011,WH-01,0
KLT-000662,SUP-196,WH-01,0
KLT-000663,SUP-058,WH-02,0
KLT-000664,SUP-049,WH-02,0
KLT-000665,SUP-139,WH-02,0
KLT-000666,SUP-162,WH-02,0
KLT-000667,SUP-180,Supplier,0
KLT-000668,SUP-169,Carrier,0
KLT-000669,SUP-124,Carrier,0
KLT-000670,SUP-100,WH-02,0
KLT-000671,SUP-126,Supplier,0
KLT-000672,SUP-013,Carrier,0
KLT-000673,SUP-065,WH-02,0
KLT-000674,SUP-182,WH-02,0
KLT-000675,SUP-034,Carrier,0
KLT-000676,SUP-080,Carrier,0
KLT-000677,SUP-090,WH-02,0
KLT-000678,SUP-006,WH-01,0
KLT-000679,SUP-116,Supplier,0
KLT-000680,SUP-173,Supplier,0
KLT-000681,SUP-181,Supplier,0
KLT-000682,SUP-104,WH-02,0
KLT-000683,SUP-160,WH-01,0
KLT-000684,SUP-179,Carrier,0
KLT-000685,SUP-011,WH-01,0
KLT-000686,SUP-006,Carrier,0
KLT-000687,SUP-044,Supplier,0
KLT-000688,SUP-075,Carrier,0
KLT-000689,SUP-059,WH-01,0
KLT-000690,SUP-197,WH-02,0
KLT-000691,SUP-144,Supplier,0
KLT-000692,SUP-115,Carrier,0
KLT-000693,SUP-006,WH-02,0
KLT-000694,SUP-197,WH-02,0
KLT-000695,SUP-047,Supplier,0
KLT-000696,SUP-109,WH-02,0
KLT-000697,SUP-059,Supplier,0
KLT-000698,SUP-155,Carrier,0
KLT-000699,SUP-005,Supplier,0
KLT-000700,SUP-050,WH-01,0
KLT-000701,SUP-144,Carrier,0
KLT-000702,SUP-114,WH-01,0
KLT-000703,SUP-023,WH-02,0
KLT-000704,SUP-027,WH-02,0
KLT-000705,SUP-095,WH-02,0
KLT-000706,SUP-188,Carrier,0
KLT-000707,SUP-146,WH-02,0
KLT-000708,SUP-129,Carrier,0
KLT-000709,SUP-075,Carrier,0
KLT-000710,SUP-092,WH-01,0
KLT-000711,SUP-062,WH-01,0
KLT-000712,SUP-105,WH-01,0
KLT-000713,SUP-161,Carrier,0
KLT-000714,SUP-025,WH-02,0
KLT-000715,SUP-187,WH-01,0
KLT-000716,SUP-197,WH-02,0
KLT-000717,SUP-082,WH-02,0
KLT-000718,SUP-056,Supplier,0
KLT-000719,SUP-019,Supplier,0
KLT-000720,SUP-110,Carrier,0
KLT-000721,SUP-166,WH-01,0
KLT-000722,SUP-040,Carrier,0
KLT-000723,SUP-174,Carrier,0
KLT-000724,SUP-001,Carrier,0
KLT-000725,SUP-052,WH-01,0
KLT-000726,SUP-086,WH-02,0
KLT-000727,SUP-155,Supplier,0
KLT-000728,SUP-012,WH-02,0
KLT-000729,SUP-046,WH-02,0
KLT-000730,SUP-141,Carrier,0
KLT-000731,SUP-156,Supplier,0
KLT-000732,SUP-191,WH-01,0
KLT-000733,SUP-155,WH-01,0
KLT-000734,SUP-174,WH-02,0
KLT-000735,SUP-055,Supplier,0
KLT-000736,SUP-103,WH-01,0
KLT-000737,SUP-135,Supplier,0
KLT-000738,SUP-140,WH-01,0
KLT-000739,SUP-109,Carrier,0
KLT-000740,SUP-064,Carrier,0
KLT-000741,SUP-119,WH-01,0
KLT-000742,SUP-125,WH-01,0
KLT-000743,SUP-190,WH-01,0
KLT-000744,SUP-185,Carrier,0
KLT-000745,SUP-194,Carrier,0
KLT-000746,SUP-189,WH-01,0
KLT-000747,SUP-117,Carrier,0
KLT-000748,SUP-112,Supplier,0
KLT-000749,SUP-089,Supplier,0
KLT-000750,SUP-149,Supplier,0
KLT-000751,SUP-101,WH-01,0
KLT-000752,SUP-176,Carrier,0
KLT-000753,SUP-111,WH-02,0
KLT-000754,SUP-192,Carrier,0
KLT-000755,SUP-037,Carrier,0
KLT-000756,SUP-145,Supplier,0
KLT-000757,SUP-145,Carrier,0
KLT-000758,SUP-121,WH-02,0
KLT-000759,SUP-173,WH-02,0
KLT-000760,SUP-184,WH-01,0
KLT-000761,SUP-043,WH-02,0
KLT-000762,SUP-172,WH-02,0
KLT-000763,SUP-143,WH-02,0
KLT-000764,SUP-144,Supplier,0
KLT-000765,SUP-101,Supplier,0
KLT-000766,SUP-077,WH-01,0
KLT-000767,SUP-174,Supplier,0
KLT-000768,SUP-084,WH-02,0
KLT-000769,SUP-172,WH-02,0
KLT-000770,SUP-051,Supplier,0
KLT-000771,SUP-113,Carrier,0
KLT-000772,SUP-113,Carrier,0
KLT-000773,SUP-197,WH-02,0
KLT-000774,SUP-197,Carrier,0
KLT-000775,SUP-195,WH-02,0
KLT-000776,SUP-181,Supplier,0
KLT-000777,SUP-140,Carrier,0
KLT-000778,SUP-114,WH-01,0
KLT-000779,SUP-058,Carrier,0
KLT-000780,SUP-023,WH-01,0
KLT-000781,SUP-159,Supplier,0
KLT-000782,SUP-115,WH-01,0
KLT-000783,SUP-131,Carrier,0
KLT-000784,SUP-118,Supplier,0
KLT-000785,SUP-091,Carrier,0
KLT-000786,SUP-159,Carrier,0
KLT-000787,SUP-075,WH-01,0
KLT-000788,SUP-041,WH-01,0
KLT-000789,SUP-051,Carrier,0
KLT-000790,SUP-148,WH-02,0
KLT-000791,SUP-041,WH-01,0
KLT-000792,SUP-097,WH-02,0
KLT-000793,SUP-068,WH-02,0
KLT-000794,SUP-021,Carrier,0
KLT-000795,SUP-066,WH-02,0
KLT-000796,SUP-069,Carrier,0
KLT-000797,SUP-153,WH-01,0
KLT-000798,SUP-113,WH-01,0
KLT-000799,SUP-085,Carrier,0
KLT-000800,SUP-032,WH-01,0
KLT-000801,SUP-043,WH-01,0
KLT-000802,SUP-083,WH-02,0
KLT-000803,SUP-150,Supplier,0
KLT-000804,SUP-066,WH-02,0
KLT-000805,SUP-002,Supplier,0
KLT-000806,SUP-180,Supplier,0
KLT-000807,SUP-045,WH-02,0
KLT-000808,SUP-077,Supplier,0
KLT-000809,SUP-159,Supplier,0
KLT-000810,SUP-145,WH-01,0
KLT-000811,SUP-040,Carrier,0
KLT-000812,SUP-169,WH-01,0
KLT-000813,SUP-085,WH-02,0
KLT-000814,SUP-167,WH-01,0
KLT-000815,SUP-009,Supplier,0
KLT-000816,SUP-113,WH-02,0
KLT-000817,SUP-150,WH-01,0
KLT-000818,SUP-164,Carrier,0
KLT-000819,SUP-182,Carrier,0
KLT-000820,SUP-023,WH-01,0
KLT-000821,SUP-172,Supplier,0
KLT-000822,SUP-040,Supplier,0
KLT-000823,SUP-102,WH-01,0
KLT-000824,SUP-169,Supplier,0
KLT-000825,SUP-148,Supplier,0
KLT-000826,SUP-025,Supplier,0
KLT-000827,SUP-125,Carrier,0
KLT-000828,SUP-160,WH-01,0
KLT-000829,SUP-075,WH-02,0
KLT-000830,SUP-142,WH-02,0
KLT-000831,SUP-027,Supplier,0
KLT-000832,SUP-124,Supplier,0
KLT-000833,SUP-097,WH-01,0
KLT-000834,SUP-189,WH-01,0
KLT-000835,SUP-070,WH-02,0
KLT-000836,SUP-159,WH-02,0
KLT-000837,SUP-009,WH-02,0
KLT-000838,SUP-200,Supplier,0
KLT-000839,SUP-117,Carrier,0
KLT-000840,SUP-068,WH-02,0
KLT-000841,SUP-026,WH-02,0
KLT-000842,SUP-171,Supplier,0
KLT-000843,SUP-081,Carrier,0
KLT-000844,SUP-140,WH-02,0
KLT-000845,SUP-191,Supplier,0
KLT-000846,SUP-120,Supplier,0
KLT-000847,SUP-022,WH-02,0
KLT-000848,SUP-189,WH-02,0
KLT-000849,SUP-010,Supplier,0
KLT-000850,SUP-037,Supplier,0
KLT-000851,SUP-055,Carrier,0
KLT-000852,SUP-074,WH-01,0
KLT-000853,SUP-131,WH-01,0
KLT-000854,SUP-160,WH-02,0
KLT-000855,SUP-175,Supplier,0
KLT-000856,SUP-180,Carrier,0
KLT-000857,SUP-110,WH-01,0
KLT-000858,SUP-003,WH-01,0
KLT-000859,SUP-149,Supplier,0
KLT-000860,SUP-162,WH-02,0
KLT-000861,SUP-015,Carrier,0
KLT-000862,SUP-113,Supplier,0
KLT-000863,SUP-093,Carrier,0
KLT-000864,SUP-018,WH-02,0
KLT-000865,SUP-070,WH-02,0
KLT-000866,SUP-044,Carrier,0
KLT-000867,SUP-027,WH-02,0
KLT-000868,SUP-143,WH-02,0
KLT-000869,SUP-105,Supplier,0
KLT-000870,SUP-087,Carrier,0
KLT-000871,SUP-057,Supplier,0
KLT-000872,SUP-034,Carrier,0
KLT-000873,SUP-167,WH-02,0
KLT-000874,SUP-162,Carrier,0
KLT-000875,SUP-101,WH-02,0
KLT-000876,SUP-028,Carrier,0
KLT-000877,SUP-186,Supplier,0
KLT-000878,SUP-199,Carrier,0
KLT-000879,SUP-137,Supplier,0
KLT-000880,SUP-035,Supplier,0
KLT-000881,SUP-194,WH-01,0
KLT-000882,SUP-053,WH-01,0
KLT-000883,SUP-109,Supplier,0
KLT-000884,SUP-042,Supplier,0
KLT-000885,SUP-144,Carrier,0
KLT-000886,SUP-053,Supplier,0
KLT-000887,SUP-179,Supplier,0
KLT-000888,SUP-157,Supplier,0
KLT-000889,SUP-043,WH-02,0
KLT-000890,SUP-114,Supplier,0
KLT-000891,SUP-087,Supplier,0
KLT-000892,SUP-108,Carrier,0
KLT-000893,SUP-035,Carrier,0
KLT-000894,SUP-158,WH-01,0
KLT-000895,SUP-178,Carrier,0
KLT-000896,SUP-025,WH-02,0
KLT-000897,SUP-159,WH-01,0
KLT-000898,SUP-052,Supplier,0
KLT-000899,SUP-038,WH-01,0
KLT-000900,SUP-055,WH-02,0
KLT-000901,SUP-033,WH-01,0
KLT-000902,SUP-019,WH-01,0
KLT-000903,SUP-039,Supplier,0
KLT-000904,SUP-131,Supplier,0
KLT-000905,SUP-008,Carrier,0
KLT-000906,SUP-024,WH-01,0
KLT-000907,SUP-035,WH-01,0
KLT-000908,SUP-191,WH-02,0
KLT-000909,SUP-124,WH-01,0
KLT-000910,SUP-194,Carrier,0
KLT-000911,SUP-003,Carrier,0
KLT-000912,SUP-019,WH-01,0
KLT-000913,SUP-083,WH-02,0
KLT-000914,SUP-137,WH-01,0
KLT-000915,SUP-119,Supplier,0
KLT-000916,SUP-166,Carrier,0
KLT-000917,SUP-139,Carrier,0
KLT-000918,SUP-096,Carrier,0
KLT-000919,SUP-181,WH-02,0
KLT-000920,SUP-124,Supplier,0
KLT-000921,SUP-190,WH-02,0
KLT-000922,SUP-047,Supplier,0
KLT-000923,SUP-053,Supplier,0
KLT-000924,SUP-194,WH-01,0
KLT-000925,SUP-149,WH-01,0
KLT-000926,SUP-031,Carrier,0
KLT-000927,SUP-015,Supplier,0
KLT-000928,SUP-153,Carrier,0
KLT-000929,SUP-065,Supplier,0
KLT-000930,SUP-065,WH-01,0
KLT-000931,SUP-152,Carrier,0
KLT-000932,SUP-171,Carrier,0
KLT-000933,SUP-126,WH-01,0
KLT-000934,SUP-021,Carrier,0
KLT-000935,SUP-059,WH-02,0
KLT-000936,SUP-110,WH-02,0
KLT-000937,SUP-076,WH-02,0
KLT-000938,SUP-151,WH-02,0
KLT-000939,SUP-024,WH-01,0
KLT-000940,SUP-006,WH-02,0
KLT-000941,SUP-146,WH-01,0
KLT-000942,SUP-143,Carrier,0
KLT-000943,SUP-151,WH-02,0
KLT-000944,SUP-024,Carrier,0
KLT-000945,SUP-066,Supplier,0
KLT-000946,SUP-083,WH-02,0
KLT-000947,SUP-027,Supplier,0
KLT-000948,SUP-120,WH-01,0
KLT-000949,SUP-069,Carrier,0
KLT-000950,SUP-083,Supplier,0
KLT-000951,SUP-055,Supplier,0
KLT-000952,SUP-135,WH-01,0
KLT-000953,SUP-059,Carrier,0
KLT-000954,SUP-197,Carrier,0
KLT-000955,SUP-007,WH-01,0
KLT-000956,SUP-130,Carrier,0
KLT-000957,SUP-190,Supplier,0
KLT-000958,SUP-183,Carrier,0
KLT-000959,SUP-026,WH-01,0
KLT-000960,SUP-046,WH-02,0
KLT-000961,SUP-146,Carrier,0
KLT-000962,SUP-083,Supplier,0
KLT-000963,SUP-061,Carrier,0
KLT-000964,SUP-001,Supplier,0
KLT-000965,SUP-112,WH-02,0
KLT-000966,SUP-178,WH-02,0
KLT-000967,SUP-096,WH-01,0
KLT-000968,SUP-187,WH-02,0
KLT-000969,SUP-157,Carrier,0
KLT-000970,SUP-091,Carrier,0
KLT-000971,SUP-040,WH-02,0
KLT-000972,SUP-108,Carrier,0
KLT-000973,SUP-095,Carrier,0
KLT-000974,SUP-151,WH-01,0
KLT-000975,SUP-001,WH-02,0
KLT-000976,SUP-061,WH-02,0
KLT-000977,SUP-100,WH-01,0
KLT-000978,SUP-079,Carrier,0
KLT-000979,SUP-004,Supplier,0
KLT-000980,SUP-030,WH-02,0
KLT-000981,SUP-006,Carrier,0
KLT-000982,SUP-122,WH-02,0
KLT-000983,SUP-049,Supplier,0
KLT-000984,SUP-104,Supplier,0
KLT-000985,SUP-128,Supplier,0
KLT-000986,SUP-144,WH-01,0
KLT-000987,SUP-126,WH-01,0
KLT-000988,SUP-159,Carrier,0
KLT-000989,SUP-106,Carrier,0
KLT-000990,SUP-141,WH-02,0
KLT-000991,SUP-110,WH-01,0
KLT-000992,SUP-175,Supplier,0
KLT-000993,SUP-177,WH-01,0
KLT-000994,SUP-100,Supplier,0
KLT-000995,SUP-024,Supplier,0
KLT-000996,SUP-183,Supplier,0
KLT-000997,SUP-157,Carrier,0
KLT-000998,SUP-042,Carrier,0
KLT-000999,SUP-068,WH-01,0
KLT-001000,SUP-071,WH-01,0
KLT-001001,SUP-126,WH-01,0
KLT-001002,SUP-025,Carrier,0
KLT-001003,SUP-133,Supplier,0
KLT-001004,SUP-057,Carrier,0
KLT-001005,SUP-007,Carrier,0
KLT-001006,SUP-151,Supplier,0
KLT-001007,SUP-147,Supplier,0
KLT-001008,SUP-014,WH-02,0
KLT-001009,SUP-096,WH-02,0
KLT-001010,SUP-109,Supplier,0
KLT-001011,SUP-018,WH-01,0
KLT-001012,SUP-126,Carrier,0
KLT-001013,SUP-133,Supplier,0
KLT-001014,SUP-046,WH-01,0
KLT-001015,SUP-166,WH-01,0
KLT-001016,SUP-080,Carrier,0
KLT-001017,SUP-191,WH-02,0
KLT-001018,SUP-133,WH-02,0
KLT-001019,SUP-167,WH-02,0
KLT-001020,SUP-005,Carrier,0
KLT-001021,SUP-159,Carrier,0
KLT-001022,SUP-070,Supplier,0
KLT-001023,SUP-145,WH-02,0
KLT-001024,SUP-005,Supplier,0
KLT-001025,SUP-109,WH-02,0
KLT-001026,SUP-095,Carrier,0
KLT-001027,SUP-030,Supplier,0
KLT-001028,SUP-127,WH-01,0
KLT-001029,SUP-126,WH-01,0
KLT-001030,SUP-112,WH-01,0
KLT-001031,SUP-159,WH-02,0
KLT-001032,SUP-073,Supplier,0
KLT-001033,SUP-067,WH-01,0
KLT-001034,SUP-048,Carrier,0
KLT-001035,SUP-106,WH-02,0
KLT-001036,SUP-043,Carrier,0
KLT-001037,SUP-122,WH-01,0
KLT-001038,SUP-085,WH-01,0
KLT-001039,SUP-089,Supplier,0
KLT-001040,SUP-192,Supplier,0
KLT-001041,SUP-125,WH-02,0
KLT-001042,SUP-012,Carrier,0
KLT-001043,SUP-065,Carrier,0
KLT-001044,SUP-012,WH-01,0
KLT-001045,SUP-143,WH-01,0
KLT-001046,SUP-030,Carrier,0
KLT-001047,SUP-100,WH-01,0
KLT-001048,SUP-158,WH-01,0
KLT-001049,SUP-069,Carrier,0
KLT-001050,SUP-125,WH-02,0
KLT-001051,SUP-026,Supplier,0
KLT-001052,SUP-110,Supplier,0
KLT-001053,SUP-056,WH-01,0
KLT-001054,SUP-120,Supplier,0
KLT-001055,SUP-025,WH-01,0
KLT-001056,SUP-162,Supplier,0
KLT-001057,SUP-189,Supplier,0
KLT-001058,SUP-003,Carrier,0
KLT-001059,SUP-095,WH-01,0
KLT-001060,SUP-142,WH-01,0
KLT-001061,SUP-031,Carrier,0
KLT-001062,SUP-096,WH-02,0
KLT-001063,SUP-168,WH-01,0
KLT-001064,SUP-077,WH-02,0
KLT-001065,SUP-192,Supplier,0
KLT-001066,SUP-041,WH-01,0
KLT-001067,SUP-136,WH-02,0
KLT-001068,SUP-038,WH-02,0
KLT-001069,SUP-003,WH-02,0
KLT-001070,SUP-115,WH-02,0
KLT-001071,SUP-020,WH-01,0
KLT-001072,SUP-127,Carrier,0
KLT-001073,SUP-053,WH-01,0
KLT-001074,SUP-021,WH-01,0
KLT-001075,SUP-110,Supplier,0
KLT-001076,SUP-051,Carrier,0
KLT-001077,SUP-085,WH-01,0
KLT-001078,SUP-168,Supplier,0
KLT-001079,SUP-057,WH-01,0
KLT-001080,SUP-102,WH-02,0
KLT-001081,SUP-077,WH-01,0
KLT-001082,SUP-106,Supplier,0
KLT-001083,SUP-191,Supplier,0
KLT-001084,SUP-025,WH-01,0
KLT-001085,SUP-127,WH-02,0
KLT-001086,SUP-181,WH-01,0
KLT-001087,SUP-176,Supplier,0
KLT-001088,SUP-071,Supplier,0
KLT-001089,SUP-119,WH-01,0
KLT-001090,SUP-097,Supplier,0
KLT-001091,SUP-112,Carrier,0
KLT-001092,SUP-080,Carrier,0
KLT-001093,SUP-083,Supplier,0
KLT-001094,SUP-031,WH-02,0
KLT-001095,SUP-188,Supplier,0
KLT-001096,SUP-153,WH-01,0
KLT-001097,SUP-157,Supplier,0
KLT-001098,SUP-102,WH-02,0
KLT-001099,SUP-130,WH-02,0
KLT-001100,SUP-067,WH-01,0
KLT-001101,SUP-116,Supplier,0
KLT-001102,SUP-143,WH-01,0
KLT-001103,SUP-134,WH-01,0
KLT-001104,SUP-094,Carrier,0
KLT-001105,SUP-023,WH-01,0
KLT-001106,SUP-027,WH-02,0
KLT-001107,SUP-074,Carrier,0
KLT-001108,SUP-142,Supplier,0
KLT-001109,SUP-076,WH-01,0
KLT-001110,SUP-095,WH-02,0
KLT-001111,SUP-192,Carrier,0
KLT-001112,SUP-143,WH-02,0
KLT-001113,SUP-130,Supplier,0
KLT-001114,SUP-023,Carrier,0
KLT-001115,SUP-109,WH-01,0
KLT-001116,SUP-139,WH-01,0
KLT-001117,SUP-009,Carrier,0
KLT-001118,SUP-010,Carrier,0
KLT-001119,SUP-167,WH-02,0
KLT-001120,SUP-075,WH-02,0
KLT-001121,SUP-085,Carrier,0
KLT-001122,SUP-070,Carrier,0
KLT-001123,SUP-055,Carrier,0
KLT-001124,SUP-002,Carrier,0
KLT-001125,SUP-082,Carrier,0
KLT-001126,SUP-174,WH-02,0
KLT-001127,SUP-153,Carrier,0
KLT-001128,SUP-093,WH-01,0
KLT-001129,SUP-029,WH-02,0
KLT-001130,SUP-013,Supplier,0
KLT-001131,SUP-129,Supplier,0
KLT-001132,SUP-139,Supplier,0
KLT-001133,SUP-147,WH-01,0
KLT-001134,SUP-005,WH-02,0
KLT-001135,SUP-176,Supplier,0
KLT-001136,SUP-029,WH-01,0
KLT-001137,SUP-050,Carrier,0
KLT-001138,SUP-048,Supplier,0
KLT-001139,SUP-166,WH-02,0
KLT-001140,SUP-135,Supplier,0
KLT-001141,SUP-197,Carrier,0
KLT-001142,SUP-165,WH-01,0
KLT-001143,SUP-058,WH-01,0
KLT-001144,SUP-140,WH-02,0
KLT-001145,SUP-194,WH-01,0
KLT-001146,SUP-155,Supplier,0
KLT-001147,SUP-018,Supplier,0
KLT-001148,SUP-122,WH-02,0
KLT-001149,SUP-082,WH-02,0
KLT-001150,SUP-003,WH-01,0
KLT-001151,SUP-180,Supplier,0
KLT-001152,SUP-007,WH-02,0
KLT-001153,SUP-055,Carrier,0
KLT-001154,SUP-200,WH-01,0
KLT-001155,SUP-071,Carrier,0
KLT-001156,SUP-071,WH-02,0
KLT-001157,SUP-138,Carrier,0
KLT-001158,SUP-119,Supplier,0
KLT-001159,SUP-009,WH-02,0
KLT-001160,SUP-192,WH-02,0
KLT-001161,SUP-105,Carrier,0
KLT-001162,SUP-078,WH-02,0
KLT-001163,SUP-069,Carrier,0
KLT-001164,SUP-108,WH-01,0
KLT-001165,SUP-174,Supplier,0
KLT-001166,SUP-081,WH-01,0
KLT-001167,SUP-045,Carrier,0
KLT-001168,SUP-078,WH-02,0
KLT-001169,SUP-112,WH-02,0
KLT-001170,SUP-177,Supplier,0
KLT-001171,SUP-046,Carrier,0
KLT-001172,SUP-071,Supplier,0
KLT-001173,SUP-170,WH-01,0
KLT-001174,SUP-063,Carrier,0
KLT-001175,SUP-143,Supplier,0
KLT-001176,SUP-129,Carrier,0
KLT-001177,SUP-172,Supplier,0
KLT-001178,SUP-121,WH-02,0
KLT-001179,SUP-121,WH-01,0
KLT-001180,SUP-035,WH-01,0
KLT-001181,SUP-017,Carrier,0
KLT-001182,SUP-102,Carrier,0
KLT-001183,SUP-106,WH-01,0
KLT-001184,SUP-137,Supplier,0
KLT-001185,SUP-098,WH-02,0
KLT-001186,SUP-184,WH-02,0
KLT-001187,SUP-161,WH-02,0
KLT-001188,SUP-060,WH-02,0
KLT-001189,SUP-066,Supplier,0
KLT-001190,SUP-181,WH-01,0
KLT-001191,SUP-079,Supplier,0
KLT-001192,SUP-062,Supplier,0
KLT-001193,SUP-136,Supplier,0
KLT-001194,SUP-045,Carrier,0
KLT-001195,SUP-128,Supplier,0
KLT-001196,SUP-158,Supplier,0
KLT-001197,SUP-065,WH-02,0
KLT-001198,SUP-108,WH-01,0
KLT-001199,SUP-196,WH-02,0
KLT-001200,SUP-113,WH-01,0
KLT-001201,SUP-031,WH-01,0
KLT-001202,SUP-081,WH-02,0
KLT-001203,SUP-197,Carrier,0
KLT-001204,SUP-199,Carrier,0
KLT-001205,SUP-016,WH-02,0
KLT-001206,SUP-113,WH-01,0
KLT-001207,SUP-178,Supplier,0
KLT-001208,SUP-159,Supplier,0
KLT-001209,SUP-035,Supplier,0
KLT-001210,SUP-056,WH-02,0
KLT-001211,SUP-154,Supplier,0
KLT-001212,SUP-185,Carrier,0
KLT-001213,SUP-185,Supplier,0
KLT-001214,SUP-132,Carrier,0
KLT-001215,SUP-114,WH-01,0
KLT-001216,SUP-188,Carrier,0
KLT-001217,SUP-019,WH-01,0
KLT-001218,SUP-081,Supplier,0
KLT-001219,SUP-069,WH-02,0
KLT-001220,SUP-106,Carrier,0
KLT-001221,SUP-125,WH-01,0
KLT-001222,SUP-039,WH-02,0
KLT-001223,SUP-032,WH-02,0
KLT-001224,SUP-165,WH-01,0
KLT-001225,SUP-023,Supplier,0
KLT-001226,SUP-124,Carrier,0
KLT-001227,SUP-080,Supplier,0
KLT-001228,SUP-105,WH-01,0
KLT-001229,SUP-093,WH-01,0
KLT-001230,SUP-012,Carrier,0
KLT-001231,SUP-082,Supplier,0
KLT-001232,SUP-160,WH-01,0
KLT-001233,SUP-006,Supplier,0
KLT-001234,SUP-177,Carrier,0
KLT-001235,SUP-042,Carrier,0
KLT-001236,SUP-129,WH-02,0
KLT-001237,SUP-171,WH-01,0
KLT-001238,SUP-021,WH-02,0
KLT-001239,SUP-145,Carrier,0
KLT-001240,SUP-014,WH-02,0
KLT-001241,SUP-051,WH-02,0
KLT-001242,SUP-007,WH-01,0
KLT-001243,SUP-073,WH-02,0
KLT-001244,SUP-022,Carrier,0
KLT-001245,SUP-117,WH-02,0
KLT-001246,SUP-096,WH-01,0
KLT-001247,SUP-060,Supplier,0
KLT-001248,SUP-070,Carrier,0
KLT-001249,SUP-051,Supplier,0
KLT-001250,SUP-009,Carrier,0
KLT-001251,SUP-123,Carrier,0
KLT-001252,SUP-185,WH-01,0
KLT-001253,SUP-100,WH-01,0
KLT-001254,SUP-134,WH-01,0
KLT-001255,SUP-149,WH-02,0
KLT-001256,SUP-101,Supplier,0
KLT-001257,SUP-012,WH-02,0
KLT-001258,SUP-055,Carrier,0
KLT-001259,SUP-016,Supplier,0
KLT-001260,SUP-134,Carrier,0
KLT-001261,SUP-181,WH-01,0
KLT-001262,SUP-178,WH-01,0
KLT-001263,SUP-086,WH-02,0
KLT-001264,SUP-028,WH-01,0
KLT-001265,SUP-188,WH-02,0
KLT-001266,SUP-117,Carrier,0
KLT-001267,SUP-168,Supplier,0
KLT-001268,SUP-040,Carrier,0
KLT-001269,SUP-135,WH-01,0
KLT-001270,SUP-074,WH-02,0
KLT-001271,SUP-129,Supplier,0
KLT-001272,SUP-190,Supplier,0
KLT-001273,SUP-053,Carrier,0
KLT-001274,SUP-168,Carrier,0
KLT-001275,SUP-101,WH-01,0
KLT-001276,SUP-061,Supplier,0
KLT-001277,SUP-193,Supplier,66
KLT-001278,SUP-154,WH-01,0
KLT-001279,SUP-198,Supplier,0
KLT-001280,SUP-007,Carrier,0
KLT-001281,SUP-134,WH-02,0
KLT-001282,SUP-045,WH-01,0
KLT-001283,SUP-172,Carrier,0
KLT-001284,SUP-074,Supplier,0
KLT-001285,SUP-155,Supplier,0
KLT-001286,SUP-139,Carrier,0
KLT-001287,SUP-011,Supplier,0
KLT-001288,SUP-099,Carrier,0
KLT-001289,SUP-160,Supplier,0
KLT-001290,SUP-083,WH-01,0
KLT-001291,SUP-107,Carrier,0
KLT-001292,SUP-108,WH-01,0
KLT-001293,SUP-111,Carrier,0
KLT-001294,SUP-103,Supplier,0
KLT-001295,SUP-081,Supplier,0
KLT-001296,SUP-007,Carrier,0
KLT-001297,SUP-192,WH-01,0
KLT-001298,SUP-133,Carrier,0
KLT-001299,SUP-071,WH-02,0
KLT-001300,SUP-044,WH-02,0
KLT-001301,SUP-117,Supplier,0
KLT-001302,SUP-004,WH-01,0
KLT-001303,SUP-198,Supplier,0
KLT-001304,SUP-016,Supplier,0
KLT-001305,SUP-134,WH-01,0
KLT-001306,SUP-012,Carrier,0
KLT-001307,SUP-157,WH-01,0
KLT-001308,SUP-010,WH-01,0
KLT-001309,SUP-045,Supplier,0
KLT-001310,SUP-169,WH-01,0
KLT-001311,SUP-154,WH-01,0
KLT-001312,SUP-168,WH-02,0
KLT-001313,SUP-135,Supplier,0
KLT-001314,SUP-090,Carrier,0
KLT-001315,SUP-108,Carrier,0
KLT-001316,SUP-170,Supplier,0
KLT-001317,SUP-078,Supplier,0
KLT-001318,SUP-146,WH-01,0
KLT-001319,SUP-166,WH-02,0
KLT-001320,SUP-115,Supplier,0
KLT-001321,SUP-009,Supplier,0
KLT-001322,SUP-138,Carrier,0
KLT-001323,SUP-038,Supplier,0
KLT-001324,SUP-001,Carrier,0
KLT-001325,SUP-194,Supplier,0
KLT-001326,SUP-125,Supplier,0
KLT-001327,SUP-100,WH-01,0
KLT-001328,SUP-128,Carrier,0
KLT-001329,SUP-162,Supplier,0
KLT-001330,SUP-041,Carrier,0
KLT-001331,SUP-108,WH-02,0
KLT-001332,SUP-016,Supplier,0
KLT-001333,SUP-103,WH-02,0
KLT-001334,SUP-058,WH-02,0
KLT-001335,SUP-005,Carrier,0
KLT-001336,SUP-062,Supplier,0
KLT-001337,SUP-128,Carrier,0
KLT-001338,SUP-085,Carrier,0
KLT-001339,SUP-030,Supplier,0
KLT-001340,SUP-195,Carrier,0
KLT-001341,SUP-018,Carrier,0
KLT-001342,SUP-007,Supplier,0
KLT-001343,SUP-049,Carrier,0
KLT-001344,SUP-186,Supplier,0
KLT-001345,SUP-047,Supplier,0
KLT-001346,SUP-057,Carrier,0
KLT-001347,SUP-096,WH-02,0
KLT-001348,SUP-042,Carrier,0
KLT-001349,SUP-041,Supplier,0
KLT-001350,SUP-055,Supplier,0
KLT-001351,SUP-195,Carrier,0
KLT-001352,SUP-068,WH-01,0
KLT-001353,SUP-148,WH-02,0
KLT-001354,SUP-058,WH-02,0
KLT-001355,SUP-189,Carrier,0
KLT-001356,SUP-031,WH-01,0
KLT-001357,SUP-007,Supplier,0
KLT-001358,SUP-046,Carrier,0
KLT-001359,SUP-160,Carrier,0
KLT-001360,SUP-093,Supplier,0
KLT-001361,SUP-038,Carrier,0
KLT-001362,SUP-156,Supplier,0
KLT-001363,SUP-108,Carrier,0
KLT-001364,SUP-038,WH-01,0
KLT-001365,SUP-103,WH-01,0
KLT-001366,SUP-005,Carrier,0
KLT-001367,SUP-035,WH-01,0
KLT-001368,SUP-058,Supplier,0
KLT-001369,SUP-153,Carrier,0
KLT-001370,SUP-039,Supplier,0
KLT-001371,SUP-141,Carrier,0
KLT-001372,SUP-163,WH-02,0
KLT-001373,SUP-166,Carrier,0
KLT-001374,SUP-167,Carrier,0
KLT-001375,SUP-170,Supplier,0
KLT-001376,SUP-146,Carrier,0
KLT-001377,SUP-142,WH-01,0
KLT-001378,SUP-045,Carrier,0
KLT-001379,SUP-111,Supplier,0
KLT-001380,SUP-080,Supplier,0
KLT-001381,SUP-019,Supplier,0
KLT-001382,SUP-026,WH-02,0
KLT-001383,SUP-157,WH-01,0
KLT-001384,SUP-181,Supplier,0
KLT-001385,SUP-082,WH-02,0
KLT-001386,SUP-015,Carrier,0
KLT-001387,SUP-034,WH-01,0
KLT-001388,SUP-074,WH-01,0
KLT-001389,SUP-163,WH-01,0
KLT-001390,SUP-003,Supplier,0
KLT-001391,SUP-066,Supplier,0
KLT-001392,SUP-106,WH-02,0
KLT-001393,SUP-107,Carrier,0
KLT-001394,SUP-008,WH-01,0
KLT-001395,SUP-003,WH-02,0
KLT-001396,SUP-060,WH-01,0
KLT-001397,SUP-089,WH-02,0
KLT-001398,SUP-087,Carrier,0
KLT-001399,SUP-199,Supplier,0
KLT-001400,SUP-010,Carrier,0
KLT-001401,SUP-073,Supplier,0
KLT-001402,SUP-166,WH-02,0
KLT-001403,SUP-108,WH-01,0
KLT-001404,SUP-078,WH-01,0
KLT-001405,SUP-096,Carrier,0
KLT-001406,SUP-117,Supplier,0
KLT-001407,SUP-061,Supplier,0
KLT-001408,SUP-118,Carrier,0
KLT-001409,SUP-140,Carrier,0
KLT-001410,SUP-036,WH-02,0
KLT-001411,SUP-094,Supplier,0
KLT-001412,SUP-119,WH-02,0
KLT-001413,SUP-038,Carrier,0
KLT-001414,SUP-125,WH-02,0
KLT-001415,SUP-061,WH-02,0
KLT-001416,SUP-183,WH-02,0
KLT-001417,SUP-175,WH-01,0
KLT-001418,SUP-114,Supplier,0
KLT-001419,SUP-180,WH-01,0
KLT-001420,SUP-139,Supplier,0
KLT-001421,SUP-013,WH-02,0
KLT-001422,SUP-200,WH-01,0
KLT-001423,SUP-041,Carrier,0
KLT-001424,SUP-143,Supplier,0
KLT-001425,SUP-099,WH-02,0
KLT-001426,SUP-191,WH-01,0
KLT-001427,SUP-176,WH-01,0
KLT-001428,SUP-011,Supplier,0
KLT-001429,SUP-074,WH-02,0
KLT-001430,SUP-015,Carrier,0
KLT-001431,SUP-030,WH-02,0
KLT-001432,SUP-008,WH-01,0
KLT-001433,SUP-135,WH-02,0
KLT-001434,SUP-034,WH-01,0
KLT-001435,SUP-033,Carrier,0
KLT-001436,SUP-006,WH-01,0
KLT-001437,SUP-015,WH-02,0
KLT-001438,SUP-111,Supplier,0
KLT-001439,SUP-152,Carrier,0
KLT-001440,SUP-027,Carrier,0
KLT-001441,SUP-156,Supplier,0
KLT-001442,SUP-091,Carrier,0
KLT-001443,SUP-190,Carrier,0
KLT-001444,SUP-091,Carrier,0
KLT-001445,SUP-151,WH-02,0
KLT-001446,SUP-070,Supplier,0
KLT-001447,SUP-154,Supplier,0
KLT-001448,SUP-190,WH-01,0
KLT-001449,SUP-061,WH-02,0
KLT-001450,SUP-130,WH-01,0
KLT-001451,SUP-118,WH-02,0
KLT-001452,SUP-093,WH-01,0
KLT-001453,SUP-188,Carrier,0
KLT-001454,SUP-173,Supplier,0
KLT-001455,SUP-165,WH-01,0
KLT-001456,SUP-133,WH-01,0
KLT-001457,SUP-031,WH-01,0
KLT-001458,SUP-185,WH-02,0
KLT-001459,SUP-044,WH-01,0
KLT-001460,SUP-092,Supplier,0
KLT-001461,SUP-113,WH-01,0
KLT-001462,SUP-176,WH-01,0
KLT-001463,SUP-115,WH-02,0
KLT-001464,SUP-043,WH-02,0
KLT-001465,SUP-119,WH-01,0
KLT-001466,SUP-159,WH-01,0
KLT-001467,SUP-080,WH-01,0
KLT-001468,SUP-142,WH-02,0
KLT-001469,SUP-172,Supplier,0
KLT-001470,SUP-110,Supplier,0
KLT-001471,SUP-113,Supplier,0
KLT-001472,SUP-029,Carrier,0
KLT-001473,SUP-106,WH-01,0
KLT-001474,SUP-086,WH-01,0
KLT-001475,SUP-092,WH-02,0
KLT-001476,SUP-154,WH-02,0
KLT-001477,SUP-060,WH-02,0
KLT-001478,SUP-120,WH-01,0
KLT-001479,SUP-038,WH-01,0
KLT-001480,SUP-154,WH-01,0
KLT-001481,SUP-059,WH-02,0
KLT-001482,SUP-198,Supplier,0
KLT-001483,SUP-155,WH-02,0
KLT-001484,SUP-194,Carrier,0
KLT-001485,SUP-124,Supplier,0
KLT-001486,SUP-011,Supplier,0
KLT-001487,SUP-008,Carrier,0
KLT-001488,SUP-170,WH-02,0
KLT-001489,SUP-070,WH-02,0
KLT-001490,SUP-160,WH-01,0
KLT-001491,SUP-193,WH-01,0
KLT-001492,SUP-092,WH-01,0
KLT-001493,SUP-060,WH-02,0
KLT-001494,SUP-086,WH-01,0
KLT-001495,SUP-183,Supplier,0
KLT-001496,SUP-157,Carrier,0
KLT-001497,SUP-036,Carrier,0
KLT-001498,SUP-085,WH-01,0
KLT-001499,SUP-026,WH-02,0
KLT-001500,SUP-031,WH-01,0
KLT-001501,SUP-036,WH-02,0
KLT-001502,SUP-063,Carrier,0
KLT-001503,SUP-095,Carrier,0
KLT-001504,SUP-101,WH-02,0
KLT-001505,SUP-130,WH-01,0
KLT-001506,SUP-117,Carrier,0
KLT-001507,SUP-184,WH-02,0
KLT-001508,SUP-192,Supplier,0
KLT-001509,SUP-088,WH-02,0
KLT-001510,SUP-178,WH-01,0
KLT-001511,SUP-061,Carrier,0
KLT-001512,SUP-119,Supplier,0
KLT-001513,SUP-184,WH-01,0
KLT-001514,SUP-029,Carrier,0
KLT-001515,SUP-007,Supplier,0
KLT-001516,SUP-076,WH-01,0
KLT-001517,SUP-015,WH-02,0
KLT-001518,SUP-081,Supplier,0
KLT-001519,SUP-187,WH-02,0
KLT-001520,SUP-150,Carrier,0
KLT-001521,SUP-084,Carrier,0
KLT-001522,SUP-097,Carrier,0
KLT-001523,SUP-145,Supplier,0
KLT-001524,SUP-158,Carrier,0
KLT-001525,SUP-138,WH-02,0
KLT-001526,SUP-177,Supplier,0
KLT-001527,SUP-007,WH-02,0
KLT-001528,SUP-071,WH-02,0
KLT-001529,SUP-184,WH-02,0
KLT-001530,SUP-121,WH-01,0
KLT-001531,SUP-182,Carrier,0
KLT-001532,SUP-104,WH-02,0
KLT-001533,SUP-130,WH-01,0
KLT-001534,SUP-072,WH-01,0
KLT-001535,SUP-013,WH-01,0
KLT-001536,SUP-193,WH-01,0
KLT-001537,SUP-109,Carrier,0
KLT-001538,SUP-077,WH-02,0
KLT-001539,SUP-089,WH-02,0
KLT-001540,SUP-050,WH-01,0
KLT-001541,SUP-056,Carrier,0
KLT-001542,SUP-194,Supplier,0
KLT-001543,SUP-075,Carrier,0
KLT-001544,SUP-109,Carrier,0
KLT-001545,SUP-149,Supplier,0
KLT-001546,SUP-147,WH-02,0
KLT-001547,SUP-011,Carrier,0
KLT-001548,SUP-067,WH-01,0
KLT-001549,SUP-045,WH-01,0
KLT-001550,SUP-002,Carrier,0
KLT-001551,SUP-160,WH-02,0
KLT-001552,SUP-188,Supplier,0
KLT-001553,SUP-124,Supplier,0
KLT-001554,SUP-072,Supplier,0
KLT-001555,SUP-006,WH-01,0
KLT-001556,SUP-156,Supplier,0
KLT-001557,SUP-145,WH-01,0
KLT-001558,SUP-136,WH-01,0
KLT-001559,SUP-042,WH-02,0
KLT-001560,SUP-126,Carrier,0
KLT-001561,SUP-098,WH-01,0
KLT-001562,SUP-111,Carrier,0
KLT-001563,SUP-124,WH-02,0
KLT-001564,SUP-179,WH-02,0
KLT-001565,SUP-138,WH-01,0
KLT-001566,SUP-115,Supplier,0
KLT-001567,SUP-111,Supplier,0
KLT-001568,SUP-027,Carrier,0
KLT-001569,SUP-050,WH-01,0
KLT-001570,SUP-144,WH-01,0
KLT-001571,SUP-041,WH-01,0
KLT-001572,SUP-091,WH-01,0
KLT-001573,SUP-157,Supplier,0
KLT-001574,SUP-134,Carrier,0
KLT-001575,SUP-056,Carrier,0
KLT-001576,SUP-077,WH-02,0
KLT-001577,SUP-033,Carrier,0
KLT-001578,SUP-154,WH-01,0
KLT-001579,SUP-087,WH-01,0
KLT-001580,SUP-111,Supplier,0
KLT-001581,SUP-135,WH-01,0
KLT-001582,SUP-050,WH-01,0
KLT-001583,SUP-053,WH-01,0
KLT-001584,SUP-103,WH-01,0
KLT-001585,SUP-134,WH-01,0
KLT-001586,SUP-131,Carrier,0
KLT-001587,SUP-024,WH-02,0
KLT-001588,SUP-032,Carrier,0
KLT-001589,SUP-059,Carrier,0
KLT-001590,SUP-077,WH-02,0
KLT-001591,SUP-061,Supplier,0
KLT-001592,SUP-190,Carrier,0
KLT-001593,SUP-077,WH-01,0
KLT-001594,SUP-035,Supplier,0
KLT-001595,SUP-043,Supplier,0
KLT-001596,SUP-122,Carrier,0
KLT-001597,SUP-179,Carrier,0
KLT-001598,SUP-163,Carrier,0
KLT-001599,SUP-085,Carrier,0
KLT-001600,SUP-098,WH-01,0
KLT-001601,SUP-090,WH-02,0
KLT-001602,SUP-085,WH-01,0
KLT-001603,SUP-080,WH-02,0
KLT-001604,SUP-119,Supplier,0
KLT-001605,SUP-077,Supplier,0
KLT-001606,SUP-143,Carrier,0
KLT-001607,SUP-066,WH-01,0
KLT-001608,SUP-189,WH-01,0
KLT-001609,SUP-171,Supplier,0
KLT-001610,SUP-051,WH-02,0
KLT-001611,SUP-086,Carrier,0
KLT-001612,SUP-074,WH-01,0
KLT-001613,SUP-056,Supplier,0
KLT-001614,SUP-035,WH-02,0
KLT-001615,SUP-091,Supplier,0
KLT-001616,SUP-141,Carrier,0
KLT-001617,SUP-005,Supplier,0
KLT-001618,SUP-029,Carrier,0
KLT-001619,SUP-036,WH-02,0
KLT-001620,SUP-190,WH-01,0
KLT-001621,SUP-113,WH-01,0
KLT-001622,SUP-029,Carrier,0
KLT-001623,SUP-104,WH-02,0
KLT-001624,SUP-008,WH-01,0
KLT-001625,SUP-040,WH-01,0
KLT-001626,SUP-140,WH-02,0
KLT-001627,SUP-057,WH-02,0
KLT-001628,SUP-196,Supplier,0
KLT-001629,SUP-178,Supplier,0
KLT-001630,SUP-060,Supplier,0
KLT-001631,SUP-155,Supplier,0
KLT-001632,SUP-040,WH-01,0
KLT-001633,SUP-153,WH-01,0
KLT-001634,SUP-089,WH-01,0
KLT-001635,SUP-179,WH-01,0
KLT-001636,SUP-019,Carrier,0
KLT-001637,SUP-150,WH-01,0
KLT-001638,SUP-071,Supplier,0
KLT-001639,SUP-015,WH-02,0
KLT-001640,SUP-165,WH-01,0
KLT-001641,SUP-171,Carrier,0
KLT-001642,SUP-194,WH-01,0
KLT-001643,SUP-137,Carrier,0
KLT-001644,SUP-171,Supplier,0
KLT-001645,SUP-047,Carrier,0
KLT-001646,SUP-163,WH-02,0
KLT-001647,SUP-117,Supplier,0
KLT-001648,SUP-054,WH-01,0
KLT-001649,SUP-189,WH-01,0
KLT-001650,SUP-174,WH-02,0
KLT-001651,SUP-091,Carrier,0
KLT-001652,SUP-080,WH-02,0
KLT-001653,SUP-050,Supplier,0
KLT-001654,SUP-149,WH-02,0
KLT-001655,SUP-185,WH-02,0
KLT-001656,SUP-088,WH-01,0
KLT-001657,SUP-157,Supplier,0
KLT-001658,SUP-042,WH-01,0
KLT-001659,SUP-145,Carrier,0
KLT-001660,SUP-029,WH-02,0
KLT-001661,SUP-073,Supplier,0
KLT-001662,SUP-023,WH-01,0
KLT-001663,SUP-118,WH-01,0
KLT-001664,SUP-200,WH-02,0
KLT-001665,SUP-057,Supplier,0
KLT-001666,SUP-074,WH-02,0
KLT-001667,SUP-174,Carrier,0
KLT-001668,SUP-137,WH-02,0
KLT-001669,SUP-037,WH-01,0
KLT-001670,SUP-180,WH-01,0
KLT-001671,SUP-175,Carrier,0
KLT-001672,SUP-086,WH-02,0
KLT-001673,SUP-106,WH-01,0
KLT-001674,SUP-189,WH-02,0
KLT-001675,SUP-055,WH-02,0
KLT-001676,SUP-081,WH-02,0
KLT-001677,SUP-065,WH-02,0
KLT-001678,SUP-085,Carrier,0
KLT-001679,SUP-172,WH-01,0
KLT-001680,SUP-048,Supplier,0
KLT-001681,SUP-199,Carrier,0
KLT-001682,SUP-077,Carrier,0
KLT-001683,SUP-118,Supplier,0
KLT-001684,SUP-075,WH-02,0
KLT-001685,SUP-080,WH-02,0
KLT-001686,SUP-063,Supplier,0
KLT-001687,SUP-149,WH-01,0
KLT-001688,SUP-116,WH-02,0
KLT-001689,SUP-029,Carrier,0
KLT-001690,SUP-085,WH-02,0
KLT-001691,SUP-196,WH-02,0
KLT-001692,SUP-034,WH-02,0
KLT-001693,SUP-141,WH-01,0
KLT-001694,SUP-094,WH-01,0
KLT-001695,SUP-050,WH-02,0
KLT-001696,SUP-089,WH-02,0
KLT-001697,SUP-099,WH-02,0
KLT-001698,SUP-001,Supplier,0
KLT-001699,SUP-095,Carrier,0
KLT-001700,SUP-005,WH-01,0
KLT-001701,SUP-116,WH-02,0
KLT-001702,SUP-099,WH-02,0
KLT-001703,SUP-187,Carrier,0
KLT-001704,SUP-176,Supplier,0
KLT-001705,SUP-043,Supplier,0
KLT-001706,SUP-081,Carrier,0
KLT-001707,SUP-080,WH-02,0
KLT-001708,SUP-113,Carrier,0
KLT-001709,SUP-175,Supplier,0
KLT-001710,SUP-182,Supplier,0
KLT-001711,SUP-004,WH-02,0
KLT-001712,SUP-029,Carrier,0
KLT-001713,SUP-092,WH-01,0
KLT-001714,SUP-013,WH-02,0
KLT-001715,SUP-117,Supplier,0
KLT-001716,SUP-054,Supplier,0
KLT-001717,SUP-081,Carrier,0
KLT-001718,SUP-146,WH-01,0
KLT-001719,SUP-050,WH-01,0
KLT-001720,SUP-110,WH-02,0
KLT-001721,SUP-097,WH-01,0
KLT-001722,SUP-153,Carrier,0
KLT-001723,SUP-141,Carrier,0
KLT-001724,SUP-150,Supplier,0
KLT-001725,SUP-087,Carrier,0
KLT-001726,SUP-085,WH-01,0
KLT-001727,SUP-060,WH-02,0
KLT-001728,SUP-060,Supplier,0
KLT-001729,SUP-123,Carrier,0
KLT-001730,SUP-074,Supplier,0
KLT-001731,SUP-028,WH-02,0
KLT-001732,SUP-195,Carrier,0
KLT-001733,SUP-038,WH-02,0
KLT-001734,SUP-054,Supplier,0
KLT-001735,SUP-196,WH-02,0
KLT-001736,SUP-149,WH-02,0
KLT-001737,SUP-184,WH-01,0
KLT-001738,SUP-122,WH-01,0
KLT-001739,SUP-197,WH-02,0
KLT-001740,SUP-043,Supplier,0
KLT-001741,SUP-129,WH-02,0
KLT-001742,SUP-098,WH-02,0
KLT-001743,SUP-029,Supplier,0
KLT-001744,SUP-070,WH-01,0
KLT-001745,SUP-017,Supplier,0
KLT-001746,SUP-191,WH-02,0
KLT-001747,SUP-060,WH-02,0
KLT-001748,SUP-040,Supplier,0
KLT-001749,SUP-191,WH-02,0
KLT-001750,SUP-075,Supplier,0
KLT-001751,SUP-096,Supplier,0
KLT-001752,SUP-112,Supplier,0
KLT-001753,SUP-098,WH-02,0
KLT-001754,SUP-082,Supplier,0
KLT-001755,SUP-127,WH-01,0
KLT-001756,SUP-168,WH-02,0
KLT-001757,SUP-173,Supplier,0
KLT-001758,SUP-195,Supplier,0
KLT-001759,SUP-117,WH-02,0
KLT-001760,SUP-160,Supplier,0
KLT-001761,SUP-013,Carrier,0
KLT-001762,SUP-162,WH-01,0
KLT-001763,SUP-071,Supplier,0
KLT-001764,SUP-170,Supplier,0
KLT-001765,SUP-083,WH-01,0
KLT-001766,SUP-043,WH-01,0
KLT-001767,SUP-092,WH-01,0
KLT-001768,SUP-148,Carrier,0
KLT-001769,SUP-034,Supplier,0
KLT-001770,SUP-155,WH-02,0
KLT-001771,SUP-196,Supplier,0
KLT-001772,SUP-080,Supplier,0
KLT-001773,SUP-186,WH-01,0
KLT-001774,SUP-012,Carrier,0
KLT-001775,SUP-063,Carrier,0
KLT-001776,SUP-070,Supplier,0
KLT-001777,SUP-179,Carrier,0
KLT-001778,SUP-162,WH-02,0
KLT-001779,SUP-095,Supplier,0
KLT-001780,SUP-127,WH-01,0
KLT-001781,SUP-138,Carrier,0
KLT-001782,SUP-045,Carrier,0
KLT-001783,SUP-105,Supplier,0
KLT-001784,SUP-013,WH-02,0
KLT-001785,SUP-162,Carrier,0
KLT-001786,SUP-032,Supplier,0
KLT-001787,SUP-013,WH-01,0
KLT-001788,SUP-088,WH-02,0
KLT-001789,SUP-152,Supplier,0
KLT-001790,SUP-148,Supplier,0
KLT-001791,SUP-047,WH-01,0
KLT-001792,SUP-114,Supplier,0
KLT-001793,SUP-054,WH-01,0
KLT-001794,SUP-167,Carrier,0
KLT-001795,SUP-165,WH-01,0
KLT-001796,SUP-197,WH-01,0
KLT-001797,SUP-010,WH-02,0
KLT-001798,SUP-028,WH-01,0
KLT-001799,SUP-123,Supplier,0
KLT-001800,SUP-184,Supplier,0
KLT-001801,SUP-155,WH-02,0
KLT-001802,SUP-104,Supplier,0
KLT-001803,SUP-051,Supplier,0
KLT-001804,SUP-056,WH-01,0
KLT-001805,SUP-083,Supplier,0
KLT-001806,SUP-027,WH-02,0
KLT-001807,SUP-115,WH-01,0
KLT-001808,SUP-139,Carrier,0
KLT-001809,SUP-050,WH-02,0
KLT-001810,SUP-108,Supplier,0
KLT-001811,SUP-160,Carrier,0
KLT-001812,SUP-033,Carrier,0
KLT-001813,SUP-116,Supplier,0
KLT-001814,SUP-046,Supplier,0
KLT-001815,SUP-008,WH-01,0
KLT-001816,SUP-036,Carrier,0
KLT-001817,SUP-014,Supplier,0
KLT-001818,SUP-092,WH-02,0
KLT-001819,SUP-058,WH-01,0
KLT-001820,SUP-180,WH-02,0
KLT-001821,SUP-189,WH-02,0
KLT-001822,SUP-133,WH-02,0
KLT-001823,SUP-184,Supplier,0
KLT-001824,SUP-100,Supplier,0
KLT-001825,SUP-073,WH-02,0
KLT-001826,SUP-090,WH-02,0
KLT-001827,SUP-106,WH-02,0
KLT-001828,SUP-109,Carrier,0
KLT-001829,SUP-067,WH-02,0
KLT-001830,SUP-195,WH-02,0
KLT-001831,SUP-086,Carrier,0
KLT-001832,SUP-100,WH-01,0
KLT-001833,SUP-151,Supplier,0
KLT-001834,SUP-159,WH-01,0
KLT-001835,SUP-083,Supplier,0
KLT-001836,SUP-097,Carrier,0
KLT-001837,SUP-117,Supplier,0
KLT-001838,SUP-146,Carrier,0
KLT-001839,SUP-008,Carrier,0
KLT-001840,SUP-028,WH-02,0
KLT-001841,SUP-194,WH-01,0
KLT-001842,SUP-162,WH-01,0
KLT-001843,SUP-144,WH-01,0
KLT-001844,SUP-068,Supplier,0
KLT-001845,SUP-199,Supplier,0
KLT-001846,SUP-052,Carrier,0
KLT-001847,SUP-170,Supplier,0
KLT-001848,SUP-126,Carrier,0
KLT-001849,SUP-004,Carrier,0
KLT-001850,SUP-145,Supplier,0
KLT-001851,SUP-051,WH-01,0
KLT-001852,SUP-020,Supplier,0
KLT-001853,SUP-164,WH-01,0
KLT-001854,SUP-197,Carrier,0
KLT-001855,SUP-022,WH-02,0
KLT-001856,SUP-055,WH-02,0
KLT-001857,SUP-108,WH-02,0
KLT-001858,SUP-181,WH-01,0
KLT-001859,SUP-075,WH-01,0
KLT-001860,SUP-173,Carrier,0
KLT-001861,SUP-137,WH-01,0
KLT-001862,SUP-110,WH-02,0
KLT-001863,SUP-138,Supplier,0
KLT-001864,SUP-127,WH-02,0
KLT-001865,SUP-002,Supplier,0
KLT-001866,SUP-120,WH-01,0
KLT-001867,SUP-027,WH-01,0
KLT-001868,SUP-156,Supplier,0
KLT-001869,SUP-169,WH-02,0
KLT-001870,SUP-037,Supplier,0
KLT-001871,SUP-142,Carrier,0
KLT-001872,SUP-175,WH-02,0
KLT-001873,SUP-026,Carrier,0
KLT-001874,SUP-190,Supplier,0
KLT-001875,SUP-127,WH-02,0
KLT-001876,SUP-177,Carrier,0
KLT-001877,SUP-001,WH-01,0
KLT-001878,SUP-046,Supplier,0
KLT-001879,SUP-020,WH-02,0
KLT-001880,SUP-030,Carrier,0
KLT-001881,SUP-118,WH-01,0
KLT-001882,SUP-104,Carrier,0
KLT-001883,SUP-086,Carrier,0
KLT-001884,SUP-148,Carrier,0
KLT-001885,SUP-182,WH-01,0
KLT-001886,SUP-007,WH-02,0
KLT-001887,SUP-049,WH-01,0
KLT-001888,SUP-033,WH-01,48
KLT-001889,SUP-193,Supplier,0
KLT-001890,SUP-155,WH-01,0
KLT-001891,SUP-095,Carrier,0
KLT-001892,SUP-099,WH-01,0
KLT-001893,SUP-066,Carrier,0
KLT-001894,SUP-070,Supplier,0
KLT-001895,SUP-082,Carrier,0
KLT-001896,SUP-188,Carrier,0
KLT-001897,SUP-171,Carrier,0
KLT-001898,SUP-016,Supplier,0
KLT-001899,SUP-096,WH-01,0
KLT-001900,SUP-200,Carrier,0
KLT-001901,SUP-089,WH-02,0
KLT-001902,SUP-148,WH-02,0
KLT-001903,SUP-098,WH-02,0
KLT-001904,SUP-193,Carrier,0
KLT-001905,SUP-044,WH-01,0
KLT-001906,SUP-193,WH-01,0
KLT-001907,SUP-183,Supplier,0
KLT-001908,SUP-182,Carrier,0
KLT-001909,SUP-190,Supplier,0
KLT-001910,SUP-017,WH-02,0
KLT-001911,SUP-145,WH-01,0
KLT-001912,SUP-154,Supplier,0
KLT-001913,SUP-092,Supplier,0
KLT-001914,SUP-073,Carrier,0
KLT-001915,SUP-003,WH-02,0
KLT-001916,SUP-143,Supplier,0
KLT-001917,SUP-008,Supplier,0
KLT-001918,SUP-011,Supplier,0
KLT-001919,SUP-010,WH-02,0
KLT-001920,SUP-141,Carrier,0
KLT-001921,SUP-105,Supplier,0
KLT-001922,SUP-015,WH-01,0
KLT-001923,SUP-030,Carrier,0
KLT-001924,SUP-008,Supplier,0
KLT-001925,SUP-191,Supplier,0
KLT-001926,SUP-167,Supplier,0
KLT-001927,SUP-082,Supplier,0
KLT-001928,SUP-101,Supplier,0
KLT-001929,SUP-193,WH-01,0
KLT-001930,SUP-121,WH-02,0
KLT-001931,SUP-130,Carrier,0
KLT-001932,SUP-073,WH-01,0
KLT-001933,SUP-133,Supplier,0
KLT-001934,SUP-059,Carrier,0
KLT-001935,SUP-185,WH-02,0
KLT-001936,SUP-050,WH-02,0
KLT-001937,SUP-141,Supplier,0
KLT-001938,SUP-084,WH-02,0
KLT-001939,SUP-136,Supplier,0
KLT-001940,SUP-036,WH-02,0
KLT-001941,SUP-066,WH-01,0
KLT-001942,SUP-025,WH-02,0
KLT-001943,SUP-150,Carrier,0
KLT-001944,SUP-115,Carrier,0
KLT-001945,SUP-183,Supplier,0
KLT-001946,SUP-062,WH-01,0
KLT-001947,SUP-074,WH-01,0
KLT-001948,SUP-003,Carrier,57
KLT-001949,SUP-113,WH-02,0
KLT-001950,SUP-186,Carrier,0
KLT-001951,SUP-081,WH-01,0
KLT-001952,SUP-050,WH-02,0
KLT-001953,SUP-131,WH-01,0
KLT-001954,SUP-132,WH-01,0
KLT-001955,SUP-098,WH-02,0
KLT-001956,SUP-114,Carrier,0
KLT-001957,SUP-151,WH-01,0
KLT-001958,SUP-035,WH-02,0
KLT-001959,SUP-067,WH-02,0
KLT-001960,SUP-115,WH-01,0
KLT-001961,SUP-191,WH-02,0
KLT-001962,SUP-052,Carrier,0
KLT-001963,SUP-155,Carrier,0
KLT-001964,SUP-173,WH-02,0
KLT-001965,SUP-178,Supplier,0
KLT-001966,SUP-072,Supplier,0
KLT-001967,SUP-116,WH-01,0
KLT-001968,SUP-043,Carrier,0
KLT-001969,SUP-134,WH-01,0
KLT-001970,SUP-134,WH-01,0
KLT-001971,SUP-094,WH-02,0
KLT-001972,SUP-084,Supplier,0
KLT-001973,SUP-126,WH-01,0
KLT-001974,SUP-152,WH-02,0
KLT-001975,SUP-069,WH-01,0
KLT-001976,SUP-187,WH-02,0
KLT-001977,SUP-102,Carrier,0
KLT-001978,SUP-088,WH-01,0
KLT-001979,SUP-129,Supplier,0
KLT-001980,SUP-085,Supplier,0
KLT-001981,SUP-048,WH-02,0
KLT-001982,SUP-146,WH-02,0
KLT-001983,SUP-078,Supplier,0
KLT-001984,SUP-052,Supplier,0
KLT-001985,SUP-111,WH-01,0
KLT-001986,SUP-171,WH-02,0
KLT-001987,SUP-013,WH-01,0
KLT-001988,SUP-116,WH-01,0
KLT-001989,SUP-003,WH-02,0
KLT-001990,SUP-117,Carrier,0
KLT-001991,SUP-154,WH-02,0
KLT-001992,SUP-132,Carrier,0
KLT-001993,SUP-104,Carrier,0
KLT-001994,SUP-091,WH-01,0
KLT-001995,SUP-172,WH-01,0
KLT-001996,SUP-062,Carrier,0
KLT-001997,SUP-083,Supplier,0
KLT-001998,SUP-103,Supplier,0
KLT-001999,SUP-112,Supplier,0
KLT-002000,SUP-115,Carrier,0
KLT-002001,SUP-165,WH-02,0
KLT-002002,SUP-141,Supplier,0
KLT-002003,SUP-167,Carrier,0
KLT-002004,SUP-094,WH-01,0
KLT-002005,SUP-076,Carrier,0
KLT-002006,SUP-040,Supplier,0
KLT-002007,SUP-108,WH-01,0
KLT-002008,SUP-029,WH-01,0
KLT-002009,SUP-104,WH-01,0
KLT-002010,SUP-050,WH-02,0
KLT-002011,SUP-019,Supplier,0
KLT-002012,SUP-129,WH-01,0
KLT-002013,SUP-066,Carrier,0
KLT-002014,SUP-005,WH-01,0
KLT-002015,SUP-002,Supplier,0
KLT-002016,SUP-184,WH-02,0
KLT-002017,SUP-020,Carrier,0
KLT-002018,SUP-047,Carrier,0
KLT-002019,SUP-062,WH-02,0
KLT-002020,SUP-021,WH-01,0
KLT-002021,SUP-176,WH-01,0
KLT-002022,SUP-191,Carrier,0
KLT-002023,SUP-148,Supplier,0
KLT-002024,SUP-095,Carrier,0
KLT-002025,SUP-024,Carrier,0
KLT-002026,SUP-104,Supplier,0
KLT-002027,SUP-011,WH-02,0
KLT-002028,SUP-155,Carrier,0
KLT-002029,SUP-136,WH-01,0
KLT-002030,SUP-182,Carrier,0
KLT-002031,SUP-145,WH-01,0
KLT-002032,SUP-033,Supplier,0
KLT-002033,SUP-136,WH-02,0
KLT-002034,SUP-082,Carrier,0
KLT-002035,SUP-039,WH-02,0
KLT-002036,SUP-101,WH-01,0
KLT-002037,SUP-136,WH-02,0
KLT-002038,SUP-157,Supplier,0
KLT-002039,SUP-032,Supplier,0
KLT-002040,SUP-192,WH-02,0
KLT-002041,SUP-158,WH-02,0
KLT-002042,SUP-140,Carrier,0
KLT-002043,SUP-039,Carrier,0
KLT-002044,SUP-033,Supplier,0
KLT-002045,SUP-157,WH-01,0
KLT-002046,SUP-085,Supplier,0
KLT-002047,SUP-008,WH-02,0
KLT-002048,SUP-110,WH-01,0
KLT-002049,SUP-043,Supplier,0
KLT-002050,SUP-126,Supplier,0
KLT-002051,SUP-081,Supplier,0
KLT-002052,SUP-117,WH-01,0
KLT-002053,SUP-094,WH-01,0
KLT-002054,SUP-121,Carrier,0
KLT-002055,SUP-117,WH-02,0
KLT-002056,SUP-136,WH-01,0
KLT-002057,SUP-162,Carrier,0
KLT-002058,SUP-130,Carrier,0
KLT-002059,SUP-013,WH-02,0
KLT-002060,SUP-046,WH-02,0
KLT-002061,SUP-057,Supplier,0
KLT-002062,SUP-065,Supplier,0
KLT-002063,SUP-076,WH-01,0
KLT-002064,SUP-079,Carrier,0
KLT-002065,SUP-070,Supplier,0
KLT-002066,SUP-080,Supplier,0
KLT-002067,SUP-059,WH-02,0
KLT-002068,SUP-122,Carrier,0
KLT-002069,SUP-010,WH-02,0
KLT-002070,SUP-088,Supplier,0
KLT-002071,SUP-176,Carrier,0
KLT-002072,SUP-100,WH-02,0
KLT-002073,SUP-102,WH-01,0
KLT-002074,SUP-005,WH-01,0
KLT-002075,SUP-030,WH-01,0
KLT-002076,SUP-078,Supplier,0
KLT-002077,SUP-181,Supplier,0
KLT-002078,SUP-138,WH-02,0
KLT-002079,SUP-196,WH-01,0
KLT-002080,SUP-092,Carrier,0
KLT-002081,SUP-145,Supplier,0
KLT-002082,SUP-001,WH-01,0
KLT-002083,SUP-187,Carrier,0
KLT-002084,SUP-106,WH-02,0
KLT-002085,SUP-090,WH-01,0
KLT-002086,SUP-148,Carrier,0
KLT-002087,SUP-194,Supplier,0
KLT-002088,SUP-035,Supplier,0
KLT-002089,SUP-042,Carrier,0
KLT-002090,SUP-194,Carrier,0
KLT-002091,SUP-164,Supplier,0
KLT-002092,SUP-127,Supplier,0
KLT-002093,SUP-166,WH-01,0
KLT-002094,SUP-198,Carrier,0
KLT-002095,SUP-191,WH-01,0
KLT-002096,SUP-010,Carrier,0
KLT-002097,SUP-107,Supplier,0
KLT-002098,SUP-183,WH-01,0
KLT-002099,SUP-051,Carrier,0
KLT-002100,SUP-117,WH-01,0
KLT-002101,SUP-138,WH-01,0
KLT-002102,SUP-045,WH-01,0
KLT-002103,SUP-170,WH-02,0
KLT-002104,SUP-012,WH-01,0
KLT-002105,SUP-068,Supplier,0
KLT-002106,SUP-098,Carrier,0
KLT-002107,SUP-189,WH-02,0
KLT-002108,SUP-096,WH-02,0
KLT-002109,SUP-127,Carrier,0
KLT-002110,SUP-080,Carrier,0
KLT-002111,SUP-143,Carrier,0
KLT-002112,SUP-029,WH-02,0
KLT-002113,SUP-007,Supplier,0
KLT-002114,SUP-142,Carrier,0
KLT-002115,SUP-150,WH-01,0
KLT-002116,SUP-050,Carrier,0
KLT-002117,SUP-178,WH-01,0
KLT-002118,SUP-171,WH-02,0
KLT-002119,SUP-099,Supplier,0
KLT-002120,SUP-103,WH-02,0
KLT-002121,SUP-053,WH-02,0
KLT-002122,SUP-113,Carrier,0
KLT-002123,SUP-036,WH-01,0
KLT-002124,SUP-177,Carrier,0
KLT-002125,SUP-041,Carrier,0
KLT-002126,SUP-070,WH-01,0
KLT-002127,SUP-145,WH-02,0
KLT-002128,SUP-077,WH-02,0
KLT-002129,SUP-119,Supplier,0
KLT-002130,SUP-033,WH-02,0
KLT-002131,SUP-054,WH-01,0
KLT-002132,SUP-133,Supplier,0
KLT-002133,SUP-141,WH-01,0
KLT-002134,SUP-001,WH-01,0
KLT-002135,SUP-117,WH-01,0
KLT-002136,SUP-044,Carrier,0
KLT-002137,SUP-089,Supplier,0
KLT-002138,SUP-073,WH-01,0
KLT-002139,SUP-155,Carrier,0
KLT-002140,SUP-089,Carrier,0
KLT-002141,SUP-138,Carrier,0
KLT-002142,SUP-130,Supplier,0
KLT-002143,SUP-039,Supplier,0
KLT-002144,SUP-011,WH-01,0
KLT-002145,SUP-076,Carrier,0
KLT-002146,SUP-131,WH-01,0
KLT-002147,SUP-115,Carrier,0
KLT-002148,SUP-198,Carrier,0
KLT-002149,SUP-083,WH-01,0
KLT-002150,SUP-154,WH-01,0
KLT-002151,SUP-147,WH-02,0
KLT-002152,SUP-148,Supplier,0
KLT-002153,SUP-185,Carrier,0
KLT-002154,SUP-125,Carrier,0
KLT-002155,SUP-116,Carrier,0
KLT-002156,SUP-115,WH-01,0
KLT-002157,SUP-179,WH-02,0
KLT-002158,SUP-003,WH-01,0
KLT-002159,SUP-090,Carrier,0
KLT-002160,SUP-055,Supplier,0
KLT-002161,SUP-155,Carrier,0
KLT-002162,SUP-190,WH-02,0
KLT-002163,SUP-098,WH-02,0
KLT-002164,SUP-097,Supplier,0
KLT-002165,SUP-101,WH-01,0
KLT-002166,SUP-117,WH-02,0
KLT-002167,SUP-103,WH-02,0
KLT-002168,SUP-114,WH-02,0
KLT-002169,SUP-046,Supplier,0
KLT-002170,SUP-006,WH-01,0
KLT-002171,SUP-060,Supplier,0
KLT-002172,SUP-058,Carrier,0
KLT-002173,SUP-042,Carrier,0
KLT-002174,SUP-190,WH-02,0
KLT-002175,SUP-136,Supplier,0
KLT-002176,SUP-158,WH-02,0
KLT-002177,SUP-089,WH-02,0
KLT-002178,SUP-093,WH-01,0
KLT-002179,SUP-192,Supplier,0
KLT-002180,SUP-073,WH-02,0
KLT-002181,SUP-145,Carrier,0
KLT-002182,SUP-079,Carrier,0
KLT-002183,SUP-140,Carrier,0
KLT-002184,SUP-129,WH-01,0
KLT-002185,SUP-181,WH-02,0
KLT-002186,SUP-003,Carrier,0
KLT-002187,SUP-180,WH-02,0
KLT-002188,SUP-189,WH-01,0
KLT-002189,SUP-106,WH-01,0
KLT-002190,SUP-096,WH-01,0
KLT-002191,SUP-162,Supplier,0
KLT-002192,SUP-010,WH-02,0
KLT-002193,SUP-081,WH-01,0
KLT-002194,SUP-037,Carrier,0
KLT-002195,SUP-177,Supplier,0
KLT-002196,SUP-042,WH-01,0
KLT-002197,SUP-133,WH-01,0
KLT-002198,SUP-053,WH-01,0
KLT-002199,SUP-099,WH-02,0
KLT-002200,SUP-112,Carrier,0
KLT-002201,SUP-057,Supplier,0
KLT-002202,SUP-062,Supplier,0
KLT-002203,SUP-058,WH-02,0
KLT-002204,SUP-125,WH-01,0
KLT-002205,SUP-065,Supplier,0
KLT-002206,SUP-078,Carrier,0
KLT-002207,SUP-006,WH-01,0
KLT-002208,SUP-134,Carrier,0
KLT-002209,SUP-057,Carrier,0
KLT-002210,SUP-026,Carrier,0
KLT-002211,SUP-175,Carrier,0
KLT-002212,SUP-174,WH-02,0
KLT-002213,SUP-193,Carrier,0
KLT-002214,SUP-087,WH-01,0
KLT-002215,SUP-169,WH-02,0
KLT-002216,SUP-096,Carrier,0
KLT-002217,SUP-065,Carrier,0
KLT-002218,SUP-148,WH-01,0
KLT-002219,SUP-049,WH-02,0
KLT-002220,SUP-093,Carrier,0
KLT-002221,SUP-099,Carrier,0
KLT-002222,SUP-019,WH-01,0
KLT-002223,SUP-058,Carrier,0
KLT-002224,SUP-072,Carrier,0
KLT-002225,SUP-106,Supplier,0
KLT-002226,SUP-146,WH-01,0
KLT-002227,SUP-157,WH-02,0
KLT-002228,SUP-093,WH-01,0
KLT-002229,SUP-184,WH-01,0
KLT-002230,SUP-070,Carrier,0
KLT-002231,SUP-116,WH-02,0
KLT-002232,SUP-006,WH-01,0
KLT-002233,SUP-026,WH-01,0
KLT-002234,SUP-002,Supplier,0
KLT-002235,SUP-092,WH-01,0
KLT-002236,SUP-080,Carrier,0
KLT-002237,SUP-065,Supplier,0
KLT-002238,SUP-190,Carrier,0
KLT-002239,SUP-156,Supplier,0
KLT-002240,SUP-093,Carrier,0
KLT-002241,SUP-026,WH-02,0
KLT-002242,SUP-075,Carrier,0
KLT-002243,SUP-108,Supplier,0
KLT-002244,SUP-081,Supplier,0
KLT-002245,SUP-121,WH-02,0
KLT-002246,SUP-126,Carrier,0
KLT-002247,SUP-183,Supplier,0
KLT-002248,SUP-168,WH-02,0
KLT-002249,SUP-114,WH-02,0
KLT-002250,SUP-171,Carrier,0
KLT-002251,SUP-016,WH-02,0
KLT-002252,SUP-142,WH-01,0
KLT-002253,SUP-174,WH-01,0
KLT-002254,SUP-032,Supplier,0
KLT-002255,SUP-038,Supplier,0
KLT-002256,SUP-076,WH-01,0
KLT-002257,SUP-134,Carrier,0
KLT-002258,SUP-111,WH-01,0
KLT-002259,SUP-084,Supplier,0
KLT-002260,SUP-140,WH-01,0
KLT-002261,SUP-005,WH-01,0
KLT-002262,SUP-176,Supplier,0
KLT-002263,SUP-010,Supplier,0
KLT-002264,SUP-146,Carrier,0
KLT-002265,SUP-115,Supplier,0
KLT-002266,SUP-131,WH-02,0
KLT-002267,SUP-141,WH-02,0
KLT-002268,SUP-161,WH-02,0
KLT-002269,SUP-177,Carrier,0
KLT-002270,SUP-107,WH-02,0
KLT-002271,SUP-140,Supplier,0
KLT-002272,SUP-115,WH-01,0
KLT-002273,SUP-078,Supplier,0
KLT-002274,SUP-159,Supplier,0
KLT-002275,SUP-107,Supplier,0
KLT-002276,SUP-055,WH-01,0
KLT-002277,SUP-138,WH-02,0
KLT-002278,SUP-059,Supplier,0
KLT-002279,SUP-070,WH-01,0
KLT-002280,SUP-112,Supplier,0
KLT-002281,SUP-028,Supplier,0
KLT-002282,SUP-090,Carrier,0
KLT-002283,SUP-047,Carrier,0
KLT-002284,SUP-177,WH-01,0
KLT-002285,SUP-014,WH-01,0
KLT-002286,SUP-076,Carrier,0
KLT-002287,SUP-105,WH-02,0
KLT-002288,SUP-059,Supplier,0
KLT-002289,SUP-140,WH-01,0
KLT-002290,SUP-058,Supplier,0
KLT-002291,SUP-058,WH-02,0
KLT-002292,SUP-165,WH-01,0
KLT-002293,SUP-183,WH-02,0
KLT-002294,SUP-021,WH-02,0
KLT-002295,SUP-013,WH-02,0
KLT-002296,SUP-050,Carrier,0
KLT-002297,SUP-197,WH-02,0
KLT-002298,SUP-058,Supplier,0
KLT-002299,SUP-050,Supplier,0
KLT-002300,SUP-054,WH-01,0
KLT-002301,SUP-110,WH-01,0
KLT-002302,SUP-177,Supplier,0
KLT-002303,SUP-161,Carrier,0
KLT-002304,SUP-113,Carrier,0
KLT-002305,SUP-128,WH-01,0
KLT-002306,SUP-045,WH-02,0
KLT-002307,SUP-190,Supplier,0
KLT-002308,SUP-179,WH-01,0
KLT-002309,SUP-112,Carrier,0
KLT-002310,SUP-176,Supplier,0
KLT-002311,SUP-082,WH-02,0
KLT-002312,SUP-005,WH-02,0
KLT-002313,SUP-173,Supplier,0
KLT-002314,SUP-078,WH-02,0
KLT-002315,SUP-017,WH-02,0
KLT-002316,SUP-024,WH-01,0
KLT-002317,SUP-125,Supplier,0
KLT-002318,SUP-007,WH-02,0
KLT-002319,SUP-014,WH-01,0
KLT-002320,SUP-066,WH-02,0
KLT-002321,SUP-135,WH-02,0
KLT-002322,SUP-170,Supplier,0
KLT-002323,SUP-161,WH-02,0
KLT-002324,SUP-066,WH-01,0
KLT-002325,SUP-153,WH-02,0
KLT-002326,SUP-071,WH-02,0
KLT-002327,SUP-018,Carrier,0
KLT-002328,SUP-035,Supplier,0
KLT-002329,SUP-136,WH-01,0
KLT-002330,SUP-007,WH-02,0
KLT-002331,SUP-023,Supplier,0
KLT-002332,SUP-045,WH-01,0
KLT-002333,SUP-001,Supplier,0
KLT-002334,SUP-008,WH-02,0
KLT-002335,SUP-059,Supplier,0
KLT-002336,SUP-032,Supplier,0
KLT-002337,SUP-043,WH-02,0
KLT-002338,SUP-078,WH-02,0
KLT-002339,SUP-136,Carrier,0
KLT-002340,SUP-002,WH-02,0
KLT-002341,SUP-101,Carrier,0
KLT-002342,SUP-139,Supplier,0
KLT-002343,SUP-096,Carrier,58
KLT-002344,SUP-107,WH-02,0
KLT-002345,SUP-175,Supplier,0
KLT-002346,SUP-093,Supplier,0
KLT-002347,SUP-183,WH-02,0
KLT-002348,SUP-044,Supplier,0
KLT-002349,SUP-124,Supplier,0
KLT-002350,SUP-145,Carrier,0
KLT-002351,SUP-107,WH-01,0
KLT-002352,SUP-100,Supplier,0
KLT-002353,SUP-087,Supplier,0
KLT-002354,SUP-151,WH-02,0
KLT-002355,SUP-196,Supplier,0
KLT-002356,SUP-100,Supplier,0
KLT-002357,SUP-103,Supplier,0
KLT-002358,SUP-160,Carrier,0
KLT-002359,SUP-032,WH-02,0
KLT-002360,SUP-163,Carrier,0
KLT-002361,SUP-169,Supplier,0
KLT-002362,SUP-076,WH-02,0
KLT-002363,SUP-060,WH-02,0
KLT-002364,SUP-194,Carrier,0
KLT-002365,SUP-017,Carrier,0
KLT-002366,SUP-018,WH-01,0
KLT-002367,SUP-157,Supplier,0
KLT-002368,SUP-129,WH-02,0
KLT-002369,SUP-011,Carrier,0
KLT-002370,SUP-164,Carrier,0
KLT-002371,SUP-042,WH-02,0
KLT-002372,SUP-138,Carrier,0
KLT-002373,SUP-164,WH-02,0
KLT-002374,SUP-003,Supplier,0
KLT-002375,SUP-030,Carrier,0
KLT-002376,SUP-046,Carrier,0
KLT-002377,SUP-198,WH-01,0
KLT-002378,SUP-193,Supplier,0
KLT-002379,SUP-119,Supplier,0
KLT-002380,SUP-118,Supplier,0
KLT-002381,SUP-085,WH-01,0
KLT-002382,SUP-174,Supplier,0
KLT-002383,SUP-198,WH-01,0
KLT-002384,SUP-183,Supplier,0
KLT-002385,SUP-073,Carrier,0
KLT-002386,SUP-132,WH-01,0
KLT-002387,SUP-087,Supplier,0
KLT-002388,SUP-079,Carrier,0
KLT-002389,SUP-072,WH-01,0
KLT-002390,SUP-115,Supplier,0
KLT-002391,SUP-074,WH-01,0
KLT-002392,SUP-039,Supplier,0
KLT-002393,SUP-015,WH-01,0
KLT-002394,SUP-059,WH-01,0
KLT-002395,SUP-194,Carrier,0
KLT-002396,SUP-031,Carrier,0
KLT-002397,SUP-054,Carrier,0
KLT-002398,SUP-019,Supplier,0
KLT-002399,SUP-073,Carrier,0
KLT-002400,SUP-047,Supplier,0
KLT-002401,SUP-144,WH-01,0
KLT-002402,SUP-200,Supplier,0
KLT-002403,SUP-190,WH-01,0
KLT-002404,SUP-195,Carrier,0
KLT-002405,SUP-095,Supplier,0
KLT-002406,SUP-009,WH-02,0
KLT-002407,SUP-165,Carrier,0
KLT-002408,SUP-120,WH-01,0
KLT-002409,SUP-096,Carrier,0
KLT-002410,SUP-012,Supplier,0
KLT-002411,SUP-116,Carrier,0
KLT-002412,SUP-177,WH-02,0
KLT-002413,SUP-112,WH-01,0
KLT-002414,SUP-150,WH-01,0
KLT-002415,SUP-019,Carrier,0
KLT-002416,SUP-065,Carrier,0
KLT-002417,SUP-061,WH-01,35
KLT-002418,SUP-022,Supplier,0
KLT-002419,SUP-089,WH-02,0
KLT-002420,SUP-004,WH-02,0
KLT-002421,SUP-090,WH-01,0
KLT-002422,SUP-073,Supplier,0
KLT-002423,SUP-032,Supplier,0
KLT-002424,SUP-091,WH-01,0
KLT-002425,SUP-166,Supplier,0
KLT-002426,SUP-093,WH-01,0
KLT-002427,SUP-151,WH-02,0
KLT-002428,SUP-168,WH-01,0
KLT-002429,SUP-124,WH-01,0
KLT-002430,SUP-190,Carrier,0
KLT-002431,SUP-180,WH-02,0
KLT-002432,SUP-143,Supplier,0
KLT-002433,SUP-009,WH-02,0
KLT-002434,SUP-065,WH-01,0
KLT-002435,SUP-173,WH-02,0
KLT-002436,SUP-197,WH-02,0
KLT-002437,SUP-083,WH-02,0
KLT-002438,SUP-195,Supplier,0
KLT-002439,SUP-143,Carrier,0
KLT-002440,SUP-003,WH-01,0
KLT-002441,SUP-054,Carrier,0
KLT-002442,SUP-029,Supplier,0
KLT-002443,SUP-101,Supplier,0
KLT-002444,SUP-024,WH-02,0
KLT-002445,SUP-086,Carrier,0
KLT-002446,SUP-129,WH-01,0
KLT-002447,SUP-127,WH-01,0
KLT-002448,SUP-103,WH-02,0
KLT-002449,SUP-019,WH-02,0
KLT-002450,SUP-158,WH-01,0
KLT-002451,SUP-131,Supplier,0
KLT-002452,SUP-051,Carrier,0
KLT-002453,SUP-165,WH-02,0
KLT-002454,SUP-056,WH-01,0
KLT-002455,SUP-044,Supplier,0
KLT-002456,SUP-120,WH-01,0
KLT-002457,SUP-094,WH-01,0
KLT-002458,SUP-079,WH-01,0
KLT-002459,SUP-068,WH-01,0
KLT-002460,SUP-116,Carrier,0
KLT-002461,SUP-156,Carrier,0
KLT-002462,SUP-138,Supplier,0
KLT-002463,SUP-102,WH-02,0
KLT-002464,SUP-083,Supplier,0
KLT-002465,SUP-069,Supplier,0
KLT-002466,SUP-155,WH-02,0
KLT-002467,SUP-076,Carrier,0
KLT-002468,SUP-197,WH-01,0
KLT-002469,SUP-133,Carrier,0
KLT-002470,SUP-101,Carrier,0
KLT-002471,SUP-010,WH-01,0
KLT-002472,SUP-019,WH-01,0
KLT-002473,SUP-106,Carrier,0
KLT-002474,SUP-088,Supplier,0
KLT-002475,SUP-116,Carrier,0
KLT-002476,SUP-062,Carrier,0
KLT-002477,SUP-097,Carrier,0
KLT-002478,SUP-194,Carrier,0
KLT-002479,SUP-106,WH-01,0
KLT-002480,SUP-104,WH-02,0
KLT-002481,SUP-131,Carrier,0
KLT-002482,SUP-030,WH-02,0
KLT-002483,SUP-002,Supplier,0
KLT-002484,SUP-069,Carrier,0
KLT-002485,SUP-151,WH-02,0
KLT-002486,SUP-014,WH-02,0
KLT-002487,SUP-117,Supplier,0
KLT-002488,SUP-161,Carrier,0
KLT-002489,SUP-097,Supplier,0
KLT-002490,SUP-193,WH-02,0
KLT-002491,SUP-093,WH-01,0
KLT-002492,SUP-193,WH-02,0
KLT-002493,SUP-152,WH-01,0
KLT-002494,SUP-191,Carrier,0
KLT-002495,SUP-035,WH-02,0
KLT-002496,SUP-026,Supplier,0
KLT-002497,SUP-117,Carrier,0
KLT-002498,SUP-135,Supplier,0
KLT-002499,SUP-081,Carrier,0
KLT-002500,SUP-041,WH-01,0
KLT-002501,SUP-056,Carrier,0
KLT-002502,SUP-191,WH-02,0
KLT-002503,SUP-044,Supplier,0
KLT-002504,SUP-008,Supplier,0
KLT-002505,SUP-198,WH-02,0
KLT-002506,SUP-057,WH-01,0
KLT-002507,SUP-019,WH-01,0
KLT-002508,SUP-149,Supplier,0
KLT-002509,SUP-015,Carrier,0
KLT-002510,SUP-152,Carrier,0
KLT-002511,SUP-104,Carrier,0
KLT-002512,SUP-155,WH-02,0
KLT-002513,SUP-190,Carrier,0
KLT-002514,SUP-167,Carrier,0
KLT-002515,SUP-005,WH-01,0
KLT-002516,SUP-154,Supplier,0
KLT-002517,SUP-105,Supplier,0
KLT-002518,SUP-178,Supplier,0
KLT-002519,SUP-085,Carrier,0
KLT-002520,SUP-044,WH-01,0
KLT-002521,SUP-079,WH-01,0
KLT-002522,SUP-097,Supplier,0
KLT-002523,SUP-029,WH-01,0
KLT-002524,SUP-083,WH-02,0
KLT-002525,SUP-072,Carrier,0
KLT-002526,SUP-167,Supplier,0
KLT-002527,SUP-069,WH-01,0
KLT-002528,SUP-157,Supplier,0
KLT-002529,SUP-106,Supplier,0
KLT-002530,SUP-032,Supplier,0
KLT-002531,SUP-049,Supplier,0
KLT-002532,SUP-001,Carrier,0
KLT-002533,SUP-179,Supplier,0
KLT-002534,SUP-061,Supplier,0
KLT-002535,SUP-116,WH-01,0
KLT-002536,SUP-086,WH-01,0
KLT-002537,SUP-002,Supplier,0
KLT-002538,SUP-123,WH-01,0
KLT-002539,SUP-052,WH-02,0
KLT-002540,SUP-070,WH-02,0
KLT-002541,SUP-162,Supplier,0
KLT-002542,SUP-088,Supplier,0
KLT-002543,SUP-105,WH-02,0
KLT-002544,SUP-011,Carrier,0
KLT-002545,SUP-168,WH-02,0
KLT-002546,SUP-132,Supplier,0
KLT-002547,SUP-195,WH-01,0
KLT-002548,SUP-117,Carrier,0
KLT-002549,SUP-091,WH-01,0
KLT-002550,SUP-066,WH-01,0
KLT-002551,SUP-159,Carrier,0
KLT-002552,SUP-122,WH-01,0
KLT-002553,SUP-120,Carrier,0
KLT-002554,SUP-139,WH-01,0
KLT-002555,SUP-083,Carrier,0
KLT-002556,SUP-189,WH-01,0
KLT-002557,SUP-132,Carrier,0
KLT-002558,SUP-108,Carrier,0
KLT-002559,SUP-099,WH-01,0
KLT-002560,SUP-060,Carrier,0
KLT-002561,SUP-182,Carrier,0
KLT-002562,SUP-112,Carrier,0
KLT-002563,SUP-181,WH-02,0
KLT-002564,SUP-175,WH-02,0
KLT-002565,SUP-131,Carrier,0
KLT-002566,SUP-166,Supplier,0
KLT-002567,SUP-083,WH-02,0
KLT-002568,SUP-017,Carrier,0
KLT-002569,SUP-127,WH-02,0
KLT-002570,SUP-075,WH-02,0
KLT-002571,SUP-031,WH-02,0
KLT-002572,SUP-074,WH-02,0
KLT-002573,SUP-034,Carrier,0
KLT-002574,SUP-076,Supplier,0
KLT-002575,SUP-090,Carrier,0
KLT-002576,SUP-143,WH-01,0
KLT-002577,SUP-194,WH-02,0
KLT-002578,SUP-193,Carrier,0
KLT-002579,SUP-014,Supplier,0
KLT-002580,SUP-034,WH-01,0
KLT-002581,SUP-080,Carrier,0
KLT-002582,SUP-151,WH-01,0
KLT-002583,SUP-192,Supplier,0
KLT-002584,SUP-021,WH-02,0
KLT-002585,SUP-016,Supplier,0
KLT-002586,SUP-073,WH-02,0
KLT-002587,SUP-063,WH-02,0
KLT-002588,SUP-178,Supplier,0
KLT-002589,SUP-037,WH-02,0
KLT-002590,SUP-068,WH-01,0
KLT-002591,SUP-104,WH-01,0
KLT-002592,SUP-081,Supplier,0
KLT-002593,SUP-033,Supplier,0
KLT-002594,SUP-162,Carrier,0
KLT-002595,SUP-058,WH-02,0
KLT-002596,SUP-094,WH-01,0
KLT-002597,SUP-141,WH-01,0
KLT-002598,SUP-124,Supplier,0
KLT-002599,SUP-014,WH-02,0
KLT-002600,SUP-131,WH-01,0
KLT-002601,SUP-178,WH-01,0
KLT-002602,SUP-200,Supplier,0
KLT-002603,SUP-011,WH-02,0
KLT-002604,SUP-008,WH-02,0
KLT-002605,SUP-136,WH-02,0
KLT-002606,SUP-102,Carrier,0
KLT-002607,SUP-161,Carrier,0
KLT-002608,SUP-097,Supplier,0
KLT-002609,SUP-012,Carrier,0
KLT-002610,SUP-002,WH-02,0
KLT-002611,SUP-084,WH-02,0
KLT-002612,SUP-181,Supplier,0
KLT-002613,SUP-144,Carrier,0
KLT-002614,SUP-085,Carrier,0
KLT-002615,SUP-025,Carrier,0
KLT-002616,SUP-002,WH-02,0
KLT-002617,SUP-050,Supplier,0
KLT-002618,SUP-141,WH-02,0
KLT-002619,SUP-084,Carrier,0
KLT-002620,SUP-140,Supplier,0
KLT-002621,SUP-197,Supplier,0
KLT-002622,SUP-137,Carrier,0
KLT-002623,SUP-189,Carrier,0
KLT-002624,SUP-001,Supplier,0
KLT-002625,SUP-117,Supplier,0
KLT-002626,SUP-017,Carrier,0
KLT-002627,SUP-097,WH-01,0
KLT-002628,SUP-153,WH-01,0
KLT-002629,SUP-181,Supplier,0
KLT-002630,SUP-056,Supplier,0
KLT-002631,SUP-096,WH-02,0
KLT-002632,SUP-004,WH-01,0
KLT-002633,SUP-131,Carrier,0
KLT-002634,SUP-136,WH-01,0
KLT-002635,SUP-163,WH-01,0
KLT-002636,SUP-106,WH-02,0
KLT-002637,SUP-053,WH-02,0
KLT-002638,SUP-160,Supplier,0
KLT-002639,SUP-108,WH-02,0
KLT-002640,SUP-051,WH-01,0
KLT-002641,SUP-198,WH-01,0
KLT-002642,SUP-174,WH-02,0
KLT-002643,SUP-106,WH-02,0
KLT-002644,SUP-026,Supplier,0
KLT-002645,SUP-070,Carrier,0
KLT-002646,SUP-168,WH-01,0
KLT-002647,SUP-016,WH-02,0
KLT-002648,SUP-033,WH-02,0
KLT-002649,SUP-091,Carrier,0
KLT-002650,SUP-083,Supplier,0
KLT-002651,SUP-107,WH-02,0
KLT-002652,SUP-025,Supplier,0
KLT-002653,SUP-022,WH-02,0
KLT-002654,SUP-137,WH-02,0
KLT-002655,SUP-016,Supplier,0
KLT-002656,SUP-003,Supplier,0
KLT-002657,SUP-184,Supplier,0
KLT-002658,SUP-160,WH-01,0
KLT-002659,SUP-059,Supplier,0
KLT-002660,SUP-053,Carrier,0
KLT-002661,SUP-021,Carrier,0
KLT-002662,SUP-129,WH-02,0
KLT-002663,SUP-091,WH-01,0
KLT-002664,SUP-078,Carrier,0
KLT-002665,SUP-082,Carrier,0
KLT-002666,SUP-027,WH-02,0
KLT-002667,SUP-128,WH-02,0
KLT-002668,SUP-144,Carrier,0
KLT-002669,SUP-120,WH-01,0
KLT-002670,SUP-136,WH-02,0
KLT-002671,SUP-055,Supplier,0
KLT-002672,SUP-023,WH-02,0
KLT-002673,SUP-129,Supplier,0
KLT-002674,SUP-153,WH-01,0
KLT-002675,SUP-124,WH-02,0
KLT-002676,SUP-100,Supplier,0
KLT-002677,SUP-102,WH-02,0
KLT-002678,SUP-052,Supplier,0
KLT-002679,SUP-006,Supplier,0
KLT-002680,SUP-093,WH-02,0
KLT-002681,SUP-132,WH-01,0
KLT-002682,SUP-057,WH-01,0
KLT-002683,SUP-049,Supplier,0
KLT-002684,SUP-049,WH-01,0
KLT-002685,SUP-088,Supplier,0
KLT-002686,SUP-110,Carrier,0
KLT-002687,SUP-087,Carrier,0
KLT-002688,SUP-185,WH-01,0
KLT-002689,SUP-199,WH-02,0
KLT-002690,SUP-165,Supplier,0
KLT-002691,SUP-015,WH-02,0
KLT-002692,SUP-103,WH-01,0
KLT-002693,SUP-084,Carrier,0
KLT-002694,SUP-010,Supplier,0
KLT-002695,SUP-061,WH-02,0
KLT-002696,SUP-158,Supplier,0
KLT-002697,SUP-040,WH-01,0
KLT-002698,SUP-021,WH-01,0
KLT-002699,SUP-170,WH-01,0
KLT-002700,SUP-032,Carrier,0
KLT-002701,SUP-027,Carrier,0
KLT-002702,SUP-176,Carrier,0
KLT-002703,SUP-200,Supplier,0
KLT-002704,SUP-121,WH-02,0
KLT-002705,SUP-197,WH-02,0
KLT-002706,SUP-038,Supplier,0
KLT-002707,SUP-094,Carrier,0
KLT-002708,SUP-013,Supplier,0
KLT-002709,SUP-002,Supplier,0
KLT-002710,SUP-058,Carrier,0
KLT-002711,SUP-200,WH-01,0
KLT-002712,SUP-119,Carrier,0
KLT-002713,SUP-170,WH-02,0
KLT-002714,SUP-173,Supplier,0
KLT-002715,SUP-117,WH-02,0
KLT-002716,SUP-028,Supplier,0
KLT-002717,SUP-028,Supplier,0
KLT-002718,SUP-157,WH-02,0
KLT-002719,SUP-018,Carrier,0
KLT-002720,SUP-075,WH-01,0
KLT-002721,SUP-191,Supplier,0
KLT-002722,SUP-125,Carrier,0
KLT-002723,SUP-185,Supplier,0
KLT-002724,SUP-144,Supplier,0
KLT-002725,SUP-157,WH-02,0
KLT-002726,SUP-009,Carrier,0
KLT-002727,SUP-068,WH-02,0
KLT-002728,SUP-132,Carrier,0
KLT-002729,SUP-036,WH-01,0
KLT-002730,SUP-150,Supplier,0
KLT-002731,SUP-147,WH-02,0
KLT-002732,SUP-061,Carrier,0
KLT-002733,SUP-049,WH-02,0
KLT-002734,SUP-121,WH-02,0
KLT-002735,SUP-200,WH-02,0
KLT-002736,SUP-070,Supplier,0
KLT-002737,SUP-025,WH-01,0
KLT-002738,SUP-132,Supplier,0
KLT-002739,SUP-001,WH-02,0
KLT-002740,SUP-182,Supplier,0
KLT-002741,SUP-164,WH-01,0
KLT-002742,SUP-052,Carrier,0
KLT-002743,SUP-188,WH-01,0
KLT-002744,SUP-117,Supplier,0
KLT-002745,SUP-113,WH-02,0
KLT-002746,SUP-062,Supplier,0
KLT-002747,SUP-065,Carrier,0
KLT-002748,SUP-034,Carrier,0
KLT-002749,SUP-194,Carrier,0
KLT-002750,SUP-076,WH-01,0
KLT-002751,SUP-185,WH-02,0
KLT-002752,SUP-045,WH-01,0
KLT-002753,SUP-151,Supplier,0
KLT-002754,SUP-181,WH-02,0
KLT-002755,SUP-177,WH-02,0
KLT-002756,SUP-157,WH-02,0
KLT-002757,SUP-118,Supplier,0
KLT-002758,SUP-095,Supplier,0
KLT-002759,SUP-003,Supplier,0
KLT-002760,SUP-134,Supplier,0
KLT-002761,SUP-008,WH-01,0
KLT-002762,SUP-143,Supplier,0
KLT-002763,SUP-035,Carrier,0
KLT-002764,SUP-046,Supplier,0
KLT-002765,SUP-084,Supplier,0
KLT-002766,SUP-106,WH-02,0
KLT-002767,SUP-070,WH-01,0
KLT-002768,SUP-147,Supplier,0
KLT-002769,SUP-021,WH-02,0
KLT-002770,SUP-060,WH-02,0
KLT-002771,SUP-195,WH-01,0
KLT-002772,SUP-086,WH-01,0
KLT-002773,SUP-008,WH-01,0
KLT-002774,SUP-005,WH-02,0
KLT-002775,SUP-050,WH-02,0
KLT-002776,SUP-200,Supplier,0
KLT-002777,SUP-073,WH-02,0
KLT-002778,SUP-012,WH-02,0
KLT-002779,SUP-098,WH-01,0
KLT-002780,SUP-055,Carrier,0
KLT-002781,SUP-200,WH-01,0
KLT-002782,SUP-124,WH-01,0
KLT-002783,SUP-025,WH-01,0
KLT-002784,SUP-180,Carrier,0
KLT-002785,SUP-072,Carrier,0
KLT-002786,SUP-102,Supplier,0
KLT-002787,SUP-155,Carrier,0
KLT-002788,SUP-146,WH-02,0
KLT-002789,SUP-048,Supplier,0
KLT-002790,SUP-105,WH-02,0
KLT-002791,SUP-190,Carrier,0
KLT-002792,SUP-166,WH-02,0
KLT-002793,SUP-178,Carrier,0
KLT-002794,SUP-157,Supplier,0
KLT-002795,SUP-111,Supplier,0
KLT-002796,SUP-152,Supplier,0
KLT-002797,SUP-099,Supplier,0
KLT-002798,SUP-027,Supplier,0
KLT-002799,SUP-187,WH-02,0
KLT-002800,SUP-067,WH-02,0
KLT-002801,SUP-111,Supplier,0
KLT-002802,SUP-179,Carrier,0
KLT-002803,SUP-062,Supplier,0
KLT-002804,SUP-070,Supplier,0
KLT-002805,SUP-015,Carrier,0
KLT-002806,SUP-142,WH-02,0
KLT-002807,SUP-176,Supplier,0
KLT-002808,SUP-169,WH-01,0
KLT-002809,SUP-083,Carrier,0
KLT-002810,SUP-017,Supplier,0
KLT-002811,SUP-029,Carrier,0
KLT-002812,SUP-115,WH-01,0
KLT-002813,SUP-079,Carrier,0
KLT-002814,SUP-067,WH-02,0
KLT-002815,SUP-025,Carrier,0
KLT-002816,SUP-093,WH-02,0
KLT-002817,SUP-054,WH-01,0
KLT-002818,SUP-112,WH-01,0
KLT-002819,SUP-022,WH-02,0
KLT-002820,SUP-132,WH-02,0
KLT-002821,SUP-142,Carrier,0
KLT-002822,SUP-022,WH-02,0
KLT-002823,SUP-146,Supplier,0
KLT-002824,SUP-115,Supplier,0
KLT-002825,SUP-140,Supplier,38
KLT-002826,SUP-200,Carrier,0
KLT-002827,SUP-181,Carrier,0
KLT-002828,SUP-019,WH-01,0
KLT-002829,SUP-143,Supplier,0
KLT-002830,SUP-148,WH-02,0
KLT-002831,SUP-174,Supplier,0
KLT-002832,SUP-165,WH-01,0
KLT-002833,SUP-162,Carrier,0
KLT-002834,SUP-041,WH-02,0
KLT-002835,SUP-047,Supplier,0
KLT-002836,SUP-028,Supplier,0
KLT-002837,SUP-191,WH-01,0
KLT-002838,SUP-185,Carrier,0
KLT-002839,SUP-036,WH-01,0
KLT-002840,SUP-063,WH-01,0
KLT-002841,SUP-139,WH-02,0
KLT-002842,SUP-039,WH-01,0
KLT-002843,SUP-157,Supplier,0
KLT-002844,SUP-194,Supplier,0
KLT-002845,SUP-112,Carrier,0
KLT-002846,SUP-136,WH-01,0
KLT-002847,SUP-028,WH-01,0
KLT-002848,SUP-114,Carrier,0
KLT-002849,SUP-189,WH-01,0
KLT-002850,SUP-136,WH-02,0
KLT-002851,SUP-035,WH-02,0
KLT-002852,SUP-067,Carrier,0
KLT-002853,SUP-157,Supplier,0
KLT-002854,SUP-156,WH-02,0
KLT-002855,SUP-005,WH-02,0
KLT-002856,SUP-041,WH-02,0
KLT-002857,SUP-083,WH-01,0
KLT-002858,SUP-131,Carrier,0
KLT-002859,SUP-046,Supplier,0
KLT-002860,SUP-034,Supplier,0
KLT-002861,SUP-173,WH-02,0
KLT-002862,SUP-115,WH-02,0
KLT-002863,SUP-039,Carrier,0
KLT-002864,SUP-099,Carrier,0
KLT-002865,SUP-109,Supplier,0
KLT-002866,SUP-085,Carrier,0
KLT-002867,SUP-199,WH-01,0
KLT-002868,SUP-089,Carrier,0
KLT-002869,SUP-175,Supplier,0
KLT-002870,SUP-022,WH-02,0
KLT-002871,SUP-037,WH-02,0
KLT-002872,SUP-047,Carrier,0
KLT-002873,SUP-193,WH-01,0
KLT-002874,SUP-058,WH-02,0
KLT-002875,SUP-151,WH-02,0
KLT-002876,SUP-032,Carrier,0
KLT-002877,SUP-079,Supplier,0
KLT-002878,SUP-173,Carrier,0
KLT-002879,SUP-033,WH-01,0
KLT-002880,SUP-028,WH-01,0
KLT-002881,SUP-126,Carrier,0
KLT-002882,SUP-088,Carrier,0
KLT-002883,SUP-136,Carrier,0
KLT-002884,SUP-195,Supplier,0
KLT-002885,SUP-109,WH-02,0
KLT-002886,SUP-019,Supplier,0
KLT-002887,SUP-039,WH-01,0
KLT-002888,SUP-198,Carrier,0
KLT-002889,SUP-193,Supplier,0
KLT-002890,SUP-122,WH-02,0
KLT-002891,SUP-139,Supplier,0
KLT-002892,SUP-154,Supplier,0
KLT-002893,SUP-048,WH-02,0
KLT-002894,SUP-151,WH-02,0
KLT-002895,SUP-121,WH-01,0
KLT-002896,SUP-116,Carrier,0
KLT-002897,SUP-170,WH-02,0
KLT-002898,SUP-018,Carrier,0
KLT-002899,SUP-115,WH-02,0
KLT-002900,SUP-151,Supplier,0
KLT-002901,SUP-007,Carrier,0
KLT-002902,SUP-055,Carrier,0
KLT-002903,SUP-075,WH-01,0
KLT-002904,SUP-199,WH-01,0
KLT-002905,SUP-024,Supplier,0
KLT-002906,SUP-043,Supplier,0
KLT-002907,SUP-174,WH-02,0
KLT-002908,SUP-027,Carrier,0
KLT-002909,SUP-055,Supplier,0
KLT-002910,SUP-122,Carrier,0
KLT-002911,SUP-180,Supplier,0
KLT-002912,SUP-154,Supplier,0
KLT-002913,SUP-026,WH-02,0
KLT-002914,SUP-133,Supplier,0
KLT-002915,SUP-095,Carrier,0
KLT-002916,SUP-148,WH-02,0
KLT-002917,SUP-072,Carrier,0
KLT-002918,SUP-097,Supplier,0
KLT-002919,SUP-148,Supplier,0
KLT-002920,SUP-084,WH-01,0
KLT-002921,SUP-068,WH-01,0
KLT-002922,SUP-131,Carrier,0
KLT-002923,SUP-079,WH-02,0
KLT-002924,SUP-095,Supplier,0
KLT-002925,SUP-081,Carrier,0
KLT-002926,SUP-016,Carrier,0
KLT-002927,SUP-123,Carrier,0
KLT-002928,SUP-188,WH-02,0
KLT-002929,SUP-116,WH-01,0
KLT-002930,SUP-108,WH-02,0
KLT-002931,SUP-166,WH-01,0
KLT-002932,SUP-070,Supplier,0
KLT-002933,SUP-063,Supplier,0
KLT-002934,SUP-196,WH-01,0
KLT-002935,SUP-128,Supplier,0
KLT-002936,SUP-168,Supplier,0
KLT-002937,SUP-081,WH-02,0
KLT-002938,SUP-185,Carrier,0
KLT-002939,SUP-046,Supplier,0
KLT-002940,SUP-164,WH-02,0
KLT-002941,SUP-044,Carrier,0
KLT-002942,SUP-175,Carrier,0
KLT-002943,SUP-012,Carrier,0
KLT-002944,SUP-076,Carrier,0
KLT-002945,SUP-092,Carrier,0
KLT-002946,SUP-179,WH-02,0
KLT-002947,SUP-061,WH-02,0
KLT-002948,SUP-074,Supplier,0
KLT-002949,SUP-037,WH-02,0
KLT-002950,SUP-168,WH-01,0
KLT-002951,SUP-172,WH-02,0
KLT-002952,SUP-190,Supplier,0
KLT-002953,SUP-160,WH-01,0
KLT-002954,SUP-022,Supplier,0
KLT-002955,SUP-184,Carrier,0
KLT-002956,SUP-169,WH-01,0
KLT-002957,SUP-121,Carrier,0
KLT-002958,SUP-189,Carrier,0
KLT-002959,SUP-002,Supplier,0
KLT-002960,SUP-022,WH-01,0
KLT-002961,SUP-055,Carrier,0
KLT-002962,SUP-068,WH-02,0
KLT-002963,SUP-120,WH-02,0
KLT-002964,SUP-034,WH-02,0
KLT-002965,SUP-035,Carrier,0
KLT-002966,SUP-090,Supplier,0
KLT-002967,SUP-179,Carrier,0
KLT-002968,SUP-150,WH-02,0
KLT-002969,SUP-132,Supplier,0
KLT-002970,SUP-084,Carrier,0
KLT-002971,SUP-107,Supplier,0
KLT-002972,SUP-173,WH-01,0
KLT-002973,SUP-078,Supplier,0
KLT-002974,SUP-035,WH-01,0
KLT-002975,SUP-029,WH-01,0
KLT-002976,SUP-065,WH-02,0
KLT-002977,SUP-150,WH-01,0
KLT-002978,SUP-162,WH-02,0
KLT-002979,SUP-088,Carrier,0
KLT-002980,SUP-008,Carrier,0
KLT-002981,SUP-100,WH-01,0
KLT-002982,SUP-053,Supplier,0
KLT-002983,SUP-115,Carrier,0
KLT-002984,SUP-135,Supplier,0
KLT-002985,SUP-182,Carrier,0
KLT-002986,SUP-057,Supplier,0
KLT-002987,SUP-089,WH-01,0
KLT-002988,SUP-003,WH-01,0
KLT-002989,SUP-161,WH-02,0
KLT-002990,SUP-094,WH-01,0
KLT-002991,SUP-069,Carrier,0
KLT-002992,SUP-141,WH-02,0
KLT-002993,SUP-055,WH-02,0
KLT-002994,SUP-168,Carrier,0
KLT-002995,SUP-187,Carrier,0
KLT-002996,SUP-188,WH-02,0
KLT-002997,SUP-033,WH-02,0
KLT-002998,SUP-054,WH-01,0
KLT-002999,SUP-156,WH-02,0
KLT-003000,SUP-120,Supplier,0
KLT-003001,SUP-106,Carrier,0
KLT-003002,SUP-047,Carrier,0
KLT-003003,SUP-186,Supplier,0
KLT-003004,SUP-147,WH-02,0
KLT-003005,SUP-111,Carrier,0
KLT-003006,SUP-149,WH-01,0
KLT-003007,SUP-108,Carrier,0
KLT-003008,SUP-125,WH-01,0
KLT-003009,SUP-109,WH-02,0
KLT-003010,SUP-012,WH-02,0
KLT-003011,SUP-078,Supplier,0
KLT-003012,SUP-140,WH-02,0
KLT-003013,SUP-088,WH-02,0
KLT-003014,SUP-089,Carrier,0
KLT-003015,SUP-104,WH-02,0
KLT-003016,SUP-167,Carrier,0
KLT-003017,SUP-046,Carrier,0
KLT-003018,SUP-174,WH-01,0
KLT-003019,SUP-127,WH-02,0
KLT-003020,SUP-094,Supplier,0
KLT-003021,SUP-116,WH-01,0
KLT-003022,SUP-146,WH-02,0
KLT-003023,SUP-068,WH-02,0
KLT-003024,SUP-172,WH-01,0
KLT-003025,SUP-185,WH-01,0
KLT-003026,SUP-172,Carrier,0
KLT-003027,SUP-193,Carrier,0
KLT-003028,SUP-112,WH-02,0
KLT-003029,SUP-050,Supplier,0
KLT-003030,SUP-171,WH-02,0
KLT-003031,SUP-150,WH-01,0
KLT-003032,SUP-168,WH-01,0
KLT-003033,SUP-023,WH-02,0
KLT-003034,SUP-028,Carrier,0
KLT-003035,SUP-082,Carrier,0
KLT-003036,SUP-045,Carrier,0
KLT-003037,SUP-006,Carrier,0
KLT-003038,SUP-113,WH-02,0
KLT-003039,SUP-156,Carrier,0
KLT-003040,SUP-152,Carrier,0
KLT-003041,SUP-194,WH-01,0
KLT-003042,SUP-046,Supplier,0
KLT-003043,SUP-042,WH-01,0
KLT-003044,SUP-124,WH-02,0
KLT-003045,SUP-188,Carrier,0
KLT-003046,SUP-038,Supplier,0
KLT-003047,SUP-136,WH-01,0
KLT-003048,SUP-153,Carrier,0
KLT-003049,SUP-181,Supplier,0
KLT-003050,SUP-091,WH-01,0
KLT-003051,SUP-116,Supplier,0
KLT-003052,SUP-155,WH-02,0
KLT-003053,SUP-051,Supplier,0
KLT-003054,SUP-048,Carrier,0
KLT-003055,SUP-123,WH-01,0
KLT-003056,SUP-039,Carrier,0
KLT-003057,SUP-043,Supplier,0
KLT-003058,SUP-092,WH-02,0
KLT-003059,SUP-193,Supplier,0
KLT-003060,SUP-143,Carrier,0
KLT-003061,SUP-039,Supplier,0
KLT-003062,SUP-106,WH-02,0
KLT-003063,SUP-036,Supplier,0
KLT-003064,SUP-110,WH-01,0
KLT-003065,SUP-020,Carrier,0
KLT-003066,SUP-084,WH-02,0
KLT-003067,SUP-146,WH-01,0
KLT-003068,SUP-002,Supplier,0
KLT-003069,SUP-031,Carrier,0
KLT-003070,SUP-189,WH-02,0
KLT-003071,SUP-043,Carrier,0
KLT-003072,SUP-190,WH-02,0
KLT-003073,SUP-111,Carrier,0
KLT-003074,SUP-019,WH-01,0
KLT-003075,SUP-059,WH-02,0
KLT-003076,SUP-106,Supplier,0
KLT-003077,SUP-171,WH-01,0
KLT-003078,SUP-124,Carrier,0
KLT-003079,SUP-037,Supplier,0
KLT-003080,SUP-189,WH-02,0
KLT-003081,SUP-039,WH-02,0
KLT-003082,SUP-090,Carrier,0
KLT-003083,SUP-002,WH-02,0
KLT-003084,SUP-006,Carrier,0
KLT-003085,SUP-064,Carrier,0
KLT-003086,SUP-173,WH-01,0
KLT-003087,SUP-009,Supplier,0
KLT-003088,SUP-135,Supplier,0
KLT-003089,SUP-124,WH-01,0
KLT-003090,SUP-081,Carrier,0
KLT-003091,SUP-147,Supplier,0
KLT-003092,SUP-011,WH-01,0
KLT-003093,SUP-127,WH-02,0
KLT-003094,SUP-032,Carrier,0
KLT-003095,SUP-040,WH-02,0
KLT-003096,SUP-012,Carrier,0
KLT-003097,SUP-057,Supplier,0
KLT-003098,SUP-082,Supplier,0
KLT-003099,SUP-072,Supplier,0
KLT-003100,SUP-191,Carrier,0
KLT-003101,SUP-099,Carrier,0
KLT-003102,SUP-160,Carrier,0
KLT-003103,SUP-162,Carrier,0
KLT-003104,SUP-191,WH-01,0
KLT-003105,SUP-128,WH-01,0
KLT-003106,SUP-168,Supplier,0
KLT-003107,SUP-138,WH-02,0
KLT-003108,SUP-019,Supplier,0
KLT-003109,SUP-074,WH-02,0
KLT-003110,SUP-081,Carrier,0
KLT-003111,SUP-007,Carrier,0
KLT-003112,SUP-041,WH-02,0
KLT-003113,SUP-096,WH-02,0
KLT-003114,SUP-155,WH-02,0
KLT-003115,SUP-011,Supplier,0
KLT-003116,SUP-026,WH-02,0
KLT-003117,SUP-065,Carrier,0
KLT-003118,SUP-084,WH-01,0
KLT-003119,SUP-101,WH-02,0
KLT-003120,SUP-090,Carrier,0
KLT-003121,SUP-186,WH-01,0
KLT-003122,SUP-045,WH-02,0
KLT-003123,SUP-200,Carrier,0
KLT-003124,SUP-093,WH-01,0
KLT-003125,SUP-102,Supplier,0
KLT-003126,SUP-133,WH-01,0
KLT-003127,SUP-153,WH-01,34
KLT-003128,SUP-189,WH-01,0
KLT-003129,SUP-083,WH-01,0
KLT-003130,SUP-033,Carrier,0
KLT-003131,SUP-055,Carrier,0
KLT-003132,SUP-045,WH-01,0
KLT-003133,SUP-078,WH-01,0
KLT-003134,SUP-086,WH-01,0
KLT-003135,SUP-062,Carrier,0
KLT-003136,SUP-158,Carrier,0
KLT-003137,SUP-111,WH-01,0
KLT-003138,SUP-182,WH-02,0
KLT-003139,SUP-124,WH-01,0
KLT-003140,SUP-125,WH-02,0
KLT-003141,SUP-010,WH-02,0
KLT-003142,SUP-082,Carrier,0
KLT-003143,SUP-104,Carrier,0
KLT-003144,SUP-184,WH-01,0
KLT-003145,SUP-033,Supplier,0
KLT-003146,SUP-029,WH-01,0
KLT-003147,SUP-123,Carrier,0
KLT-003148,SUP-033,Supplier,0
KLT-003149,SUP-146,Carrier,0
KLT-003150,SUP-172,Carrier,0
KLT-003151,SUP-149,WH-01,0
KLT-003152,SUP-117,WH-02,0
KLT-003153,SUP-181,Carrier,0
KLT-003154,SUP-020,Carrier,0
KLT-003155,SUP-030,WH-02,0
KLT-003156,SUP-124,Supplier,0
KLT-003157,SUP-100,Supplier,0
KLT-003158,SUP-154,Carrier,0
KLT-003159,SUP-174,Carrier,0
KLT-003160,SUP-028,Supplier,0
KLT-003161,SUP-091,WH-01,0
KLT-003162,SUP-086,Carrier,0
KLT-003163,SUP-146,WH-02,0
KLT-003164,SUP-144,Carrier,0
KLT-003165,SUP-079,WH-02,0
KLT-003166,SUP-141,WH-01,0
KLT-003167,SUP-160,Supplier,0
KLT-003168,SUP-078,Carrier,0
KLT-003169,SUP-058,WH-02,0
KLT-003170,SUP-164,WH-01,0
KLT-003171,SUP-190,Carrier,0
KLT-003172,SUP-055,Carrier,0
KLT-003173,SUP-140,Carrier,0
KLT-003174,SUP-143,WH-01,0
KLT-003175,SUP-102,WH-01,0
KLT-003176,SUP-024,Carrier,0
KLT-003177,SUP-051,WH-01,0
KLT-003178,SUP-154,Supplier,0
KLT-003179,SUP-039,Supplier,0
KLT-003180,SUP-016,Supplier,0
KLT-003181,SUP-037,WH-01,0
KLT-003182,SUP-163,WH-01,0
KLT-003183,SUP-181,Carrier,0
KLT-003184,SUP-082,WH-01,0
KLT-003185,SUP-188,Carrier,0
KLT-003186,SUP-072,WH-02,0
KLT-003187,SUP-166,WH-02,0
KLT-003188,SUP-082,WH-01,0
KLT-003189,SUP-113,Carrier,0
KLT-003190,SUP-003,Carrier,0
KLT-003191,SUP-129,WH-01,0
KLT-003192,SUP-079,WH-01,0
KLT-003193,SUP-168,WH-01,0
KLT-003194,SUP-034,WH-02,0
KLT-003195,SUP-156,Supplier,0
KLT-003196,SUP-112,WH-01,0
KLT-003197,SUP-170,WH-02,0
KLT-003198,SUP-093,WH-01,0
KLT-003199,SUP-022,Carrier,0
KLT-003200,SUP-130,WH-01,0
KLT-003201,SUP-165,Supplier,0
KLT-003202,SUP-101,WH-02,0
KLT-003203,SUP-020,Supplier,0
KLT-003204,SUP-084,WH-02,0
KLT-003205,SUP-155,Supplier,0
KLT-003206,SUP-184,Supplier,0
KLT-003207,SUP-078,Supplier,0
KLT-003208,SUP-197,WH-01,0
KLT-003209,SUP-092,WH-01,0
KLT-003210,SUP-081,WH-01,0
KLT-003211,SUP-166,WH-01,0
KLT-003212,SUP-133,Supplier,0
KLT-003213,SUP-054,WH-02,0
KLT-003214,SUP-101,Supplier,0
KLT-003215,SUP-127,Supplier,0
KLT-003216,SUP-165,WH-02,0
KLT-003217,SUP-014,WH-02,0
KLT-003218,SUP-120,WH-02,0
KLT-003219,SUP-198,WH-01,0
KLT-003220,SUP-150,WH-01,0
KLT-003221,SUP-079,WH-02,0
KLT-003222,SUP-083,Supplier,0
KLT-003223,SUP-075,Supplier,0
KLT-003224,SUP-152,WH-02,0
KLT-003225,SUP-103,Supplier,0
KLT-003226,SUP-168,WH-01,0
KLT-003227,SUP-045,WH-02,0
KLT-003228,SUP-046,Carrier,0
KLT-003229,SUP-056,Supplier,0
KLT-003230,SUP-014,WH-01,0
KLT-003231,SUP-079,Supplier,0
KLT-003232,SUP-108,Supplier,0
KLT-003233,SUP-138,WH-01,0
KLT-003234,SUP-010,WH-01,0
KLT-003235,SUP-148,Carrier,0
KLT-003236,SUP-192,WH-01,0
KLT-003237,SUP-163,WH-02,0
KLT-003238,SUP-162,WH-01,0
KLT-003239,SUP-151,WH-02,0
KLT-003240,SUP-168,WH-01,0
KLT-003241,SUP-083,Carrier,0
KLT-003242,SUP-030,WH-01,0
KLT-003243,SUP-183,WH-01,0
KLT-003244,SUP-123,WH-01,0
KLT-003245,SUP-196,Supplier,0
KLT-003246,SUP-182,Carrier,0
KLT-003247,SUP-110,WH-01,0
KLT-003248,SUP-159,WH-02,0
KLT-003249,SUP-079,WH-02,0
KLT-003250,SUP-189,Carrier,0
KLT-003251,SUP-118,Carrier,0
KLT-003252,SUP-171,Carrier,0
KLT-003253,SUP-174,WH-02,0
KLT-003254,SUP-141,Carrier,0
KLT-003255,SUP-065,Supplier,0
KLT-003256,SUP-007,Supplier,0
KLT-003257,SUP-154,Carrier,0
KLT-003258,SUP-191,WH-02,0
KLT-003259,SUP-039,WH-02,0
KLT-003260,SUP-180,Carrier,0
KLT-003261,SUP-144,Carrier,0
KLT-003262,SUP-174,WH-02,0
KLT-003263,SUP-114,WH-01,0
KLT-003264,SUP-100,WH-01,0
KLT-003265,SUP-128,WH-01,0
KLT-003266,SUP-188,WH-01,0
KLT-003267,SUP-192,Supplier,0
KLT-003268,SUP-092,Supplier,0
KLT-003269,SUP-053,Carrier,0
KLT-003270,SUP-037,WH-01,0
KLT-003271,SUP-070,Carrier,0
KLT-003272,SUP-060,Supplier,0
KLT-003273,SUP-142,WH-01,0
KLT-003274,SUP-172,Supplier,0
KLT-003275,SUP-030,WH-01,0
KLT-003276,SUP-191,Supplier,0
KLT-003277,SUP-010,WH-01,0
KLT-003278,SUP-102,Carrier,0
KLT-003279,SUP-137,WH-01,0
KLT-003280,SUP-020,Supplier,0
KLT-003281,SUP-132,Supplier,0
KLT-003282,SUP-029,Supplier,0
KLT-003283,SUP-027,Supplier,0
KLT-003284,SUP-048,Supplier,0
KLT-003285,SUP-099,Supplier,0
KLT-003286,SUP-193,WH-01,0
KLT-003287,SUP-041,Carrier,0
KLT-003288,SUP-092,WH-01,0
KLT-003289,SUP-113,WH-01,0
KLT-003290,SUP-167,Supplier,0
KLT-003291,SUP-028,Supplier,0
KLT-003292,SUP-173,Carrier,0
KLT-003293,SUP-190,WH-01,0
KLT-003294,SUP-198,WH-01,0
KLT-003295,SUP-046,WH-02,0
KLT-003296,SUP-133,WH-01,0
KLT-003297,SUP-186,WH-01,0
KLT-003298,SUP-091,WH-02,0
KLT-003299,SUP-014,Carrier,0
KLT-003300,SUP-099,WH-01,0
KLT-003301,SUP-155,Carrier,0
KLT-003302,SUP-109,Supplier,0
KLT-003303,SUP-109,Supplier,0
KLT-003304,SUP-014,WH-01,0
KLT-003305,SUP-070,Supplier,0
KLT-003306,SUP-031,Supplier,0
KLT-003307,SUP-079,Carrier,0
KLT-003308,SUP-169,Carrier,0
KLT-003309,SUP-012,Supplier,0
KLT-003310,SUP-138,Carrier,0
KLT-003311,SUP-158,WH-02,0
KLT-003312,SUP-044,Supplier,0
KLT-003313,SUP-179,Supplier,0
KLT-003314,SUP-175,Supplier,0
KLT-003315,SUP-040,WH-02,0
KLT-003316,SUP-100,Supplier,0
KLT-003317,SUP-009,Supplier,0
KLT-003318,SUP-065,WH-02,0
KLT-003319,SUP-011,Supplier,0
KLT-003320,SUP-118,Supplier,0
KLT-003321,SUP-109,Carrier,0
KLT-003322,SUP-115,Supplier,0
KLT-003323,SUP-007,Carrier,0
KLT-003324,SUP-021,Supplier,0
KLT-003325,SUP-199,Supplier,0
KLT-003326,SUP-009,WH-01,0
KLT-003327,SUP-057,WH-01,0
KLT-003328,SUP-192,Supplier,0
KLT-003329,SUP-007,WH-02,0
KLT-003330,SUP-062,Supplier,0
KLT-003331,SUP-155,Supplier,0
KLT-003332,SUP-127,WH-01,0
KLT-003333,SUP-121,Supplier,0
KLT-003334,SUP-136,Supplier,0
KLT-003335,SUP-145,WH-02,0
KLT-003336,SUP-027,Supplier,0
KLT-003337,SUP-037,Carrier,0
KLT-003338,SUP-152,WH-02,0
KLT-003339,SUP-191,Carrier,0
KLT-003340,SUP-193,Supplier,0
KLT-003341,SUP-096,WH-02,0
KLT-003342,SUP-018,WH-01,0
KLT-003343,SUP-065,WH-02,0
KLT-003344,SUP-083,Supplier,0
KLT-003345,SUP-108,WH-02,0
KLT-003346,SUP-137,WH-02,0
KLT-003347,SUP-138,Carrier,0
KLT-003348,SUP-025,WH-01,0
KLT-003349,SUP-150,WH-02,0
KLT-003350,SUP-116,WH-01,0
KLT-003351,SUP-093,Carrier,0
KLT-003352,SUP-095,Carrier,0
KLT-003353,SUP-195,WH-02,0
KLT-003354,SUP-162,Carrier,0
KLT-003355,SUP-183,WH-02,0
KLT-003356,SUP-137,WH-01,0
KLT-003357,SUP-029,WH-02,0
KLT-003358,SUP-180,WH-02,0
KLT-003359,SUP-096,WH-02,0
KLT-003360,SUP-101,Supplier,0
KLT-003361,SUP-197,WH-02,0
KLT-003362,SUP-110,WH-01,0
KLT-003363,SUP-059,WH-01,0
KLT-003364,SUP-077,Supplier,0
KLT-003365,SUP-092,Supplier,0
KLT-003366,SUP-082,Carrier,0
KLT-003367,SUP-141,Carrier,0
KLT-003368,SUP-060,WH-01,0
KLT-003369,SUP-168,WH-02,0
KLT-003370,SUP-192,Carrier,0
KLT-003371,SUP-200,Carrier,0
KLT-003372,SUP-082,WH-01,0
KLT-003373,SUP-086,Supplier,0
KLT-003374,SUP-150,WH-02,0
KLT-003375,SUP-024,Carrier,0
KLT-003376,SUP-096,Supplier,0
KLT-003377,SUP-121,Supplier,0
KLT-003378,SUP-196,Supplier,0
KLT-003379,SUP-155,WH-02,0
KLT-003380,SUP-150,WH-02,0
KLT-003381,SUP-137,WH-02,0
KLT-003382,SUP-084,Carrier,0
KLT-003383,SUP-077,WH-02,0
KLT-003384,SUP-162,Supplier,0
KLT-003385,SUP-088,Carrier,0
KLT-003386,SUP-133,Supplier,0
KLT-003387,SUP-148,Supplier,0
KLT-003388,SUP-117,WH-01,0
KLT-003389,SUP-068,Carrier,0
KLT-003390,SUP-044,WH-01,0
KLT-003391,SUP-096,WH-01,0
KLT-003392,SUP-076,WH-02,0
KLT-003393,SUP-033,WH-01,0
KLT-003394,SUP-046,WH-02,0
KLT-003395,SUP-143,WH-01,0
KLT-003396,SUP-166,Supplier,0
KLT-003397,SUP-147,WH-02,0
KLT-003398,SUP-044,WH-01,0
KLT-003399,SUP-100,Carrier,0
KLT-003400,SUP-132,Carrier,0
KLT-003401,SUP-120,WH-02,0
KLT-003402,SUP-177,Carrier,0
KLT-003403,SUP-007,WH-02,0
KLT-003404,SUP-044,Carrier,0
KLT-003405,SUP-046,Supplier,0
KLT-003406,SUP-121,WH-02,0
KLT-003407,SUP-114,Supplier,0
KLT-003408,SUP-150,WH-01,0
KLT-003409,SUP-163,WH-02,0
KLT-003410,SUP-067,Supplier,0
KLT-003411,SUP-185,Supplier,0
KLT-003412,SUP-127,Carrier,0
KLT-003413,SUP-113,Supplier,0
KLT-003414,SUP-180,WH-01,0
KLT-003415,SUP-167,WH-02,0
KLT-003416,SUP-063,Supplier,0
KLT-003417,SUP-104,WH-02,0
KLT-003418,SUP-095,Carrier,0
KLT-003419,SUP-016,WH-01,0
KLT-003420,SUP-083,WH-02,0
KLT-003421,SUP-130,Carrier,0
KLT-003422,SUP-034,Carrier,0
KLT-003423,SUP-085,WH-02,0
KLT-003424,SUP-157,WH-02,0
KLT-003425,SUP-087,Carrier,0
KLT-003426,SUP-087,Carrier,0
KLT-003427,SUP-186,WH-01,0
KLT-003428,SUP-107,Carrier,0
KLT-003429,SUP-062,WH-01,0
KLT-003430,SUP-037,Carrier,0
KLT-003431,SUP-031,Carrier,0
KLT-003432,SUP-124,WH-01,0
KLT-003433,SUP-178,Carrier,0
KLT-003434,SUP-165,WH-01,0
KLT-003435,SUP-097,WH-02,0
KLT-003436,SUP-158,Carrier,0
KLT-003437,SUP-187,Supplier,0
KLT-003438,SUP-200,Carrier,0
KLT-003439,SUP-091,WH-01,0
KLT-003440,SUP-050,Supplier,0
KLT-003441,SUP-127,Supplier,0
KLT-003442,SUP-098,WH-01,0
KLT-003443,SUP-156,Supplier,0
KLT-003444,SUP-111,Carrier,0
KLT-003445,SUP-161,Supplier,0
KLT-003446,SUP-181,WH-02,0
KLT-003447,SUP-106,Supplier,0
KLT-003448,SUP-022,Supplier,0
KLT-003449,SUP-138,WH-02,0
KLT-003450,SUP-115,Carrier,0
KLT-003451,SUP-170,WH-01,0
KLT-003452,SUP-188,WH-01,0
KLT-003453,SUP-110,WH-01,0
KLT-003454,SUP-163,WH-01,0
KLT-003455,SUP-039,WH-01,0
KLT-003456,SUP-117,Carrier,0
KLT-003457,SUP-082,WH-02,0
KLT-003458,SUP-138,WH-01,0
KLT-003459,SUP-148,Carrier,0
KLT-003460,SUP-069,WH-01,0
KLT-003461,SUP-012,WH-02,0
KLT-003462,SUP-035,Supplier,0
KLT-003463,SUP-012,Carrier,0
KLT-003464,SUP-011,WH-01,0
KLT-003465,SUP-055,Carrier,0
KLT-003466,SUP-104,Carrier,0
KLT-003467,SUP-025,WH-01,0
KLT-003468,SUP-064,WH-02,0
KLT-003469,SUP-071,Supplier,0
KLT-003470,SUP-187,WH-01,0
KLT-003471,SUP-081,WH-02,0
KLT-003472,SUP-113,Carrier,0
KLT-003473,SUP-042,WH-01,0
KLT-003474,SUP-173,Supplier,0
KLT-003475,SUP-071,Carrier,0
KLT-003476,SUP-167,WH-01,0
KLT-003477,SUP-087,WH-02,0
KLT-003478,SUP-179,Carrier,0
KLT-003479,SUP-050,Carrier,0
KLT-003480,SUP-132,Supplier,0
KLT-003481,SUP-017,WH-02,0
KLT-003482,SUP-188,WH-02,0
KLT-003483,SUP-096,WH-01,0
KLT-003484,SUP-128,WH-02,0
KLT-003485,SUP-070,WH-02,0
KLT-003486,SUP-142,WH-01,0
KLT-003487,SUP-148,Carrier,0
KLT-003488,SUP-071,WH-01,0
KLT-003489,SUP-112,WH-01,0
KLT-003490,SUP-132,WH-02,0
KLT-003491,SUP-163,WH-01,0
KLT-003492,SUP-079,Supplier,0
KLT-003493,SUP-120,WH-02,0
KLT-003494,SUP-161,WH-01,0
KLT-003495,SUP-189,Carrier,0
KLT-003496,SUP-056,Supplier,0
KLT-003497,SUP-021,Carrier,0
KLT-003498,SUP-012,WH-02,0
KLT-003499,SUP-056,Carrier,0
KLT-003500,SUP-059,WH-02,0
KLT-003501,SUP-052,WH-02,0
KLT-003502,SUP-175,Supplier,0
KLT-003503,SUP-022,WH-01,0
KLT-003504,SUP-006,WH-02,0
KLT-003505,SUP-170,Carrier,0
KLT-003506,SUP-067,WH-01,0
KLT-003507,SUP-145,Supplier,0
KLT-003508,SUP-079,WH-02,0
KLT-003509,SUP-193,WH-01,0
KLT-003510,SUP-179,Carrier,0
KLT-003511,SUP-068,Supplier,0
KLT-003512,SUP-160,Carrier,0
KLT-003513,SUP-118,WH-01,0
KLT-003514,SUP-092,Supplier,0
KLT-003515,SUP-095,Supplier,0
KLT-003516,SUP-171,Carrier,0
KLT-003517,SUP-137,Supplier,0
KLT-003518,SUP-183,Carrier,0
KLT-003519,SUP-022,Carrier,0
KLT-003520,SUP-051,WH-02,0
KLT-003521,SUP-168,Supplier,0
KLT-003522,SUP-119,WH-01,0
KLT-003523,SUP-074,WH-01,0
KLT-003524,SUP-050,Supplier,0
KLT-003525,SUP-071,Carrier,0
KLT-003526,SUP-022,Supplier,0
KLT-003527,SUP-044,WH-01,0
KLT-003528,SUP-075,WH-01,0
KLT-003529,SUP-027,WH-01,0
KLT-003530,SUP-056,WH-01,0
KLT-003531,SUP-157,Carrier,0
KLT-003532,SUP-061,Carrier,0
KLT-003533,SUP-166,Carrier,0
KLT-003534,SUP-182,WH-02,0
KLT-003535,SUP-017,Carrier,0
KLT-003536,SUP-004,WH-02,0
KLT-003537,SUP-112,Carrier,0
KLT-003538,SUP-042,WH-01,0
KLT-003539,SUP-050,Carrier,0
KLT-003540,SUP-099,Carrier,0
KLT-003541,SUP-146,WH-02,0
KLT-003542,SUP-101,Supplier,0
KLT-003543,SUP-052,Supplier,0
KLT-003544,SUP-032,Supplier,0
KLT-003545,SUP-034,WH-01,0
KLT-003546,SUP-168,WH-02,0
KLT-003547,SUP-052,Supplier,0
KLT-003548,SUP-182,Supplier,0
KLT-003549,SUP-172,WH-02,0
KLT-003550,SUP-138,Carrier,0
KLT-003551,SUP-049,Carrier,0
KLT-003552,SUP-174,Supplier,0
KLT-003553,SUP-176,WH-02,0
KLT-003554,SUP-136,Carrier,0
KLT-003555,SUP-094,Carrier,0
KLT-003556,SUP-189,WH-02,0
KLT-003557,SUP-159,WH-01,0
KLT-003558,SUP-115,Carrier,0
KLT-003559,SUP-081,WH-02,0
KLT-003560,SUP-163,WH-02,0
KLT-003561,SUP-004,Carrier,0
KLT-003562,SUP-016,Carrier,0
KLT-003563,SUP-122,WH-01,0
KLT-003564,SUP-134,Supplier,0
KLT-003565,SUP-075,Supplier,0
KLT-003566,SUP-046,Supplier,0
KLT-003567,SUP-060,WH-02,0
KLT-003568,SUP-113,WH-01,0
KLT-003569,SUP-039,WH-01,0
KLT-003570,SUP-144,WH-01,0
KLT-003571,SUP-045,WH-01,0
KLT-003572,SUP-048,WH-01,0
KLT-003573,SUP-157,Supplier,0
KLT-003574,SUP-026,WH-01,0
KLT-003575,SUP-189,WH-02,0
KLT-003576,SUP-177,WH-01,0
KLT-003577,SUP-118,Supplier,0
KLT-003578,SUP-200,WH-02,0
KLT-003579,SUP-128,WH-01,0
KLT-003580,SUP-112,WH-01,0
KLT-003581,SUP-101,WH-02,0
KLT-003582,SUP-003,WH-01,0
KLT-003583,SUP-092,Carrier,0
KLT-003584,SUP-009,WH-01,0
KLT-003585,SUP-124,WH-01,0
KLT-003586,SUP-035,WH-02,0
KLT-003587,SUP-155,Supplier,0
KLT-003588,SUP-143,WH-02,0
KLT-003589,SUP-053,Carrier,0
KLT-003590,SUP-049,WH-02,0
KLT-003591,SUP-068,WH-02,0
KLT-003592,SUP-043,WH-02,0
KLT-003593,SUP-156,Supplier,0
KLT-003594,SUP-072,Carrier,0
KLT-003595,SUP-184,WH-01,0
KLT-003596,SUP-137,WH-01,0
KLT-003597,SUP-012,Carrier,0
KLT-003598,SUP-186,Carrier,0
KLT-003599,SUP-168,Carrier,0
KLT-003600,SUP-077,Carrier,0
KLT-003601,SUP-179,Supplier,0
KLT-003602,SUP-135,WH-01,0
KLT-003603,SUP-178,Supplier,0
KLT-003604,SUP-065,Carrier,0
KLT-003605,SUP-163,Carrier,0
KLT-003606,SUP-106,WH-01,0
KLT-003607,SUP-086,Carrier,0
KLT-003608,SUP-130,WH-01,0
KLT-003609,SUP-170,WH-02,0
KLT-003610,SUP-169,WH-02,0
KLT-003611,SUP-068,Carrier,0
KLT-003612,SUP-185,Carrier,0
KLT-003613,SUP-084,WH-02,0
KLT-003614,SUP-151,Supplier,0
KLT-003615,SUP-194,Carrier,0
KLT-003616,SUP-064,WH-02,0
KLT-003617,SUP-118,Supplier,0
KLT-003618,SUP-161,Supplier,0
KLT-003619,SUP-171,WH-01,0
KLT-003620,SUP-076,Supplier,0
KLT-003621,SUP-111,WH-02,0
KLT-003622,SUP-138,WH-01,0
KLT-003623,SUP-072,Supplier,0
KLT-003624,SUP-044,WH-02,0
KLT-003625,SUP-134,WH-02,0
KLT-003626,SUP-184,WH-01,0
KLT-003627,SUP-108,Supplier,0
KLT-003628,SUP-153,WH-01,0
KLT-003629,SUP-036,Carrier,0
KLT-003630,SUP-057,WH-01,0
KLT-003631,SUP-104,Supplier,0
KLT-003632,SUP-063,WH-02,0
KLT-003633,SUP-155,WH-02,0
KLT-003634,SUP-042,Supplier,0
KLT-003635,SUP-164,Supplier,0
KLT-003636,SUP-032,WH-01,0
KLT-003637,SUP-161,WH-02,0
KLT-003638,SUP-034,Carrier,0
KLT-003639,SUP-137,Carrier,0
KLT-003640,SUP-154,WH-02,0
KLT-003641,SUP-027,Supplier,0
KLT-003642,SUP-070,WH-01,0
KLT-003643,SUP-188,Supplier,0
KLT-003644,SUP-135,WH-01,0
KLT-003645,SUP-027,WH-02,0
KLT-003646,SUP-031,Supplier,0
KLT-003647,SUP-054,WH-02,0
KLT-003648,SUP-036,WH-02,0
KLT-003649,SUP-045,Carrier,0
KLT-003650,SUP-083,WH-02,0
KLT-003651,SUP-110,Supplier,0
KLT-003652,SUP-024,WH-02,0
KLT-003653,SUP-058,Carrier,0
KLT-003654,SUP-061,WH-01,0
KLT-003655,SUP-082,WH-02,0
KLT-003656,SUP-098,WH-02,0
KLT-003657,SUP-197,Supplier,0
KLT-003658,SUP-093,Carrier,0
KLT-003659,SUP-061,Carrier,0
KLT-003660,SUP-051,Carrier,0
KLT-003661,SUP-120,Supplier,0
KLT-003662,SUP-109,Supplier,0
KLT-003663,SUP-154,Supplier,0
KLT-003664,SUP-043,WH-02,0
KLT-003665,SUP-089,Supplier,0
KLT-003666,SUP-057,Carrier,0
KLT-003667,SUP-025,WH-02,0
KLT-003668,SUP-110,Supplier,0
KLT-003669,SUP-144,Carrier,0
KLT-003670,SUP-073,Carrier,0
KLT-003671,SUP-165,WH-02,0
KLT-003672,SUP-161,WH-02,0
KLT-003673,SUP-151,WH-01,0
KLT-003674,SUP-194,WH-01,0
KLT-003675,SUP-091,WH-01,0
KLT-003676,SUP-093,WH-01,0
KLT-003677,SUP-064,Carrier,0
KLT-003678,SUP-025,Supplier,0
KLT-003679,SUP-120,Carrier,0
KLT-003680,SUP-009,Carrier,0
KLT-003681,SUP-016,Supplier,0
KLT-003682,SUP-040,Carrier,0
KLT-003683,SUP-004,Supplier,0
KLT-003684,SUP-074,Supplier,0
KLT-003685,SUP-175,Supplier,0
KLT-003686,SUP-095,Carrier,0
KLT-003687,SUP-185,WH-01,0
KLT-003688,SUP-126,WH-02,0
KLT-003689,SUP-137,Supplier,0
KLT-003690,SUP-138,Supplier,0
KLT-003691,SUP-195,WH-02,0
KLT-003692,SUP-074,Supplier,0
KLT-003693,SUP-151,WH-01,0
KLT-003694,SUP-171,Supplier,0
KLT-003695,SUP-002,Supplier,0
KLT-003696,SUP-038,Carrier,0
KLT-003697,SUP-028,Supplier,62
KLT-003698,SUP-147,WH-01,0
KLT-003699,SUP-200,Carrier,0
KLT-003700,SUP-153,Carrier,0
KLT-003701,SUP-173,Supplier,0
KLT-003702,SUP-063,Supplier,0
KLT-003703,SUP-117,Carrier,0
KLT-003704,SUP-163,WH-01,0
KLT-003705,SUP-010,Supplier,0
KLT-003706,SUP-186,WH-02,0
KLT-003707,SUP-145,WH-02,0
KLT-003708,SUP-057,Carrier,0
KLT-003709,SUP-024,Supplier,0
KLT-003710,SUP-083,Supplier,0
KLT-003711,SUP-160,Supplier,0
KLT-003712,SUP-089,WH-01,0
KLT-003713,SUP-009,WH-01,0
KLT-003714,SUP-064,Carrier,0
KLT-003715,SUP-070,Carrier,0
KLT-003716,SUP-200,Carrier,0
KLT-003717,SUP-174,Carrier,0
KLT-003718,SUP-104,WH-01,0
KLT-003719,SUP-002,Supplier,0
KLT-003720,SUP-149,WH-02,0
KLT-003721,SUP-167,WH-02,0
KLT-003722,SUP-194,WH-02,0
KLT-003723,SUP-045,WH-02,0
KLT-003724,SUP-006,WH-01,0
KLT-003725,SUP-010,WH-01,0
KLT-003726,SUP-170,Carrier,0
KLT-003727,SUP-035,WH-02,0
KLT-003728,SUP-042,WH-01,0
KLT-003729,SUP-184,WH-02,0
KLT-003730,SUP-041,WH-02,0
KLT-003731,SUP-043,WH-01,0
KLT-003732,SUP-160,WH-01,0
KLT-003733,SUP-040,WH-02,0
KLT-003734,SUP-027,Carrier,0
KLT-003735,SUP-019,WH-02,0
KLT-003736,SUP-031,Supplier,0
KLT-003737,SUP-137,WH-02,0
KLT-003738,SUP-165,WH-01,0
KLT-003739,SUP-145,Carrier,0
KLT-003740,SUP-180,Supplier,0
KLT-003741,SUP-077,Carrier,0
KLT-003742,SUP-022,Carrier,0
KLT-003743,SUP-179,WH-01,0
KLT-003744,SUP-025,Carrier,0
KLT-003745,SUP-120,Carrier,0
KLT-003746,SUP-179,Supplier,0
KLT-003747,SUP-020,Supplier,0
KLT-003748,SUP-006,WH-02,0
KLT-003749,SUP-166,Carrier,0
KLT-003750,SUP-078,Carrier,0
KLT-003751,SUP-131,WH-01,0
KLT-003752,SUP-076,WH-02,0
KLT-003753,SUP-076,Carrier,0
KLT-003754,SUP-124,WH-02,0
KLT-003755,SUP-088,Carrier,0
KLT-003756,SUP-072,Supplier,0
KLT-003757,SUP-200,Carrier,0
KLT-003758,SUP-189,Supplier,0
KLT-003759,SUP-176,WH-01,0
KLT-003760,SUP-185,WH-01,0
KLT-003761,SUP-154,WH-01,0
KLT-003762,SUP-148,Carrier,0
KLT-003763,SUP-046,Carrier,0
KLT-003764,SUP-017,Supplier,0
KLT-003765,SUP-066,Carrier,0
KLT-003766,SUP-189,WH-01,0
KLT-003767,SUP-015,WH-01,0
KLT-003768,SUP-172,WH-02,0
KLT-003769,SUP-138,WH-02,0
KLT-003770,SUP-047,WH-02,0
KLT-003771,SUP-197,WH-02,0
KLT-003772,SUP-169,WH-02,0
KLT-003773,SUP-145,Supplier,0
KLT-003774,SUP-122,WH-01,0
KLT-003775,SUP-132,Carrier,0
KLT-003776,SUP-195,Carrier,0
KLT-003777,SUP-110,WH-01,0
KLT-003778,SUP-067,Carrier,0
KLT-003779,SUP-034,WH-02,0
KLT-003780,SUP-078,WH-01,0
KLT-003781,SUP-078,Supplier,0
KLT-003782,SUP-147,WH-02,0
KLT-003783,SUP-151,Carrier,0
KLT-003784,SUP-127,WH-02,0
KLT-003785,SUP-161,WH-01,0
KLT-003786,SUP-069,WH-02,0
KLT-003787,SUP-031,Carrier,0
KLT-003788,SUP-051,WH-01,0
KLT-003789,SUP-069,Carrier,0
KLT-003790,SUP-127,WH-02,0
KLT-003791,SUP-013,Supplier,0
KLT-003792,SUP-184,Carrier,0
KLT-003793,SUP-095,Supplier,0
KLT-003794,SUP-124,WH-01,0
KLT-003795,SUP-004,Supplier,0
KLT-003796,SUP-161,WH-01,0
KLT-003797,SUP-034,WH-01,0
KLT-003798,SUP-077,Carrier,0
KLT-003799,SUP-154,WH-01,0
KLT-003800,SUP-028,WH-01,0
KLT-003801,SUP-193,WH-02,0
KLT-003802,SUP-023,Carrier,0
KLT-003803,SUP-067,Carrier,0
KLT-003804,SUP-043,WH-02,0
KLT-003805,SUP-119,WH-02,0
KLT-003806,SUP-078,WH-02,0
KLT-003807,SUP-102,WH-01,0
KLT-003808,SUP-132,WH-02,0
KLT-003809,SUP-098,Carrier,0
KLT-003810,SUP-027,WH-02,0
KLT-003811,SUP-141,Carrier,0
KLT-003812,SUP-052,WH-01,0
KLT-003813,SUP-003,Carrier,0
KLT-003814,SUP-035,WH-01,0
KLT-003815,SUP-033,WH-02,0
KLT-003816,SUP-052,WH-01,0
KLT-003817,SUP-010,Supplier,0
KLT-003818,SUP-186,Supplier,0
KLT-003819,SUP-024,WH-02,0
KLT-003820,SUP-173,Supplier,0
KLT-003821,SUP-023,WH-02,0
KLT-003822,SUP-088,WH-01,0
KLT-003823,SUP-180,WH-02,0
KLT-003824,SUP-137,Carrier,0
KLT-003825,SUP-086,WH-02,0
KLT-003826,SUP-130,Carrier,0
KLT-003827,SUP-055,WH-02,0
KLT-003828,SUP-078,Carrier,0
KLT-003829,SUP-193,Supplier,0
KLT-003830,SUP-007,WH-02,0
KLT-003831,SUP-052,WH-01,0
KLT-003832,SUP-083,WH-01,0
KLT-003833,SUP-075,Carrier,0
KLT-003834,SUP-031,Carrier,0
KLT-003835,SUP-136,Supplier,0
KLT-003836,SUP-091,WH-02,0
KLT-003837,SUP-114,Supplier,0
KLT-003838,SUP-035,Supplier,0
KLT-003839,SUP-112,Supplier,0
KLT-003840,SUP-085,Supplier,0
KLT-003841,SUP-153,Carrier,0
KLT-003842,SUP-134,Carrier,0
KLT-003843,SUP-088,Supplier,0
KLT-003844,SUP-151,WH-01,0
KLT-003845,SUP-131,Carrier,0
KLT-003846,SUP-148,Supplier,0
KLT-003847,SUP-170,Supplier,0
KLT-003848,SUP-149,WH-02,0
KLT-003849,SUP-181,WH-01,0
KLT-003850,SUP-184,Supplier,0
KLT-003851,SUP-060,Supplier,0
KLT-003852,SUP-123,Carrier,0
KLT-003853,SUP-124,WH-01,0
KLT-003854,SUP-101,WH-01,0
KLT-003855,SUP-013,WH-02,0
KLT-003856,SUP-050,Supplier,0
KLT-003857,SUP-076,Supplier,0
KLT-003858,SUP-041,Supplier,0
KLT-003859,SUP-032,WH-02,0
KLT-003860,SUP-200,WH-01,0
KLT-003861,SUP-083,WH-02,0
KLT-003862,SUP-125,WH-01,0
KLT-003863,SUP-131,Carrier,0
KLT-003864,SUP-051,Supplier,0
KLT-003865,SUP-094,WH-02,0
KLT-003866,SUP-044,WH-02,0
KLT-003867,SUP-014,WH-01,0
KLT-003868,SUP-061,WH-02,0
KLT-003869,SUP-004,WH-01,0
KLT-003870,SUP-047,WH-01,0
KLT-003871,SUP-074,Supplier,0
KLT-003872,SUP-146,Carrier,0
KLT-003873,SUP-089,Supplier,0
KLT-003874,SUP-039,Supplier,0
KLT-003875,SUP-174,WH-02,0
KLT-003876,SUP-103,WH-01,0
KLT-003877,SUP-039,Carrier,0
KLT-003878,SUP-090,Carrier,0
KLT-003879,SUP-171,Carrier,0
KLT-003880,SUP-093,WH-01,0
KLT-003881,SUP-182,Supplier,0
KLT-003882,SUP-125,WH-02,0
KLT-003883,SUP-194,WH-02,0
KLT-003884,SUP-027,WH-02,0
KLT-003885,SUP-009,WH-02,0
KLT-003886,SUP-039,Supplier,0
KLT-003887,SUP-071,WH-02,0
KLT-003888,SUP-096,Supplier,0
KLT-003889,SUP-016,Supplier,0
KLT-003890,SUP-077,Supplier,0
KLT-003891,SUP-161,Supplier,0
KLT-003892,SUP-190,Supplier,0
KLT-003893,SUP-044,WH-01,0
KLT-003894,SUP-090,Carrier,0
KLT-003895,SUP-138,WH-02,0
KLT-003896,SUP-008,Supplier,0
KLT-003897,SUP-058,WH-01,0
KLT-003898,SUP-064,Carrier,0
KLT-003899,SUP-147,WH-01,0
KLT-003900,SUP-010,Carrier,0
KLT-003901,SUP-020,WH-02,0
KLT-003902,SUP-086,WH-02,0
KLT-003903,SUP-091,WH-01,0
KLT-003904,SUP-055,WH-02,0
KLT-003905,SUP-097,WH-02,0
KLT-003906,SUP-164,WH-01,0
KLT-003907,SUP-194,WH-02,0
KLT-003908,SUP-170,WH-01,0
KLT-003909,SUP-042,Carrier,0
KLT-003910,SUP-098,WH-01,0
KLT-003911,SUP-055,WH-02,0
KLT-003912,SUP-103,WH-02,0
KLT-003913,SUP-125,Supplier,0
KLT-003914,SUP-134,WH-01,0
KLT-003915,SUP-055,Carrier,0
KLT-003916,SUP-018,WH-01,0
KLT-003917,SUP-001,Carrier,0
KLT-003918,SUP-020,WH-01,0
KLT-003919,SUP-094,Carrier,0
KLT-003920,SUP-112,Supplier,0
KLT-003921,SUP-160,Supplier,0
KLT-003922,SUP-049,WH-02,0
KLT-003923,SUP-004,WH-02,0
KLT-003924,SUP-099,Supplier,0
KLT-003925,SUP-017,WH-01,0
KLT-003926,SUP-058,WH-02,0
KLT-003927,SUP-090,WH-01,0
KLT-003928,SUP-006,WH-02,0
KLT-003929,SUP-076,WH-01,0
KLT-003930,SUP-104,WH-02,0
KLT-003931,SUP-146,Carrier,0
KLT-003932,SUP-026,Carrier,0
KLT-003933,SUP-145,WH-01,0
KLT-003934,SUP-047,WH-01,0
KLT-003935,SUP-065,WH-02,0
KLT-003936,SUP-125,Supplier,0
KLT-003937,SUP-200,WH-02,0
KLT-003938,SUP-026,Carrier,0
KLT-003939,SUP-118,WH-02,0
KLT-003940,SUP-067,WH-02,0
KLT-003941,SUP-126,WH-02,0
KLT-003942,SUP-107,WH-02,0
KLT-003943,SUP-156,Carrier,0
KLT-003944,SUP-002,Supplier,0
KLT-003945,SUP-038,WH-01,0
KLT-003946,SUP-050,Carrier,0
KLT-003947,SUP-101,WH-02,0
KLT-003948,SUP-181,WH-01,0
KLT-003949,SUP-095,Carrier,0
KLT-003950,SUP-161,Supplier,0
KLT-003951,SUP-139,WH-01,0
KLT-003952,SUP-025,WH-01,0
KLT-003953,SUP-074,Carrier,0
KLT-003954,SUP-026,Carrier,0
KLT-003955,SUP-189,WH-02,0
KLT-003956,SUP-123,WH-02,0
KLT-003957,SUP-199,WH-01,0
KLT-003958,SUP-155,WH-02,0
KLT-003959,SUP-184,Carrier,0
KLT-003960,SUP-053,Carrier,0
KLT-003961,SUP-035,Supplier,0
KLT-003962,SUP-199,Carrier,0
KLT-003963,SUP-069,WH-01,0
KLT-003964,SUP-091,Carrier,0
KLT-003965,SUP-128,WH-02,0
KLT-003966,SUP-140,Carrier,0
KLT-003967,SUP-137,Supplier,0
KLT-003968,SUP-059,Carrier,0
KLT-003969,SUP-071,Supplier,0
KLT-003970,SUP-044,WH-01,0
KLT-003971,SUP-054,WH-02,0
KLT-003972,SUP-079,Carrier,0
KLT-003973,SUP-031,WH-01,0
KLT-003974,SUP-164,Supplier,0
KLT-003975,SUP-172,Carrier,0
KLT-003976,SUP-016,Supplier,0
KLT-003977,SUP-003,WH-01,0
KLT-003978,SUP-108,WH-02,0
KLT-003979,SUP-166,WH-02,0
KLT-003980,SUP-148,WH-01,0
KLT-003981,SUP-015,Supplier,0
KLT-003982,SUP-112,WH-02,0
KLT-003983,SUP-049,WH-02,0
KLT-003984,SUP-006,Supplier,0
KLT-003985,SUP-138,WH-01,0
KLT-003986,SUP-035,WH-01,0
KLT-003987,SUP-116,Supplier,0
KLT-003988,SUP-193,WH-02,0
KLT-003989,SUP-092,Carrier,0
KLT-003990,SUP-195,Carrier,0
KLT-003991,SUP-098,WH-01,0
KLT-003992,SUP-114,WH-02,0
KLT-003993,SUP-078,Carrier,0
KLT-003994,SUP-012,WH-02,0
KLT-003995,SUP-099,Carrier,0
KLT-003996,SUP-151,WH-01,0
KLT-003997,SUP-002,WH-02,0
KLT-003998,SUP-122,Carrier,0
KLT-003999,SUP-123,WH-01,0
KLT-004000,SUP-099,Supplier,0
KLT-004001,SUP-027,Carrier,0
KLT-004002,SUP-154,WH-01,0
KLT-004003,SUP-090,Supplier,0
KLT-004004,SUP-117,WH-02,0
KLT-004005,SUP-075,Supplier,0
KLT-004006,SUP-046,Supplier,0
KLT-004007,SUP-104,WH-01,0
KLT-004008,SUP-150,WH-01,0
KLT-004009,SUP-154,Carrier,0
KLT-004010,SUP-145,Supplier,0
KLT-004011,SUP-124,WH-01,0
KLT-004012,SUP-118,Supplier,0
KLT-004013,SUP-001,WH-01,0
KLT-004014,SUP-028,WH-02,0
KLT-004015,SUP-144,Supplier,0
KLT-004016,SUP-171,Carrier,0
KLT-004017,SUP-122,Supplier,0
KLT-004018,SUP-073,WH-02,0
KLT-004019,SUP-015,WH-01,0
KLT-004020,SUP-074,WH-02,0
KLT-004021,SUP-128,WH-02,0
KLT-004022,SUP-036,Carrier,0
KLT-004023,SUP-197,Supplier,0
KLT-004024,SUP-124,WH-02,0
KLT-004025,SUP-070,Carrier,0
KLT-004026,SUP-142,WH-02,0
KLT-004027,SUP-069,WH-02,0
KLT-004028,SUP-106,WH-02,0
KLT-004029,SUP-124,Carrier,0
KLT-004030,SUP-029,WH-02,0
KLT-004031,SUP-200,WH-01,0
KLT-004032,SUP-153,Carrier,0
KLT-004033,SUP-165,Carrier,0
KLT-004034,SUP-153,WH-02,0
KLT-004035,SUP-023,WH-02,0
KLT-004036,SUP-025,WH-02,0
KLT-004037,SUP-023,WH-02,0
KLT-004038,SUP-027,WH-02,0
KLT-004039,SUP-200,WH-01,0
KLT-004040,SUP-099,WH-02,0
KLT-004041,SUP-053,WH-02,0
KLT-004042,SUP-081,Carrier,0
KLT-004043,SUP-091,Carrier,0
KLT-004044,SUP-011,Supplier,0
KLT-004045,SUP-056,Supplier,0
KLT-004046,SUP-068,Carrier,0
KLT-004047,SUP-173,Carrier,0
KLT-004048,SUP-035,WH-02,0
KLT-004049,SUP-093,Supplier,0
KLT-004050,SUP-134,Supplier,0
KLT-004051,SUP-017,Supplier,0
KLT-004052,SUP-064,Supplier,0
KLT-004053,SUP-110,Carrier,0
KLT-004054,SUP-023,Carrier,0
KLT-004055,SUP-113,WH-02,0
KLT-004056,SUP-023,WH-01,0
KLT-004057,SUP-137,Supplier,0
KLT-004058,SUP-112,WH-01,0
KLT-004059,SUP-125,Supplier,0
KLT-004060,SUP-077,Supplier,0
KLT-004061,SUP-056,Supplier,0
KLT-004062,SUP-098,WH-02,0
KLT-004063,SUP-194,Carrier,0
KLT-004064,SUP-178,WH-02,0
KLT-004065,SUP-191,WH-02,0
KLT-004066,SUP-061,WH-01,0
KLT-004067,SUP-005,Supplier,0
KLT-004068,SUP-157,WH-01,0
KLT-004069,SUP-069,WH-02,0
KLT-004070,SUP-108,Supplier,0
KLT-004071,SUP-045,WH-01,0
KLT-004072,SUP-064,Carrier,0
KLT-004073,SUP-117,Carrier,0
KLT-004074,SUP-144,Carrier,0
KLT-004075,SUP-007,Carrier,0
KLT-004076,SUP-071,WH-02,0
KLT-004077,SUP-110,WH-01,0
KLT-004078,SUP-187,WH-01,0
KLT-004079,SUP-114,Supplier,0
KLT-004080,SUP-036,WH-01,0
KLT-004081,SUP-074,Supplier,0
KLT-004082,SUP-064,WH-01,0
KLT-004083,SUP-122,WH-02,0
KLT-004084,SUP-097,WH-01,0
KLT-004085,SUP-179,Supplier,0
KLT-004086,SUP-126,Supplier,0
KLT-004087,SUP-103,Supplier,0
KLT-004088,SUP-095,WH-01,0
KLT-004089,SUP-197,WH-02,0
KLT-004090,SUP-066,Carrier,0
KLT-004091,SUP-129,Carrier,0
KLT-004092,SUP-102,WH-01,0
KLT-004093,SUP-135,Carrier,0
KLT-004094,SUP-053,Carrier,0
KLT-004095,SUP-053,WH-02,0
KLT-004096,SUP-090,Carrier,0
KLT-004097,SUP-032,Supplier,0
KLT-004098,SUP-194,Carrier,0
KLT-004099,SUP-026,WH-02,0
KLT-004100,SUP-083,WH-01,0
KLT-004101,SUP-131,WH-01,0
KLT-004102,SUP-074,WH-02,0
KLT-004103,SUP-090,Supplier,0
KLT-004104,SUP-001,Supplier,0
KLT-004105,SUP-177,WH-01,0
KLT-004106,SUP-138,WH-01,0
KLT-004107,SUP-048,WH-01,0
KLT-004108,SUP-020,Supplier,0
KLT-004109,SUP-071,Supplier,0
KLT-004110,SUP-183,WH-02,0
KLT-004111,SUP-159,WH-02,0
KLT-004112,SUP-055,Supplier,0
KLT-004113,SUP-098,WH-02,0
KLT-004114,SUP-091,WH-02,0
KLT-004115,SUP-121,Carrier,0
KLT-004116,SUP-049,WH-02,0
KLT-004117,SUP-066,WH-01,0
KLT-004118,SUP-023,Carrier,0
KLT-004119,SUP-190,WH-02,0
KLT-004120,SUP-088,Supplier,0
KLT-004121,SUP-143,WH-02,0
KLT-004122,SUP-064,WH-02,0
KLT-004123,SUP-200,Carrier,0
KLT-004124,SUP-146,WH-02,0
KLT-004125,SUP-125,WH-02,0
KLT-004126,SUP-166,WH-01,0
KLT-004127,SUP-082,Carrier,0
KLT-004128,SUP-052,Carrier,0
KLT-004129,SUP-159,Carrier,0
KLT-004130,SUP-123,WH-02,0
KLT-004131,SUP-182,WH-02,0
KLT-004132,SUP-083,WH-01,0
KLT-004133,SUP-113,Carrier,0
KLT-004134,SUP-132,WH-02,0
KLT-004135,SUP-015,Supplier,0
KLT-004136,SUP-037,WH-02,0
KLT-004137,SUP-049,WH-01,0
KLT-004138,SUP-173,WH-02,0
KLT-004139,SUP-035,WH-02,0
KLT-004140,SUP-018,Carrier,0
KLT-004141,SUP-166,Carrier,0
KLT-004142,SUP-113,Supplier,0
KLT-004143,SUP-005,WH-02,0
KLT-004144,SUP-119,WH-02,0
KLT-004145,SUP-086,WH-01,0
KLT-004146,SUP-059,WH-01,0
KLT-004147,SUP-117,WH-02,0
KLT-004148,SUP-049,Carrier,0
KLT-004149,SUP-027,Carrier,0
KLT-004150,SUP-132,Supplier,0
KLT-004151,SUP-031,WH-02,0
KLT-004152,SUP-183,Carrier,0
KLT-004153,SUP-146,Carrier,0
KLT-004154,SUP-004,Supplier,0
KLT-004155,SUP-112,WH-02,0
KLT-004156,SUP-109,Carrier,0
KLT-004157,SUP-008,WH-02,0
KLT-004158,SUP-123,WH-01,0
KLT-004159,SUP-067,Supplier,0
KLT-004160,SUP-117,Supplier,0
KLT-004161,SUP-141,WH-02,0
KLT-004162,SUP-075,WH-01,0
KLT-004163,SUP-026,WH-02,0
KLT-004164,SUP-044,WH-02,0
KLT-004165,SUP-177,WH-02,0
KLT-004166,SUP-067,Carrier,0
KLT-004167,SUP-086,Carrier,0
KLT-004168,SUP-075,Carrier,0
KLT-004169,SUP-065,WH-01,0
KLT-004170,SUP-148,Supplier,0
KLT-004171,SUP-086,Carrier,0
KLT-004172,SUP-124,WH-01,0
KLT-004173,SUP-149,WH-01,0
KLT-004174,SUP-185,Supplier,0
KLT-004175,SUP-089,Supplier,0
KLT-004176,SUP-108,WH-02,0
KLT-004177,SUP-121,WH-02,0
KLT-004178,SUP-168,WH-01,0
KLT-004179,SUP-104,WH-02,0
KLT-004180,SUP-198,Supplier,0
KLT-004181,SUP-131,WH-02,0
KLT-004182,SUP-096,WH-01,0
KLT-004183,SUP-143,WH-01,0
KLT-004184,SUP-154,WH-02,0
KLT-004185,SUP-155,Carrier,0
KLT-004186,SUP-107,Carrier,0
KLT-004187,SUP-020,WH-01,0
KLT-004188,SUP-198,Carrier,0
KLT-004189,SUP-152,WH-02,0
KLT-004190,SUP-171,Supplier,0
KLT-004191,SUP-185,WH-02,0
KLT-004192,SUP-106,WH-02,0
KLT-004193,SUP-072,WH-01,0
KLT-004194,SUP-069,Supplier,0
KLT-004195,SUP-033,WH-01,0
KLT-004196,SUP-096,WH-02,0
KLT-004197,SUP-198,Carrier,0
KLT-004198,SUP-119,WH-01,0
KLT-004199,SUP-158,Carrier,0
KLT-004200,SUP-021,Carrier,0
KLT-004201,SUP-050,WH-02,0
KLT-004202,SUP-029,Carrier,0
KLT-004203,SUP-092,Supplier,0
KLT-004204,SUP-096,Supplier,0
KLT-004205,SUP-117,WH-01,0
KLT-004206,SUP-112,WH-01,0
KLT-004207,SUP-176,WH-02,0
KLT-004208,SUP-154,WH-02,0
KLT-004209,SUP-199,Carrier,0
KLT-004210,SUP-019,Carrier,0
KLT-004211,SUP-195,Supplier,0
KLT-004212,SUP-109,Carrier,0
KLT-004213,SUP-092,Supplier,0
KLT-004214,SUP-065,WH-01,0
KLT-004215,SUP-089,WH-02,0
KLT-004216,SUP-006,Supplier,0
KLT-004217,SUP-052,WH-02,0
KLT-004218,SUP-052,Carrier,0
KLT-004219,SUP-063,WH-02,0
KLT-004220,SUP-198,WH-02,0
KLT-004221,SUP-104,WH-02,0
KLT-004222,SUP-183,Carrier,0
KLT-004223,SUP-064,WH-01,0
KLT-004224,SUP-166,WH-01,0
KLT-004225,SUP-072,WH-01,0
KLT-004226,SUP-026,WH-02,0
KLT-004227,SUP-191,Supplier,0
KLT-004228,SUP-075,Supplier,0
KLT-004229,SUP-145,WH-01,0
KLT-004230,SUP-101,Supplier,0
KLT-004231,SUP-123,Carrier,0
KLT-004232,SUP-163,Supplier,0
KLT-004233,SUP-195,WH-01,0
KLT-004234,SUP-126,WH-01,0
KLT-004235,SUP-065,WH-01,0
KLT-004236,SUP-010,Supplier,0
KLT-004237,SUP-133,WH-02,0
KLT-004238,SUP-163,WH-02,0
KLT-004239,SUP-051,WH-02,0
KLT-004240,SUP-088,WH-02,0
KLT-004241,SUP-147,Supplier,0
KLT-004242,SUP-165,Carrier,0
KLT-004243,SUP-172,Carrier,0
KLT-004244,SUP-185,Carrier,0
KLT-004245,SUP-019,Carrier,58
KLT-004246,SUP-163,Supplier,0
KLT-004247,SUP-065,Supplier,0
KLT-004248,SUP-091,Carrier,0
KLT-004249,SUP-029,WH-01,0
KLT-004250,SUP-191,Supplier,0
KLT-004251,SUP-071,WH-02,0
KLT-004252,SUP-195,Supplier,0
KLT-004253,SUP-165,Supplier,0
KLT-004254,SUP-062,WH-01,0
KLT-004255,SUP-157,WH-02,0
KLT-004256,SUP-080,Supplier,0
KLT-004257,SUP-144,Carrier,0
KLT-004258,SUP-055,Carrier,0
KLT-004259,SUP-029,WH-01,0
KLT-004260,SUP-097,WH-01,0
KLT-004261,SUP-061,Supplier,0
KLT-004262,SUP-059,WH-01,0
KLT-004263,SUP-123,WH-02,0
KLT-004264,SUP-054,Carrier,0
KLT-004265,SUP-052,Carrier,0
KLT-004266,SUP-103,WH-01,0
KLT-004267,SUP-198,Supplier,0
KLT-004268,SUP-183,WH-02,0
KLT-004269,SUP-167,WH-01,0
KLT-004270,SUP-200,WH-01,0
KLT-004271,SUP-140,Carrier,0
KLT-004272,SUP-168,WH-02,0
KLT-004273,SUP-020,WH-02,0
KLT-004274,SUP-181,Supplier,0
KLT-004275,SUP-064,Supplier,0
KLT-004276,SUP-001,WH-02,0
KLT-004277,SUP-194,Supplier,0
KLT-004278,SUP-048,Carrier,0
KLT-004279,SUP-065,Supplier,0
KLT-004280,SUP-080,WH-01,0
KLT-004281,SUP-003,WH-01,0
KLT-004282,SUP-050,WH-02,0
KLT-004283,SUP-065,WH-02,0
KLT-004284,SUP-112,WH-02,0
KLT-004285,SUP-020,WH-02,0
KLT-004286,SUP-102,Carrier,0
KLT-004287,SUP-002,WH-02,0
KLT-004288,SUP-171,Carrier,0
KLT-004289,SUP-116,Supplier,0
KLT-004290,SUP-074,Supplier,0
KLT-004291,SUP-041,WH-02,0
KLT-004292,SUP-045,Supplier,0
KLT-004293,SUP-179,WH-01,0
KLT-004294,SUP-195,WH-01,0
KLT-004295,SUP-132,WH-01,0
KLT-004296,SUP-136,Carrier,0
KLT-004297,SUP-080,WH-02,0
KLT-004298,SUP-171,Carrier,0
KLT-004299,SUP-186,Supplier,0
KLT-004300,SUP-191,Carrier,0
KLT-004301,SUP-198,WH-02,0
KLT-004302,SUP-149,Supplier,0
KLT-004303,SUP-115,WH-02,0
KLT-004304,SUP-186,WH-01,0
KLT-004305,SUP-090,WH-02,0
KLT-004306,SUP-188,WH-02,0
KLT-004307,SUP-125,WH-02,0
KLT-004308,SUP-151,Carrier,0
KLT-004309,SUP-138,WH-02,0
KLT-004310,SUP-008,Carrier,0
KLT-004311,SUP-021,WH-01,0
KLT-004312,SUP-146,WH-02,0
KLT-004313,SUP-111,WH-02,0
KLT-004314,SUP-062,Carrier,0
KLT-004315,SUP-022,Supplier,0
KLT-004316,SUP-041,Supplier,0
KLT-004317,SUP-070,WH-02,0
KLT-004318,SUP-136,Carrier,0
KLT-004319,SUP-020,WH-02,0
KLT-004320,SUP-139,WH-02,0
KLT-004321,SUP-187,WH-01,0
KLT-004322,SUP-023,WH-02,0
KLT-004323,SUP-178,Carrier,0
KLT-004324,SUP-176,WH-02,0
KLT-004325,SUP-154,Carrier,0
KLT-004326,SUP-059,WH-02,0
KLT-004327,SUP-010,WH-01,0
KLT-004328,SUP-085,WH-02,0
KLT-004329,SUP-163,Carrier,0
KLT-004330,SUP-064,WH-02,0
KLT-004331,SUP-067,Supplier,0
KLT-004332,SUP-035,Supplier,0
KLT-004333,SUP-159,Supplier,0
KLT-004334,SUP-200,WH-02,0
KLT-004335,SUP-050,WH-01,0
KLT-004336,SUP-121,WH-01,0
KLT-004337,SUP-026,WH-01,0
KLT-004338,SUP-171,Supplier,0
KLT-004339,SUP-016,WH-02,0
KLT-004340,SUP-067,Supplier,0
KLT-004341,SUP-035,Supplier,0
KLT-004342,SUP-175,Supplier,0
KLT-004343,SUP-188,WH-02,0
KLT-004344,SUP-180,Carrier,0
KLT-004345,SUP-160,WH-02,0
KLT-004346,SUP-175,WH-01,0
KLT-004347,SUP-131,WH-02,0
KLT-004348,SUP-180,WH-01,0
KLT-004349,SUP-122,WH-01,0
KLT-004350,SUP-200,WH-01,0
KLT-004351,SUP-180,WH-02,0
KLT-004352,SUP-181,WH-02,0
KLT-004353,SUP-113,WH-02,0
KLT-004354,SUP-140,WH-02,0
KLT-004355,SUP-029,Supplier,0
KLT-004356,SUP-022,Carrier,0
KLT-004357,SUP-061,WH-02,0
KLT-004358,SUP-185,WH-02,0
KLT-004359,SUP-086,Supplier,0
KLT-004360,SUP-131,WH-01,0
KLT-004361,SUP-106,Supplier,0
KLT-004362,SUP-050,WH-01,0
KLT-004363,SUP-183,Supplier,0
KLT-004364,SUP-154,WH-01,0
KLT-004365,SUP-109,WH-01,0
KLT-004366,SUP-042,WH-01,0
KLT-004367,SUP-075,Supplier,0
KLT-004368,SUP-132,Supplier,0
KLT-004369,SUP-085,WH-01,0
KLT-004370,SUP-078,WH-01,0
KLT-004371,SUP-143,Supplier,0
KLT-004372,SUP-038,Carrier,0
KLT-004373,SUP-002,WH-01,0
KLT-004374,SUP-057,WH-02,0
KLT-004375,SUP-088,Carrier,0
KLT-004376,SUP-177,WH-02,0
KLT-004377,SUP-060,Supplier,0
KLT-004378,SUP-100,Carrier,0
KLT-004379,SUP-089,WH-02,0
KLT-004380,SUP-195,Supplier,0
KLT-004381,SUP-142,WH-02,0
KLT-004382,SUP-071,Carrier,0
KLT-004383,SUP-077,WH-02,0
KLT-004384,SUP-186,Supplier,0
KLT-004385,SUP-124,Supplier,0
KLT-004386,SUP-131,Supplier,0
KLT-004387,SUP-160,Carrier,0
KLT-004388,SUP-158,WH-01,0
KLT-004389,SUP-114,WH-01,0
KLT-004390,SUP-012,WH-02,0
KLT-004391,SUP-173,WH-02,0
KLT-004392,SUP-092,WH-02,0
KLT-004393,SUP-009,Carrier,0
KLT-004394,SUP-069,WH-01,0
KLT-004395,SUP-159,Supplier,0
KLT-004396,SUP-057,Carrier,0
KLT-004397,SUP-071,WH-01,0
KLT-004398,SUP-132,Carrier,0
KLT-004399,SUP-131,WH-01,0
KLT-004400,SUP-115,Carrier,0
KLT-004401,SUP-109,Supplier,0
KLT-004402,SUP-195,WH-02,0
KLT-004403,SUP-150,Carrier,0
KLT-004404,SUP-159,WH-01,0
KLT-004405,SUP-144,WH-02,0
KLT-004406,SUP-076,Carrier,0
KLT-004407,SUP-017,WH-01,0
KLT-004408,SUP-064,Supplier,0
KLT-004409,SUP-015,Supplier,0
KLT-004410,SUP-079,Supplier,0
KLT-004411,SUP-200,WH-01,0
KLT-004412,SUP-194,WH-01,0
KLT-004413,SUP-055,WH-01,0
KLT-004414,SUP-039,WH-02,0
KLT-004415,SUP-064,WH-02,0
KLT-004416,SUP-196,Supplier,0
KLT-004417,SUP-169,WH-02,0
KLT-004418,SUP-182,WH-01,0
KLT-004419,SUP-096,Carrier,0
KLT-004420,SUP-015,Supplier,0
KLT-004421,SUP-187,WH-01,0
KLT-004422,SUP-123,Supplier,0
KLT-004423,SUP-142,Carrier,0
KLT-004424,SUP-063,Carrier,0
KLT-004425,SUP-017,Carrier,0
KLT-004426,SUP-172,Supplier,0
KLT-004427,SUP-157,WH-01,0
KLT-004428,SUP-055,Carrier,0
KLT-004429,SUP-110,Supplier,0
KLT-004430,SUP-097,Carrier,0
KLT-004431,SUP-017,Carrier,0
KLT-004432,SUP-105,Supplier,0
KLT-004433,SUP-159,Carrier,0
KLT-004434,SUP-114,Carrier,0
KLT-004435,SUP-014,Supplier,0
KLT-004436,SUP-165,WH-01,0
KLT-004437,SUP-181,Supplier,0
KLT-004438,SUP-150,Supplier,0
KLT-004439,SUP-163,WH-01,0
KLT-004440,SUP-070,WH-01,0
KLT-004441,SUP-026,WH-01,0
KLT-004442,SUP-089,Supplier,0
KLT-004443,SUP-154,WH-01,0
KLT-004444,SUP-111,WH-01,0
KLT-004445,SUP-120,Supplier,0
KLT-004446,SUP-036,Carrier,0
KLT-004447,SUP-037,Supplier,0
KLT-004448,SUP-152,WH-02,0
KLT-004449,SUP-065,WH-02,0
KLT-004450,SUP-063,WH-01,0
KLT-004451,SUP-177,Carrier,0
KLT-004452,SUP-020,WH-01,0
KLT-004453,SUP-137,Supplier,0
KLT-004454,SUP-002,Supplier,0
KLT-004455,SUP-151,Supplier,0
KLT-004456,SUP-056,WH-02,0
KLT-004457,SUP-184,WH-02,0
KLT-004458,SUP-025,WH-02,0
KLT-004459,SUP-101,WH-01,0
KLT-004460,SUP-167,WH-01,0
KLT-004461,SUP-192,WH-01,0
KLT-004462,SUP-054,Supplier,0
KLT-004463,SUP-198,Supplier,0
KLT-004464,SUP-129,WH-02,0
KLT-004465,SUP-060,Supplier,0
KLT-004466,SUP-077,Supplier,0
KLT-004467,SUP-184,WH-01,0
KLT-004468,SUP-026,WH-02,0
KLT-004469,SUP-095,Carrier,0
KLT-004470,SUP-106,WH-02,0
KLT-004471,SUP-040,Carrier,0
KLT-004472,SUP-097,WH-02,0
KLT-004473,SUP-086,Supplier,0
KLT-004474,SUP-144,Supplier,0
KLT-004475,SUP-018,WH-01,0
KLT-004476,SUP-010,WH-01,0
KLT-004477,SUP-182,Carrier,0
KLT-004478,SUP-119,Carrier,0
KLT-004479,SUP-160,WH-02,0
KLT-004480,SUP-057,Supplier,0
KLT-004481,SUP-050,WH-01,0
KLT-004482,SUP-139,Carrier,0
KLT-004483,SUP-033,Supplier,0
KLT-004484,SUP-103,WH-01,0
KLT-004485,SUP-145,WH-02,0
KLT-004486,SUP-195,Carrier,0
KLT-004487,SUP-118,WH-02,0
KLT-004488,SUP-198,Carrier,0
KLT-004489,SUP-145,WH-01,0
KLT-004490,SUP-017,Supplier,0
KLT-004491,SUP-069,Carrier,0
KLT-004492,SUP-170,WH-01,0
KLT-004493,SUP-060,WH-02,0
KLT-004494,SUP-072,WH-02,0
KLT-004495,SUP-190,WH-01,0
KLT-004496,SUP-194,WH-01,0
KLT-004497,SUP-005,WH-02,0
KLT-004498,SUP-074,WH-02,0
KLT-004499,SUP-070,WH-02,0
KLT-004500,SUP-158,Supplier,0
KLT-004501,SUP-142,Carrier,0
KLT-004502,SUP-150,Supplier,0
KLT-004503,SUP-070,Carrier,0
KLT-004504,SUP-045,Supplier,0
KLT-004505,SUP-066,Supplier,0
KLT-004506,SUP-090,WH-01,0
KLT-004507,SUP-146,Carrier,0
KLT-004508,SUP-062,Supplier,0
KLT-004509,SUP-076,WH-01,0
KLT-004510,SUP-061,Carrier,0
KLT-004511,SUP-036,WH-01,0
KLT-004512,SUP-179,WH-02,0
KLT-004513,SUP-072,WH-01,0
KLT-004514,SUP-071,Supplier,0
KLT-004515,SUP-095,WH-02,0
KLT-004516,SUP-003,Supplier,0
KLT-004517,SUP-009,WH-01,0
KLT-004518,SUP-054,WH-01,0
KLT-004519,SUP-193,WH-02,0
KLT-004520,SUP-045,WH-01,0
KLT-004521,SUP-075,Carrier,0
KLT-004522,SUP-121,Carrier,0
KLT-004523,SUP-169,WH-02,0
KLT-004524,SUP-066,WH-02,0
KLT-004525,SUP-055,WH-01,0
KLT-004526,SUP-020,WH-01,0
KLT-004527,SUP-075,WH-01,0
KLT-004528,SUP-159,Carrier,0
KLT-004529,SUP-192,WH-02,0
KLT-004530,SUP-104,Carrier,0
KLT-004531,SUP-147,Supplier,0
KLT-004532,SUP-189,Carrier,0
KLT-004533,SUP-039,Carrier,0
KLT-004534,SUP-095,WH-02,0
KLT-004535,SUP-102,Supplier,0
KLT-004536,SUP-178,Carrier,0
KLT-004537,SUP-163,Carrier,0
KLT-004538,SUP-156,Supplier,0
KLT-004539,SUP-058,WH-01,0
KLT-004540,SUP-009,Supplier,0
KLT-004541,SUP-123,Carrier,0
KLT-004542,SUP-146,Supplier,0
KLT-004543,SUP-009,WH-02,0
KLT-004544,SUP-157,Carrier,0
KLT-004545,SUP-117,WH-01,0
KLT-004546,SUP-183,Supplier,0
KLT-004547,SUP-113,Carrier,0
KLT-004548,SUP-101,Supplier,0
KLT-004549,SUP-165,Carrier,0
KLT-004550,SUP-090,WH-01,0
KLT-004551,SUP-155,Supplier,0
KLT-004552,SUP-199,WH-01,0
KLT-004553,SUP-156,WH-02,0
KLT-004554,SUP-038,Carrier,0
KLT-004555,SUP-139,Carrier,0
KLT-004556,SUP-151,WH-01,0
KLT-004557,SUP-136,Carrier,0
KLT-004558,SUP-017,WH-01,0
KLT-004559,SUP-185,WH-01,0
KLT-004560,SUP-157,Carrier,0
KLT-004561,SUP-167,Supplier,0
KLT-004562,SUP-068,Supplier,0
KLT-004563,SUP-111,Carrier,0
KLT-004564,SUP-166,WH-01,0
KLT-004565,SUP-006,Carrier,0
KLT-004566,SUP-089,Carrier,0
KLT-004567,SUP-133,WH-01,0
KLT-004568,SUP-130,Carrier,0
KLT-004569,SUP-017,WH-01,0
KLT-004570,SUP-130,Carrier,0
KLT-004571,SUP-193,Carrier,0
KLT-004572,SUP-096,WH-02,0
KLT-004573,SUP-014,Carrier,0
KLT-004574,SUP-167,WH-01,0
KLT-004575,SUP-136,WH-01,0
KLT-004576,SUP-060,Supplier,0
KLT-004577,SUP-111,Supplier,0
KLT-004578,SUP-017,WH-02,0
KLT-004579,SUP-014,WH-01,0
KLT-004580,SUP-036,Supplier,0
KLT-004581,SUP-115,WH-01,0
KLT-004582,SUP-162,Supplier,0
KLT-004583,SUP-149,WH-01,0
KLT-004584,SUP-034,WH-01,0
KLT-004585,SUP-008,WH-01,0
KLT-004586,SUP-194,WH-02,0
KLT-004587,SUP-086,WH-01,0
KLT-004588,SUP-072,Carrier,0
KLT-004589,SUP-028,Supplier,0
KLT-004590,SUP-166,WH-02,0
KLT-004591,SUP-052,WH-01,0
KLT-004592,SUP-167,WH-01,0
KLT-004593,SUP-076,Supplier,0
KLT-004594,SUP-096,Supplier,0
KLT-004595,SUP-031,Supplier,0
KLT-004596,SUP-156,WH-02,0
KLT-004597,SUP-109,Carrier,0
KLT-004598,SUP-184,Supplier,0
KLT-004599,SUP-057,Supplier,0
KLT-004600,SUP-082,WH-01,0
KLT-004601,SUP-138,Carrier,0
KLT-004602,SUP-002,WH-01,0
KLT-004603,SUP-186,WH-02,0
KLT-004604,SUP-011,Carrier,0
KLT-004605,SUP-068,WH-01,0
KLT-004606,SUP-005,WH-01,0
KLT-004607,SUP-174,Carrier,0
KLT-004608,SUP-145,WH-02,0
KLT-004609,SUP-026,WH-02,0
KLT-004610,SUP-048,Carrier,0
KLT-004611,SUP-079,Carrier,0
KLT-004612,SUP-079,WH-02,0
KLT-004613,SUP-025,WH-01,0
KLT-004614,SUP-123,Supplier,0
KLT-004615,SUP-164,WH-01,0
KLT-004616,SUP-167,Supplier,0
KLT-004617,SUP-103,WH-01,0
KLT-004618,SUP-040,WH-01,0
KLT-004619,SUP-072,WH-02,0
KLT-004620,SUP-058,Supplier,0
KLT-004621,SUP-028,WH-02,0
KLT-004622,SUP-113,WH-02,0
KLT-004623,SUP-015,WH-02,0
KLT-004624,SUP-007,Carrier,0
KLT-004625,SUP-123,Carrier,0
KLT-004626,SUP-062,WH-01,0
KLT-004627,SUP-061,WH-02,0
KLT-004628,SUP-013,Carrier,0
KLT-004629,SUP-145,WH-02,0
KLT-004630,SUP-117,Supplier,0
KLT-004631,SUP-060,WH-01,0
KLT-004632,SUP-139,WH-02,0
KLT-004633,SUP-122,Carrier,0
KLT-004634,SUP-183,WH-02,0
KLT-004635,SUP-152,WH-01,0
KLT-004636,SUP-039,Supplier,0
KLT-004637,SUP-196,Carrier,0
KLT-004638,SUP-068,WH-01,0
KLT-004639,SUP-172,Supplier,0
KLT-004640,SUP-198,Supplier,0
KLT-004641,SUP-192,Carrier,0
KLT-004642,SUP-062,Carrier,0
KLT-004643,SUP-019,Supplier,0
KLT-004644,SUP-196,Supplier,0
KLT-004645,SUP-110,Supplier,0
KLT-004646,SUP-145,Supplier,0
KLT-004647,SUP-077,WH-02,0
KLT-004648,SUP-182,Carrier,0
KLT-004649,SUP-014,WH-01,0
KLT-004650,SUP-124,Supplier,0
KLT-004651,SUP-028,Carrier,0
KLT-004652,SUP-024,Supplier,0
KLT-004653,SUP-116,Carrier,0
KLT-004654,SUP-192,WH-01,0
KLT-004655,SUP-003,WH-02,0
KLT-004656,SUP-076,WH-01,0
KLT-004657,SUP-167,Supplier,0
KLT-004658,SUP-019,WH-02,0
KLT-004659,SUP-042,WH-02,0
KLT-004660,SUP-200,WH-01,0
KLT-004661,SUP-169,Carrier,0
KLT-004662,SUP-095,WH-01,0
KLT-004663,SUP-070,WH-02,0
KLT-004664,SUP-129,WH-01,0
KLT-004665,SUP-003,WH-02,0
KLT-004666,SUP-119,Supplier,0
KLT-004667,SUP-003,Supplier,0
KLT-004668,SUP-160,Supplier,0
KLT-004669,SUP-026,WH-02,0
KLT-004670,SUP-159,Supplier,0
KLT-004671,SUP-143,Supplier,0
KLT-004672,SUP-134,WH-01,0
KLT-004673,SUP-037,Carrier,0
KLT-004674,SUP-139,WH-01,0
KLT-004675,SUP-200,WH-01,0
KLT-004676,SUP-127,Carrier,0
KLT-004677,SUP-095,Carrier,0
KLT-004678,SUP-038,WH-01,0
KLT-004679,SUP-157,Supplier,0
KLT-004680,SUP-126,WH-02,0
KLT-004681,SUP-037,Supplier,0
KLT-004682,SUP-119,WH-01,0
KLT-004683,SUP-016,Carrier,0
KLT-004684,SUP-106,Supplier,0
KLT-004685,SUP-010,Supplier,0
KLT-004686,SUP-047,Carrier,0
KLT-004687,SUP-094,Supplier,0
KLT-004688,SUP-018,WH-01,0
KLT-004689,SUP-005,Carrier,0
KLT-004690,SUP-095,WH-02,0
KLT-004691,SUP-026,WH-01,0
KLT-004692,SUP-109,Carrier,0
KLT-004693,SUP-040,Supplier,0
KLT-004694,SUP-148,Carrier,0
KLT-004695,SUP-003,WH-02,0
KLT-004696,SUP-130,Carrier,0
KLT-004697,SUP-067,Carrier,0
KLT-004698,SUP-070,WH-02,0
KLT-004699,SUP-015,Carrier,0
KLT-004700,SUP-044,Carrier,0
KLT-004701,SUP-088,Supplier,0
KLT-004702,SUP-180,Supplier,0
KLT-004703,SUP-158,Carrier,0
KLT-004704,SUP-152,WH-02,0
KLT-004705,SUP-174,Supplier,0
KLT-004706,SUP-030,Supplier,0
KLT-004707,SUP-033,WH-02,0
KLT-004708,SUP-035,Supplier,0
KLT-004709,SUP-034,WH-02,0
KLT-004710,SUP-022,Supplier,0
KLT-004711,SUP-098,Carrier,0
KLT-004712,SUP-077,WH-01,0
KLT-004713,SUP-042,WH-02,0
KLT-004714,SUP-113,WH-02,0
KLT-004715,SUP-023,WH-02,0
KLT-004716,SUP-028,WH-01,0
KLT-004717,SUP-175,Supplier,0
KLT-004718,SUP-193,Carrier,0
KLT-004719,SUP-076,WH-02,0
KLT-004720,SUP-131,Supplier,0
KLT-004721,SUP-190,Supplier,0
KLT-004722,SUP-070,WH-02,0
KLT-004723,SUP-036,Carrier,0
KLT-004724,SUP-173,Supplier,0
KLT-004725,SUP-050,Carrier,0
KLT-004726,SUP-104,Carrier,0
KLT-004727,SUP-169,Supplier,0
KLT-004728,SUP-133,WH-02,0
KLT-004729,SUP-056,Carrier,0
KLT-004730,SUP-043,Supplier,0
KLT-004731,SUP-057,Supplier,0
KLT-004732,SUP-034,Carrier,0
KLT-004733,SUP-052,WH-02,0
KLT-004734,SUP-148,WH-02,0
KLT-004735,SUP-132,WH-01,0
KLT-004736,SUP-041,Carrier,0
KLT-004737,SUP-166,Supplier,0
KLT-004738,SUP-127,WH-01,0
KLT-004739,SUP-073,Supplier,0
KLT-004740,SUP-069,Supplier,0
KLT-004741,SUP-198,Supplier,0
KLT-004742,SUP-150,Carrier,0
KLT-004743,SUP-106,WH-02,0
KLT-004744,SUP-074,WH-02,0
KLT-004745,SUP-177,WH-01,0
KLT-004746,SUP-023,Supplier,0
KLT-004747,SUP-139,WH-01,0
KLT-004748,SUP-156,Supplier,0
KLT-004749,SUP-057,WH-01,0
KLT-004750,SUP-103,WH-02,0
KLT-004751,SUP-150,Supplier,0
KLT-004752,SUP-143,Supplier,0
KLT-004753,SUP-132,Carrier,0
KLT-004754,SUP-195,Carrier,0
KLT-004755,SUP-089,WH-02,0
KLT-004756,SUP-153,WH-02,0
KLT-004757,SUP-131,WH-01,0
KLT-004758,SUP-122,Supplier,0
KLT-004759,SUP-188,Supplier,0
KLT-004760,SUP-015,WH-01,0
KLT-004761,SUP-175,Supplier,0
KLT-004762,SUP-062,Supplier,0
KLT-004763,SUP-009,WH-01,0
KLT-004764,SUP-131,WH-01,0
KLT-004765,SUP-122,Carrier,0
KLT-004766,SUP-094,WH-02,0
KLT-004767,SUP-018,WH-02,0
KLT-004768,SUP-110,Carrier,0
KLT-004769,SUP-036,WH-02,0
KLT-004770,SUP-050,Supplier,0
KLT-004771,SUP-198,Supplier,0
KLT-004772,SUP-056,Carrier,0
KLT-004773,SUP-133,Carrier,0
KLT-004774,SUP-010,Supplier,0
KLT-004775,SUP-100,Carrier,0
KLT-004776,SUP-151,Supplier,0
KLT-004777,SUP-030,Supplier,0
KLT-004778,SUP-194,Carrier,0
KLT-004779,SUP-021,Carrier,0
KLT-004780,SUP-048,WH-01,0
KLT-004781,SUP-018,Supplier,0
KLT-004782,SUP-116,Supplier,0
KLT-004783,SUP-001,Carrier,0
KLT-004784,SUP-136,Supplier,0
KLT-004785,SUP-056,Supplier,0
KLT-004786,SUP-156,Carrier,0
KLT-004787,SUP-089,WH-01,0
KLT-004788,SUP-079,Carrier,0
KLT-004789,SUP-085,WH-02,0
KLT-004790,SUP-139,Supplier,0
KLT-004791,SUP-136,WH-02,0
KLT-004792,SUP-054,Supplier,0
KLT-004793,SUP-025,WH-01,0
KLT-004794,SUP-194,Supplier,0
KLT-004795,SUP-099,Carrier,0
KLT-004796,SUP-118,WH-02,0
KLT-004797,SUP-161,Carrier,0
KLT-004798,SUP-018,WH-02,0
KLT-004799,SUP-133,WH-01,50
KLT-004800,SUP-062,WH-02,0
KLT-004801,SUP-019,WH-02,0
KLT-004802,SUP-008,WH-01,0
KLT-004803,SUP-164,Carrier,0
KLT-004804,SUP-024,Carrier,0
KLT-004805,SUP-141,WH-01,0
KLT-004806,SUP-170,Supplier,0
KLT-004807,SUP-187,WH-01,0
KLT-004808,SUP-095,WH-01,0
KLT-004809,SUP-172,WH-01,0
KLT-004810,SUP-056,WH-02,0
KLT-004811,SUP-124,Carrier,0
KLT-004812,SUP-133,WH-01,0
KLT-004813,SUP-036,WH-02,0
KLT-004814,SUP-098,WH-02,0
KLT-004815,SUP-142,Supplier,0
KLT-004816,SUP-013,WH-02,0
KLT-004817,SUP-155,Supplier,0
KLT-004818,SUP-166,WH-01,0
KLT-004819,SUP-143,WH-02,0
KLT-004820,SUP-121,Supplier,0
KLT-004821,SUP-135,WH-02,0
KLT-004822,SUP-060,Carrier,0
KLT-004823,SUP-071,WH-01,0
KLT-004824,SUP-091,WH-02,0
KLT-004825,SUP-064,WH-02,0
KLT-004826,SUP-185,Carrier,0
KLT-004827,SUP-144,WH-01,0
KLT-004828,SUP-099,WH-01,0
KLT-004829,SUP-119,WH-02,0
KLT-004830,SUP-012,WH-02,0
KLT-004831,SUP-103,Supplier,0
KLT-004832,SUP-096,Carrier,0
KLT-004833,SUP-071,Carrier,0
KLT-004834,SUP-004,Carrier,0
KLT-004835,SUP-150,Supplier,0
KLT-004836,SUP-036,Carrier,0
KLT-004837,SUP-129,Carrier,0
KLT-004838,SUP-200,WH-02,0
KLT-004839,SUP-198,Supplier,0
KLT-004840,SUP-024,Supplier,0
KLT-004841,SUP-026,Supplier,0
KLT-004842,SUP-164,Supplier,0
KLT-004843,SUP-176,WH-02,0
KLT-004844,SUP-042,Supplier,0
KLT-004845,SUP-004,WH-01,0
KLT-004846,SUP-161,WH-02,0
KLT-004847,SUP-097,WH-02,0
KLT-004848,SUP-187,WH-01,0
KLT-004849,SUP-035,Carrier,0
KLT-004850,SUP-164,WH-01,0
KLT-004851,SUP-046,Supplier,0
KLT-004852,SUP-159,Carrier,0
KLT-004853,SUP-116,WH-02,0
KLT-004854,SUP-197,WH-01,0
KLT-004855,SUP-091,WH-02,0
KLT-004856,SUP-179,WH-02,0
KLT-004857,SUP-104,Supplier,0
KLT-004858,SUP-042,Carrier,0
KLT-004859,SUP-047,WH-01,0
KLT-004860,SUP-073,Carrier,0
KLT-004861,SUP-077,Supplier,0
KLT-004862,SUP-010,Supplier,0
KLT-004863,SUP-071,WH-01,0
KLT-004864,SUP-087,Supplier,0
KLT-004865,SUP-015,Supplier,0
KLT-004866,SUP-123,Carrier,0
KLT-004867,SUP-100,Supplier,0
KLT-004868,SUP-005,Carrier,0
KLT-004869,SUP-022,WH-02,0
KLT-004870,SUP-045,WH-01,0
KLT-004871,SUP-107,WH-01,0
KLT-004872,SUP-083,Carrier,0
KLT-004873,SUP-073,WH-01,0
KLT-004874,SUP-183,Supplier,0
KLT-004875,SUP-021,Supplier,0
KLT-004876,SUP-028,WH-02,0
KLT-004877,SUP-113,Carrier,0
KLT-004878,SUP-100,Supplier,0
KLT-004879,SUP-040,WH-01,0
KLT-004880,SUP-137,Carrier,0
KLT-004881,SUP-145,Supplier,0
KLT-004882,SUP-025,WH-01,0
KLT-004883,SUP-169,Carrier,0
KLT-004884,SUP-046,WH-01,0
KLT-004885,SUP-076,Supplier,0
KLT-004886,SUP-112,WH-02,0
KLT-004887,SUP-052,WH-01,0
KLT-004888,SUP-152,Supplier,0
KLT-004889,SUP-019,Carrier,0
KLT-004890,SUP-146,WH-01,0
KLT-004891,SUP-191,Supplier,0
KLT-004892,SUP-009,Carrier,0
KLT-004893,SUP-101,Carrier,0
KLT-004894,SUP-136,WH-01,0
KLT-004895,SUP-012,WH-01,0
KLT-004896,SUP-150,Supplier,0
KLT-004897,SUP-171,Supplier,0
KLT-004898,SUP-036,WH-01,0
KLT-004899,SUP-041,WH-01,0
KLT-004900,SUP-098,WH-01,0
KLT-004901,SUP-199,Supplier,0
KLT-004902,SUP-086,Carrier,0
KLT-004903,SUP-123,WH-02,0
KLT-004904,SUP-085,Supplier,0
KLT-004905,SUP-183,Carrier,0
KLT-004906,SUP-043,Supplier,0
KLT-004907,SUP-143,Carrier,0
KLT-004908,SUP-168,Carrier,0
KLT-004909,SUP-041,Carrier,0
KLT-004910,SUP-073,Supplier,0
KLT-004911,SUP-129,Carrier,0
KLT-004912,SUP-014,Supplier,0
KLT-004913,SUP-109,WH-01,0
KLT-004914,SUP-153,Carrier,0
KLT-004915,SUP-100,WH-02,0
KLT-004916,SUP-020,Supplier,0
KLT-004917,SUP-043,Supplier,0
KLT-004918,SUP-030,Supplier,0
KLT-004919,SUP-085,WH-02,0
KLT-004920,SUP-065,WH-01,0
KLT-004921,SUP-085,Supplier,0
KLT-004922,SUP-040,Supplier,0
KLT-004923,SUP-135,Supplier,0
KLT-004924,SUP-089,Carrier,0
KLT-004925,SUP-175,Carrier,0
KLT-004926,SUP-186,WH-01,0
KLT-004927,SUP-006,Carrier,0
KLT-004928,SUP-068,WH-02,0
KLT-004929,SUP-153,WH-01,0
KLT-004930,SUP-020,Carrier,0
KLT-004931,SUP-135,WH-02,0
KLT-004932,SUP-127,Supplier,0
KLT-004933,SUP-156,WH-01,0
KLT-004934,SUP-094,WH-01,0
KLT-004935,SUP-029,WH-01,0
KLT-004936,SUP-039,WH-02,0
KLT-004937,SUP-119,WH-01,0
KLT-004938,SUP-005,WH-02,0
KLT-004939,SUP-161,WH-02,0
KLT-004940,SUP-133,Supplier,0
KLT-004941,SUP-119,Carrier,0
KLT-004942,SUP-005,WH-02,0
KLT-004943,SUP-014,Supplier,0
KLT-004944,SUP-036,WH-01,0
KLT-004945,SUP-115,WH-01,0
KLT-004946,SUP-090,Carrier,0
KLT-004947,SUP-180,WH-02,0
KLT-004948,SUP-110,WH-01,0
KLT-004949,SUP-052,Supplier,0
KLT-004950,SUP-157,WH-02,0
KLT-004951,SUP-170,Carrier,0
KLT-004952,SUP-030,WH-01,0
KLT-004953,SUP-113,WH-01,0
KLT-004954,SUP-127,Carrier,0
KLT-004955,SUP-181,Carrier,0
KLT-004956,SUP-011,WH-02,0
KLT-004957,SUP-103,WH-02,0
KLT-004958,SUP-027,Supplier,0
KLT-004959,SUP-104,WH-02,0
KLT-004960,SUP-088,Carrier,0
KLT-004961,SUP-080,Carrier,0
KLT-004962,SUP-111,WH-01,0
KLT-004963,SUP-121,WH-02,0
KLT-004964,SUP-117,Carrier,0
KLT-004965,SUP-045,WH-02,0
KLT-004966,SUP-094,WH-02,0
KLT-004967,SUP-159,WH-01,0
KLT-004968,SUP-076,WH-01,0
KLT-004969,SUP-098,WH-02,0
KLT-004970,SUP-002,WH-01,0
KLT-004971,SUP-009,Carrier,0
KLT-004972,SUP-194,WH-01,0
KLT-004973,SUP-194,Supplier,0
KLT-004974,SUP-072,WH-01,0
KLT-004975,SUP-039,Supplier,0
KLT-004976,SUP-023,Carrier,0
KLT-004977,SUP-090,WH-02,0
KLT-004978,SUP-136,Carrier,0
KLT-004979,SUP-128,WH-02,0
KLT-004980,SUP-003,WH-01,0
KLT-004981,SUP-143,WH-02,0
KLT-004982,SUP-164,Supplier,0
KLT-004983,SUP-090,WH-02,0
KLT-004984,SUP-195,Supplier,0
KLT-004985,SUP-011,Carrier,0
KLT-004986,SUP-030,Supplier,0
KLT-004987,SUP-058,Carrier,0
KLT-004988,SUP-150,WH-02,0
KLT-004989,SUP-066,Supplier,0
KLT-004990,SUP-149,WH-01,0
KLT-004991,SUP-078,Supplier,0
KLT-004992,SUP-097,WH-01,0
KLT-004993,SUP-125,Supplier,0
KLT-004994,SUP-080,Supplier,0
KLT-004995,SUP-189,Supplier,0
KLT-004996,SUP-029,WH-02,0
KLT-004997,SUP-119,Carrier,0
KLT-004998,SUP-028,Carrier,0
KLT-004999,SUP-120,WH-02,0
KLT-005000,SUP-068,WH-02,0
KLT-005001,SUP-194,WH-01,0
KLT-005002,SUP-168,Carrier,0
KLT-005003,SUP-009,WH-02,0
KLT-005004,SUP-053,Carrier,0
KLT-005005,SUP-110,Supplier,0
KLT-005006,SUP-086,Carrier,0
KLT-005007,SUP-051,WH-01,0
KLT-005008,SUP-039,Supplier,0
KLT-005009,SUP-040,WH-01,0
KLT-005010,SUP-146,WH-01,0
KLT-005011,SUP-105,Supplier,0
KLT-005012,SUP-141,Supplier,0
KLT-005013,SUP-132,WH-02,0
KLT-005014,SUP-113,WH-02,0
KLT-005015,SUP-162,WH-01,0
KLT-005016,SUP-161,Supplier,0
KLT-005017,SUP-178,WH-01,0
KLT-005018,SUP-177,WH-02,0
KLT-005019,SUP-143,WH-02,0
KLT-005020,SUP-037,Supplier,0
KLT-005021,SUP-119,Supplier,0
KLT-005022,SUP-136,Carrier,0
KLT-005023,SUP-163,WH-02,0
KLT-005024,SUP-025,WH-02,0
KLT-005025,SUP-200,Supplier,0
KLT-005026,SUP-002,WH-01,0
KLT-005027,SUP-141,WH-02,0
KLT-005028,SUP-190,WH-01,0
KLT-005029,SUP-032,Supplier,0
KLT-005030,SUP-037,Carrier,0
KLT-005031,SUP-149,Carrier,0
KLT-005032,SUP-069,Carrier,0
KLT-005033,SUP-100,Supplier,0
KLT-005034,SUP-165,WH-02,0
KLT-005035,SUP-058,WH-02,0
KLT-005036,SUP-144,Carrier,0
KLT-005037,SUP-181,Supplier,0
KLT-005038,SUP-023,WH-01,0
KLT-005039,SUP-160,WH-01,0
KLT-005040,SUP-024,Supplier,0
KLT-005041,SUP-009,Supplier,0
KLT-005042,SUP-090,WH-01,0
KLT-005043,SUP-149,Supplier,0
KLT-005044,SUP-039,Carrier,0
KLT-005045,SUP-179,WH-02,0
KLT-005046,SUP-003,Carrier,0
KLT-005047,SUP-130,WH-02,0
KLT-005048,SUP-104,WH-02,0
KLT-005049,SUP-075,Carrier,0
KLT-005050,SUP-076,WH-02,0
KLT-005051,SUP-088,Supplier,0
KLT-005052,SUP-012,WH-02,0
KLT-005053,SUP-157,Carrier,0
KLT-005054,SUP-091,WH-01,0
KLT-005055,SUP-094,WH-01,0
KLT-005056,SUP-120,WH-02,0
KLT-005057,SUP-045,WH-02,0
KLT-005058,SUP-102,WH-02,0
KLT-005059,SUP-010,WH-02,0
KLT-005060,SUP-078,Carrier,0
KLT-005061,SUP-195,WH-01,0
KLT-005062,SUP-016,Carrier,0
KLT-005063,SUP-059,WH-01,0
KLT-005064,SUP-084,WH-01,0
KLT-005065,SUP-150,WH-02,0
KLT-005066,SUP-051,WH-01,0
KLT-005067,SUP-183,WH-02,0
KLT-005068,SUP-055,WH-02,0
KLT-005069,SUP-005,WH-02,0
KLT-005070,SUP-077,WH-02,0
KLT-005071,SUP-073,WH-02,0
KLT-005072,SUP-071,Carrier,0
KLT-005073,SUP-047,WH-02,0
KLT-005074,SUP-153,Supplier,0
KLT-005075,SUP-157,WH-01,0
KLT-005076,SUP-195,Carrier,0
KLT-005077,SUP-064,WH-02,0
KLT-005078,SUP-164,WH-01,0
KLT-005079,SUP-059,Supplier,0
KLT-005080,SUP-180,Supplier,0
KLT-005081,SUP-124,Carrier,0
KLT-005082,SUP-110,WH-01,0
KLT-005083,SUP-082,Supplier,0
KLT-005084,SUP-092,Carrier,0
KLT-005085,SUP-076,Carrier,0
KLT-005086,SUP-109,Supplier,0
KLT-005087,SUP-108,WH-02,0
KLT-005088,SUP-167,WH-02,0
KLT-005089,SUP-039,Carrier,0
KLT-005090,SUP-023,WH-02,0
KLT-005091,SUP-144,WH-02,0
KLT-005092,SUP-145,WH-02,0
KLT-005093,SUP-153,Carrier,0
KLT-005094,SUP-002,Carrier,0
KLT-005095,SUP-071,WH-02,0
KLT-005096,SUP-015,WH-01,0
KLT-005097,SUP-168,WH-01,0
KLT-005098,SUP-018,WH-01,0
KLT-005099,SUP-052,Supplier,0
KLT-005100,SUP-131,Carrier,0
KLT-005101,SUP-120,Carrier,0
KLT-005102,SUP-017,WH-02,0
KLT-005103,SUP-055,WH-01,0
KLT-005104,SUP-055,WH-01,0
KLT-005105,SUP-034,Supplier,0
KLT-005106,SUP-041,WH-01,0
KLT-005107,SUP-115,WH-02,0
KLT-005108,SUP-164,Carrier,0
KLT-005109,SUP-088,Carrier,0
KLT-005110,SUP-028,Supplier,0
KLT-005111,SUP-113,WH-02,0
KLT-005112,SUP-110,WH-02,0
KLT-005113,SUP-106,Carrier,0
KLT-005114,SUP-124,WH-01,0
KLT-005115,SUP-017,Carrier,0
KLT-005116,SUP-008,WH-01,0
KLT-005117,SUP-180,Supplier,0
KLT-005118,SUP-093,WH-01,0
KLT-005119,SUP-152,WH-01,0
KLT-005120,SUP-060,WH-02,0
KLT-005121,SUP-061,Carrier,0
KLT-005122,SUP-108,Carrier,0
KLT-005123,SUP-157,WH-02,0
KLT-005124,SUP-167,Supplier,0
KLT-005125,SUP-159,WH-02,0
KLT-005126,SUP-087,WH-02,0
KLT-005127,SUP-137,WH-02,0
KLT-005128,SUP-177,Carrier,0
KLT-005129,SUP-034,WH-02,0
KLT-005130,SUP-012,Supplier,0
KLT-005131,SUP-075,Carrier,0
KLT-005132,SUP-194,Supplier,0
KLT-005133,SUP-017,WH-01,0
KLT-005134,SUP-108,WH-01,0
KLT-005135,SUP-161,Supplier,0
KLT-005136,SUP-183,Carrier,0
KLT-005137,SUP-195,Carrier,0
KLT-005138,SUP-141,Supplier,0
KLT-005139,SUP-092,Carrier,0
KLT-005140,SUP-043,WH-01,0
KLT-005141,SUP-077,WH-02,0
KLT-005142,SUP-011,WH-01,0
KLT-005143,SUP-048,WH-01,0
KLT-005144,SUP-007,WH-02,0
KLT-005145,SUP-143,Supplier,0
KLT-005146,SUP-182,WH-02,0
KLT-005147,SUP-113,Carrier,0
KLT-005148,SUP-030,WH-01,0
KLT-005149,SUP-035,Supplier,0
KLT-005150,SUP-199,Carrier,0
KLT-005151,SUP-012,WH-02,0
KLT-005152,SUP-074,Supplier,0
KLT-005153,SUP-006,Supplier,0
KLT-005154,SUP-150,WH-01,0
KLT-005155,SUP-165,WH-01,0
KLT-005156,SUP-097,Carrier,0
KLT-005157,SUP-154,WH-02,0
KLT-005158,SUP-054,WH-01,0
KLT-005159,SUP-174,WH-02,0
KLT-005160,SUP-005,WH-02,0
KLT-005161,SUP-013,Supplier,0
KLT-005162,SUP-028,Carrier,0
KLT-005163,SUP-054,WH-01,0
KLT-005164,SUP-161,WH-01,0
KLT-005165,SUP-037,Supplier,0
KLT-005166,SUP-109,WH-02,0
KLT-005167,SUP-102,Supplier,0
KLT-005168,SUP-053,WH-01,0
KLT-005169,SUP-058,WH-01,0
KLT-005170,SUP-146,Supplier,0
KLT-005171,SUP-029,WH-02,0
KLT-005172,SUP-138,WH-01,0
KLT-005173,SUP-057,Carrier,0
KLT-005174,SUP-184,WH-01,0
KLT-005175,SUP-034,WH-01,0
KLT-005176,SUP-149,WH-02,0
KLT-005177,SUP-075,Supplier,0
KLT-005178,SUP-184,WH-01,0
KLT-005179,SUP-167,Supplier,0
KLT-005180,SUP-109,WH-02,0
KLT-005181,SUP-007,Supplier,0
KLT-005182,SUP-029,Carrier,0
KLT-005183,SUP-094,Supplier,0
KLT-005184,SUP-096,WH-02,0
KLT-005185,SUP-081,WH-01,0
KLT-005186,SUP-107,WH-02,0
KLT-005187,SUP-055,Carrier,0
KLT-005188,SUP-163,WH-01,0
KLT-005189,SUP-158,WH-02,0
KLT-005190,SUP-139,Supplier,0
KLT-005191,SUP-106,WH-02,0
KLT-005192,SUP-189,WH-01,0
KLT-005193,SUP-026,Carrier,0
KLT-005194,SUP-187,Supplier,0
KLT-005195,SUP-013,Carrier,0
KLT-005196,SUP-111,Supplier,0
KLT-005197,SUP-100,WH-01,0
KLT-005198,SUP-107,Carrier,0
KLT-005199,SUP-178,WH-01,0
KLT-005200,SUP-189,Carrier,0
KLT-005201,SUP-037,WH-01,0
KLT-005202,SUP-189,WH-02,0
KLT-005203,SUP-177,WH-02,0
KLT-005204,SUP-126,WH-02,0
KLT-005205,SUP-016,Carrier,0
KLT-005206,SUP-118,WH-01,0
KLT-005207,SUP-188,Supplier,0
KLT-005208,SUP-144,Supplier,0
KLT-005209,SUP-023,WH-01,0
KLT-005210,SUP-128,Supplier,0
KLT-005211,SUP-054,WH-01,0
KLT-005212,SUP-010,WH-01,0
KLT-005213,SUP-144,Supplier,0
KLT-005214,SUP-134,Carrier,0
KLT-005215,SUP-022,WH-01,0
KLT-005216,SUP-107,Supplier,0
KLT-005217,SUP-166,WH-01,0
KLT-005218,SUP-168,Carrier,0
KLT-005219,SUP-035,WH-01,0
KLT-005220,SUP-141,WH-01,0
KLT-005221,SUP-145,WH-02,0
KLT-005222,SUP-005,WH-02,0
KLT-005223,SUP-058,Carrier,0
KLT-005224,SUP-133,Supplier,0
KLT-005225,SUP-148,Supplier,0
KLT-005226,SUP-183,Carrier,0
KLT-005227,SUP-101,Carrier,0
KLT-005228,SUP-115,Supplier,0
KLT-005229,SUP-079,Supplier,0
KLT-005230,SUP-100,WH-01,0
KLT-005231,SUP-042,WH-01,0
KLT-005232,SUP-056,Carrier,0
KLT-005233,SUP-173,WH-01,0
KLT-005234,SUP-007,Supplier,0
KLT-005235,SUP-067,WH-02,0
KLT-005236,SUP-020,WH-02,0
KLT-005237,SUP-018,Carrier,0
KLT-005238,SUP-156,Supplier,0
KLT-005239,SUP-165,WH-01,0
KLT-005240,SUP-130,WH-01,0
KLT-005241,SUP-152,WH-02,0
KLT-005242,SUP-111,Carrier,0
KLT-005243,SUP-070,WH-02,0
KLT-005244,SUP-086,Supplier,0
KLT-005245,SUP-055,WH-02,0
KLT-005246,SUP-077,WH-02,0
KLT-005247,SUP-065,Carrier,0
KLT-005248,SUP-007,Supplier,0
KLT-005249,SUP-185,Supplier,0
KLT-005250,SUP-039,WH-02,0
KLT-005251,SUP-095,Supplier,0
KLT-005252,SUP-078,WH-01,0
KLT-005253,SUP-099,Supplier,0
KLT-005254,SUP-083,WH-02,0
KLT-005255,SUP-070,Carrier,0
KLT-005256,SUP-166,WH-02,0
KLT-005257,SUP-166,WH-01,0
KLT-005258,SUP-065,Supplier,0
KLT-005259,SUP-110,WH-01,0
KLT-005260,SUP-182,Carrier,0
KLT-005261,SUP-082,Carrier,0
KLT-005262,SUP-092,Carrier,0
KLT-005263,SUP-032,WH-02,0
KLT-005264,SUP-099,WH-02,0
KLT-005265,SUP-036,Carrier,0
KLT-005266,SUP-101,Supplier,0
KLT-005267,SUP-102,WH-02,0
KLT-005268,SUP-188,Supplier,0
KLT-005269,SUP-065,WH-02,0
KLT-005270,SUP-098,Supplier,0
KLT-005271,SUP-098,WH-02,0
KLT-005272,SUP-193,WH-01,0
KLT-005273,SUP-198,Carrier,0
KLT-005274,SUP-035,WH-01,0
KLT-005275,SUP-173,Supplier,0
KLT-005276,SUP-064,Carrier,0
KLT-005277,SUP-116,WH-02,0
KLT-005278,SUP-138,WH-02,0
KLT-005279,SUP-126,Carrier,0
KLT-005280,SUP-047,WH-02,0
KLT-005281,SUP-058,WH-02,0
KLT-005282,SUP-176,Supplier,0
KLT-005283,SUP-191,Supplier,0
KLT-005284,SUP-182,WH-02,0
KLT-005285,SUP-063,Carrier,0
KLT-005286,SUP-065,WH-01,0
KLT-005287,SUP-151,Carrier,0
KLT-005288,SUP-088,WH-02,0
KLT-005289,SUP-187,WH-01,0
KLT-005290,SUP-044,WH-02,0
KLT-005291,SUP-025,Supplier,0
KLT-005292,SUP-044,WH-01,0
KLT-005293,SUP-023,Supplier,0
KLT-005294,SUP-109,Supplier,0
KLT-005295,SUP-130,Carrier,0
KLT-005296,SUP-136,Supplier,0
KLT-005297,SUP-068,Supplier,0
KLT-005298,SUP-158,WH-01,0
KLT-005299,SUP-195,Supplier,0
KLT-005300,SUP-166,Carrier,0
KLT-005301,SUP-029,WH-02,0
KLT-005302,SUP-177,WH-02,0
KLT-005303,SUP-024,Supplier,0
KLT-005304,SUP-103,Supplier,0
KLT-005305,SUP-166,WH-02,0
KLT-005306,SUP-154,WH-01,0
KLT-005307,SUP-035,WH-01,0
KLT-005308,SUP-113,Supplier,0
KLT-005309,SUP-193,WH-02,0
KLT-005310,SUP-001,Supplier,0
KLT-005311,SUP-069,WH-01,0
KLT-005312,SUP-113,WH-02,0
KLT-005313,SUP-013,WH-02,0
KLT-005314,SUP-151,WH-01,0
KLT-005315,SUP-021,Supplier,0
KLT-005316,SUP-057,WH-01,0
KLT-005317,SUP-034,WH-02,0
KLT-005318,SUP-123,WH-01,0
KLT-005319,SUP-184,WH-02,0
KLT-005320,SUP-155,Carrier,0
KLT-005321,SUP-152,WH-02,0
KLT-005322,SUP-060,Carrier,0
KLT-005323,SUP-090,Supplier,0
KLT-005324,SUP-002,WH-02,0
KLT-005325,SUP-130,WH-02,0
KLT-005326,SUP-113,WH-01,0
KLT-005327,SUP-021,WH-01,0
KLT-005328,SUP-060,Carrier,0
KLT-005329,SUP-104,WH-01,0
KLT-005330,SUP-060,Supplier,0
KLT-005331,SUP-010,WH-02,0
KLT-005332,SUP-187,Carrier,0
KLT-005333,SUP-138,Carrier,0
KLT-005334,SUP-083,Carrier,0
KLT-005335,SUP-184,Supplier,0
KLT-005336,SUP-148,Carrier,0
KLT-005337,SUP-005,Carrier,0
KLT-005338,SUP-104,Supplier,0
KLT-005339,SUP-009,Supplier,0
KLT-005340,SUP-162,Carrier,0
KLT-005341,SUP-172,WH-01,0
KLT-005342,SUP-110,Supplier,0
KLT-005343,SUP-163,WH-02,0
KLT-005344,SUP-116,Carrier,0
KLT-005345,SUP-182,WH-01,0
KLT-005346,SUP-063,Supplier,0
KLT-005347,SUP-070,Supplier,0
KLT-005348,SUP-120,WH-01,0
KLT-005349,SUP-017,WH-01,0
KLT-005350,SUP-095,WH-02,0
KLT-005351,SUP-080,WH-01,0
KLT-005352,SUP-180,Supplier,0
KLT-005353,SUP-164,Supplier,0
KLT-005354,SUP-001,WH-01,0
KLT-005355,SUP-190,WH-02,0
KLT-005356,SUP-076,Carrier,0
KLT-005357,SUP-109,WH-01,0
KLT-005358,SUP-126,Carrier,0
KLT-005359,SUP-162,WH-02,0
KLT-005360,SUP-053,Carrier,0
KLT-005361,SUP-055,WH-01,0
KLT-005362,SUP-149,WH-02,0
KLT-005363,SUP-163,Supplier,0
KLT-005364,SUP-080,Carrier,0
KLT-005365,SUP-028,Supplier,0
KLT-005366,SUP-067,WH-02,0
KLT-005367,SUP-013,Supplier,0
KLT-005368,SUP-030,WH-01,0
KLT-005369,SUP-157,Carrier,0
KLT-005370,SUP-008,WH-01,0
KLT-005371,SUP-106,Carrier,0
KLT-005372,SUP-005,Carrier,0
KLT-005373,SUP-155,WH-01,0
KLT-005374,SUP-178,WH-02,0
KLT-005375,SUP-183,Carrier,0
KLT-005376,SUP-092,WH-01,0
KLT-005377,SUP-054,Supplier,0
KLT-005378,SUP-018,WH-02,0
KLT-005379,SUP-002,WH-01,0
KLT-005380,SUP-094,WH-02,0
KLT-005381,SUP-066,Carrier,0
KLT-005382,SUP-043,WH-02,0
KLT-005383,SUP-116,WH-02,0
KLT-005384,SUP-008,WH-01,0
KLT-005385,SUP-019,Carrier,0
KLT-005386,SUP-104,WH-01,0
KLT-005387,SUP-090,WH-01,0
KLT-005388,SUP-065,Carrier,0
KLT-005389,SUP-048,Supplier,0
KLT-005390,SUP-106,Carrier,0
KLT-005391,SUP-165,WH-01,0
KLT-005392,SUP-166,WH-01,0
KLT-005393,SUP-080,Supplier,0
KLT-005394,SUP-075,Supplier,0
KLT-005395,SUP-117,Supplier,0
KLT-005396,SUP-117,WH-01,0
KLT-005397,SUP-071,WH-02,0
KLT-005398,SUP-073,WH-02,0
KLT-005399,SUP-127,WH-02,0
KLT-005400,SUP-062,Carrier,0
KLT-005401,SUP-068,Carrier,0
KLT-005402,SUP-057,Carrier,0
KLT-005403,SUP-135,WH-01,0
KLT-005404,SUP-050,Carrier,0
KLT-005405,SUP-024,WH-01,0
KLT-005406,SUP-006,Supplier,0
KLT-005407,SUP-040,Carrier,0
KLT-005408,SUP-085,WH-01,0
KLT-005409,SUP-079,WH-02,0
KLT-005410,SUP-122,Carrier,0
KLT-005411,SUP-036,WH-01,0
KLT-005412,SUP-037,WH-01,0
KLT-005413,SUP-016,WH-01,0
KLT-005414,SUP-028,Carrier,0
KLT-005415,SUP-029,WH-02,0
KLT-005416,SUP-032,WH-01,0
KLT-005417,SUP-144,WH-01,0
KLT-005418,SUP-007,WH-01,0
KLT-005419,SUP-075,WH-01,0
KLT-005420,SUP-047,Carrier,0
KLT-005421,SUP-008,Supplier,0
KLT-005422,SUP-112,WH-01,0
KLT-005423,SUP-144,WH-02,0
KLT-005424,SUP-012,WH-01,0
KLT-005425,SUP-162,WH-01,0
KLT-005426,SUP-002,Supplier,0
KLT-005427,SUP-110,Carrier,0
KLT-005428,SUP-029,Carrier,0
KLT-005429,SUP-023,Carrier,0
KLT-005430,SUP-042,WH-01,0
KLT-005431,SUP-173,WH-01,0
KLT-005432,SUP-077,WH-02,0
KLT-005433,SUP-022,Supplier,0
KLT-005434,SUP-141,Carrier,0
KLT-005435,SUP-134,Supplier,0
KLT-005436,SUP-142,Carrier,0
KLT-005437,SUP-096,WH-02,0
KLT-005438,SUP-040,Supplier,0
KLT-005439,SUP-151,Supplier,0
KLT-005440,SUP-054,Supplier,0
KLT-005441,SUP-121,Carrier,0
KLT-005442,SUP-163,Carrier,0
KLT-005443,SUP-170,WH-01,0
KLT-005444,SUP-178,Supplier,0
KLT-005445,SUP-195,WH-01,0
KLT-005446,SUP-054,WH-01,0
KLT-005447,SUP-161,WH-02,0
KLT-005448,SUP-022,Supplier,0
KLT-005449,SUP-075,Carrier,0
KLT-005450,SUP-020,WH-02,0
KLT-005451,SUP-130,WH-01,0
KLT-005452,SUP-136,WH-02,0
KLT-005453,SUP-037,Carrier,0
KLT-005454,SUP-130,Carrier,0
KLT-005455,SUP-029,Carrier,0
KLT-005456,SUP-168,WH-01,0
KLT-005457,SUP-123,Supplier,0
KLT-005458,SUP-075,WH-01,0
KLT-005459,SUP-125,WH-02,0
KLT-005460,SUP-149,WH-02,0
KLT-005461,SUP-060,Carrier,0
KLT-005462,SUP-161,WH-01,0
KLT-005463,SUP-095,WH-01,0
KLT-005464,SUP-115,WH-01,0
KLT-005465,SUP-179,Carrier,0
KLT-005466,SUP-155,WH-02,0
KLT-005467,SUP-025,Carrier,0
KLT-005468,SUP-140,Carrier,0
KLT-005469,SUP-017,WH-01,0
KLT-005470,SUP-104,WH-01,0
KLT-005471,SUP-035,Supplier,0
KLT-005472,SUP-141,WH-02,0
KLT-005473,SUP-103,WH-02,0
KLT-005474,SUP-062,Carrier,0
KLT-005475,SUP-174,WH-02,0
KLT-005476,SUP-152,Carrier,0
KLT-005477,SUP-191,Supplier,0
KLT-005478,SUP-024,Carrier,0
KLT-005479,SUP-174,Carrier,0
KLT-005480,SUP-028,WH-02,0
KLT-005481,SUP-125,WH-01,0
KLT-005482,SUP-021,Supplier,0
KLT-005483,SUP-194,Supplier,0
KLT-005484,SUP-187,WH-01,49
KLT-005485,SUP-198,Supplier,0
KLT-005486,SUP-122,Supplier,0
KLT-005487,SUP-135,Supplier,0
KLT-005488,SUP-064,WH-01,0
KLT-005489,SUP-148,Supplier,0
KLT-005490,SUP-081,Carrier,0
KLT-005491,SUP-029,Supplier,0
KLT-005492,SUP-127,Supplier,0
KLT-005493,SUP-152,Carrier,0
KLT-005494,SUP-035,WH-01,0
KLT-005495,SUP-071,Carrier,0
KLT-005496,SUP-009,WH-01,0
KLT-005497,SUP-130,WH-02,0
KLT-005498,SUP-106,Carrier,0
KLT-005499,SUP-198,WH-01,0
KLT-005500,SUP-068,Supplier,0
KLT-005501,SUP-167,WH-01,0
KLT-005502,SUP-179,WH-02,0
KLT-005503,SUP-127,Supplier,0
KLT-005504,SUP-088,Supplier,0
KLT-005505,SUP-183,WH-01,0
KLT-005506,SUP-131,WH-01,0
KLT-005507,SUP-195,Supplier,0
KLT-005508,SUP-149,Carrier,0
KLT-005509,SUP-131,WH-01,0
KLT-005510,SUP-190,WH-01,0
KLT-005511,SUP-130,WH-01,0
KLT-005512,SUP-123,Supplier,0
KLT-005513,SUP-076,WH-02,0
KLT-005514,SUP-021,Supplier,0
KLT-005515,SUP-064,Supplier,0
KLT-005516,SUP-158,WH-02,0
KLT-005517,SUP-075,Supplier,0
KLT-005518,SUP-028,WH-02,0
KLT-005519,SUP-167,WH-02,0
KLT-005520,SUP-113,Supplier,0
KLT-005521,SUP-180,Supplier,0
KLT-005522,SUP-121,Carrier,0
KLT-005523,SUP-007,Carrier,0
KLT-005524,SUP-198,WH-01,0
KLT-005525,SUP-037,WH-02,0
KLT-005526,SUP-113,WH-02,0
KLT-005527,SUP-133,Supplier,0
KLT-005528,SUP-069,Carrier,0
KLT-005529,SUP-008,Supplier,0
KLT-005530,SUP-171,WH-02,0
KLT-005531,SUP-136,WH-01,0
KLT-005532,SUP-087,WH-02,0
KLT-005533,SUP-079,WH-02,0
KLT-005534,SUP-114,Supplier,0
KLT-005535,SUP-139,WH-01,0
KLT-005536,SUP-137,Supplier,0
KLT-005537,SUP-090,WH-02,0
KLT-005538,SUP-158,WH-02,0
KLT-005539,SUP-128,Carrier,0
KLT-005540,SUP-137,WH-02,0
KLT-005541,SUP-151,WH-01,0
KLT-005542,SUP-134,Supplier,0
KLT-005543,SUP-134,Supplier,0
KLT-005544,SUP-187,WH-02,0
KLT-005545,SUP-168,Carrier,0
KLT-005546,SUP-186,WH-02,0
KLT-005547,SUP-085,Carrier,0
KLT-005548,SUP-057,Supplier,0
KLT-005549,SUP-093,WH-01,0
KLT-005550,SUP-036,Carrier,0
KLT-005551,SUP-020,WH-02,0
KLT-005552,SUP-128,Carrier,0
KLT-005553,SUP-179,WH-02,0
KLT-005554,SUP-107,Carrier,0
KLT-005555,SUP-104,Carrier,0
KLT-005556,SUP-126,Carrier,0
KLT-005557,SUP-189,WH-01,0
KLT-005558,SUP-155,WH-01,0
KLT-005559,SUP-029,Supplier,0
KLT-005560,SUP-175,Carrier,0
KLT-005561,SUP-138,WH-01,0
KLT-005562,SUP-015,WH-01,0
KLT-005563,SUP-157,Supplier,0
KLT-005564,SUP-096,Carrier,0
KLT-005565,SUP-088,WH-01,0
KLT-005566,SUP-105,Carrier,0
KLT-005567,SUP-125,Supplier,0
KLT-005568,SUP-027,WH-01,0
KLT-005569,SUP-084,WH-02,0
KLT-005570,SUP-178,Supplier,0
KLT-005571,SUP-046,WH-02,0
KLT-005572,SUP-125,WH-01,0
KLT-005573,SUP-148,Carrier,0
KLT-005574,SUP-199,Carrier,0
KLT-005575,SUP-089,WH-02,0
KLT-005576,SUP-144,WH-01,0
KLT-005577,SUP-092,Supplier,0
KLT-005578,SUP-025,WH-02,0
KLT-005579,SUP-059,Supplier,0
KLT-005580,SUP-011,Carrier,0
KLT-005581,SUP-192,Carrier,0
KLT-005582,SUP-091,WH-01,0
KLT-005583,SUP-049,Supplier,0
KLT-005584,SUP-054,Carrier,0
KLT-005585,SUP-050,WH-01,0
KLT-005586,SUP-061,WH-02,0
KLT-005587,SUP-182,Carrier,0
KLT-005588,SUP-060,WH-01,0
KLT-005589,SUP-023,Carrier,0
KLT-005590,SUP-173,WH-02,0
KLT-005591,SUP-111,Carrier,0
KLT-005592,SUP-068,WH-02,0
KLT-005593,SUP-118,Carrier,0
KLT-005594,SUP-078,WH-01,0
KLT-005595,SUP-051,Carrier,0
KLT-005596,SUP-049,WH-01,0
KLT-005597,SUP-010,Supplier,0
KLT-005598,SUP-084,Carrier,0
KLT-005599,SUP-189,WH-01,0
KLT-005600,SUP-142,Carrier,0
KLT-005601,SUP-099,Supplier,0
KLT-005602,SUP-004,Supplier,0
KLT-005603,SUP-049,WH-02,0
KLT-005604,SUP-064,Carrier,0
KLT-005605,SUP-176,Carrier,0
KLT-005606,SUP-099,Supplier,0
KLT-005607,SUP-157,WH-02,0
KLT-005608,SUP-059,WH-01,0
KLT-005609,SUP-087,WH-01,0
KLT-005610,SUP-193,Carrier,0
KLT-005611,SUP-059,Supplier,0
KLT-005612,SUP-053,Supplier,0
KLT-005613,SUP-116,Supplier,0
KLT-005614,SUP-126,Supplier,0
KLT-005615,SUP-118,Carrier,0
KLT-005616,SUP-089,WH-01,0
KLT-005617,SUP-175,Carrier,0
KLT-005618,SUP-106,Supplier,0
KLT-005619,SUP-177,Carrier,0
KLT-005620,SUP-145,Supplier,0
KLT-005621,SUP-159,WH-02,0
KLT-005622,SUP-108,WH-01,0
KLT-005623,SUP-075,WH-02,0
KLT-005624,SUP-082,Supplier,0
KLT-005625,SUP-124,WH-01,0
KLT-005626,SUP-118,WH-01,0
KLT-005627,SUP-026,WH-02,0
KLT-005628,SUP-039,Carrier,0
KLT-005629,SUP-048,Supplier,0
KLT-005630,SUP-134,WH-02,0
KLT-005631,SUP-003,Supplier,0
KLT-005632,SUP-157,Carrier,0
KLT-005633,SUP-143,WH-01,0
KLT-005634,SUP-150,Carrier,0
KLT-005635,SUP-019,WH-01,0
KLT-005636,SUP-038,WH-02,0
KLT-005637,SUP-038,Carrier,0
KLT-005638,SUP-039,WH-02,0
KLT-005639,SUP-048,WH-01,0
KLT-005640,SUP-013,Supplier,0
KLT-005641,SUP-145,Carrier,0
KLT-005642,SUP-158,WH-02,0
KLT-005643,SUP-032,Carrier,0
KLT-005644,SUP-048,WH-02,0
KLT-005645,SUP-149,WH-01,0
KLT-005646,SUP-099,Supplier,0
KLT-005647,SUP-166,Supplier,0
KLT-005648,SUP-200,WH-02,0
KLT-005649,SUP-017,WH-02,0
KLT-005650,SUP-046,Supplier,0
KLT-005651,SUP-164,WH-01,0
KLT-005652,SUP-099,Supplier,0
KLT-005653,SUP-001,WH-02,0
KLT-005654,SUP-052,Carrier,0
KLT-005655,SUP-123,WH-02,0
KLT-005656,SUP-093,Supplier,0
KLT-005657,SUP-158,Supplier,0
KLT-005658,SUP-090,WH-01,0
KLT-005659,SUP-027,Supplier,0
KLT-005660,SUP-188,WH-02,0
KLT-005661,SUP-071,WH-02,0
KLT-005662,SUP-115,Supplier,0
KLT-005663,SUP-161,Carrier,0
KLT-005664,SUP-082,Supplier,0
KLT-005665,SUP-080,WH-02,0
KLT-005666,SUP-036,Carrier,0
KLT-005667,SUP-019,WH-01,0
KLT-005668,SUP-130,WH-02,0
KLT-005669,SUP-189,WH-02,0
KLT-005670,SUP-097,WH-02,0
KLT-005671,SUP-092,WH-02,0
KLT-005672,SUP-048,WH-01,0
KLT-005673,SUP-076,Supplier,0
KLT-005674,SUP-065,Supplier,0
KLT-005675,SUP-183,Supplier,0
KLT-005676,SUP-180,Carrier,0
KLT-005677,SUP-088,Supplier,0
KLT-005678,SUP-104,WH-01,0
KLT-005679,SUP-052,Carrier,0
KLT-005680,SUP-056,Carrier,0
KLT-005681,SUP-054,WH-02,0
KLT-005682,SUP-070,WH-02,0
KLT-005683,SUP-066,WH-01,0
KLT-005684,SUP-186,WH-02,0
KLT-005685,SUP-120,WH-02,0
KLT-005686,SUP-038,WH-02,0
KLT-005687,SUP-137,WH-02,0
KLT-005688,SUP-077,WH-02,0
KLT-005689,SUP-099,Carrier,0
KLT-005690,SUP-198,WH-02,0
KLT-005691,SUP-119,WH-02,0
KLT-005692,SUP-144,Supplier,0
KLT-005693,SUP-115,WH-02,0
KLT-005694,SUP-014,WH-02,0
KLT-005695,SUP-051,Carrier,0
KLT-005696,SUP-091,WH-02,0
KLT-005697,SUP-105,WH-01,0
KLT-005698,SUP-042,Supplier,0
KLT-005699,SUP-150,WH-02,0
KLT-005700,SUP-017,WH-01,0
KLT-005701,SUP-085,WH-01,0
KLT-005702,SUP-085,Carrier,0
KLT-005703,SUP-196,Supplier,0
KLT-005704,SUP-195,Supplier,0
KLT-005705,SUP-167,Supplier,0
KLT-005706,SUP-190,Carrier,0
KLT-005707,SUP-183,Carrier,0
KLT-005708,SUP-095,Carrier,0
KLT-005709,SUP-123,WH-01,0
KLT-005710,SUP-007,Supplier,0
KLT-005711,SUP-167,Supplier,0
KLT-005712,SUP-013,WH-02,0
KLT-005713,SUP-070,WH-02,0
KLT-005714,SUP-038,Supplier,0
KLT-005715,SUP-142,WH-01,0
KLT-005716,SUP-075,Carrier,0
KLT-005717,SUP-145,WH-01,0
KLT-005718,SUP-124,Supplier,0
KLT-005719,SUP-148,WH-02,0
KLT-005720,SUP-086,Carrier,0
KLT-005721,SUP-192,Carrier,0
KLT-005722,SUP-024,Supplier,0
KLT-005723,SUP-167,Supplier,0
KLT-005724,SUP-140,WH-02,0
KLT-005725,SUP-197,WH-02,0
KLT-005726,SUP-145,Carrier,0
KLT-005727,SUP-177,WH-02,0
KLT-005728,SUP-127,Supplier,0
KLT-005729,SUP-158,WH-01,0
KLT-005730,SUP-179,WH-01,0
KLT-005731,SUP-179,WH-01,0
KLT-005732,SUP-056,Carrier,0
KLT-005733,SUP-047,Carrier,0
KLT-005734,SUP-135,Carrier,0
KLT-005735,SUP-028,Carrier,0
KLT-005736,SUP-132,Carrier,0
KLT-005737,SUP-015,WH-02,0
KLT-005738,SUP-149,Carrier,0
KLT-005739,SUP-015,Supplier,0
KLT-005740,SUP-123,Supplier,0
KLT-005741,SUP-186,Carrier,0
KLT-005742,SUP-152,WH-02,0
KLT-005743,SUP-037,Carrier,0
KLT-005744,SUP-125,WH-01,0
KLT-005745,SUP-163,WH-01,0
KLT-005746,SUP-086,Supplier,0
KLT-005747,SUP-140,WH-02,0
KLT-005748,SUP-079,WH-01,0
KLT-005749,SUP-136,WH-02,0
KLT-005750,SUP-023,Supplier,0
KLT-005751,SUP-133,WH-02,0
KLT-005752,SUP-195,WH-01,0
KLT-005753,SUP-004,WH-01,0
KLT-005754,SUP-162,Supplier,0
KLT-005755,SUP-063,WH-02,0
KLT-005756,SUP-069,WH-02,0
KLT-005757,SUP-150,Supplier,0
KLT-005758,SUP-022,WH-01,0
KLT-005759,SUP-197,WH-01,0
KLT-005760,SUP-147,WH-01,0
KLT-005761,SUP-017,WH-01,0
KLT-005762,SUP-027,Carrier,0
KLT-005763,SUP-022,WH-01,0
KLT-005764,SUP-173,WH-01,0
KLT-005765,SUP-069,Supplier,0
KLT-005766,SUP-179,Carrier,0
KLT-005767,SUP-048,WH-01,0
KLT-005768,SUP-135,WH-01,0
KLT-005769,SUP-199,WH-02,0
KLT-005770,SUP-028,Supplier,0
KLT-005771,SUP-023,Carrier,0
KLT-005772,SUP-023,Supplier,0
KLT-005773,SUP-193,Carrier,0
KLT-005774,SUP-140,WH-01,0
KLT-005775,SUP-073,WH-01,0
KLT-005776,SUP-018,WH-02,0
KLT-005777,SUP-078,Carrier,0
KLT-005778,SUP-098,WH-02,0
KLT-005779,SUP-003,WH-01,0
KLT-005780,SUP-156,Supplier,0
KLT-005781,SUP-176,WH-02,0
KLT-005782,SUP-151,Supplier,0
KLT-005783,SUP-097,Carrier,0
KLT-005784,SUP-192,Supplier,0
KLT-005785,SUP-053,Carrier,0
KLT-005786,SUP-007,Supplier,0
KLT-005787,SUP-015,Carrier,0
KLT-005788,SUP-121,Supplier,0
KLT-005789,SUP-089,WH-01,0
KLT-005790,SUP-171,WH-01,0
KLT-005791,SUP-188,WH-02,0
KLT-005792,SUP-043,Carrier,0
KLT-005793,SUP-064,Supplier,0
KLT-005794,SUP-195,WH-02,0
KLT-005795,SUP-129,Supplier,0
KLT-005796,SUP-181,Carrier,0
KLT-005797,SUP-008,Supplier,0
KLT-005798,SUP-128,Supplier,0
KLT-005799,SUP-039,Carrier,0
KLT-005800,SUP-033,Carrier,0
KLT-005801,SUP-133,WH-01,0
KLT-005802,SUP-094,Carrier,0
KLT-005803,SUP-139,WH-01,0
KLT-005804,SUP-153,WH-02,0
KLT-005805,SUP-111,WH-02,0
KLT-005806,SUP-156,Supplier,0
KLT-005807,SUP-016,Supplier,0
KLT-005808,SUP-063,WH-01,0
KLT-005809,SUP-107,Carrier,0
KLT-005810,SUP-046,Supplier,0
KLT-005811,SUP-084,WH-01,0
KLT-005812,SUP-180,Supplier,0
KLT-005813,SUP-186,WH-02,0
KLT-005814,SUP-138,WH-01,0
KLT-005815,SUP-081,WH-02,0
KLT-005816,SUP-157,Supplier,0
KLT-005817,SUP-084,Supplier,0
KLT-005818,SUP-047,Carrier,0
KLT-005819,SUP-003,WH-01,0
KLT-005820,SUP-101,WH-01,0
KLT-005821,SUP-025,WH-01,0
KLT-005822,SUP-086,Supplier,0
KLT-005823,SUP-170,WH-01,0
KLT-005824,SUP-066,Supplier,0
KLT-005825,SUP-136,WH-02,0
KLT-005826,SUP-098,WH-01,0
KLT-005827,SUP-044,WH-02,0
KLT-005828,SUP-033,WH-01,0
KLT-005829,SUP-179,WH-01,0
KLT-005830,SUP-079,WH-01,0
KLT-005831,SUP-021,WH-02,0
KLT-005832,SUP-070,Carrier,0
KLT-005833,SUP-090,WH-02,0
KLT-005834,SUP-090,WH-01,0
KLT-005835,SUP-005,WH-01,0
KLT-005836,SUP-135,Carrier,0
KLT-005837,SUP-118,WH-01,0
KLT-005838,SUP-056,WH-02,0
KLT-005839,SUP-124,Supplier,0
KLT-005840,SUP-108,WH-01,0
KLT-005841,SUP-082,Supplier,0
KLT-005842,SUP-183,WH-02,0
KLT-005843,SUP-119,WH-02,0
KLT-005844,SUP-151,WH-01,0
KLT-005845,SUP-166,WH-01,0
KLT-005846,SUP-016,Carrier,0
KLT-005847,SUP-002,Supplier,0
KLT-005848,SUP-029,Carrier,0
KLT-005849,SUP-109,WH-01,0
KLT-005850,SUP-138,WH-02,0
KLT-005851,SUP-106,WH-01,0
KLT-005852,SUP-052,WH-01,0
KLT-005853,SUP-008,Supplier,0
KLT-005854,SUP-128,Supplier,0
KLT-005855,SUP-106,Carrier,0
KLT-005856,SUP-055,Supplier,0
KLT-005857,SUP-101,Supplier,0
KLT-005858,SUP-033,WH-02,0
KLT-005859,SUP-134,WH-01,0
KLT-005860,SUP-026,WH-02,0
KLT-005861,SUP-129,Supplier,0
KLT-005862,SUP-044,Supplier,0
KLT-005863,SUP-173,Supplier,0
KLT-005864,SUP-151,Carrier,0
KLT-005865,SUP-046,WH-01,0
KLT-005866,SUP-198,Supplier,0
KLT-005867,SUP-045,WH-01,0
KLT-005868,SUP-010,WH-01,0
KLT-005869,SUP-186,Supplier,0
KLT-005870,SUP-013,WH-02,0
KLT-005871,SUP-056,Carrier,0
KLT-005872,SUP-119,WH-02,0
KLT-005873,SUP-147,WH-02,0
KLT-005874,SUP-001,Supplier,0
KLT-005875,SUP-112,WH-02,0
KLT-005876,SUP-085,WH-02,0
KLT-005877,SUP-192,Supplier,0
KLT-005878,SUP-105,WH-02,0
KLT-005879,SUP-052,WH-01,0
KLT-005880,SUP-081,WH-01,0
KLT-005881,SUP-129,WH-01,0
KLT-005882,SUP-186,WH-01,0
KLT-005883,SUP-112,WH-01,0
KLT-005884,SUP-159,Carrier,0
KLT-005885,SUP-156,Carrier,0
KLT-005886,SUP-025,WH-02,0
KLT-005887,SUP-083,WH-01,0
KLT-005888,SUP-108,WH-02,0
KLT-005889,SUP-057,WH-02,0
KLT-005890,SUP-191,WH-01,0
KLT-005891,SUP-067,WH-02,0
KLT-005892,SUP-111,WH-02,0
KLT-005893,SUP-160,WH-01,0
KLT-005894,SUP-078,WH-01,0
KLT-005895,SUP-178,WH-01,0
KLT-005896,SUP-044,Carrier,0
KLT-005897,SUP-114,WH-02,0
KLT-005898,SUP-173,Carrier,0
KLT-005899,SUP-150,WH-02,0
KLT-005900,SUP-006,Supplier,0
KLT-005901,SUP-138,Carrier,0
KLT-005902,SUP-136,WH-01,0
KLT-005903,SUP-107,Supplier,0
KLT-005904,SUP-134,WH-02,0
KLT-005905,SUP-102,Carrier,0
KLT-005906,SUP-005,Supplier,0
KLT-005907,SUP-010,Supplier,0
KLT-005908,SUP-126,WH-02,0
KLT-005909,SUP-107,WH-02,0
KLT-005910,SUP-169,WH-01,0
KLT-005911,SUP-046,Carrier,0
KLT-005912,SUP-002,WH-01,0
KLT-005913,SUP-079,WH-01,0
KLT-005914,SUP-021,Supplier,0
KLT-005915,SUP-042,WH-02,0
KLT-005916,SUP-190,Carrier,0
KLT-005917,SUP-015,Carrier,0
KLT-005918,SUP-191,WH-02,0
KLT-005919,SUP-172,Carrier,0
KLT-005920,SUP-182,WH-01,0
KLT-005921,SUP-178,Carrier,0
KLT-005922,SUP-175,WH-01,0
KLT-005923,SUP-180,Carrier,0
KLT-005924,SUP-002,WH-01,0
KLT-005925,SUP-010,Carrier,0
KLT-005926,SUP-126,WH-02,0
KLT-005927,SUP-171,Carrier,0
KLT-005928,SUP-089,Supplier,0
KLT-005929,SUP-015,WH-02,0
KLT-005930,SUP-097,Carrier,0
KLT-005931,SUP-059,WH-01,0
KLT-005932,SUP-092,Supplier,0
KLT-005933,SUP-076,Carrier,0
KLT-005934,SUP-155,WH-01,0
KLT-005935,SUP-054,Carrier,0
KLT-005936,SUP-048,Carrier,0
KLT-005937,SUP-184,Carrier,0
KLT-005938,SUP-010,Supplier,0
KLT-005939,SUP-103,WH-02,0
KLT-005940,SUP-038,WH-01,0
KLT-005941,SUP-030,Carrier,0
KLT-005942,SUP-020,Carrier,0
KLT-005943,SUP-132,Carrier,0
KLT-005944,SUP-041,WH-01,0
KLT-005945,SUP-011,Carrier,0
KLT-005946,SUP-065,Carrier,0
KLT-005947,SUP-052,WH-01,0
KLT-005948,SUP-083,WH-02,0
KLT-005949,SUP-119,WH-02,0
KLT-005950,SUP-106,Supplier,0
KLT-005951,SUP-160,WH-01,0
KLT-005952,SUP-186,WH-02,0
KLT-005953,SUP-167,WH-02,0
KLT-005954,SUP-137,Carrier,0
KLT-005955,SUP-052,WH-01,0
KLT-005956,SUP-081,Carrier,0
KLT-005957,SUP-127,Carrier,0
KLT-005958,SUP-087,WH-02,0
KLT-005959,SUP-164,WH-01,0
KLT-005960,SUP-180,WH-02,0
KLT-005961,SUP-023,WH-02,0
KLT-005962,SUP-124,WH-01,0
KLT-005963,SUP-044,Supplier,0
KLT-005964,SUP-174,WH-01,0
KLT-005965,SUP-086,WH-01,0
KLT-005966,SUP-020,WH-02,0
KLT-005967,SUP-044,Carrier,0
KLT-005968,SUP-103,Carrier,0
KLT-005969,SUP-178,Supplier,0
KLT-005970,SUP-102,Supplier,0
KLT-005971,SUP-125,Supplier,0
KLT-005972,SUP-163,Supplier,0
KLT-005973,SUP-103,WH-01,0
KLT-005974,SUP-057,Carrier,0
KLT-005975,SUP-175,WH-02,0
KLT-005976,SUP-147,WH-02,0
KLT-005977,SUP-178,WH-02,0
KLT-005978,SUP-036,WH-02,0
KLT-005979,SUP-096,Carrier,0
KLT-005980,SUP-165,Supplier,0
KLT-005981,SUP-122,WH-02,0
KLT-005982,SUP-166,Carrier,0
KLT-005983,SUP-128,WH-02,0
KLT-005984,SUP-180,WH-02,0
KLT-005985,SUP-147,Supplier,0
KLT-005986,SUP-115,WH-02,0
KLT-005987,SUP-176,WH-01,0
KLT-005988,SUP-181,Carrier,0
KLT-005989,SUP-060,Supplier,0
KLT-005990,SUP-092,Supplier,0
KLT-005991,SUP-116,WH-02,0
KLT-005992,SUP-155,Supplier,0
KLT-005993,SUP-010,Carrier,0
KLT-005994,SUP-106,Carrier,0
KLT-005995,SUP-075,WH-02,0
KLT-005996,SUP-166,WH-01,0
KLT-005997,SUP-005,WH-01,0
KLT-005998,SUP-065,WH-01,0
KLT-005999,SUP-143,WH-02,0
KLT-006000,SUP-168,Carrier,0
KLT-006001,SUP-142,WH-01,0
KLT-006002,SUP-097,WH-01,0
KLT-006003,SUP-191,Carrier,0
KLT-006004,SUP-159,Carrier,0
KLT-006005,SUP-017,WH-01,0
KLT-006006,SUP-147,WH-02,0
KLT-006007,SUP-093,WH-02,0
KLT-006008,SUP-109,Supplier,0
KLT-006009,SUP-008,Carrier,0
KLT-006010,SUP-163,WH-01,0
KLT-006011,SUP-144,WH-02,0
KLT-006012,SUP-074,Supplier,0
KLT-006013,SUP-138,Carrier,0
KLT-006014,SUP-087,Carrier,0
KLT-006015,SUP-140,Carrier,0
KLT-006016,SUP-161,Carrier,0
KLT-006017,SUP-178,WH-02,0
KLT-006018,SUP-005,Carrier,0
KLT-006019,SUP-048,Carrier,0
KLT-006020,SUP-170,Carrier,0
KLT-006021,SUP-044,WH-01,0
KLT-006022,SUP-005,WH-02,0
KLT-006023,SUP-058,WH-01,0
KLT-006024,SUP-021,Carrier,0
KLT-006025,SUP-173,WH-01,0
KLT-006026,SUP-158,WH-01,0
KLT-006027,SUP-163,Supplier,0
KLT-006028,SUP-188,Carrier,0
KLT-006029,SUP-066,Supplier,0
KLT-006030,SUP-155,Supplier,0
KLT-006031,SUP-142,WH-01,0
KLT-006032,SUP-006,Supplier,0
KLT-006033,SUP-087,Carrier,0
KLT-006034,SUP-144,Supplier,0
KLT-006035,SUP-118,Carrier,0
KLT-006036,SUP-054,WH-01,0
KLT-006037,SUP-151,Supplier,0
KLT-006038,SUP-063,Supplier,0
KLT-006039,SUP-001,Carrier,0
KLT-006040,SUP-124,Carrier,0
KLT-006041,SUP-019,WH-01,0
KLT-006042,SUP-015,WH-01,0
KLT-006043,SUP-006,Supplier,0
KLT-006044,SUP-193,Carrier,0
KLT-006045,SUP-127,Supplier,0
KLT-006046,SUP-146,Carrier,0
KLT-006047,SUP-064,WH-02,0
KLT-006048,SUP-125,WH-02,0
KLT-006049,SUP-167,WH-02,0
KLT-006050,SUP-013,WH-01,0
KLT-006051,SUP-061,Carrier,0
KLT-006052,SUP-128,Carrier,0
KLT-006053,SUP-095,WH-01,0
KLT-006054,SUP-097,WH-02,0
KLT-006055,SUP-059,WH-01,0
KLT-006056,SUP-065,Supplier,0
KLT-006057,SUP-057,Supplier,0
KLT-006058,SUP-171,WH-02,0
KLT-006059,SUP-048,Supplier,0
KLT-006060,SUP-144,Carrier,0
KLT-006061,SUP-071,Supplier,0
KLT-006062,SUP-108,WH-01,0
KLT-006063,SUP-068,WH-02,0
KLT-006064,SUP-003,WH-02,0
KLT-006065,SUP-120,Supplier,0
KLT-006066,SUP-110,WH-01,0
KLT-006067,SUP-135,Supplier,0
KLT-006068,SUP-078,Carrier,0
KLT-006069,SUP-055,Supplier,0
KLT-006070,SUP-009,WH-02,0
KLT-006071,SUP-062,WH-02,0
KLT-006072,SUP-099,WH-02,0
KLT-006073,SUP-166,WH-02,0
KLT-006074,SUP-197,Supplier,0
KLT-006075,SUP-050,Carrier,0
KLT-006076,SUP-138,Carrier,0
KLT-006077,SUP-137,Supplier,0
KLT-006078,SUP-174,WH-01,0
KLT-006079,SUP-010,WH-02,0
KLT-006080,SUP-099,WH-02,0
KLT-006081,SUP-174,WH-01,0
KLT-006082,SUP-045,Supplier,0
KLT-006083,SUP-066,WH-01,0
KLT-006084,SUP-085,WH-02,0
KLT-006085,SUP-004,WH-01,0
KLT-006086,SUP-165,WH-01,0
KLT-006087,SUP-050,WH-01,0
KLT-006088,SUP-076,Supplier,0
KLT-006089,SUP-187,WH-02,0
KLT-006090,SUP-013,WH-01,0
KLT-006091,SUP-179,Carrier,0
KLT-006092,SUP-111,Carrier,0
KLT-006093,SUP-020,Carrier,0
KLT-006094,SUP-161,Supplier,0
KLT-006095,SUP-092,WH-02,0
KLT-006096,SUP-077,WH-01,0
KLT-006097,SUP-042,Supplier,0
KLT-006098,SUP-128,WH-01,0
KLT-006099,SUP-184,WH-01,0
KLT-006100,SUP-101,WH-01,0
KLT-006101,SUP-149,Carrier,0
KLT-006102,SUP-126,WH-02,0
KLT-006103,SUP-093,WH-01,0
KLT-006104,SUP-166,Supplier,0
KLT-006105,SUP-088,Carrier,0
KLT-006106,SUP-078,WH-02,0
KLT-006107,SUP-106,WH-01,0
KLT-006108,SUP-028,WH-02,0
KLT-006109,SUP-020,Supplier,0
KLT-006110,SUP-150,WH-01,0
KLT-006111,SUP-092,WH-01,0
KLT-006112,SUP-050,Supplier,0
KLT-006113,SUP-161,WH-01,0
KLT-006114,SUP-044,WH-01,0
KLT-006115,SUP-012,WH-01,0
KLT-006116,SUP-177,WH-02,0
KLT-006117,SUP-165,Carrier,0
KLT-006118,SUP-194,WH-01,0
KLT-006119,SUP-174,WH-01,0
KLT-006120,SUP-131,Supplier,0
KLT-006121,SUP-199,Supplier,0
KLT-006122,SUP-003,WH-02,0
KLT-006123,SUP-156,Supplier,0
KLT-006124,SUP-098,WH-01,0
KLT-006125,SUP-020,WH-02,0
KLT-006126,SUP-121,Carrier,0
KLT-006127,SUP-137,WH-02,0
KLT-006128,SUP-012,Supplier,0
KLT-006129,SUP-179,WH-02,0
KLT-006130,SUP-107,Carrier,0
KLT-006131,SUP-039,Supplier,0
KLT-006132,SUP-149,Supplier,0
KLT-006133,SUP-197,Carrier,0
KLT-006134,SUP-028,Supplier,0
KLT-006135,SUP-161,Carrier,0
KLT-006136,SUP-127,WH-01,0
KLT-006137,SUP-186,Carrier,0
KLT-006138,SUP-098,WH-02,0
KLT-006139,SUP-031,WH-02,0
KLT-006140,SUP-192,WH-02,0
KLT-006141,SUP-036,WH-02,0
KLT-006142,SUP-176,Supplier,0
KLT-006143,SUP-038,Supplier,0
KLT-006144,SUP-102,Supplier,0
KLT-006145,SUP-179,WH-01,0
KLT-006146,SUP-004,WH-01,0
KLT-006147,SUP-199,Carrier,0
KLT-006148,SUP-061,Supplier,0
KLT-006149,SUP-160,Supplier,0
KLT-006150,SUP-058,WH-01,0
KLT-006151,SUP-184,WH-01,0
KLT-006152,SUP-052,WH-01,0
KLT-006153,SUP-114,WH-02,0
KLT-006154,SUP-174,WH-02,0
KLT-006155,SUP-100,Supplier,0
KLT-006156,SUP-169,Carrier,0
KLT-006157,SUP-044,WH-02,0
KLT-006158,SUP-143,WH-01,0
KLT-006159,SUP-134,WH-01,0
KLT-006160,SUP-146,WH-01,0
KLT-006161,SUP-037,WH-02,0
KLT-006162,SUP-129,WH-01,0
KLT-006163,SUP-185,WH-01,0
KLT-006164,SUP-176,WH-02,0
KLT-006165,SUP-041,Supplier,0
KLT-006166,SUP-154,Carrier,0
KLT-006167,SUP-074,WH-01,0
KLT-006168,SUP-155,Supplier,0
KLT-006169,SUP-143,WH-01,0
KLT-006170,SUP-122,WH-01,0
KLT-006171,SUP-132,WH-02,0
KLT-006172,SUP-142,Supplier,0
KLT-006173,SUP-078,Supplier,0
KLT-006174,SUP-123,Supplier,0
KLT-006175,SUP-037,Supplier,0
KLT-006176,SUP-046,Supplier,0
KLT-006177,SUP-118,WH-01,0
KLT-006178,SUP-065,WH-02,0
KLT-006179,SUP-047,WH-01,0
KLT-006180,SUP-135,WH-01,0
KLT-006181,SUP-016,WH-02,0
KLT-006182,SUP-041,WH-01,0
KLT-006183,SUP-071,Supplier,0
KLT-006184,SUP-066,WH-02,0
KLT-006185,SUP-086,WH-01,0
KLT-006186,SUP-019,WH-01,0
KLT-006187,SUP-042,Supplier,0
KLT-006188,SUP-085,WH-02,0
KLT-006189,SUP-123,WH-01,0
KLT-006190,SUP-169,Supplier,0
KLT-006191,SUP-158,Supplier,0
KLT-006192,SUP-125,Carrier,0
KLT-006193,SUP-044,WH-01,0
KLT-006194,SUP-136,WH-02,0
KLT-006195,SUP-117,WH-02,0
KLT-006196,SUP-127,Supplier,0
KLT-006197,SUP-054,Supplier,0
KLT-006198,SUP-122,Supplier,0
KLT-006199,SUP-009,Supplier,0
KLT-006200,SUP-084,WH-01,0
KLT-006201,SUP-098,Carrier,0
KLT-006202,SUP-192,Supplier,0
KLT-006203,SUP-056,WH-02,0
KLT-006204,SUP-082,Supplier,0
KLT-006205,SUP-101,Supplier,0
KLT-006206,SUP-018,WH-01,0
KLT-006207,SUP-104,WH-01,0
KLT-006208,SUP-027,WH-02,0
KLT-006209,SUP-089,Supplier,0
KLT-006210,SUP-134,Supplier,0
KLT-006211,SUP-134,Carrier,0
KLT-006212,SUP-176,Carrier,0
KLT-006213,SUP-056,WH-02,0
KLT-006214,SUP-084,WH-02,0
KLT-006215,SUP-010,Supplier,0
KLT-006216,SUP-103,Carrier,0
KLT-006217,SUP-140,Supplier,0
KLT-006218,SUP-062,Supplier,0
KLT-006219,SUP-022,WH-02,0
KLT-006220,SUP-155,Supplier,0
KLT-006221,SUP-131,Supplier,0
KLT-006222,SUP-018,Carrier,0
KLT-006223,SUP-041,WH-02,0
KLT-006224,SUP-023,WH-02,0
KLT-006225,SUP-089,WH-01,0
KLT-006226,SUP-015,WH-01,0
KLT-006227,SUP-008,Supplier,0
KLT-006228,SUP-115,Supplier,0
KLT-006229,SUP-017,WH-01,0
KLT-006230,SUP-156,WH-01,0
KLT-006231,SUP-093,WH-01,0
KLT-006232,SUP-009,WH-01,0
KLT-006233,SUP-167,Carrier,0
KLT-006234,SUP-022,WH-02,0
KLT-006235,SUP-199,WH-01,0
KLT-006236,SUP-023,Carrier,0
KLT-006237,SUP-066,WH-02,0
KLT-006238,SUP-033,Supplier,0
KLT-006239,SUP-071,WH-01,0
KLT-006240,SUP-144,Supplier,0
KLT-006241,SUP-175,WH-02,0
KLT-006242,SUP-055,Carrier,0
KLT-006243,SUP-195,Carrier,0
KLT-006244,SUP-152,Carrier,0
KLT-006245,SUP-037,Carrier,0
KLT-006246,SUP-148,WH-01,0
KLT-006247,SUP-013,WH-02,0
KLT-006248,SUP-047,Supplier,0
KLT-006249,SUP-184,WH-02,0
KLT-006250,SUP-188,Carrier,0
KLT-006251,SUP-012,Carrier,0
KLT-006252,SUP-096,WH-02,0
KLT-006253,SUP-071,Supplier,0
KLT-006254,SUP-105,WH-01,0
KLT-006255,SUP-118,WH-01,0
KLT-006256,SUP-089,WH-02,0
KLT-006257,SUP-123,WH-02,0
KLT-006258,SUP-192,Supplier,0
KLT-006259,SUP-089,Carrier,0
KLT-006260,SUP-108,WH-02,0
KLT-006261,SUP-083,WH-01,0
KLT-006262,SUP-003,Carrier,0
KLT-006263,SUP-062,Carrier,0
KLT-006264,SUP-112,WH-01,0
KLT-006265,SUP-003,Carrier,0
KLT-006266,SUP-185,WH-02,0
KLT-006267,SUP-082,Supplier,0
KLT-006268,SUP-116,WH-01,0
KLT-006269,SUP-156,WH-02,0
KLT-006270,SUP-196,WH-01,0
KLT-006271,SUP-008,WH-02,0
KLT-006272,SUP-013,WH-02,0
KLT-006273,SUP-066,Supplier,0
KLT-006274,SUP-157,Carrier,0
KLT-006275,SUP-142,Carrier,0
KLT-006276,SUP-197,Carrier,0
KLT-006277,SUP-189,Carrier,0
KLT-006278,SUP-053,Carrier,0
KLT-006279,SUP-036,Supplier,0
KLT-006280,SUP-045,WH-01,0
KLT-006281,SUP-148,WH-01,0
KLT-006282,SUP-052,Carrier,0
KLT-006283,SUP-052,WH-01,0
KLT-006284,SUP-004,WH-01,0
KLT-006285,SUP-062,Supplier,0
KLT-006286,SUP-090,Carrier,0
KLT-006287,SUP-145,Carrier,0
KLT-006288,SUP-089,Supplier,0
KLT-006289,SUP-167,WH-01,0
KLT-006290,SUP-101,Supplier,0
KLT-006291,SUP-182,Carrier,0
KLT-006292,SUP-054,WH-01,0
KLT-006293,SUP-178,WH-02,0
KLT-006294,SUP-062,Carrier,0
KLT-006295,SUP-126,WH-02,0
KLT-006296,SUP-179,WH-02,0
KLT-006297,SUP-024,Carrier,0
KLT-006298,SUP-181,WH-01,0
KLT-006299,SUP-116,WH-02,0
KLT-006300,SUP-021,Carrier,0
KLT-006301,SUP-013,Supplier,0
KLT-006302,SUP-016,Supplier,0
KLT-006303,SUP-046,WH-02,0
KLT-006304,SUP-008,WH-01,0
KLT-006305,SUP-070,WH-01,0
KLT-006306,SUP-049,WH-01,0
KLT-006307,SUP-107,WH-01,0
KLT-006308,SUP-085,Supplier,0
KLT-006309,SUP-198,WH-02,0
KLT-006310,SUP-061,WH-02,0
KLT-006311,SUP-151,Supplier,0
KLT-006312,SUP-152,WH-01,0
KLT-006313,SUP-078,Carrier,0
KLT-006314,SUP-165,Carrier,0
KLT-006315,SUP-022,Carrier,0
KLT-006316,SUP-117,WH-02,0
KLT-006317,SUP-131,Supplier,0
KLT-006318,SUP-076,WH-02,0
KLT-006319,SUP-145,WH-01,0
KLT-006320,SUP-153,WH-01,0
KLT-006321,SUP-149,WH-01,0
KLT-006322,SUP-049,WH-02,0
KLT-006323,SUP-049,WH-01,0
KLT-006324,SUP-155,WH-01,0
KLT-006325,SUP-107,WH-02,0
KLT-006326,SUP-109,WH-01,0
KLT-006327,SUP-007,Carrier,0
KLT-006328,SUP-090,WH-02,0
KLT-006329,SUP-052,WH-01,0
KLT-006330,SUP-024,WH-02,0
KLT-006331,SUP-106,WH-01,0
KLT-006332,SUP-118,WH-02,0
KLT-006333,SUP-012,Carrier,0
KLT-006334,SUP-132,Supplier,0
KLT-006335,SUP-122,Carrier,0
KLT-006336,SUP-116,WH-02,0
KLT-006337,SUP-137,WH-01,0
KLT-006338,SUP-141,WH-02,0
KLT-006339,SUP-182,WH-02,0
KLT-006340,SUP-079,WH-01,0
KLT-006341,SUP-054,Carrier,0
KLT-006342,SUP-161,Supplier,0
KLT-006343,SUP-118,Carrier,0
KLT-006344,SUP-094,Supplier,0
KLT-006345,SUP-003,WH-02,0
KLT-006346,SUP-156,Supplier,0
KLT-006347,SUP-002,Supplier,0
KLT-006348,SUP-184,Supplier,0
KLT-006349,SUP-039,Carrier,0
KLT-006350,SUP-098,Supplier,0
KLT-006351,SUP-187,Carrier,0
KLT-006352,SUP-172,Carrier,0
KLT-006353,SUP-119,Supplier,0
KLT-006354,SUP-076,WH-01,0
KLT-006355,SUP-097,WH-02,0
KLT-006356,SUP-033,WH-02,0
KLT-006357,SUP-120,WH-01,0
KLT-006358,SUP-010,Supplier,0
KLT-006359,SUP-094,WH-02,0
KLT-006360,SUP-119,Carrier,0
KLT-006361,SUP-073,Supplier,0
KLT-006362,SUP-132,Supplier,0
KLT-006363,SUP-034,Supplier,0
KLT-006364,SUP-090,Carrier,0
KLT-006365,SUP-107,WH-01,0
KLT-006366,SUP-065,WH-01,0
KLT-006367,SUP-113,Supplier,0
KLT-006368,SUP-144,Carrier,0
KLT-006369,SUP-023,WH-01,0
KLT-006370,SUP-058,WH-01,0
KLT-006371,SUP-070,WH-02,0
KLT-006372,SUP-103,Carrier,0
KLT-006373,SUP-142,WH-01,0
KLT-006374,SUP-101,WH-02,0
KLT-006375,SUP-066,WH-01,0
KLT-006376,SUP-191,Supplier,0
KLT-006377,SUP-119,Carrier,0
KLT-006378,SUP-135,Supplier,0
KLT-006379,SUP-199,WH-01,0
KLT-006380,SUP-064,Supplier,0
KLT-006381,SUP-118,Supplier,0
KLT-006382,SUP-111,WH-01,0
KLT-006383,SUP-136,Carrier,0
KLT-006384,SUP-128,Carrier,0
KLT-006385,SUP-005,WH-01,0
KLT-006386,SUP-140,WH-02,0
KLT-006387,SUP-131,WH-01,0
KLT-006388,SUP-007,Carrier,0
KLT-006389,SUP-200,Supplier,0
KLT-006390,SUP-039,WH-02,0
KLT-006391,SUP-132,Carrier,0
KLT-006392,SUP-087,WH-02,0
KLT-006393,SUP-136,Carrier,0
KLT-006394,SUP-083,Supplier,0
KLT-006395,SUP-059,WH-01,0
KLT-006396,SUP-053,WH-01,0
KLT-006397,SUP-177,WH-02,0
KLT-006398,SUP-157,WH-01,0
KLT-006399,SUP-103,WH-01,0
KLT-006400,SUP-112,WH-02,0
KLT-006401,SUP-030,Supplier,0
KLT-006402,SUP-121,WH-02,0
KLT-006403,SUP-159,Carrier,0
KLT-006404,SUP-125,Carrier,0
KLT-006405,SUP-019,Supplier,0
KLT-006406,SUP-066,Carrier,0
KLT-006407,SUP-199,WH-01,0
KLT-006408,SUP-042,Supplier,0
KLT-006409,SUP-116,WH-02,0
KLT-006410,SUP-065,Carrier,0
KLT-006411,SUP-060,Supplier,0
KLT-006412,SUP-171,WH-01,0
KLT-006413,SUP-035,WH-01,0
KLT-006414,SUP-029,WH-02,0
KLT-006415,SUP-145,WH-01,0
KLT-006416,SUP-138,WH-01,0
KLT-006417,SUP-091,WH-02,0
KLT-006418,SUP-159,Supplier,0
KLT-006419,SUP-073,WH-01,0
KLT-006420,SUP-004,WH-02,0
KLT-006421,SUP-020,WH-01,0
KLT-006422,SUP-188,Supplier,0
KLT-006423,SUP-169,WH-01,0
KLT-006424,SUP-159,Supplier,0
KLT-006425,SUP-009,WH-01,0
KLT-006426,SUP-110,WH-01,0
KLT-006427,SUP-099,Supplier,0
KLT-006428,SUP-106,Carrier,0
KLT-006429,SUP-036,Supplier,0
KLT-006430,SUP-115,Carrier,0
KLT-006431,SUP-141,Supplier,0
KLT-006432,SUP-117,Supplier,0
KLT-006433,SUP-129,WH-01,0
KLT-006434,SUP-058,WH-01,0
KLT-006435,SUP-136,WH-02,0
KLT-006436,SUP-163,WH-01,0
KLT-006437,SUP-095,WH-02,0
KLT-006438,SUP-152,Carrier,0
KLT-006439,SUP-047,Carrier,0
KLT-006440,SUP-151,Supplier,0
KLT-006441,SUP-173,Carrier,0
KLT-006442,SUP-037,Supplier,0
KLT-006443,SUP-112,Carrier,0
KLT-006444,SUP-029,Carrier,0
KLT-006445,SUP-026,WH-02,0
KLT-006446,SUP-156,WH-02,0
KLT-006447,SUP-006,Supplier,0
KLT-006448,SUP-049,Carrier,0
KLT-006449,SUP-195,WH-01,0
KLT-006450,SUP-141,Supplier,0
KLT-006451,SUP-143,WH-01,0
KLT-006452,SUP-082,WH-02,0
KLT-006453,SUP-105,Supplier,0
KLT-006454,SUP-089,Carrier,0
KLT-006455,SUP-058,Supplier,0
KLT-006456,SUP-128,WH-01,0
KLT-006457,SUP-134,Supplier,0
KLT-006458,SUP-092,Supplier,0
KLT-006459,SUP-198,WH-01,0
KLT-006460,SUP-050,WH-02,0
KLT-006461,SUP-079,Supplier,0
KLT-006462,SUP-055,Supplier,0
KLT-006463,SUP-163,WH-01,0
KLT-006464,SUP-029,Carrier,0
KLT-006465,SUP-095,Supplier,0
KLT-006466,SUP-159,Supplier,0
KLT-006467,SUP-109,Supplier,0
KLT-006468,SUP-167,Supplier,0
KLT-006469,SUP-003,WH-01,0
KLT-006470,SUP-028,Supplier,0
KLT-006471,SUP-142,WH-01,0
KLT-006472,SUP-090,Supplier,0
KLT-006473,SUP-001,WH-02,0
KLT-006474,SUP-147,Carrier,0
KLT-006475,SUP-167,WH-02,0
KLT-006476,SUP-145,Carrier,0
KLT-006477,SUP-097,Supplier,0
KLT-006478,SUP-019,Supplier,0
KLT-006479,SUP-033,WH-01,0
KLT-006480,SUP-181,WH-01,0
KLT-006481,SUP-019,Carrier,0
KLT-006482,SUP-014,Supplier,0
KLT-006483,SUP-143,Supplier,0
KLT-006484,SUP-087,WH-01,0
KLT-006485,SUP-179,WH-02,0
KLT-006486,SUP-063,WH-02,0
KLT-006487,SUP-121,WH-01,0
KLT-006488,SUP-069,WH-01,0
KLT-006489,SUP-001,Carrier,0
KLT-006490,SUP-183,WH-01,0
KLT-006491,SUP-084,WH-01,0
KLT-006492,SUP-082,Carrier,0
KLT-006493,SUP-126,WH-01,0
KLT-006494,SUP-192,Carrier,0
KLT-006495,SUP-100,WH-01,0
KLT-006496,SUP-048,Carrier,0
KLT-006497,SUP-141,Supplier,0
KLT-006498,SUP-152,Carrier,0
KLT-006499,SUP-120,Carrier,0
KLT-006500,SUP-040,WH-02,0
KLT-006501,SUP-199,Supplier,0
KLT-006502,SUP-150,WH-02,0
KLT-006503,SUP-077,WH-02,0
KLT-006504,SUP-088,Carrier,0
KLT-006505,SUP-090,Carrier,0
KLT-006506,SUP-183,WH-01,0
KLT-006507,SUP-002,WH-02,0
KLT-006508,SUP-140,WH-02,0
KLT-006509,SUP-193,WH-01,0
KLT-006510,SUP-018,Supplier,0
KLT-006511,SUP-143,Carrier,0
KLT-006512,SUP-023,WH-02,0
KLT-006513,SUP-115,WH-02,0
KLT-006514,SUP-011,WH-01,0
KLT-006515,SUP-158,Supplier,0
KLT-006516,SUP-049,WH-01,0
KLT-006517,SUP-141,WH-02,0
KLT-006518,SUP-103,WH-02,0
KLT-006519,SUP-183,Supplier,0
KLT-006520,SUP-038,Carrier,0
KLT-006521,SUP-200,WH-01,0
KLT-006522,SUP-096,Carrier,0
KLT-006523,SUP-111,WH-01,0
KLT-006524,SUP-113,Supplier,0
KLT-006525,SUP-179,WH-01,0
KLT-006526,SUP-044,Supplier,0
KLT-006527,SUP-062,WH-02,0
KLT-006528,SUP-075,Supplier,0
KLT-006529,SUP-150,WH-02,0
KLT-006530,SUP-168,Supplier,0
KLT-006531,SUP-050,Supplier,0
KLT-006532,SUP-143,Carrier,0
KLT-006533,SUP-065,WH-01,0
KLT-006534,SUP-065,Supplier,0
KLT-006535,SUP-146,WH-02,0
KLT-006536,SUP-191,Carrier,0
KLT-006537,SUP-147,WH-01,0
KLT-006538,SUP-076,WH-02,0
KLT-006539,SUP-067,Supplier,0
KLT-006540,SUP-085,WH-01,0
KLT-006541,SUP-013,Supplier,0
KLT-006542,SUP-076,Supplier,0
KLT-006543,SUP-115,WH-01,0
KLT-006544,SUP-104,WH-02,0
KLT-006545,SUP-057,WH-01,0
KLT-006546,SUP-096,Supplier,0
KLT-006547,SUP-158,Carrier,0
KLT-006548,SUP-053,WH-01,0
KLT-006549,SUP-064,WH-01,0
KLT-006550,SUP-015,WH-01,0
KLT-006551,SUP-161,WH-02,0
KLT-006552,SUP-079,Supplier,0
KLT-006553,SUP-138,Carrier,0
KLT-006554,SUP-139,Supplier,0
KLT-006555,SUP-016,Supplier,0
KLT-006556,SUP-168,Supplier,0
KLT-006557,SUP-082,WH-02,0
KLT-006558,SUP-146,Carrier,0
KLT-006559,SUP-138,WH-02,0
KLT-006560,SUP-040,WH-02,0
KLT-006561,SUP-140,WH-01,0
KLT-006562,SUP-165,Carrier,0
KLT-006563,SUP-028,Carrier,0
KLT-006564,SUP-182,Carrier,0
KLT-006565,SUP-092,Supplier,0
KLT-006566,SUP-068,WH-01,0
KLT-006567,SUP-185,WH-02,0
KLT-006568,SUP-072,Carrier,0
KLT-006569,SUP-159,Carrier,0
KLT-006570,SUP-103,Supplier,0
KLT-006571,SUP-066,WH-01,0
KLT-006572,SUP-127,Carrier,0
KLT-006573,SUP-092,WH-01,0
KLT-006574,SUP-117,Carrier,0
KLT-006575,SUP-040,Carrier,0
KLT-006576,SUP-171,WH-02,0
KLT-006577,SUP-027,Supplier,0
KLT-006578,SUP-122,WH-01,0
KLT-006579,SUP-064,WH-02,0
KLT-006580,SUP-180,WH-01,0
KLT-006581,SUP-079,WH-01,0
KLT-006582,SUP-037,Carrier,0
KLT-006583,SUP-009,WH-02,0
KLT-006584,SUP-009,WH-02,0
KLT-006585,SUP-027,Carrier,0
KLT-006586,SUP-108,Carrier,0
KLT-006587,SUP-064,WH-01,0
KLT-006588,SUP-068,Supplier,0
KLT-006589,SUP-136,Supplier,0
KLT-006590,SUP-095,WH-01,0
KLT-006591,SUP-032,WH-02,0
KLT-006592,SUP-027,Supplier,0
KLT-006593,SUP-075,WH-01,0
KLT-006594,SUP-107,WH-01,0
KLT-006595,SUP-171,Carrier,0
KLT-006596,SUP-115,WH-01,0
KLT-006597,SUP-041,WH-02,0
KLT-006598,SUP-153,Supplier,0
KLT-006599,SUP-180,WH-02,0
KLT-006600,SUP-193,Supplier,0
KLT-006601,SUP-177,Supplier,0
KLT-006602,SUP-156,WH-02,0
KLT-006603,SUP-068,Carrier,0
KLT-006604,SUP-118,Supplier,0
KLT-006605,SUP-080,Supplier,0
KLT-006606,SUP-045,Supplier,0
KLT-006607,SUP-064,WH-02,0
KLT-006608,SUP-165,WH-01,0
KLT-006609,SUP-129,WH-02,0
KLT-006610,SUP-140,Supplier,0
KLT-006611,SUP-022,Carrier,0
KLT-006612,SUP-183,Supplier,0
KLT-006613,SUP-076,Carrier,0
KLT-006614,SUP-021,WH-01,0
KLT-006615,SUP-025,WH-01,0
KLT-006616,SUP-194,Supplier,0
KLT-006617,SUP-093,WH-01,0
KLT-006618,SUP-094,Carrier,0
KLT-006619,SUP-077,Supplier,0
KLT-006620,SUP-064,Carrier,0
KLT-006621,SUP-057,Carrier,0
KLT-006622,SUP-059,WH-01,0
KLT-006623,SUP-013,Supplier,0
KLT-006624,SUP-094,WH-02,0
KLT-006625,SUP-136,Carrier,0
KLT-006626,SUP-041,WH-02,0
KLT-006627,SUP-133,WH-02,0
KLT-006628,SUP-181,WH-01,0
KLT-006629,SUP-172,WH-01,0
KLT-006630,SUP-109,Supplier,0
KLT-006631,SUP-111,WH-01,0
KLT-006632,SUP-102,Supplier,0
KLT-006633,SUP-135,Supplier,0
KLT-006634,SUP-057,WH-01,0
KLT-006635,SUP-030,Carrier,0
KLT-006636,SUP-127,Supplier,0
KLT-006637,SUP-030,WH-01,0
KLT-006638,SUP-051,WH-02,0
KLT-006639,SUP-007,Supplier,0
KLT-006640,SUP-016,WH-02,0
KLT-006641,SUP-147,WH-01,0
KLT-006642,SUP-067,WH-01,0
KLT-006643,SUP-120,Carrier,0
KLT-006644,SUP-055,Carrier,0
KLT-006645,SUP-067,Supplier,0
KLT-006646,SUP-054,WH-01,0
KLT-006647,SUP-145,Supplier,0
KLT-006648,SUP-164,WH-02,0
KLT-006649,SUP-106,WH-02,0
KLT-006650,SUP-068,Supplier,0
KLT-006651,SUP-040,Supplier,0
KLT-006652,SUP-083,Supplier,0
KLT-006653,SUP-149,WH-01,0
KLT-006654,SUP-188,WH-02,0
KLT-006655,SUP-058,Supplier,0
KLT-006656,SUP-016,WH-02,0
KLT-006657,SUP-114,WH-02,0
KLT-006658,SUP-141,WH-01,0
KLT-006659,SUP-032,Carrier,0
KLT-006660,SUP-162,Carrier,0
KLT-006661,SUP-076,WH-01,0
KLT-006662,SUP-200,Supplier,0
KLT-006663,SUP-016,Carrier,0
KLT-006664,SUP-162,Supplier,0
KLT-006665,SUP-170,WH-02,0
KLT-006666,SUP-182,Carrier,0
KLT-006667,SUP-081,Supplier,0
KLT-006668,SUP-114,WH-01,0
KLT-006669,SUP-131,Carrier,0
KLT-006670,SUP-183,WH-02,0
KLT-006671,SUP-195,WH-02,0
KLT-006672,SUP-079,Supplier,0
KLT-006673,SUP-033,WH-01,0
KLT-006674,SUP-096,Carrier,0
KLT-006675,SUP-073,Carrier,0
KLT-006676,SUP-129,WH-02,0
KLT-006677,SUP-098,WH-01,0
KLT-006678,SUP-082,Carrier,0
KLT-006679,SUP-143,WH-01,0
KLT-006680,SUP-053,Carrier,0
KLT-006681,SUP-048,WH-01,0
KLT-006682,SUP-147,WH-01,0
KLT-006683,SUP-188,Carrier,0
KLT-006684,SUP-145,Supplier,43
KLT-006685,SUP-161,WH-02,0
KLT-006686,SUP-200,WH-02,0
KLT-006687,SUP-052,WH-01,0
KLT-006688,SUP-176,Carrier,0
KLT-006689,SUP-113,WH-01,0
KLT-006690,SUP-007,Supplier,0
KLT-006691,SUP-136,Supplier,0
KLT-006692,SUP-054,Supplier,0
KLT-006693,SUP-111,WH-02,0
KLT-006694,SUP-116,WH-02,0
KLT-006695,SUP-005,Supplier,0
KLT-006696,SUP-023,Carrier,0
KLT-006697,SUP-137,Carrier,0
KLT-006698,SUP-040,WH-02,0
KLT-006699,SUP-137,Supplier,0
KLT-006700,SUP-023,WH-02,0
KLT-006701,SUP-050,WH-01,0
KLT-006702,SUP-004,WH-01,0
KLT-006703,SUP-083,WH-02,0
KLT-006704,SUP-053,WH-02,0
KLT-006705,SUP-053,WH-01,0
KLT-006706,SUP-059,Carrier,0
KLT-006707,SUP-014,WH-01,0
KLT-006708,SUP-046,Supplier,0
KLT-006709,SUP-044,Carrier,0
KLT-006710,SUP-113,WH-02,0
KLT-006711,SUP-017,WH-02,0
KLT-006712,SUP-181,WH-01,0
KLT-006713,SUP-062,WH-01,0
KLT-006714,SUP-081,Supplier,0
KLT-006715,SUP-054,Carrier,0
KLT-006716,SUP-104,WH-02,0
KLT-006717,SUP-137,WH-02,0
KLT-006718,SUP-054,Carrier,0
KLT-006719,SUP-099,WH-01,0
KLT-006720,SUP-117,Supplier,0
KLT-006721,SUP-032,WH-02,0
KLT-006722,SUP-142,Supplier,0
KLT-006723,SUP-177,WH-01,0
KLT-006724,SUP-044,WH-02,0
KLT-006725,SUP-173,WH-01,0
KLT-006726,SUP-061,Supplier,0
KLT-006727,SUP-011,Carrier,0
KLT-006728,SUP-011,Carrier,0
KLT-006729,SUP-045,Carrier,0
KLT-006730,SUP-150,WH-02,0
KLT-006731,SUP-147,Supplier,0
KLT-006732,SUP-057,WH-01,0
KLT-006733,SUP-140,WH-02,0
KLT-006734,SUP-106,Carrier,0
KLT-006735,SUP-036,Supplier,0
KLT-006736,SUP-110,WH-01,0
KLT-006737,SUP-180,Carrier,0
KLT-006738,SUP-155,Supplier,0
KLT-006739,SUP-153,WH-02,0
KLT-006740,SUP-075,Carrier,0
KLT-006741,SUP-062,Supplier,0
KLT-006742,SUP-165,WH-01,0
KLT-006743,SUP-135,Supplier,0
KLT-006744,SUP-066,WH-02,0
KLT-006745,SUP-145,WH-02,0
KLT-006746,SUP-139,Carrier,0
KLT-006747,SUP-102,WH-02,0
KLT-006748,SUP-123,Carrier,0
KLT-006749,SUP-068,WH-02,0
KLT-006750,SUP-168,WH-02,0
KLT-006751,SUP-198,Supplier,0
KLT-006752,SUP-071,Supplier,0
KLT-006753,SUP-119,Supplier,0
KLT-006754,SUP-123,Supplier,0
KLT-006755,SUP-086,Carrier,0
KLT-006756,SUP-031,Carrier,0
KLT-006757,SUP-034,WH-02,0
KLT-006758,SUP-130,Carrier,0
KLT-006759,SUP-134,WH-02,0
KLT-006760,SUP-098,WH-02,0
KLT-006761,SUP-029,Carrier,0
KLT-006762,SUP-159,Carrier,0
KLT-006763,SUP-039,WH-02,0
KLT-006764,SUP-184,WH-02,0
KLT-006765,SUP-129,Supplier,0
KLT-006766,SUP-174,Supplier,0
KLT-006767,SUP-145,Supplier,0
KLT-006768,SUP-077,WH-01,0
KLT-006769,SUP-114,WH-01,0
KLT-006770,SUP-068,WH-01,0
KLT-006771,SUP-141,WH-01,0
KLT-006772,SUP-158,WH-01,0
KLT-006773,SUP-171,Carrier,0
KLT-006774,SUP-126,WH-01,0
KLT-006775,SUP-108,Carrier,0
KLT-006776,SUP-029,Carrier,0
KLT-006777,SUP-068,WH-02,0
KLT-006778,SUP-051,WH-02,0
KLT-006779,SUP-093,Carrier,0
KLT-006780,SUP-157,Carrier,0
KLT-006781,SUP-135,Carrier,0
KLT-006782,SUP-064,Carrier,0
KLT-006783,SUP-006,Supplier,0
KLT-006784,SUP-014,Carrier,0
KLT-006785,SUP-151,Carrier,0
KLT-006786,SUP-184,WH-01,0
KLT-006787,SUP-175,Carrier,0
KLT-006788,SUP-185,Supplier,0
KLT-006789,SUP-116,WH-01,0
KLT-006790,SUP-002,Supplier,0
KLT-006791,SUP-033,WH-02,0
KLT-006792,SUP-041,Carrier,0
KLT-006793,SUP-009,WH-01,0
KLT-006794,SUP-062,Carrier,0
KLT-006795,SUP-021,Carrier,0
KLT-006796,SUP-029,Supplier,0
KLT-006797,SUP-164,Supplier,0
KLT-006798,SUP-188,WH-01,0
KLT-006799,SUP-146,Carrier,0
KLT-006800,SUP-034,Supplier,0
KLT-006801,SUP-042,WH-01,0
KLT-006802,SUP-100,WH-01,0
KLT-006803,SUP-051,Supplier,0
KLT-006804,SUP-183,WH-02,0
KLT-006805,SUP-066,Supplier,0
KLT-006806,SUP-058,Supplier,0
KLT-006807,SUP-019,WH-02,0
KLT-006808,SUP-056,Carrier,0
KLT-006809,SUP-138,Carrier,0
KLT-006810,SUP-164,WH-01,0
KLT-006811,SUP-175,Carrier,0
KLT-006812,SUP-038,Carrier,0
KLT-006813,SUP-161,Carrier,0
KLT-006814,SUP-193,WH-01,0
KLT-006815,SUP-011,Carrier,0
KLT-006816,SUP-179,Supplier,0
KLT-006817,SUP-136,Carrier,0
KLT-006818,SUP-148,Carrier,0
KLT-006819,SUP-197,Carrier,0
KLT-006820,SUP-068,WH-02,0
KLT-006821,SUP-119,WH-01,0
KLT-006822,SUP-124,WH-01,0
KLT-006823,SUP-006,WH-02,0
KLT-006824,SUP-150,Supplier,0
KLT-006825,SUP-045,Supplier,0
KLT-006826,SUP-192,WH-01,0
KLT-006827,SUP-036,Supplier,0
KLT-006828,SUP-099,Supplier,0
KLT-006829,SUP-086,Carrier,0
KLT-006830,SUP-051,WH-02,0
KLT-006831,SUP-009,Carrier,0
KLT-006832,SUP-066,Supplier,0
KLT-006833,SUP-116,WH-02,0
KLT-006834,SUP-006,WH-01,0
KLT-006835,SUP-178,WH-02,0
KLT-006836,SUP-040,WH-02,0
KLT-006837,SUP-061,WH-01,0
KLT-006838,SUP-028,WH-01,0
KLT-006839,SUP-151,WH-01,0
KLT-006840,SUP-142,WH-02,0
KLT-006841,SUP-110,WH-01,0
KLT-006842,SUP-193,WH-01,0
KLT-006843,SUP-066,WH-01,0
KLT-006844,SUP-156,WH-01,0
KLT-006845,SUP-190,Carrier,0
KLT-006846,SUP-191,WH-02,0
KLT-006847,SUP-122,WH-02,0
KLT-006848,SUP-035,WH-01,0
KLT-006849,SUP-151,WH-01,0
KLT-006850,SUP-195,WH-02,0
KLT-006851,SUP-084,Supplier,0
KLT-006852,SUP-185,Supplier,0
KLT-006853,SUP-056,WH-02,0
KLT-006854,SUP-126,WH-01,0
KLT-006855,SUP-017,WH-02,0
KLT-006856,SUP-052,WH-01,0
KLT-006857,SUP-044,WH-02,0
KLT-006858,SUP-112,WH-01,0
KLT-006859,SUP-019,Supplier,0
KLT-006860,SUP-014,WH-02,0
KLT-006861,SUP-153,WH-02,0
KLT-006862,SUP-108,Supplier,0
KLT-006863,SUP-094,Carrier,0
KLT-006864,SUP-146,Carrier,0
KLT-006865,SUP-174,Carrier,0
KLT-006866,SUP-197,Supplier,0
KLT-006867,SUP-100,Carrier,0
KLT-006868,SUP-092,WH-02,0
KLT-006869,SUP-019,WH-02,0
KLT-006870,SUP-122,Supplier,0
KLT-006871,SUP-137,Supplier,0
KLT-006872,SUP-018,Carrier,0
KLT-006873,SUP-200,WH-01,0
KLT-006874,SUP-150,WH-02,0
KLT-006875,SUP-123,WH-01,0
KLT-006876,SUP-178,WH-01,0
KLT-006877,SUP-009,WH-02,0
KLT-006878,SUP-030,WH-02,0
KLT-006879,SUP-052,WH-02,0
KLT-006880,SUP-195,WH-01,0
KLT-006881,SUP-151,WH-02,0
KLT-006882,SUP-152,Carrier,0
KLT-006883,SUP-047,WH-01,0
KLT-006884,SUP-141,Supplier,0
KLT-006885,SUP-139,WH-02,0
KLT-006886,SUP-185,Carrier,0
KLT-006887,SUP-109,WH-02,0
KLT-006888,SUP-187,Supplier,0
KLT-006889,SUP-107,Supplier,0
KLT-006890,SUP-119,Carrier,0
KLT-006891,SUP-120,Supplier,0
KLT-006892,SUP-104,Carrier,0
KLT-006893,SUP-144,WH-02,0
KLT-006894,SUP-046,Carrier,0
KLT-006895,SUP-062,WH-01,0
KLT-006896,SUP-135,WH-02,0
KLT-006897,SUP-159,WH-02,0
KLT-006898,SUP-166,Carrier,0
KLT-006899,SUP-120,Carrier,0
KLT-006900,SUP-159,Carrier,0
KLT-006901,SUP-096,WH-02,0
KLT-006902,SUP-107,WH-01,0
KLT-006903,SUP-059,WH-02,0
KLT-006904,SUP-149,WH-01,0
KLT-006905,SUP-179,WH-02,0
KLT-006906,SUP-181,WH-02,0
KLT-006907,SUP-196,WH-02,0
KLT-006908,SUP-063,WH-02,0
KLT-006909,SUP-170,WH-01,0
KLT-006910,SUP-140,WH-01,0
KLT-006911,SUP-091,Supplier,0
KLT-006912,SUP-079,WH-02,0
KLT-006913,SUP-046,Carrier,0
KLT-006914,SUP-106,WH-02,0
KLT-006915,SUP-008,WH-02,0
KLT-006916,SUP-033,WH-01,0
KLT-006917,SUP-134,Carrier,0
KLT-006918,SUP-136,WH-02,0
KLT-006919,SUP-193,WH-01,0
KLT-006920,SUP-070,Supplier,0
KLT-006921,SUP-006,Carrier,0
KLT-006922,SUP-176,WH-02,0
KLT-006923,SUP-023,WH-02,0
KLT-006924,SUP-022,Carrier,0
KLT-006925,SUP-008,Supplier,0
KLT-006926,SUP-025,WH-02,0
KLT-006927,SUP-129,Supplier,0
KLT-006928,SUP-186,Carrier,0
KLT-006929,SUP-191,WH-01,0
KLT-006930,SUP-032,Carrier,0
KLT-006931,SUP-063,Carrier,0
KLT-006932,SUP-068,WH-02,0
KLT-006933,SUP-137,Carrier,0
KLT-006934,SUP-064,WH-02,0
KLT-006935,SUP-047,WH-01,0
KLT-006936,SUP-186,WH-01,0
KLT-006937,SUP-101,Carrier,0
KLT-006938,SUP-193,WH-01,0
KLT-006939,SUP-024,WH-02,0
KLT-006940,SUP-059,Supplier,0
KLT-006941,SUP-181,WH-02,0
KLT-006942,SUP-114,Carrier,0
KLT-006943,SUP-019,WH-02,0
KLT-006944,SUP-092,WH-01,0
KLT-006945,SUP-134,Supplier,0
KLT-006946,SUP-003,Supplier,0
KLT-006947,SUP-173,WH-01,0
KLT-006948,SUP-039,WH-01,0
KLT-006949,SUP-042,WH-01,0
KLT-006950,SUP-124,Carrier,0
KLT-006951,SUP-199,WH-02,0
KLT-006952,SUP-078,Supplier,0
KLT-006953,SUP-032,Carrier,0
KLT-006954,SUP-079,Carrier,0
KLT-006955,SUP-023,Carrier,0
KLT-006956,SUP-191,Carrier,0
KLT-006957,SUP-117,WH-01,0
KLT-006958,SUP-095,Carrier,0
KLT-006959,SUP-177,WH-01,0
KLT-006960,SUP-018,WH-02,0
KLT-006961,SUP-043,WH-01,0
KLT-006962,SUP-196,Supplier,0
KLT-006963,SUP-061,WH-02,0
KLT-006964,SUP-099,WH-01,0
KLT-006965,SUP-094,Carrier,0
KLT-006966,SUP-097,Supplier,0
KLT-006967,SUP-054,Carrier,0
KLT-006968,SUP-063,WH-01,0
KLT-006969,SUP-101,WH-02,0
KLT-006970,SUP-189,WH-01,0
KLT-006971,SUP-163,Supplier,0
KLT-006972,SUP-123,Supplier,0
KLT-006973,SUP-117,Carrier,0
KLT-006974,SUP-070,WH-01,0
KLT-006975,SUP-175,WH-01,0
KLT-006976,SUP-108,Supplier,0
KLT-006977,SUP-088,Carrier,0
KLT-006978,SUP-087,Supplier,0
KLT-006979,SUP-135,Supplier,0
KLT-006980,SUP-038,Supplier,0
KLT-006981,SUP-025,WH-01,0
KLT-006982,SUP-195,WH-02,0
KLT-006983,SUP-022,WH-02,0
KLT-006984,SUP-184,Supplier,0
KLT-006985,SUP-150,Supplier,0
KLT-006986,SUP-055,WH-02,0
KLT-006987,SUP-199,WH-01,0
KLT-006988,SUP-052,Supplier,0
KLT-006989,SUP-022,WH-02,0
KLT-006990,SUP-083,WH-01,0
KLT-006991,SUP-110,WH-01,0
KLT-006992,SUP-199,WH-02,0
KLT-006993,SUP-197,WH-02,0
KLT-006994,SUP-143,WH-01,0
KLT-006995,SUP-110,WH-02,0
KLT-006996,SUP-041,Supplier,0
KLT-006997,SUP-013,WH-02,0
KLT-006998,SUP-173,Supplier,0
KLT-006999,SUP-147,Supplier,0
KLT-007000,SUP-163,Carrier,0
KLT-007001,SUP-018,WH-02,0
KLT-007002,SUP-046,WH-02,0
KLT-007003,SUP-053,WH-01,0
KLT-007004,SUP-008,Carrier,0
KLT-007005,SUP-113,Carrier,0
KLT-007006,SUP-016,WH-02,0
KLT-007007,SUP-029,Supplier,0
KLT-007008,SUP-139,Supplier,0
KLT-007009,SUP-168,WH-02,0
KLT-007010,SUP-013,Supplier,0
KLT-007011,SUP-110,WH-02,0
KLT-007012,SUP-027,Carrier,0
KLT-007013,SUP-059,WH-02,0
KLT-007014,SUP-134,WH-02,0
KLT-007015,SUP-145,Supplier,0
KLT-007016,SUP-136,Carrier,0
KLT-007017,SUP-103,Carrier,0
KLT-007018,SUP-164,WH-02,0
KLT-007019,SUP-002,Supplier,0
KLT-007020,SUP-099,WH-02,0
KLT-007021,SUP-097,Carrier,0
KLT-007022,SUP-003,Carrier,0
KLT-007023,SUP-002,WH-01,0
KLT-007024,SUP-093,Supplier,0
KLT-007025,SUP-082,WH-01,0
KLT-007026,SUP-065,Carrier,0
KLT-007027,SUP-013,WH-02,0
KLT-007028,SUP-007,WH-01,0
KLT-007029,SUP-128,Supplier,0
KLT-007030,SUP-169,Carrier,0
KLT-007031,SUP-015,WH-02,0
KLT-007032,SUP-068,WH-02,0
KLT-007033,SUP-184,WH-01,0
KLT-007034,SUP-087,Supplier,0
KLT-007035,SUP-064,WH-02,0
KLT-007036,SUP-152,WH-02,0
KLT-007037,SUP-118,WH-01,0
KLT-007038,SUP-055,Supplier,0
KLT-007039,SUP-001,Supplier,0
KLT-007040,SUP-153,WH-01,0
KLT-007041,SUP-056,Supplier,0
KLT-007042,SUP-074,Supplier,0
KLT-007043,SUP-039,WH-01,0
KLT-007044,SUP-109,Carrier,0
KLT-007045,SUP-058,Carrier,0
KLT-007046,SUP-137,WH-02,0
KLT-007047,SUP-169,WH-01,0
KLT-007048,SUP-038,Supplier,0
KLT-007049,SUP-021,WH-01,0
KLT-007050,SUP-122,WH-01,0
KLT-007051,SUP-076,Supplier,0
KLT-007052,SUP-084,WH-02,0
KLT-007053,SUP-150,Carrier,0
KLT-007054,SUP-012,Supplier,0
KLT-007055,SUP-025,WH-01,0
KLT-007056,SUP-072,WH-01,0
KLT-007057,SUP-006,WH-02,0
KLT-007058,SUP-129,Supplier,0
KLT-007059,SUP-088,WH-01,0
KLT-007060,SUP-079,Carrier,0
KLT-007061,SUP-148,WH-01,0
KLT-007062,SUP-056,Supplier,0
KLT-007063,SUP-158,WH-02,0
KLT-007064,SUP-048,Carrier,0
KLT-007065,SUP-038,WH-01,0
KLT-007066,SUP-172,WH-01,0
KLT-007067,SUP-120,Supplier,0
KLT-007068,SUP-013,Carrier,0
KLT-007069,SUP-160,Supplier,0
KLT-007070,SUP-149,WH-01,0
KLT-007071,SUP-004,Supplier,0
KLT-007072,SUP-043,WH-02,0
KLT-007073,SUP-131,Carrier,0
KLT-007074,SUP-087,WH-02,0
KLT-007075,SUP-107,Supplier,0
KLT-007076,SUP-104,WH-02,0
KLT-007077,SUP-117,WH-02,0
KLT-007078,SUP-086,WH-01,0
KLT-007079,SUP-179,WH-01,0
KLT-007080,SUP-113,WH-01,0
KLT-007081,SUP-105,Supplier,0
KLT-007082,SUP-146,Carrier,0
KLT-007083,SUP-077,WH-02,0
KLT-007084,SUP-126,Supplier,0
KLT-007085,SUP-069,WH-02,0
KLT-007086,SUP-130,Carrier,0
KLT-007087,SUP-172,Supplier,0
KLT-007088,SUP-186,WH-02,0
KLT-007089,SUP-040,Supplier,0
KLT-007090,SUP-022,Carrier,0
KLT-007091,SUP-093,Supplier,0
KLT-007092,SUP-113,Supplier,0
KLT-007093,SUP-180,WH-02,0
KLT-007094,SUP-066,Carrier,0
KLT-007095,SUP-047,Carrier,0
KLT-007096,SUP-093,WH-02,0
KLT-007097,SUP-152,WH-01,0
KLT-007098,SUP-162,Carrier,0
KLT-007099,SUP-065,Supplier,0
KLT-007100,SUP-085,Supplier,0
KLT-007101,SUP-105,WH-02,0
KLT-007102,SUP-096,Carrier,0
KLT-007103,SUP-198,Supplier,0
KLT-007104,SUP-054,Supplier,0
KLT-007105,SUP-198,Carrier,0
KLT-007106,SUP-193,WH-02,0
KLT-007107,SUP-175,WH-01,0
KLT-007108,SUP-014,Supplier,0
KLT-007109,SUP-178,Carrier,0
KLT-007110,SUP-102,Supplier,0
KLT-007111,SUP-194,WH-01,0
KLT-007112,SUP-102,WH-01,0
KLT-007113,SUP-040,Carrier,0
KLT-007114,SUP-107,WH-02,0
KLT-007115,SUP-106,Supplier,0
KLT-007116,SUP-056,WH-01,0
KLT-007117,SUP-139,Carrier,0
KLT-007118,SUP-134,Supplier,0
KLT-007119,SUP-144,Carrier,0
KLT-007120,SUP-101,Carrier,0
KLT-007121,SUP-139,WH-01,0
KLT-007122,SUP-165,WH-02,0
KLT-007123,SUP-126,Supplier,0
KLT-007124,SUP-090,Supplier,0
KLT-007125,SUP-110,Carrier,0
KLT-007126,SUP-182,WH-01,0
KLT-007127,SUP-085,WH-01,0
KLT-007128,SUP-184,Supplier,0
KLT-007129,SUP-107,WH-01,0
KLT-007130,SUP-188,WH-01,0
KLT-007131,SUP-082,WH-01,0
KLT-007132,SUP-158,WH-02,0
KLT-007133,SUP-145,Supplier,0
KLT-007134,SUP-190,Supplier,0
KLT-007135,SUP-126,WH-01,0
KLT-007136,SUP-059,Supplier,0
KLT-007137,SUP-158,WH-02,0
KLT-007138,SUP-112,Carrier,0
KLT-007139,SUP-176,Carrier,0
KLT-007140,SUP-118,Supplier,0
KLT-007141,SUP-094,Carrier,0
KLT-007142,SUP-020,Carrier,0
KLT-007143,SUP-153,Carrier,0
KLT-007144,SUP-053,WH-01,0
KLT-007145,SUP-077,WH-01,0
KLT-007146,SUP-015,Supplier,0
KLT-007147,SUP-028,Carrier,0
KLT-007148,SUP-053,Carrier,0
KLT-007149,SUP-126,Carrier,0
KLT-007150,SUP-062,WH-01,0
KLT-007151,SUP-069,Carrier,0
KLT-007152,SUP-181,Supplier,0
KLT-007153,SUP-166,Carrier,0
KLT-007154,SUP-177,WH-02,0
KLT-007155,SUP-094,Carrier,0
KLT-007156,SUP-186,WH-01,0
KLT-007157,SUP-087,WH-02,0
KLT-007158,SUP-197,Supplier,0
KLT-007159,SUP-152,Supplier,0
KLT-007160,SUP-009,WH-01,0
KLT-007161,SUP-073,WH-02,0
KLT-007162,SUP-089,Carrier,0
KLT-007163,SUP-028,WH-01,0
KLT-007164,SUP-098,WH-02,0
KLT-007165,SUP-069,Carrier,0
KLT-007166,SUP-147,WH-02,0
KLT-007167,SUP-061,Supplier,0
KLT-007168,SUP-049,Supplier,0
KLT-007169,SUP-034,Supplier,0
KLT-007170,SUP-077,Carrier,0
KLT-007171,SUP-174,Supplier,0
KLT-007172,SUP-125,WH-02,0
KLT-007173,SUP-131,Supplier,0
KLT-007174,SUP-062,Carrier,0
KLT-007175,SUP-112,WH-01,0
KLT-007176,SUP-017,WH-01,0
KLT-007177,SUP-155,Carrier,0
KLT-007178,SUP-192,Supplier,0
KLT-007179,SUP-019,WH-01,0
KLT-007180,SUP-082,Supplier,0
KLT-007181,SUP-079,WH-01,0
KLT-007182,SUP-052,WH-01,0
KLT-007183,SUP-073,Carrier,0
KLT-007184,SUP-136,Supplier,0
KLT-007185,SUP-061,WH-02,0
KLT-007186,SUP-158,Supplier,0
KLT-007187,SUP-074,Carrier,0
KLT-007188,SUP-112,WH-01,0
KLT-007189,SUP-025,WH-02,0
KLT-007190,SUP-163,Supplier,0
KLT-007191,SUP-130,Carrier,0
KLT-007192,SUP-115,WH-02,0
KLT-007193,SUP-001,Carrier,0
KLT-007194,SUP-015,Supplier,0
KLT-007195,SUP-048,Supplier,0
KLT-007196,SUP-018,WH-01,0
KLT-007197,SUP-073,Supplier,0
KLT-007198,SUP-171,Supplier,0
KLT-007199,SUP-142,WH-01,0
KLT-007200,SUP-032,WH-02,0
KLT-007201,SUP-039,Supplier,0
KLT-007202,SUP-073,WH-02,0
KLT-007203,SUP-134,Supplier,0
KLT-007204,SUP-104,Supplier,0
KLT-007205,SUP-200,WH-01,0
KLT-007206,SUP-023,WH-02,0
KLT-007207,SUP-149,WH-02,0
KLT-007208,SUP-180,Carrier,0
KLT-007209,SUP-158,Supplier,0
KLT-007210,SUP-035,WH-02,0
KLT-007211,SUP-065,Carrier,0
KLT-007212,SUP-193,Carrier,0
KLT-007213,SUP-108,WH-01,0
KLT-007214,SUP-151,Carrier,0
KLT-007215,SUP-062,Supplier,0
KLT-007216,SUP-081,Supplier,0
KLT-007217,SUP-015,WH-01,0
KLT-007218,SUP-061,Supplier,0
KLT-007219,SUP-139,WH-02,0
KLT-007220,SUP-014,WH-01,0
KLT-007221,SUP-020,WH-01,0
KLT-007222,SUP-075,WH-02,0
KLT-007223,SUP-160,Supplier,0
KLT-007224,SUP-166,WH-01,0
KLT-007225,SUP-131,WH-01,0
KLT-007226,SUP-116,Carrier,0
KLT-007227,SUP-165,WH-01,0
KLT-007228,SUP-147,WH-01,0
KLT-007229,SUP-178,WH-02,0
KLT-007230,SUP-046,Supplier,0
KLT-007231,SUP-150,WH-01,0
KLT-007232,SUP-117,WH-02,0
KLT-007233,SUP-027,Supplier,0
KLT-007234,SUP-073,WH-02,0
KLT-007235,SUP-022,Carrier,0
KLT-007236,SUP-039,WH-01,0
KLT-007237,SUP-137,Carrier,0
KLT-007238,SUP-126,WH-02,0
KLT-007239,SUP-139,Supplier,0
KLT-007240,SUP-167,WH-02,0
KLT-007241,SUP-053,Carrier,0
KLT-007242,SUP-005,WH-01,0
KLT-007243,SUP-101,WH-02,0
KLT-007244,SUP-099,WH-02,0
KLT-007245,SUP-061,WH-02,0
KLT-007246,SUP-096,WH-02,0
KLT-007247,SUP-016,Carrier,0
KLT-007248,SUP-200,WH-02,0
KLT-007249,SUP-020,WH-01,0
KLT-007250,SUP-155,Supplier,0
KLT-007251,SUP-069,Supplier,0
KLT-007252,SUP-111,WH-01,0
KLT-007253,SUP-135,WH-02,0
KLT-007254,SUP-010,WH-01,0
KLT-007255,SUP-079,Supplier,0
KLT-007256,SUP-077,WH-01,0
KLT-007257,SUP-131,Carrier,0
KLT-007258,SUP-021,WH-02,0
KLT-007259,SUP-075,Carrier,0
KLT-007260,SUP-074,WH-01,0
KLT-007261,SUP-018,Supplier,0
KLT-007262,SUP-076,Supplier,0
KLT-007263,SUP-094,WH-01,0
KLT-007264,SUP-112,Supplier,0
KLT-007265,SUP-034,WH-02,0
KLT-007266,SUP-060,Carrier,0
KLT-007267,SUP-189,Supplier,0
KLT-007268,SUP-191,Carrier,0
KLT-007269,SUP-025,WH-02,0
KLT-007270,SUP-172,Supplier,0
KLT-007271,SUP-169,Supplier,0
KLT-007272,SUP-172,WH-01,0
KLT-007273,SUP-056,Carrier,0
KLT-007274,SUP-022,Supplier,0
KLT-007275,SUP-119,Supplier,0
KLT-007276,SUP-151,WH-02,0
KLT-007277,SUP-156,Supplier,0
KLT-007278,SUP-036,Supplier,0
KLT-007279,SUP-149,WH-01,0
KLT-007280,SUP-069,Carrier,0
KLT-007281,SUP-129,WH-01,0
KLT-007282,SUP-008,WH-01,0
KLT-007283,SUP-136,WH-01,0
KLT-007284,SUP-085,WH-01,0
KLT-007285,SUP-095,WH-01,0
KLT-007286,SUP-050,Supplier,0
KLT-007287,SUP-028,WH-01,0
KLT-007288,SUP-039,WH-01,0
KLT-007289,SUP-028,Supplier,0
KLT-007290,SUP-104,Carrier,0
KLT-007291,SUP-171,WH-01,0
KLT-007292,SUP-032,WH-02,0
KLT-007293,SUP-044,Supplier,0
KLT-007294,SUP-141,WH-01,0
KLT-007295,SUP-090,WH-01,0
KLT-007296,SUP-145,WH-02,0
KLT-007297,SUP-085,Carrier,0
KLT-007298,SUP-183,WH-02,0
KLT-007299,SUP-161,WH-01,0
KLT-007300,SUP-023,WH-02,0
KLT-007301,SUP-173,WH-01,0
KLT-007302,SUP-149,Supplier,0
KLT-007303,SUP-110,WH-02,0
KLT-007304,SUP-083,Supplier,0
KLT-007305,SUP-017,WH-01,0
KLT-007306,SUP-137,Carrier,0
KLT-007307,SUP-103,WH-01,0
KLT-007308,SUP-134,WH-01,0
KLT-007309,SUP-149,Carrier,0
KLT-007310,SUP-132,WH-01,0
KLT-007311,SUP-117,WH-02,0
KLT-007312,SUP-020,WH-02,0
KLT-007313,SUP-042,Carrier,0
KLT-007314,SUP-111,WH-02,0
KLT-007315,SUP-166,WH-02,0
KLT-007316,SUP-020,Supplier,0
KLT-007317,SUP-016,Supplier,0
KLT-007318,SUP-118,WH-02,0
KLT-007319,SUP-100,WH-02,0
KLT-007320,SUP-010,WH-02,0
KLT-007321,SUP-068,Supplier,0
KLT-007322,SUP-175,WH-01,0
KLT-007323,SUP-102,Supplier,0
KLT-007324,SUP-019,Carrier,0
KLT-007325,SUP-156,Supplier,0
KLT-007326,SUP-182,Carrier,0
KLT-007327,SUP-182,WH-01,0
KLT-007328,SUP-037,WH-01,0
KLT-007329,SUP-143,WH-01,0
KLT-007330,SUP-090,Carrier,0
KLT-007331,SUP-016,Supplier,0
KLT-007332,SUP-097,Supplier,0
KLT-007333,SUP-004,WH-02,0
KLT-007334,SUP-084,Carrier,0
KLT-007335,SUP-181,WH-01,0
KLT-007336,SUP-007,WH-01,0
KLT-007337,SUP-087,WH-01,0
KLT-007338,SUP-142,WH-02,0
KLT-007339,SUP-130,WH-02,0
KLT-007340,SUP-163,Carrier,0
KLT-007341,SUP-035,Carrier,0
KLT-007342,SUP-071,WH-01,0
KLT-007343,SUP-153,WH-01,0
KLT-007344,SUP-115,WH-01,0
KLT-007345,SUP-137,Supplier,0
KLT-007346,SUP-081,Carrier,0
KLT-007347,SUP-105,WH-01,0
KLT-007348,SUP-005,WH-01,0
KLT-007349,SUP-161,WH-02,0
KLT-007350,SUP-181,Supplier,0
KLT-007351,SUP-196,Carrier,0
KLT-007352,SUP-040,WH-02,0
KLT-007353,SUP-032,WH-02,0
KLT-007354,SUP-179,Carrier,0
KLT-007355,SUP-194,Supplier,0
KLT-007356,SUP-002,Supplier,0
KLT-007357,SUP-155,Carrier,0
KLT-007358,SUP-168,WH-01,0
KLT-007359,SUP-157,Supplier,0
KLT-007360,SUP-111,Carrier,0
KLT-007361,SUP-038,Carrier,0
KLT-007362,SUP-116,Carrier,0
KLT-007363,SUP-177,Supplier,0
KLT-007364,SUP-037,WH-01,0
KLT-007365,SUP-014,Supplier,0
KLT-007366,SUP-089,Supplier,0
KLT-007367,SUP-151,Carrier,0
KLT-007368,SUP-081,WH-01,0
KLT-007369,SUP-145,Supplier,0
KLT-007370,SUP-033,Supplier,0
KLT-007371,SUP-133,Carrier,0
KLT-007372,SUP-040,Supplier,0
KLT-007373,SUP-163,Carrier,0
KLT-007374,SUP-081,Carrier,0
KLT-007375,SUP-063,Carrier,0
KLT-007376,SUP-038,WH-02,0
KLT-007377,SUP-044,Supplier,0
KLT-007378,SUP-153,Supplier,0
KLT-007379,SUP-067,WH-02,0
KLT-007380,SUP-013,Carrier,0
KLT-007381,SUP-192,Carrier,0
KLT-007382,SUP-064,Supplier,0
KLT-007383,SUP-117,WH-02,0
KLT-007384,SUP-183,Supplier,0
KLT-007385,SUP-047,WH-01,0
KLT-007386,SUP-020,WH-01,0
KLT-007387,SUP-178,Supplier,0
KLT-007388,SUP-198,Supplier,0
KLT-007389,SUP-130,WH-01,0
KLT-007390,SUP-033,Supplier,0
KLT-007391,SUP-053,WH-01,0
KLT-007392,SUP-026,Carrier,0
KLT-007393,SUP-076,Carrier,0
KLT-007394,SUP-134,Supplier,0
KLT-007395,SUP-196,Carrier,0
KLT-007396,SUP-048,Supplier,0
KLT-007397,SUP-018,Carrier,0
KLT-007398,SUP-012,Supplier,0
KLT-007399,SUP-193,Carrier,0
KLT-007400,SUP-082,WH-01,0
KLT-007401,SUP-082,WH-02,0
KLT-007402,SUP-194,Supplier,0
KLT-007403,SUP-029,Carrier,0
KLT-007404,SUP-106,WH-01,0
KLT-007405,SUP-010,WH-01,0
KLT-007406,SUP-113,WH-01,0
KLT-007407,SUP-152,Supplier,0
KLT-007408,SUP-109,WH-02,0
KLT-007409,SUP-111,Supplier,0
KLT-007410,SUP-105,Carrier,0
KLT-007411,SUP-014,WH-02,0
KLT-007412,SUP-067,Supplier,0
KLT-007413,SUP-199,Supplier,0
KLT-007414,SUP-173,WH-01,0
KLT-007415,SUP-175,WH-01,0
KLT-007416,SUP-115,WH-01,0
KLT-007417,SUP-180,Carrier,0
KLT-007418,SUP-046,WH-01,0
KLT-007419,SUP-070,WH-02,0
KLT-007420,SUP-166,WH-02,0
KLT-007421,SUP-158,Supplier,0
KLT-007422,SUP-027,WH-02,0
KLT-007423,SUP-001,WH-02,0
KLT-007424,SUP-131,WH-01,0
KLT-007425,SUP-124,WH-01,0
KLT-007426,SUP-085,Supplier,0
KLT-007427,SUP-149,WH-01,0
KLT-007428,SUP-163,Carrier,0
KLT-007429,SUP-181,WH-01,0
KLT-007430,SUP-114,Supplier,0
KLT-007431,SUP-118,Carrier,0
KLT-007432,SUP-072,Supplier,0
KLT-007433,SUP-163,WH-01,0
KLT-007434,SUP-077,Supplier,0
KLT-007435,SUP-194,Carrier,0
KLT-007436,SUP-040,WH-02,0
KLT-007437,SUP-039,WH-02,0
KLT-007438,SUP-103,WH-01,0
KLT-007439,SUP-192,WH-01,0
KLT-007440,SUP-057,WH-01,0
KLT-007441,SUP-166,WH-01,0
KLT-007442,SUP-063,WH-02,0
KLT-007443,SUP-123,Carrier,0
KLT-007444,SUP-148,Supplier,0
KLT-007445,SUP-193,Supplier,0
KLT-007446,SUP-130,WH-01,0
KLT-007447,SUP-051,Supplier,0
KLT-007448,SUP-040,Supplier,0
KLT-007449,SUP-159,WH-01,0
KLT-007450,SUP-141,WH-01,0
KLT-007451,SUP-086,WH-02,0
KLT-007452,SUP-101,WH-02,0
KLT-007453,SUP-137,Supplier,0
KLT-007454,SUP-070,Carrier,0
KLT-007455,SUP-020,WH-01,0
KLT-007456,SUP-101,WH-01,0
KLT-007457,SUP-143,Supplier,0
KLT-007458,SUP-157,Carrier,0
KLT-007459,SUP-118,Carrier,0
KLT-007460,SUP-022,WH-02,0
KLT-007461,SUP-067,Supplier,0
KLT-007462,SUP-077,WH-02,0
KLT-007463,SUP-058,WH-02,0
KLT-007464,SUP-079,WH-01,0
KLT-007465,SUP-076,Supplier,0
KLT-007466,SUP-116,Supplier,0
KLT-007467,SUP-168,WH-02,0
KLT-007468,SUP-188,WH-02,0
KLT-007469,SUP-075,Carrier,0
KLT-007470,SUP-038,WH-01,0
KLT-007471,SUP-073,Supplier,0
KLT-007472,SUP-011,Supplier,0
KLT-007473,SUP-085,WH-02,0
KLT-007474,SUP-012,WH-01,0
KLT-007475,SUP-165,Supplier,0
KLT-007476,SUP-103,Carrier,0
KLT-007477,SUP-181,Carrier,0
KLT-007478,SUP-199,WH-02,0
KLT-007479,SUP-128,WH-02,0
KLT-007480,SUP-179,WH-02,0
KLT-007481,SUP-046,Carrier,0
KLT-007482,SUP-128,WH-02,0
KLT-007483,SUP-080,WH-01,0
KLT-007484,SUP-107,WH-01,0
KLT-007485,SUP-019,WH-01,0
KLT-007486,SUP-066,Carrier,0
KLT-007487,SUP-114,Carrier,0
KLT-007488,SUP-019,Supplier,0
KLT-007489,SUP-044,Carrier,0
KLT-007490,SUP-003,WH-01,0
KLT-007491,SUP-123,WH-01,0
KLT-007492,SUP-117,WH-01,0
KLT-007493,SUP-180,WH-02,0
KLT-007494,SUP-029,WH-02,0
KLT-007495,SUP-022,WH-02,0
KLT-007496,SUP-117,WH-01,0
KLT-007497,SUP-169,WH-02,0
KLT-007498,SUP-050,Supplier,0
KLT-007499,SUP-048,WH-02,0
KLT-007500,SUP-002,WH-01,0
KLT-007501,SUP-048,WH-02,0
KLT-007502,SUP-124,Supplier,0
KLT-007503,SUP-054,Supplier,0
KLT-007504,SUP-116,WH-01,0
KLT-007505,SUP-143,WH-02,0
KLT-007506,SUP-107,Supplier,0
KLT-007507,SUP-142,WH-01,0
KLT-007508,SUP-129,WH-02,0
KLT-007509,SUP-050,WH-01,0
KLT-007510,SUP-027,Carrier,0
KLT-007511,SUP-120,Carrier,0
KLT-007512,SUP-188,Carrier,0
KLT-007513,SUP-041,WH-01,0
KLT-007514,SUP-073,Carrier,0
KLT-007515,SUP-184,WH-02,0
KLT-007516,SUP-176,WH-02,0
KLT-007517,SUP-060,Carrier,0
KLT-007518,SUP-027,WH-02,0
KLT-007519,SUP-116,Supplier,0
KLT-007520,SUP-134,Carrier,0
KLT-007521,SUP-123,WH-01,0
KLT-007522,SUP-053,Supplier,0
KLT-007523,SUP-016,Carrier,0
KLT-007524,SUP-018,WH-01,0
KLT-007525,SUP-054,Carrier,0
KLT-007526,SUP-106,WH-02,0
KLT-007527,SUP-149,Carrier,0
KLT-007528,SUP-018,Carrier,0
KLT-007529,SUP-186,WH-02,0
KLT-007530,SUP-005,Supplier,0
KLT-007531,SUP-149,WH-01,0
KLT-007532,SUP-070,WH-02,0
KLT-007533,SUP-176,Carrier,0
KLT-007534,SUP-133,Supplier,0
KLT-007535,SUP-012,Supplier,0
KLT-007536,SUP-058,WH-02,0
KLT-007537,SUP-011,Carrier,0
KLT-007538,SUP-016,Carrier,0
KLT-007539,SUP-117,WH-02,0
KLT-007540,SUP-169,WH-01,0
KLT-007541,SUP-191,WH-02,0
KLT-007542,SUP-107,WH-02,0
KLT-007543,SUP-006,Carrier,0
KLT-007544,SUP-195,Carrier,0
KLT-007545,SUP-020,WH-02,0
KLT-007546,SUP-055,WH-02,0
KLT-007547,SUP-069,WH-01,0
KLT-007548,SUP-160,Supplier,0
KLT-007549,SUP-022,WH-02,0
KLT-007550,SUP-006,Carrier,0
KLT-007551,SUP-136,Supplier,0
KLT-007552,SUP-122,Supplier,0
KLT-007553,SUP-138,Supplier,0
KLT-007554,SUP-051,Carrier,0
KLT-007555,SUP-086,WH-02,0
KLT-007556,SUP-139,WH-02,0
KLT-007557,SUP-114,WH-01,0
KLT-007558,SUP-073,WH-01,0
KLT-007559,SUP-153,Carrier,0
KLT-007560,SUP-017,WH-01,0
KLT-007561,SUP-085,WH-01,0
KLT-007562,SUP-158,WH-01,0
KLT-007563,SUP-129,Supplier,0
KLT-007564,SUP-055,Carrier,0
KLT-007565,SUP-129,Carrier,0
KLT-007566,SUP-109,WH-01,0
KLT-007567,SUP-017,Carrier,0
KLT-007568,SUP-128,WH-02,0
KLT-007569,SUP-108,WH-02,0
KLT-007570,SUP-027,WH-02,0
KLT-007571,SUP-124,Carrier,0
KLT-007572,SUP-052,Carrier,0
KLT-007573,SUP-065,WH-02,0
KLT-007574,SUP-152,WH-01,0
KLT-007575,SUP-013,Carrier,0
KLT-007576,SUP-087,WH-02,0
KLT-007577,SUP-076,WH-02,0
KLT-007578,SUP-005,Supplier,0
KLT-007579,SUP-023,Supplier,0
KLT-007580,SUP-069,Supplier,0
KLT-007581,SUP-011,Supplier,0
KLT-007582,SUP-036,Supplier,0
KLT-007583,SUP-128,WH-01,0
KLT-007584,SUP-099,WH-02,0
KLT-007585,SUP-020,Supplier,0
KLT-007586,SUP-134,WH-02,0
KLT-007587,SUP-067,Supplier,0
KLT-007588,SUP-140,Supplier,0
KLT-007589,SUP-008,Supplier,0
KLT-007590,SUP-053,Supplier,0
KLT-007591,SUP-050,WH-02,0
KLT-007592,SUP-073,WH-02,0
KLT-007593,SUP-106,Supplier,0
KLT-007594,SUP-079,Supplier,0
KLT-007595,SUP-136,Supplier,0
KLT-007596,SUP-051,Carrier,0
KLT-007597,SUP-046,Supplier,0
KLT-007598,SUP-048,WH-02,0
KLT-007599,SUP-103,WH-02,0
KLT-007600,SUP-149,WH-02,0
KLT-007601,SUP-095,WH-01,0
KLT-007602,SUP-181,WH-02,0
KLT-007603,SUP-028,WH-01,0
KLT-007604,SUP-068,WH-01,0
KLT-007605,SUP-084,Carrier,0
KLT-007606,SUP-008,Carrier,0
KLT-007607,SUP-081,WH-01,0
KLT-007608,SUP-023,WH-02,0
KLT-007609,SUP-140,WH-02,0
KLT-007610,SUP-068,Supplier,0
KLT-007611,SUP-076,Carrier,0
KLT-007612,SUP-100,WH-01,0
KLT-007613,SUP-146,Carrier,0
KLT-007614,SUP-102,Supplier,0
KLT-007615,SUP-165,WH-01,0
KLT-007616,SUP-069,WH-01,0
KLT-007617,SUP-162,Supplier,0
KLT-007618,SUP-186,WH-01,0
KLT-007619,SUP-060,Carrier,0
KLT-007620,SUP-155,Supplier,0
KLT-007621,SUP-079,Carrier,0
KLT-007622,SUP-100,Carrier,0
KLT-007623,SUP-197,WH-02,0
KLT-007624,SUP-187,Supplier,0
KLT-007625,SUP-169,Supplier,0
KLT-007626,SUP-108,Carrier,0
KLT-007627,SUP-039,Supplier,0
KLT-007628,SUP-087,WH-01,0
KLT-007629,SUP-105,Supplier,0
KLT-007630,SUP-083,WH-01,0
KLT-007631,SUP-186,WH-02,0
KLT-007632,SUP-013,WH-01,0
KLT-007633,SUP-183,Carrier,0
KLT-007634,SUP-100,WH-02,0
KLT-007635,SUP-151,Carrier,0
KLT-007636,SUP-001,WH-02,0
KLT-007637,SUP-196,Carrier,0
KLT-007638,SUP-042,WH-02,0
KLT-007639,SUP-192,Supplier,0
KLT-007640,SUP-021,WH-02,0
KLT-007641,SUP-068,Supplier,0
KLT-007642,SUP-009,Carrier,0
KLT-007643,SUP-191,Supplier,0
KLT-007644,SUP-067,WH-02,0
KLT-007645,SUP-100,WH-02,0
KLT-007646,SUP-093,Supplier,0
KLT-007647,SUP-084,Carrier,0
KLT-007648,SUP-195,Carrier,0
KLT-007649,SUP-007,WH-01,0
KLT-007650,SUP-077,Supplier,0
KLT-007651,SUP-111,WH-01,0
KLT-007652,SUP-135,WH-01,0
KLT-007653,SUP-151,WH-02,0
KLT-007654,SUP-065,WH-02,0
KLT-007655,SUP-061,Carrier,0
KLT-007656,SUP-026,Carrier,0
KLT-007657,SUP-122,Carrier,0
KLT-007658,SUP-062,WH-02,0
KLT-007659,SUP-127,Supplier,0
KLT-007660,SUP-035,Carrier,0
KLT-007661,SUP-042,WH-01,0
KLT-007662,SUP-150,WH-02,0
KLT-007663,SUP-102,WH-02,0
KLT-007664,SUP-149,WH-01,0
KLT-007665,SUP-145,Carrier,0
KLT-007666,SUP-047,Carrier,0
KLT-007667,SUP-134,Supplier,0
KLT-007668,SUP-199,WH-01,0
KLT-007669,SUP-042,WH-02,0
KLT-007670,SUP-103,Carrier,0
KLT-007671,SUP-172,Carrier,0
KLT-007672,SUP-049,WH-02,0
KLT-007673,SUP-137,WH-02,0
KLT-007674,SUP-179,WH-02,0
KLT-007675,SUP-192,Carrier,0
KLT-007676,SUP-073,WH-01,0
KLT-007677,SUP-128,Carrier,0
KLT-007678,SUP-010,Supplier,0
KLT-007679,SUP-102,Carrier,0
KLT-007680,SUP-185,Carrier,0
KLT-007681,SUP-160,WH-01,0
KLT-007682,SUP-116,WH-01,0
KLT-007683,SUP-014,WH-02,0
KLT-007684,SUP-192,Carrier,0
KLT-007685,SUP-129,WH-01,0
KLT-007686,SUP-141,WH-02,0
KLT-007687,SUP-076,WH-01,0
KLT-007688,SUP-033,Carrier,0
KLT-007689,SUP-047,WH-02,0
KLT-007690,SUP-187,Carrier,0
KLT-007691,SUP-128,Supplier,0
KLT-007692,SUP-042,Carrier,0
KLT-007693,SUP-054,WH-02,0
KLT-007694,SUP-031,Carrier,0
KLT-007695,SUP-063,Carrier,0
KLT-007696,SUP-156,Supplier,0
KLT-007697,SUP-179,WH-01,0
KLT-007698,SUP-087,Supplier,0
KLT-007699,SUP-004,Supplier,0
KLT-007700,SUP-196,Carrier,0
KLT-007701,SUP-121,WH-01,0
KLT-007702,SUP-063,Carrier,0
KLT-007703,SUP-048,Supplier,0
KLT-007704,SUP-125,WH-01,0
KLT-007705,SUP-162,WH-01,0
KLT-007706,SUP-128,WH-02,0
KLT-007707,SUP-006,WH-02,0
KLT-007708,SUP-065,Carrier,0
KLT-007709,SUP-087,WH-01,0
KLT-007710,SUP-137,Carrier,0
KLT-007711,SUP-003,WH-02,0
KLT-007712,SUP-178,Carrier,0
KLT-007713,SUP-064,Carrier,0
KLT-007714,SUP-088,Supplier,0
KLT-007715,SUP-030,WH-02,0
KLT-007716,SUP-131,Supplier,0
KLT-007717,SUP-080,WH-01,0
KLT-007718,SUP-062,Carrier,0
KLT-007719,SUP-017,WH-02,0
KLT-007720,SUP-176,Carrier,0
KLT-007721,SUP-083,WH-02,0
KLT-007722,SUP-135,WH-01,0
KLT-007723,SUP-024,WH-02,0
KLT-007724,SUP-081,Supplier,0
KLT-007725,SUP-069,Carrier,0
KLT-007726,SUP-106,Supplier,0
KLT-007727,SUP-157,Carrier,0
KLT-007728,SUP-030,WH-02,0
KLT-007729,SUP-096,Supplier,0
KLT-007730,SUP-033,Supplier,0
KLT-007731,SUP-105,WH-02,0
KLT-007732,SUP-034,Carrier,0
KLT-007733,SUP-185,Carrier,0
KLT-007734,SUP-079,WH-02,0
KLT-007735,SUP-004,WH-01,0
KLT-007736,SUP-092,Carrier,0
KLT-007737,SUP-067,Carrier,0
KLT-007738,SUP-116,WH-01,0
KLT-007739,SUP-150,WH-01,0
KLT-007740,SUP-117,WH-01,0
KLT-007741,SUP-178,WH-02,0
KLT-007742,SUP-185,Supplier,0
KLT-007743,SUP-022,WH-02,0
KLT-007744,SUP-173,WH-02,0
KLT-007745,SUP-126,Supplier,0
KLT-007746,SUP-167,Supplier,0
KLT-007747,SUP-144,WH-02,0
KLT-007748,SUP-053,WH-01,0
KLT-007749,SUP-062,Supplier,0
KLT-007750,SUP-121,WH-01,0
KLT-007751,SUP-076,WH-01,0
KLT-007752,SUP-078,Carrier,0
KLT-007753,SUP-156,Supplier,0
KLT-007754,SUP-030,WH-01,0
KLT-007755,SUP-181,Supplier,0
KLT-007756,SUP-160,WH-02,0
KLT-007757,SUP-003,Carrier,0
KLT-007758,SUP-016,Supplier,0
KLT-007759,SUP-096,WH-01,0
KLT-007760,SUP-127,WH-02,0
KLT-007761,SUP-155,Carrier,0
KLT-007762,SUP-149,WH-01,0
KLT-007763,SUP-028,Supplier,0
KLT-007764,SUP-103,Carrier,0
KLT-007765,SUP-037,WH-01,0
KLT-007766,SUP-037,Carrier,0
KLT-007767,SUP-178,Carrier,0
KLT-007768,SUP-084,WH-02,0
KLT-007769,SUP-193,Carrier,0
KLT-007770,SUP-084,WH-01,0
KLT-007771,SUP-009,Carrier,0
KLT-007772,SUP-191,Carrier,0
KLT-007773,SUP-120,WH-01,0
KLT-007774,SUP-181,Carrier,0
KLT-007775,SUP-107,WH-01,0
KLT-007776,SUP-174,WH-02,0
KLT-007777,SUP-020,WH-01,0
KLT-007778,SUP-184,Carrier,0
KLT-007779,SUP-054,Carrier,0
KLT-007780,SUP-156,WH-01,0
KLT-007781,SUP-038,WH-01,0
KLT-007782,SUP-051,Supplier,0
KLT-007783,SUP-144,Supplier,0
KLT-007784,SUP-143,WH-01,0
KLT-007785,SUP-027,WH-02,0
KLT-007786,SUP-141,Carrier,0
KLT-007787,SUP-121,WH-01,0
KLT-007788,SUP-199,Supplier,0
KLT-007789,SUP-023,WH-02,0
KLT-007790,SUP-008,WH-01,0
KLT-007791,SUP-198,WH-02,0
KLT-007792,SUP-087,Carrier,0
KLT-007793,SUP-004,WH-01,0
KLT-007794,SUP-170,WH-01,0
KLT-007795,SUP-181,Supplier,0
KLT-007796,SUP-094,Carrier,0
KLT-007797,SUP-192,WH-02,0
KLT-007798,SUP-116,WH-02,0
KLT-007799,SUP-095,Carrier,0
KLT-007800,SUP-011,Carrier,0
KLT-007801,SUP-007,WH-01,0
KLT-007802,SUP-034,WH-01,0
KLT-007803,SUP-153,Supplier,0
KLT-007804,SUP-190,WH-02,0
KLT-007805,SUP-149,WH-02,0
KLT-007806,SUP-122,Supplier,0
KLT-007807,SUP-135,Carrier,0
KLT-007808,SUP-026,Carrier,0
KLT-007809,SUP-063,Supplier,0
KLT-007810,SUP-094,Carrier,0
KLT-007811,SUP-033,Supplier,0
KLT-007812,SUP-079,WH-02,0
KLT-007813,SUP-099,WH-01,0
KLT-007814,SUP-120,Supplier,0
KLT-007815,SUP-066,Supplier,0
KLT-007816,SUP-030,WH-01,0
KLT-007817,SUP-011,Carrier,0
KLT-007818,SUP-159,WH-01,0
KLT-007819,SUP-110,Supplier,0
KLT-007820,SUP-001,Supplier,0
KLT-007821,SUP-182,WH-01,0
KLT-007822,SUP-054,Carrier,0
KLT-007823,SUP-013,WH-01,0
KLT-007824,SUP-014,WH-01,0
KLT-007825,SUP-069,WH-01,0
KLT-007826,SUP-087,WH-01,0
KLT-007827,SUP-156,WH-02,0
KLT-007828,SUP-163,WH-02,0
KLT-007829,SUP-149,WH-02,0
KLT-007830,SUP-083,WH-01,0
KLT-007831,SUP-086,WH-02,0
KLT-007832,SUP-165,Carrier,0
KLT-007833,SUP-001,WH-01,0
KLT-007834,SUP-053,Carrier,0
KLT-007835,SUP-058,Carrier,0
KLT-007836,SUP-057,Carrier,0
KLT-007837,SUP-147,Carrier,0
KLT-007838,SUP-024,Carrier,0
KLT-007839,SUP-199,WH-01,0
KLT-007840,SUP-101,WH-01,0
KLT-007841,SUP-070,WH-02,0
KLT-007842,SUP-174,Carrier,0
KLT-007843,SUP-018,WH-01,0
KLT-007844,SUP-034,Supplier,0
KLT-007845,SUP-087,WH-01,0
KLT-007846,SUP-071,Carrier,0
KLT-007847,SUP-087,WH-02,0
KLT-007848,SUP-063,WH-01,0
KLT-007849,SUP-143,Carrier,0
KLT-007850,SUP-152,WH-01,0
KLT-007851,SUP-075,Carrier,0
KLT-007852,SUP-063,Carrier,0
KLT-007853,SUP-183,WH-01,0
KLT-007854,SUP-115,Carrier,0
KLT-007855,SUP-082,WH-02,0
KLT-007856,SUP-122,WH-01,0
KLT-007857,SUP-180,WH-01,0
KLT-007858,SUP-166,WH-01,0
KLT-007859,SUP-188,Carrier,0
KLT-007860,SUP-041,WH-01,0
KLT-007861,SUP-197,Supplier,0
KLT-007862,SUP-176,Carrier,0
KLT-007863,SUP-029,Supplier,0
KLT-007864,SUP-155,Supplier,0
KLT-007865,SUP-017,WH-02,0
KLT-007866,SUP-086,WH-01,0
KLT-007867,SUP-162,WH-02,0
KLT-007868,SUP-011,WH-01,0
KLT-007869,SUP-100,WH-02,0
KLT-007870,SUP-142,Supplier,0
KLT-007871,SUP-075,WH-02,0
KLT-007872,SUP-118,Supplier,0
KLT-007873,SUP-196,WH-01,0
KLT-007874,SUP-104,WH-02,0
KLT-007875,SUP-141,WH-02,0
KLT-007876,SUP-159,WH-01,0
KLT-007877,SUP-191,Supplier,0
KLT-007878,SUP-160,WH-01,0
KLT-007879,SUP-024,Supplier,0
KLT-007880,SUP-157,WH-02,0
KLT-007881,SUP-055,Carrier,0
KLT-007882,SUP-127,WH-02,0
KLT-007883,SUP-033,Supplier,0
KLT-007884,SUP-018,WH-02,0
KLT-007885,SUP-138,WH-01,0
KLT-007886,SUP-185,WH-01,0
KLT-007887,SUP-167,Carrier,0
KLT-007888,SUP-149,WH-01,0
KLT-007889,SUP-152,Carrier,0
KLT-007890,SUP-093,Carrier,0
KLT-007891,SUP-051,WH-02,0
KLT-007892,SUP-148,WH-01,0
KLT-007893,SUP-186,Carrier,0
KLT-007894,SUP-170,Carrier,0
KLT-007895,SUP-200,WH-02,0
KLT-007896,SUP-015,WH-02,0
KLT-007897,SUP-141,WH-01,0
KLT-007898,SUP-138,Supplier,0
KLT-007899,SUP-067,Supplier,0
KLT-007900,SUP-185,WH-02,0
KLT-007901,SUP-061,Carrier,0
KLT-007902,SUP-064,WH-02,0
KLT-007903,SUP-051,Supplier,0
KLT-007904,SUP-015,WH-01,0
KLT-007905,SUP-175,Supplier,0
KLT-007906,SUP-014,WH-02,0
KLT-007907,SUP-163,WH-02,0
KLT-007908,SUP-130,WH-02,0
KLT-007909,SUP-159,Carrier,0
KLT-007910,SUP-025,WH-01,0
KLT-007911,SUP-167,Carrier,0
KLT-007912,SUP-024,Carrier,0
KLT-007913,SUP-168,WH-02,0
KLT-007914,SUP-041,WH-01,0
KLT-007915,SUP-104,Carrier,0
KLT-007916,SUP-061,WH-01,0
KLT-007917,SUP-154,WH-01,0
KLT-007918,SUP-170,Carrier,0
KLT-007919,SUP-066,WH-02,0
KLT-007920,SUP-024,Carrier,0
KLT-007921,SUP-127,Supplier,0
KLT-007922,SUP-080,Supplier,0
KLT-007923,SUP-156,WH-02,0
KLT-007924,SUP-104,WH-02,0
KLT-007925,SUP-017,Supplier,0
KLT-007926,SUP-004,Supplier,0
KLT-007927,SUP-106,WH-01,0
KLT-007928,SUP-032,WH-01,0
KLT-007929,SUP-174,Supplier,0
KLT-007930,SUP-025,Carrier,0
KLT-007931,SUP-047,Supplier,0
KLT-007932,SUP-043,WH-02,0
KLT-007933,SUP-012,WH-02,0
KLT-007934,SUP-139,WH-02,0
KLT-007935,SUP-130,WH-01,0
KLT-007936,SUP-051,Carrier,0
KLT-007937,SUP-140,Supplier,0
KLT-007938,SUP-180,Carrier,0
KLT-007939,SUP-001,WH-02,0
KLT-007940,SUP-199,Carrier,0
KLT-007941,SUP-037,WH-02,0
KLT-007942,SUP-106,Carrier,0
KLT-007943,SUP-046,Carrier,0
KLT-007944,SUP-114,WH-02,0
KLT-007945,SUP-120,WH-02,0
KLT-007946,SUP-074,WH-02,0
KLT-007947,SUP-039,Carrier,0
KLT-007948,SUP-032,WH-01,0
KLT-007949,SUP-017,Supplier,0
KLT-007950,SUP-073,Carrier,0
KLT-007951,SUP-185,WH-01,0
KLT-007952,SUP-081,WH-02,0
KLT-007953,SUP-068,Carrier,0
KLT-007954,SUP-185,Carrier,0
KLT-007955,SUP-195,WH-01,0
KLT-007956,SUP-077,WH-02,0
KLT-007957,SUP-160,WH-02,0
KLT-007958,SUP-154,Carrier,0
KLT-007959,SUP-131,WH-02,0
KLT-007960,SUP-132,WH-02,0
KLT-007961,SUP-089,WH-01,0
KLT-007962,SUP-111,WH-01,0
KLT-007963,SUP-105,Supplier,0
KLT-007964,SUP-161,WH-02,0
KLT-007965,SUP-011,Carrier,0
KLT-007966,SUP-016,Supplier,0
KLT-007967,SUP-107,Carrier,0
KLT-007968,SUP-071,WH-01,0
KLT-007969,SUP-098,Supplier,0
KLT-007970,SUP-067,Supplier,0
KLT-007971,SUP-159,WH-02,0
KLT-007972,SUP-061,Carrier,0
KLT-007973,SUP-133,Carrier,0
KLT-007974,SUP-034,WH-01,0
KLT-007975,SUP-024,Carrier,0
KLT-007976,SUP-186,WH-02,0
KLT-007977,SUP-106,Carrier,0
KLT-007978,SUP-131,Carrier,0
KLT-007979,SUP-172,WH-02,0
KLT-007980,SUP-141,WH-02,0
KLT-007981,SUP-006,WH-02,0
KLT-007982,SUP-180,WH-01,0
KLT-007983,SUP-170,Carrier,0
KLT-007984,SUP-100,WH-01,0
KLT-007985,SUP-190,WH-02,0
KLT-007986,SUP-062,Supplier,0
KLT-007987,SUP-136,Carrier,0
KLT-007988,SUP-125,Carrier,0
KLT-007989,SUP-078,WH-01,0
KLT-007990,SUP-026,WH-01,0
KLT-007991,SUP-145,Supplier,0
KLT-007992,SUP-118,WH-02,0
KLT-007993,SUP-183,Supplier,0
KLT-007994,SUP-055,Supplier,0
KLT-007995,SUP-111,WH-01,0
KLT-007996,SUP-094,Supplier,0
KLT-007997,SUP-174,WH-02,0
KLT-007998,SUP-009,Carrier,0
KLT-007999,SUP-186,Supplier,0
KLT-008000,SUP-007,Carrier,0
KLT-008001,SUP-006,WH-02,0
KLT-008002,SUP-016,WH-02,0
KLT-008003,SUP-074,Supplier,0
KLT-008004,SUP-003,Supplier,0
KLT-008005,SUP-084,WH-02,0
KLT-008006,SUP-123,Carrier,0
KLT-008007,SUP-129,Carrier,0
KLT-008008,SUP-036,WH-02,0
KLT-008009,SUP-121,Carrier,0
KLT-008010,SUP-011,Supplier,0
KLT-008011,SUP-134,Carrier,0
KLT-008012,SUP-055,Carrier,0
KLT-008013,SUP-031,Carrier,0
KLT-008014,SUP-133,Carrier,0
KLT-008015,SUP-190,Carrier,0
KLT-008016,SUP-179,WH-02,0
KLT-008017,SUP-076,Carrier,0
KLT-008018,SUP-047,Carrier,0
KLT-008019,SUP-147,WH-02,0
KLT-008020,SUP-147,WH-01,0
KLT-008021,SUP-035,Carrier,0
KLT-008022,SUP-177,Supplier,0
KLT-008023,SUP-133,Supplier,0
KLT-008024,SUP-063,WH-01,0
KLT-008025,SUP-063,Supplier,0
KLT-008026,SUP-148,Supplier,0
KLT-008027,SUP-030,Carrier,0
KLT-008028,SUP-014,Carrier,0
KLT-008029,SUP-087,Supplier,0
KLT-008030,SUP-010,WH-01,0
KLT-008031,SUP-053,Supplier,0
KLT-008032,SUP-106,Supplier,0
KLT-008033,SUP-197,WH-02,0
KLT-008034,SUP-076,WH-01,0
KLT-008035,SUP-130,WH-02,0
KLT-008036,SUP-142,Carrier,0
KLT-008037,SUP-156,Supplier,0
KLT-008038,SUP-083,WH-02,0
KLT-008039,SUP-015,WH-02,0
KLT-008040,SUP-190,Carrier,0
KLT-008041,SUP-077,WH-01,0
KLT-008042,SUP-013,Supplier,0
KLT-008043,SUP-140,WH-01,0
KLT-008044,SUP-120,WH-01,0
KLT-008045,SUP-161,WH-02,0
KLT-008046,SUP-134,WH-01,0
KLT-008047,SUP-108,Carrier,0
KLT-008048,SUP-094,Supplier,0
KLT-008049,SUP-117,WH-02,0
KLT-008050,SUP-191,Carrier,0
KLT-008051,SUP-053,WH-02,0
KLT-008052,SUP-085,WH-02,0
KLT-008053,SUP-062,Supplier,0
KLT-008054,SUP-015,Supplier,0
KLT-008055,SUP-137,Carrier,0
KLT-008056,SUP-131,Carrier,0
KLT-008057,SUP-186,Supplier,0
KLT-008058,SUP-082,Supplier,0
KLT-008059,SUP-129,WH-02,0
KLT-008060,SUP-009,Supplier,0
KLT-008061,SUP-072,Carrier,0
KLT-008062,SUP-019,Carrier,0
KLT-008063,SUP-155,WH-01,0
KLT-008064,SUP-176,Supplier,0
KLT-008065,SUP-199,Supplier,0
KLT-008066,SUP-070,WH-01,0
KLT-008067,SUP-133,Carrier,0
KLT-008068,SUP-184,Carrier,0
KLT-008069,SUP-146,Supplier,0
KLT-008070,SUP-017,WH-02,0
KLT-008071,SUP-101,Carrier,0
KLT-008072,SUP-031,Supplier,0
KLT-008073,SUP-197,WH-01,0
KLT-008074,SUP-094,Supplier,0
KLT-008075,SUP-093,WH-02,0
KLT-008076,SUP-199,Supplier,0
KLT-008077,SUP-097,WH-02,0
KLT-008078,SUP-059,WH-02,0
KLT-008079,SUP-152,Carrier,0
KLT-008080,SUP-054,Supplier,0
KLT-008081,SUP-188,Carrier,0
KLT-008082,SUP-124,Carrier,0
KLT-008083,SUP-031,Carrier,0
KLT-008084,SUP-063,WH-01,0
KLT-008085,SUP-105,Supplier,0
KLT-008086,SUP-073,Supplier,0
KLT-008087,SUP-002,Supplier,0
KLT-008088,SUP-160,Carrier,0
KLT-008089,SUP-062,WH-01,0
KLT-008090,SUP-099,WH-02,0
KLT-008091,SUP-158,Supplier,0
KLT-008092,SUP-130,Carrier,0
KLT-008093,SUP-062,Supplier,0
KLT-008094,SUP-098,Supplier,0
KLT-008095,SUP-096,WH-02,0
KLT-008096,SUP-086,Carrier,0
KLT-008097,SUP-174,Carrier,0
KLT-008098,SUP-170,Supplier,0
KLT-008099,SUP-194,Supplier,0
KLT-008100,SUP-051,Supplier,0
KLT-008101,SUP-069,Supplier,0
KLT-008102,SUP-142,WH-02,0
KLT-008103,SUP-075,WH-01,0
KLT-008104,SUP-084,WH-01,0
KLT-008105,SUP-030,WH-02,0
KLT-008106,SUP-069,WH-02,0
KLT-008107,SUP-050,Supplier,0
KLT-008108,SUP-043,Supplier,0
KLT-008109,SUP-130,Supplier,0
KLT-008110,SUP-177,WH-01,0
KLT-008111,SUP-002,Supplier,0
KLT-008112,SUP-117,WH-01,0
KLT-008113,SUP-070,Supplier,0
KLT-008114,SUP-074,WH-02,0
KLT-008115,SUP-024,Carrier,0
KLT-008116,SUP-169,Supplier,0
KLT-008117,SUP-198,WH-02,0
KLT-008118,SUP-108,Carrier,0
KLT-008119,SUP-200,WH-02,0
KLT-008120,SUP-053,WH-01,0
KLT-008121,SUP-009,Supplier,0
KLT-008122,SUP-044,Supplier,0
KLT-008123,SUP-154,Supplier,0
KLT-008124,SUP-097,WH-02,0
KLT-008125,SUP-122,WH-01,0
KLT-008126,SUP-012,Carrier,0
KLT-008127,SUP-083,WH-01,0
KLT-008128,SUP-029,Supplier,0
KLT-008129,SUP-084,Carrier,0
KLT-008130,SUP-177,Supplier,0
KLT-008131,SUP-200,WH-02,0
KLT-008132,SUP-046,WH-02,0
KLT-008133,SUP-058,WH-01,0
KLT-008134,SUP-142,WH-02,0
KLT-008135,SUP-167,Carrier,0
KLT-008136,SUP-106,WH-02,0
KLT-008137,SUP-034,WH-02,0
KLT-008138,SUP-174,Supplier,0
KLT-008139,SUP-099,WH-02,0
KLT-008140,SUP-174,Supplier,0
KLT-008141,SUP-160,WH-02,0
KLT-008142,SUP-078,WH-01,0
KLT-008143,SUP-096,Supplier,0
KLT-008144,SUP-102,Supplier,0
KLT-008145,SUP-143,WH-01,0
KLT-008146,SUP-155,WH-02,0
KLT-008147,SUP-005,WH-01,0
KLT-008148,SUP-029,WH-01,0
KLT-008149,SUP-195,WH-02,0
KLT-008150,SUP-114,Supplier,0
KLT-008151,SUP-085,Supplier,0
KLT-008152,SUP-115,WH-01,0
KLT-008153,SUP-163,Carrier,0
KLT-008154,SUP-043,WH-01,0
KLT-008155,SUP-105,WH-02,0
KLT-008156,SUP-101,Supplier,0
KLT-008157,SUP-184,WH-02,0
KLT-008158,SUP-092,Carrier,0
KLT-008159,SUP-007,WH-01,0
KLT-008160,SUP-014,Supplier,0
KLT-008161,SUP-110,Carrier,0
KLT-008162,SUP-023,WH-01,0
KLT-008163,SUP-162,WH-01,0
KLT-008164,SUP-193,Supplier,0
KLT-008165,SUP-095,WH-02,0
KLT-008166,SUP-084,WH-02,0
KLT-008167,SUP-091,WH-01,0
KLT-008168,SUP-017,Supplier,0
KLT-008169,SUP-043,WH-02,0
KLT-008170,SUP-170,Supplier,0
KLT-008171,SUP-194,Supplier,0
KLT-008172,SUP-094,WH-02,0
KLT-008173,SUP-040,Carrier,0
KLT-008174,SUP-161,Carrier,0
KLT-008175,SUP-091,WH-01,0
KLT-008176,SUP-087,Carrier,0
KLT-008177,SUP-093,Carrier,0
KLT-008178,SUP-134,WH-02,0
KLT-008179,SUP-014,Carrier,0
KLT-008180,SUP-123,WH-02,0
KLT-008181,SUP-155,Supplier,0
KLT-008182,SUP-144,Carrier,0
KLT-008183,SUP-194,Supplier,0
KLT-008184,SUP-197,WH-01,0
KLT-008185,SUP-199,Supplier,0
KLT-008186,SUP-089,WH-01,0
KLT-008187,SUP-018,WH-02,0
KLT-008188,SUP-128,WH-01,0
KLT-008189,SUP-169,Carrier,0
KLT-008190,SUP-033,Carrier,0
KLT-008191,SUP-128,Supplier,0
KLT-008192,SUP-105,WH-02,0
KLT-008193,SUP-199,WH-02,0
KLT-008194,SUP-051,WH-01,0
KLT-008195,SUP-056,Carrier,0
KLT-008196,SUP-114,WH-02,0
KLT-008197,SUP-143,Carrier,0
KLT-008198,SUP-085,WH-01,0
KLT-008199,SUP-066,Supplier,0
KLT-008200,SUP-040,WH-01,0
KLT-008201,SUP-021,Carrier,0
KLT-008202,SUP-074,Carrier,0
KLT-008203,SUP-154,WH-02,0
KLT-008204,SUP-016,Supplier,0
KLT-008205,SUP-102,Carrier,0
KLT-008206,SUP-101,WH-02,0
KLT-008207,SUP-077,WH-02,0
KLT-008208,SUP-092,Carrier,0
KLT-008209,SUP-104,Carrier,0
KLT-008210,SUP-073,Supplier,0
KLT-008211,SUP-091,WH-02,0
KLT-008212,SUP-124,WH-02,0
KLT-008213,SUP-145,Carrier,0
KLT-008214,SUP-012,Carrier,0
KLT-008215,SUP-042,Supplier,0
KLT-008216,SUP-182,Supplier,0
KLT-008217,SUP-024,Supplier,0
KLT-008218,SUP-195,Carrier,0
KLT-008219,SUP-102,WH-02,0
KLT-008220,SUP-135,WH-02,0
KLT-008221,SUP-049,WH-02,0
KLT-008222,SUP-071,Supplier,0
KLT-008223,SUP-004,WH-02,0
KLT-008224,SUP-058,Supplier,0
KLT-008225,SUP-083,Carrier,0
KLT-008226,SUP-090,Supplier,0
KLT-008227,SUP-134,WH-01,0
KLT-008228,SUP-100,WH-01,0
KLT-008229,SUP-169,WH-02,0
KLT-008230,SUP-016,WH-01,0
KLT-008231,SUP-071,Supplier,0
KLT-008232,SUP-095,WH-02,0
KLT-008233,SUP-052,WH-01,0
KLT-008234,SUP-024,WH-02,0
KLT-008235,SUP-063,WH-01,0
KLT-008236,SUP-082,Supplier,0
KLT-008237,SUP-149,Supplier,0
KLT-008238,SUP-064,WH-01,0
KLT-008239,SUP-156,WH-01,0
KLT-008240,SUP-068,Supplier,0
KLT-008241,SUP-103,Supplier,0
KLT-008242,SUP-169,Supplier,0
KLT-008243,SUP-108,WH-01,0
KLT-008244,SUP-067,Carrier,0
KLT-008245,SUP-035,WH-02,0
KLT-008246,SUP-090,WH-01,0
KLT-008247,SUP-157,Supplier,0
KLT-008248,SUP-060,Carrier,0
KLT-008249,SUP-039,WH-02,0
KLT-008250,SUP-139,Supplier,0
KLT-008251,SUP-009,Supplier,0
KLT-008252,SUP-138,Supplier,0
KLT-008253,SUP-127,Supplier,0
KLT-008254,SUP-103,Supplier,0
KLT-008255,SUP-058,WH-02,0
KLT-008256,SUP-136,Carrier,0
KLT-008257,SUP-137,WH-01,0
KLT-008258,SUP-099,Carrier,0
KLT-008259,SUP-030,Supplier,0
KLT-008260,SUP-107,WH-01,0
KLT-008261,SUP-093,Supplier,0
KLT-008262,SUP-115,WH-02,0
KLT-008263,SUP-073,WH-02,0
KLT-008264,SUP-105,WH-02,0
KLT-008265,SUP-109,Carrier,0
KLT-008266,SUP-042,WH-01,0
KLT-008267,SUP-168,WH-01,0
KLT-008268,SUP-103,Carrier,0
KLT-008269,SUP-191,WH-01,0
KLT-008270,SUP-091,WH-01,0
KLT-008271,SUP-118,Supplier,0
KLT-008272,SUP-072,Supplier,0
KLT-008273,SUP-179,Carrier,0
KLT-008274,SUP-011,WH-01,0
KLT-008275,SUP-125,Supplier,0
KLT-008276,SUP-126,WH-01,0
KLT-008277,SUP-169,Carrier,0
KLT-008278,SUP-147,WH-01,0
KLT-008279,SUP-132,Carrier,0
KLT-008280,SUP-134,Supplier,0
KLT-008281,SUP-006,WH-01,0
KLT-008282,SUP-023,WH-02,0
KLT-008283,SUP-180,WH-01,0
KLT-008284,SUP-085,Supplier,0
KLT-008285,SUP-051,Carrier,0
KLT-008286,SUP-072,Carrier,0
KLT-008287,SUP-004,Supplier,0
KLT-008288,SUP-092,Supplier,0
KLT-008289,SUP-172,Carrier,0
KLT-008290,SUP-055,Supplier,0
KLT-008291,SUP-098,WH-01,0
KLT-008292,SUP-091,WH-02,0
KLT-008293,SUP-132,WH-02,0
KLT-008294,SUP-111,Carrier,0
KLT-008295,SUP-163,Supplier,0
KLT-008296,SUP-109,WH-02,0
KLT-008297,SUP-185,WH-01,0
KLT-008298,SUP-028,Carrier,0
KLT-008299,SUP-115,WH-01,0
KLT-008300,SUP-177,WH-02,0
KLT-008301,SUP-164,Carrier,0
KLT-008302,SUP-160,WH-02,0
KLT-008303,SUP-116,Carrier,0
KLT-008304,SUP-017,Carrier,0
KLT-008305,SUP-158,Carrier,0
KLT-008306,SUP-084,Carrier,0
KLT-008307,SUP-059,Supplier,0
KLT-008308,SUP-127,WH-02,0
KLT-008309,SUP-037,WH-01,0
KLT-008310,SUP-085,Supplier,0
KLT-008311,SUP-182,WH-02,0
KLT-008312,SUP-153,WH-01,0
KLT-008313,SUP-189,WH-02,0
KLT-008314,SUP-156,Supplier,0
KLT-008315,SUP-084,WH-02,0
KLT-008316,SUP-175,WH-02,0
KLT-008317,SUP-134,Supplier,0
KLT-008318,SUP-054,Supplier,0
KLT-008319,SUP-004,Supplier,0
KLT-008320,SUP-195,WH-01,0
KLT-008321,SUP-047,Supplier,0
KLT-008322,SUP-035,Carrier,0
KLT-008323,SUP-001,WH-01,0
KLT-008324,SUP-002,Carrier,0
KLT-008325,SUP-076,WH-02,0
KLT-008326,SUP-036,WH-02,0
KLT-008327,SUP-018,WH-01,0
KLT-008328,SUP-066,Supplier,0
KLT-008329,SUP-071,Carrier,0
KLT-008330,SUP-056,Carrier,0
KLT-008331,SUP-035,Supplier,0
KLT-008332,SUP-175,WH-01,0
KLT-008333,SUP-082,WH-01,0
KLT-008334,SUP-121,WH-02,0
KLT-008335,SUP-001,WH-01,0
KLT-008336,SUP-172,WH-01,0
KLT-008337,SUP-195,WH-02,0
KLT-008338,SUP-043,WH-02,0
KLT-008339,SUP-185,WH-02,0
KLT-008340,SUP-182,Carrier,0
KLT-008341,SUP-024,Carrier,0
KLT-008342,SUP-080,Carrier,0
KLT-008343,SUP-054,WH-02,0
KLT-008344,SUP-019,Carrier,0
KLT-008345,SUP-106,Supplier,0
KLT-008346,SUP-099,Carrier,0
KLT-008347,SUP-145,WH-01,0
KLT-008348,SUP-193,WH-02,0
KLT-008349,SUP-023,Carrier,0
KLT-008350,SUP-128,Supplier,0
KLT-008351,SUP-018,Carrier,0
KLT-008352,SUP-122,WH-01,0
KLT-008353,SUP-077,WH-01,0
KLT-008354,SUP-021,WH-01,0
KLT-008355,SUP-149,WH-01,0
KLT-008356,SUP-010,Supplier,0
KLT-008357,SUP-108,WH-02,0
KLT-008358,SUP-098,WH-01,0
KLT-008359,SUP-086,WH-02,0
KLT-008360,SUP-115,WH-02,0
KLT-008361,SUP-194,WH-02,0
KLT-008362,SUP-133,WH-02,0
KLT-008363,SUP-124,Supplier,0
KLT-008364,SUP-045,WH-01,41
KLT-008365,SUP-128,WH-01,0
KLT-008366,SUP-065,WH-01,0
KLT-008367,SUP-072,Supplier,0
KLT-008368,SUP-149,WH-01,0
KLT-008369,SUP-104,WH-02,0
KLT-008370,SUP-093,WH-01,0
KLT-008371,SUP-070,Supplier,0
KLT-008372,SUP-172,Carrier,0
KLT-008373,SUP-028,Carrier,0
KLT-008374,SUP-128,WH-02,0
KLT-008375,SUP-079,WH-01,0
KLT-008376,SUP-171,WH-02,0
KLT-008377,SUP-133,Supplier,0
KLT-008378,SUP-138,WH-02,0
KLT-008379,SUP-152,Carrier,0
KLT-008380,SUP-029,WH-02,0
KLT-008381,SUP-127,Supplier,0
KLT-008382,SUP-028,Carrier,0
KLT-008383,SUP-200,WH-01,0
KLT-008384,SUP-174,WH-02,0
KLT-008385,SUP-034,WH-01,0
KLT-008386,SUP-194,WH-02,0
KLT-008387,SUP-158,WH-01,0
KLT-008388,SUP-181,Supplier,0
KLT-008389,SUP-008,Carrier,0
KLT-008390,SUP-108,Carrier,0
KLT-008391,SUP-006,Carrier,0
KLT-008392,SUP-066,WH-02,0
KLT-008393,SUP-022,WH-01,0
KLT-008394,SUP-167,Supplier,0
KLT-008395,SUP-170,WH-01,0
KLT-008396,SUP-043,Supplier,0
KLT-008397,SUP-068,WH-01,0
KLT-008398,SUP-178,Supplier,0
KLT-008399,SUP-031,WH-01,0
KLT-008400,SUP-191,WH-02,0
KLT-008401,SUP-137,Supplier,0
KLT-008402,SUP-195,WH-01,0
KLT-008403,SUP-115,WH-01,0
KLT-008404,SUP-176,Supplier,0
KLT-008405,SUP-005,WH-01,0
KLT-008406,SUP-046,WH-02,0
KLT-008407,SUP-032,Carrier,0
KLT-008408,SUP-128,WH-01,0
KLT-008409,SUP-189,WH-01,0
KLT-008410,SUP-182,WH-02,0
KLT-008411,SUP-030,WH-01,0
KLT-008412,SUP-005,WH-01,0
KLT-008413,SUP-022,Carrier,0
KLT-008414,SUP-117,Carrier,0
KLT-008415,SUP-021,WH-01,0
KLT-008416,SUP-194,WH-01,0
KLT-008417,SUP-009,Carrier,0
KLT-008418,SUP-036,WH-01,0
KLT-008419,SUP-002,Carrier,0
KLT-008420,SUP-036,Carrier,0
KLT-008421,SUP-099,WH-01,0
KLT-008422,SUP-072,Supplier,0
KLT-008423,SUP-178,WH-01,0
KLT-008424,SUP-180,Supplier,0
KLT-008425,SUP-073,WH-02,0
KLT-008426,SUP-053,Supplier,0
KLT-008427,SUP-157,Supplier,0
KLT-008428,SUP-064,Carrier,0
KLT-008429,SUP-148,Supplier,0
KLT-008430,SUP-151,Supplier,0
KLT-008431,SUP-136,Carrier,0
KLT-008432,SUP-071,Supplier,0
KLT-008433,SUP-107,WH-01,0
KLT-008434,SUP-144,WH-01,0
KLT-008435,SUP-044,Supplier,0
KLT-008436,SUP-090,WH-01,0
KLT-008437,SUP-032,Carrier,0
KLT-008438,SUP-094,Supplier,0
KLT-008439,SUP-078,WH-01,0
KLT-008440,SUP-184,Carrier,0
KLT-008441,SUP-045,Carrier,0
KLT-008442,SUP-177,WH-01,0
KLT-008443,SUP-093,Supplier,0
KLT-008444,SUP-191,Supplier,0
KLT-008445,SUP-087,Supplier,0
KLT-008446,SUP-027,Supplier,0
KLT-008447,SUP-146,WH-01,0
KLT-008448,SUP-071,Supplier,0
KLT-008449,SUP-063,WH-02,0
KLT-008450,SUP-139,Supplier,0
KLT-008451,SUP-194,Supplier,0
KLT-008452,SUP-030,WH-02,0
KLT-008453,SUP-125,Carrier,0
KLT-008454,SUP-048,Carrier,0
KLT-008455,SUP-016,Carrier,0
KLT-008456,SUP-026,WH-01,0
KLT-008457,SUP-184,Supplier,0
KLT-008458,SUP-013,WH-01,0
KLT-008459,SUP-156,Carrier,0
KLT-008460,SUP-063,Carrier,0
KLT-008461,SUP-055,WH-01,0
KLT-008462,SUP-108,WH-02,0
KLT-008463,SUP-018,WH-01,0
KLT-008464,SUP-047,Supplier,0
KLT-008465,SUP-006,Carrier,0
KLT-008466,SUP-063,WH-01,0
KLT-008467,SUP-200,WH-01,0
KLT-008468,SUP-076,WH-01,0
KLT-008469,SUP-027,WH-02,0
KLT-008470,SUP-074,WH-02,0
KLT-008471,SUP-153,Supplier,0
KLT-008472,SUP-004,WH-02,0
KLT-008473,SUP-060,Supplier,0
KLT-008474,SUP-072,Supplier,0
KLT-008475,SUP-027,Carrier,0
KLT-008476,SUP-128,Carrier,0
KLT-008477,SUP-173,WH-01,0
KLT-008478,SUP-081,Carrier,0
KLT-008479,SUP-132,WH-02,0
KLT-008480,SUP-187,Carrier,0
KLT-008481,SUP-111,Supplier,0
KLT-008482,SUP-169,WH-01,0
KLT-008483,SUP-067,Carrier,64
KLT-008484,SUP-022,WH-02,0
KLT-008485,SUP-121,WH-02,0
KLT-008486,SUP-152,WH-02,0
KLT-008487,SUP-177,Supplier,0
KLT-008488,SUP-086,WH-01,0
KLT-008489,SUP-079,WH-02,0
KLT-008490,SUP-100,Supplier,0
KLT-008491,SUP-180,WH-01,0
KLT-008492,SUP-100,WH-02,0
KLT-008493,SUP-135,Supplier,0
KLT-008494,SUP-050,Supplier,0
KLT-008495,SUP-153,Carrier,0
KLT-008496,SUP-040,Carrier,0
KLT-008497,SUP-025,Supplier,0
KLT-008498,SUP-145,WH-02,0
KLT-008499,SUP-153,Carrier,0
KLT-008500,SUP-116,WH-01,0
KLT-008501,SUP-193,WH-01,0
KLT-008502,SUP-190,WH-02,0
KLT-008503,SUP-085,Supplier,0
KLT-008504,SUP-027,Supplier,0
KLT-008505,SUP-027,Carrier,0
KLT-008506,SUP-059,WH-02,0
KLT-008507,SUP-100,Carrier,0
KLT-008508,SUP-003,WH-02,0
KLT-008509,SUP-173,Carrier,0
KLT-008510,SUP-082,Supplier,0
KLT-008511,SUP-138,Carrier,0
KLT-008512,SUP-069,Carrier,0
KLT-008513,SUP-134,WH-02,0
KLT-008514,SUP-045,WH-01,0
KLT-008515,SUP-053,WH-01,0
KLT-008516,SUP-047,WH-02,0
KLT-008517,SUP-057,Carrier,0
KLT-008518,SUP-098,WH-02,0
KLT-008519,SUP-091,Supplier,0
KLT-008520,SUP-095,WH-02,0
KLT-008521,SUP-159,Supplier,0
KLT-008522,SUP-177,Supplier,0
KLT-008523,SUP-100,Supplier,0
KLT-008524,SUP-090,Carrier,0
KLT-008525,SUP-146,Supplier,0
KLT-008526,SUP-161,Carrier,0
KLT-008527,SUP-053,WH-01,0
KLT-008528,SUP-061,Supplier,0
KLT-008529,SUP-125,WH-01,0
KLT-008530,SUP-055,WH-01,0
KLT-008531,SUP-159,Supplier,0
KLT-008532,SUP-180,Carrier,0
KLT-008533,SUP-001,Supplier,0
KLT-008534,SUP-132,WH-02,0
KLT-008535,SUP-195,Carrier,0
KLT-008536,SUP-110,WH-02,0
KLT-008537,SUP-094,WH-02,0
KLT-008538,SUP-127,Supplier,0
KLT-008539,SUP-181,Supplier,0
KLT-008540,SUP-045,WH-01,0
KLT-008541,SUP-176,WH-02,0
KLT-008542,SUP-042,WH-02,0
KLT-008543,SUP-076,WH-01,0
KLT-008544,SUP-003,WH-01,0
KLT-008545,SUP-050,Supplier,0
KLT-008546,SUP-162,WH-02,0
KLT-008547,SUP-147,WH-02,0
KLT-008548,SUP-125,WH-02,0
KLT-008549,SUP-194,Supplier,0
KLT-008550,SUP-198,Supplier,0
KLT-008551,SUP-066,Supplier,0
KLT-008552,SUP-170,Carrier,0
KLT-008553,SUP-136,Supplier,0
KLT-008554,SUP-006,WH-01,0
KLT-008555,SUP-035,WH-01,0
KLT-008556,SUP-172,WH-02,0
KLT-008557,SUP-084,Carrier,0
KLT-008558,SUP-019,Carrier,0
KLT-008559,SUP-035,Supplier,0
KLT-008560,SUP-008,Carrier,0
KLT-008561,SUP-039,Supplier,0
KLT-008562,SUP-193,WH-01,0
KLT-008563,SUP-013,WH-02,0
KLT-008564,SUP-138,WH-02,0
KLT-008565,SUP-151,WH-01,0
KLT-008566,SUP-044,WH-01,0
KLT-008567,SUP-004,WH-01,0
KLT-008568,SUP-095,WH-02,0
KLT-008569,SUP-062,Carrier,0
KLT-008570,SUP-111,WH-02,0
KLT-008571,SUP-194,Supplier,0
KLT-008572,SUP-120,WH-01,0
KLT-008573,SUP-165,Supplier,0
KLT-008574,SUP-118,Supplier,0
KLT-008575,SUP-174,Supplier,0
KLT-008576,SUP-146,Carrier,0
KLT-008577,SUP-071,Carrier,0
KLT-008578,SUP-053,Supplier,0
KLT-008579,SUP-194,Supplier,0
KLT-008580,SUP-129,Supplier,0
KLT-008581,SUP-073,Carrier,0
KLT-008582,SUP-163,WH-01,0
KLT-008583,SUP-006,Supplier,0
KLT-008584,SUP-009,WH-02,0
KLT-008585,SUP-151,Supplier,0
KLT-008586,SUP-139,WH-02,0
KLT-008587,SUP-037,WH-02,0
KLT-008588,SUP-122,Supplier,0
KLT-008589,SUP-181,WH-02,0
KLT-008590,SUP-104,WH-02,0
KLT-008591,SUP-117,WH-01,0
KLT-008592,SUP-113,WH-02,0
KLT-008593,SUP-014,WH-02,0
KLT-008594,SUP-062,WH-01,0
KLT-008595,SUP-167,Supplier,0
KLT-008596,SUP-127,Carrier,0
KLT-008597,SUP-103,Carrier,0
KLT-008598,SUP-116,WH-01,0
KLT-008599,SUP-114,Carrier,0
KLT-008600,SUP-184,Supplier,0
KLT-008601,SUP-190,Carrier,0
KLT-008602,SUP-139,Carrier,0
KLT-008603,SUP-083,WH-01,0
KLT-008604,SUP-138,Carrier,0
KLT-008605,SUP-050,WH-01,0
KLT-008606,SUP-015,WH-01,0
KLT-008607,SUP-049,WH-01,0
KLT-008608,SUP-083,Supplier,0
KLT-008609,SUP-190,WH-02,0
KLT-008610,SUP-105,Supplier,0
KLT-008611,SUP-025,Supplier,0
KLT-008612,SUP-036,WH-01,0
KLT-008613,SUP-154,Supplier,0
KLT-008614,SUP-092,Carrier,0
KLT-008615,SUP-023,Carrier,0
KLT-008616,SUP-151,Carrier,0
KLT-008617,SUP-119,WH-01,0
KLT-008618,SUP-072,WH-02,0
KLT-008619,SUP-006,WH-01,0
KLT-008620,SUP-068,WH-01,0
KLT-008621,SUP-028,WH-02,0
KLT-008622,SUP-197,WH-01,0
KLT-008623,SUP-058,WH-02,0
KLT-008624,SUP-142,WH-02,0
KLT-008625,SUP-094,WH-01,0
KLT-008626,SUP-045,Supplier,0
KLT-008627,SUP-153,Supplier,0
KLT-008628,SUP-083,WH-01,0
KLT-008629,SUP-053,WH-01,0
KLT-008630,SUP-164,WH-02,0
KLT-008631,SUP-157,Supplier,0
KLT-008632,SUP-139,WH-01,0
KLT-008633,SUP-005,Supplier,0
KLT-008634,SUP-035,Supplier,0
KLT-008635,SUP-200,Supplier,0
KLT-008636,SUP-088,WH-01,0
KLT-008637,SUP-122,WH-01,0
KLT-008638,SUP-153,Carrier,0
KLT-008639,SUP-185,Carrier,0
KLT-008640,SUP-184,Carrier,0
KLT-008641,SUP-091,Carrier,0
KLT-008642,SUP-117,Supplier,0
KLT-008643,SUP-079,Carrier,0
KLT-008644,SUP-158,Supplier,0
KLT-008645,SUP-117,Carrier,0
KLT-008646,SUP-098,WH-01,0
KLT-008647,SUP-054,WH-02,0
KLT-008648,SUP-150,WH-01,0
KLT-008649,SUP-184,WH-01,0
KLT-008650,SUP-174,Carrier,0
KLT-008651,SUP-075,Supplier,0
KLT-008652,SUP-066,WH-02,0
KLT-008653,SUP-157,WH-01,0
KLT-008654,SUP-113,WH-02,0
KLT-008655,SUP-001,WH-02,0
KLT-008656,SUP-092,Supplier,0
KLT-008657,SUP-064,Supplier,0
KLT-008658,SUP-110,WH-01,0
KLT-008659,SUP-077,WH-01,0
KLT-008660,SUP-096,Carrier,0
KLT-008661,SUP-121,Carrier,0
KLT-008662,SUP-200,WH-02,0
KLT-008663,SUP-158,Supplier,0
KLT-008664,SUP-086,WH-02,0
KLT-008665,SUP-147,Supplier,0
KLT-008666,SUP-195,Supplier,0
KLT-008667,SUP-127,Carrier,0
KLT-008668,SUP-001,Carrier,0
KLT-008669,SUP-190,WH-01,0
KLT-008670,SUP-074,Carrier,0
KLT-008671,SUP-125,Carrier,0
KLT-008672,SUP-041,WH-01,0
KLT-008673,SUP-152,Supplier,0
KLT-008674,SUP-047,WH-02,0
KLT-008675,SUP-123,Carrier,0
KLT-008676,SUP-145,WH-01,0
KLT-008677,SUP-103,WH-02,0
KLT-008678,SUP-155,WH-01,0
KLT-008679,SUP-005,Carrier,0
KLT-008680,SUP-077,Carrier,0
KLT-008681,SUP-011,Supplier,0
KLT-008682,SUP-088,WH-02,30
KLT-008683,SUP-119,WH-02,0
KLT-008684,SUP-178,Supplier,0
KLT-008685,SUP-013,Carrier,0
KLT-008686,SUP-016,WH-01,0
KLT-008687,SUP-130,Supplier,0
KLT-008688,SUP-082,Supplier,0
KLT-008689,SUP-181,WH-02,0
KLT-008690,SUP-114,WH-02,0
KLT-008691,SUP-040,Carrier,0
KLT-008692,SUP-059,WH-02,0
KLT-008693,SUP-138,WH-01,0
KLT-008694,SUP-028,WH-01,0
KLT-008695,SUP-040,WH-02,0
KLT-008696,SUP-036,Carrier,0
KLT-008697,SUP-197,WH-02,0
KLT-008698,SUP-094,WH-01,0
KLT-008699,SUP-146,Supplier,0
KLT-008700,SUP-148,WH-01,0
KLT-008701,SUP-063,WH-01,0
KLT-008702,SUP-152,Carrier,0
KLT-008703,SUP-085,WH-02,0
KLT-008704,SUP-005,Carrier,0
KLT-008705,SUP-111,Supplier,0
KLT-008706,SUP-041,WH-01,0
KLT-008707,SUP-132,WH-01,0
KLT-008708,SUP-173,WH-02,0
KLT-008709,SUP-067,WH-01,0
KLT-008710,SUP-001,WH-01,0
KLT-008711,SUP-054,Supplier,0
KLT-008712,SUP-144,Carrier,0
KLT-008713,SUP-021,WH-01,0
KLT-008714,SUP-039,WH-01,0
KLT-008715,SUP-005,WH-01,0
KLT-008716,SUP-164,Carrier,0
KLT-008717,SUP-064,Carrier,0
KLT-008718,SUP-073,Carrier,0
KLT-008719,SUP-163,WH-02,0
KLT-008720,SUP-099,Carrier,0
KLT-008721,SUP-099,Carrier,0
KLT-008722,SUP-061,Carrier,0
KLT-008723,SUP-102,WH-01,0
KLT-008724,SUP-122,WH-02,0
KLT-008725,SUP-018,WH-02,0
KLT-008726,SUP-146,WH-01,0
KLT-008727,SUP-039,WH-01,30
KLT-008728,SUP-200,Supplier,0
KLT-008729,SUP-071,Supplier,0
KLT-008730,SUP-119,WH-02,0
KLT-008731,SUP-038,WH-01,0
KLT-008732,SUP-182,Supplier,0
KLT-008733,SUP-013,Carrier,0
KLT-008734,SUP-136,Supplier,0
KLT-008735,SUP-092,Supplier,0
KLT-008736,SUP-152,WH-02,0
KLT-008737,SUP-085,Supplier,0
KLT-008738,SUP-003,WH-01,0
KLT-008739,SUP-017,Carrier,0
KLT-008740,SUP-132,WH-02,0
KLT-008741,SUP-095,WH-02,0
KLT-008742,SUP-105,WH-02,0
KLT-008743,SUP-077,WH-02,0
KLT-008744,SUP-110,WH-02,0
KLT-008745,SUP-134,WH-02,0
KLT-008746,SUP-041,WH-02,0
KLT-008747,SUP-077,WH-01,0
KLT-008748,SUP-156,Carrier,0
KLT-008749,SUP-181,Supplier,0
KLT-008750,SUP-023,Supplier,0
KLT-008751,SUP-101,WH-02,0
KLT-008752,SUP-058,Supplier,0
KLT-008753,SUP-137,Supplier,0
KLT-008754,SUP-127,Supplier,0
KLT-008755,SUP-166,Carrier,0
KLT-008756,SUP-105,WH-02,0
KLT-008757,SUP-148,Supplier,0
KLT-008758,SUP-192,WH-02,0
KLT-008759,SUP-050,WH-01,0
KLT-008760,SUP-125,Carrier,0
KLT-008761,SUP-130,Carrier,0
KLT-008762,SUP-190,WH-02,0
KLT-008763,SUP-088,Supplier,0
KLT-008764,SUP-029,Carrier,0
KLT-008765,SUP-152,Supplier,0
KLT-008766,SUP-159,Supplier,0
KLT-008767,SUP-186,Supplier,0
KLT-008768,SUP-092,Carrier,0
KLT-008769,SUP-075,Supplier,0
KLT-008770,SUP-065,WH-01,0
KLT-008771,SUP-059,WH-01,0
KLT-008772,SUP-179,WH-02,0
KLT-008773,SUP-145,Supplier,0
KLT-008774,SUP-115,Supplier,0
KLT-008775,SUP-010,Supplier,0
KLT-008776,SUP-191,Supplier,0
KLT-008777,SUP-187,Carrier,0
KLT-008778,SUP-085,Carrier,0
KLT-008779,SUP-097,Supplier,0
KLT-008780,SUP-102,WH-02,0
KLT-008781,SUP-017,Carrier,0
KLT-008782,SUP-159,WH-01,0
KLT-008783,SUP-172,WH-01,0
KLT-008784,SUP-029,Supplier,0
KLT-008785,SUP-117,WH-01,0
KLT-008786,SUP-150,Supplier,0
KLT-008787,SUP-041,Supplier,0
KLT-008788,SUP-117,WH-01,0
KLT-008789,SUP-118,WH-02,0
KLT-008790,SUP-045,WH-01,0
KLT-008791,SUP-171,WH-02,0
KLT-008792,SUP-133,WH-02,0
KLT-008793,SUP-085,Carrier,0
KLT-008794,SUP-145,WH-01,0
KLT-008795,SUP-165,WH-01,0
KLT-008796,SUP-187,WH-02,0
KLT-008797,SUP-086,WH-01,0
KLT-008798,SUP-161,WH-02,0
KLT-008799,SUP-080,WH-01,0
KLT-008800,SUP-184,WH-02,0
KLT-008801,SUP-017,Carrier,0
KLT-008802,SUP-157,WH-01,0
KLT-008803,SUP-128,Supplier,0
KLT-008804,SUP-057,Carrier,0
KLT-008805,SUP-053,WH-01,0
KLT-008806,SUP-026,WH-02,0
KLT-008807,SUP-139,WH-01,0
KLT-008808,SUP-089,Supplier,0
KLT-008809,SUP-168,Carrier,0
KLT-008810,SUP-130,Supplier,0
KLT-008811,SUP-065,Supplier,0
KLT-008812,SUP-045,WH-02,0
KLT-008813,SUP-100,WH-01,0
KLT-008814,SUP-168,Supplier,0
KLT-008815,SUP-044,WH-01,0
KLT-008816,SUP-101,WH-02,0
KLT-008817,SUP-108,Supplier,0
KLT-008818,SUP-107,WH-02,0
KLT-008819,SUP-127,WH-01,0
KLT-008820,SUP-181,Carrier,0
KLT-008821,SUP-099,Supplier,0
KLT-008822,SUP-081,Carrier,0
KLT-008823,SUP-174,Carrier,0
KLT-008824,SUP-141,Supplier,0
KLT-008825,SUP-033,WH-01,0
KLT-008826,SUP-008,WH-01,0
KLT-008827,SUP-193,Carrier,0
KLT-008828,SUP-082,Carrier,0
KLT-008829,SUP-017,WH-01,0
KLT-008830,SUP-016,WH-01,0
KLT-008831,SUP-130,WH-01,0
KLT-008832,SUP-189,WH-01,0
KLT-008833,SUP-011,Supplier,0
KLT-008834,SUP-177,Supplier,0
KLT-008835,SUP-161,Carrier,0
KLT-008836,SUP-079,Supplier,0
KLT-008837,SUP-109,WH-02,0
KLT-008838,SUP-096,WH-02,0
KLT-008839,SUP-135,WH-01,0
KLT-008840,SUP-151,WH-01,0
KLT-008841,SUP-103,Carrier,0
KLT-008842,SUP-118,Carrier,0
KLT-008843,SUP-035,Carrier,0
KLT-008844,SUP-085,WH-02,0
KLT-008845,SUP-116,Carrier,0
KLT-008846,SUP-127,Carrier,0
KLT-008847,SUP-029,Supplier,0
KLT-008848,SUP-195,WH-02,0
KLT-008849,SUP-097,WH-02,0
KLT-008850,SUP-076,WH-01,0
KLT-008851,SUP-130,WH-02,0
KLT-008852,SUP-138,Supplier,0
KLT-008853,SUP-010,WH-01,0
KLT-008854,SUP-106,WH-02,0
KLT-008855,SUP-065,WH-01,0
KLT-008856,SUP-176,Carrier,0
KLT-008857,SUP-032,Carrier,0
KLT-008858,SUP-097,WH-02,0
KLT-008859,SUP-138,WH-01,0
KLT-008860,SUP-122,Carrier,0
KLT-008861,SUP-172,Carrier,0
KLT-008862,SUP-170,Carrier,0
KLT-008863,SUP-032,Carrier,0
KLT-008864,SUP-125,Carrier,0
KLT-008865,SUP-133,WH-02,0
KLT-008866,SUP-038,WH-01,0
KLT-008867,SUP-046,Supplier,0
KLT-008868,SUP-090,WH-02,0
KLT-008869,SUP-142,Supplier,0
KLT-008870,SUP-076,Carrier,0
KLT-008871,SUP-083,Supplier,0
KLT-008872,SUP-030,Supplier,0
KLT-008873,SUP-098,WH-01,0
KLT-008874,SUP-119,Carrier,0
KLT-008875,SUP-109,WH-02,0
KLT-008876,SUP-076,WH-01,0
KLT-008877,SUP-102,WH-01,0
KLT-008878,SUP-113,Carrier,0
KLT-008879,SUP-095,Supplier,0
KLT-008880,SUP-080,Supplier,0
KLT-008881,SUP-117,WH-02,0
KLT-008882,SUP-062,WH-02,0
KLT-008883,SUP-062,Carrier,0
KLT-008884,SUP-124,Supplier,0
KLT-008885,SUP-189,Carrier,0
KLT-008886,SUP-181,Supplier,0
KLT-008887,SUP-144,WH-01,0
KLT-008888,SUP-062,Carrier,0
KLT-008889,SUP-012,Carrier,0
KLT-008890,SUP-191,WH-01,0
KLT-008891,SUP-032,Supplier,0
KLT-008892,SUP-004,Carrier,0
KLT-008893,SUP-053,Supplier,0
KLT-008894,SUP-100,Carrier,0
KLT-008895,SUP-185,WH-02,0
KLT-008896,SUP-041,WH-02,0
KLT-008897,SUP-153,Supplier,0
KLT-008898,SUP-194,Carrier,0
KLT-008899,SUP-121,WH-02,0
KLT-008900,SUP-044,Carrier,0
KLT-008901,SUP-143,WH-01,0
KLT-008902,SUP-109,WH-02,0
KLT-008903,SUP-143,WH-02,0
KLT-008904,SUP-115,WH-02,0
KLT-008905,SUP-013,Supplier,0
KLT-008906,SUP-151,Supplier,0
KLT-008907,SUP-018,Carrier,0
KLT-008908,SUP-116,Supplier,0
KLT-008909,SUP-029,WH-02,0
KLT-008910,SUP-106,Supplier,0
KLT-008911,SUP-171,Supplier,0
KLT-008912,SUP-164,Supplier,0
KLT-008913,SUP-173,Carrier,0
KLT-008914,SUP-082,Supplier,0
KLT-008915,SUP-181,Carrier,0
KLT-008916,SUP-169,Carrier,0
KLT-008917,SUP-114,WH-02,0
KLT-008918,SUP-002,WH-02,0
KLT-008919,SUP-010,WH-01,0
KLT-008920,SUP-033,Supplier,0
KLT-008921,SUP-191,WH-02,0
KLT-008922,SUP-119,WH-02,0
KLT-008923,SUP-184,WH-01,0
KLT-008924,SUP-014,WH-02,0
KLT-008925,SUP-147,WH-02,0
KLT-008926,SUP-010,WH-02,0
KLT-008927,SUP-078,Carrier,0
KLT-008928,SUP-047,WH-01,0
KLT-008929,SUP-145,Supplier,0
KLT-008930,SUP-195,Supplier,0
KLT-008931,SUP-133,WH-02,0
KLT-008932,SUP-071,WH-01,0
KLT-008933,SUP-065,Supplier,0
KLT-008934,SUP-128,WH-02,0
KLT-008935,SUP-096,WH-02,0
KLT-008936,SUP-023,WH-01,0
KLT-008937,SUP-079,Carrier,0
KLT-008938,SUP-086,Supplier,0
KLT-008939,SUP-102,Carrier,0
KLT-008940,SUP-108,Supplier,0
KLT-008941,SUP-056,Supplier,0
KLT-008942,SUP-131,Supplier,0
KLT-008943,SUP-069,WH-02,0
KLT-008944,SUP-181,Supplier,0
KLT-008945,SUP-103,Carrier,0
KLT-008946,SUP-154,Carrier,0
KLT-008947,SUP-154,Supplier,0
KLT-008948,SUP-119,WH-02,0
KLT-008949,SUP-100,Carrier,0
KLT-008950,SUP-062,WH-01,0
KLT-008951,SUP-132,WH-01,0
KLT-008952,SUP-125,Carrier,0
KLT-008953,SUP-062,Carrier,0
KLT-008954,SUP-077,WH-02,0
KLT-008955,SUP-119,WH-01,0
KLT-008956,SUP-001,WH-02,0
KLT-008957,SUP-054,Supplier,0
KLT-008958,SUP-121,Carrier,0
KLT-008959,SUP-088,WH-02,0
KLT-008960,SUP-180,WH-02,0
KLT-008961,SUP-021,WH-01,0
KLT-008962,SUP-194,WH-02,0
KLT-008963,SUP-190,Supplier,0
KLT-008964,SUP-031,Carrier,0
KLT-008965,SUP-089,Carrier,0
KLT-008966,SUP-076,Supplier,0
KLT-008967,SUP-139,WH-02,0
KLT-008968,SUP-158,WH-02,0
KLT-008969,SUP-177,Supplier,0
KLT-008970,SUP-113,WH-01,0
KLT-008971,SUP-083,Supplier,0
KLT-008972,SUP-153,WH-01,0
KLT-008973,SUP-011,WH-01,0
KLT-008974,SUP-005,WH-01,0
KLT-008975,SUP-078,Supplier,0
KLT-008976,SUP-011,WH-02,0
KLT-008977,SUP-166,Supplier,0
KLT-008978,SUP-032,Carrier,0
KLT-008979,SUP-174,Carrier,0
KLT-008980,SUP-103,WH-01,0
KLT-008981,SUP-062,Supplier,0
KLT-008982,SUP-007,WH-02,0
KLT-008983,SUP-065,Carrier,0
KLT-008984,SUP-198,Supplier,0
KLT-008985,SUP-150,WH-01,0
KLT-008986,SUP-051,WH-01,0
KLT-008987,SUP-003,WH-01,0
KLT-008988,SUP-061,Carrier,0
KLT-008989,SUP-019,Supplier,0
KLT-008990,SUP-072,Supplier,0
KLT-008991,SUP-029,Supplier,0
KLT-008992,SUP-024,Carrier,0
KLT-008993,SUP-007,Carrier,0
KLT-008994,SUP-101,Supplier,0
KLT-008995,SUP-038,WH-01,0
KLT-008996,SUP-163,WH-02,0
KLT-008997,SUP-016,Supplier,0
KLT-008998,SUP-156,WH-02,0
KLT-008999,SUP-102,WH-01,0
KLT-009000,SUP-133,Carrier,0
KLT-009001,SUP-150,WH-01,0
KLT-009002,SUP-018,Supplier,0
KLT-009003,SUP-032,WH-01,0
KLT-009004,SUP-111,Supplier,0
KLT-009005,SUP-164,Carrier,0
KLT-009006,SUP-122,Supplier,0
KLT-009007,SUP-141,Carrier,0
KLT-009008,SUP-185,WH-02,0
KLT-009009,SUP-124,Carrier,0
KLT-009010,SUP-085,WH-01,0
KLT-009011,SUP-022,Carrier,0
KLT-009012,SUP-077,Supplier,0
KLT-009013,SUP-014,WH-01,0
KLT-009014,SUP-111,Supplier,0
KLT-009015,SUP-125,Supplier,0
KLT-009016,SUP-123,WH-01,0
KLT-009017,SUP-174,WH-02,0
KLT-009018,SUP-173,WH-01,0
KLT-009019,SUP-100,WH-01,0
KLT-009020,SUP-028,WH-01,0
KLT-009021,SUP-188,Carrier,0
KLT-009022,SUP-084,WH-02,0
KLT-009023,SUP-135,WH-01,0
KLT-009024,SUP-013,Carrier,0
KLT-009025,SUP-043,Supplier,0
KLT-009026,SUP-117,Carrier,0
KLT-009027,SUP-019,WH-01,0
KLT-009028,SUP-143,WH-01,0
KLT-009029,SUP-130,Carrier,0
KLT-009030,SUP-179,WH-02,0
KLT-009031,SUP-082,Carrier,0
KLT-009032,SUP-196,WH-02,0
KLT-009033,SUP-185,WH-02,0
KLT-009034,SUP-052,WH-01,0
KLT-009035,SUP-040,WH-01,0
KLT-009036,SUP-034,WH-02,0
KLT-009037,SUP-144,WH-01,0
KLT-009038,SUP-131,WH-02,0
KLT-009039,SUP-130,Carrier,0
KLT-009040,SUP-042,Supplier,0
KLT-009041,SUP-151,Carrier,0
KLT-009042,SUP-051,WH-02,0
KLT-009043,SUP-139,Carrier,0
KLT-009044,SUP-109,WH-02,0
KLT-009045,SUP-164,WH-02,0
KLT-009046,SUP-046,Carrier,0
KLT-009047,SUP-053,WH-02,0
KLT-009048,SUP-175,WH-01,0
KLT-009049,SUP-142,WH-01,0
KLT-009050,SUP-110,WH-02,0
KLT-009051,SUP-059,Supplier,0
KLT-009052,SUP-079,Carrier,0
KLT-009053,SUP-163,Supplier,0
KLT-009054,SUP-170,Supplier,0
KLT-009055,SUP-069,Supplier,0
KLT-009056,SUP-181,Supplier,0
KLT-009057,SUP-017,WH-01,0
KLT-009058,SUP-072,WH-02,0
KLT-009059,SUP-106,Carrier,0
KLT-009060,SUP-017,WH-01,0
KLT-009061,SUP-055,WH-02,0
KLT-009062,SUP-058,WH-02,0
KLT-009063,SUP-146,WH-02,0
KLT-009064,SUP-052,Supplier,0
KLT-009065,SUP-122,WH-02,0
KLT-009066,SUP-165,WH-02,0
KLT-009067,SUP-080,Supplier,0
KLT-009068,SUP-092,WH-01,0
KLT-009069,SUP-153,WH-01,0
KLT-009070,SUP-008,WH-02,0
KLT-009071,SUP-057,Supplier,0
KLT-009072,SUP-044,WH-02,0
KLT-009073,SUP-176,Carrier,0
KLT-009074,SUP-084,Supplier,0
KLT-009075,SUP-072,WH-01,0
KLT-009076,SUP-067,Carrier,0
KLT-009077,SUP-122,Supplier,0
KLT-009078,SUP-160,Carrier,0
KLT-009079,SUP-131,Carrier,0
KLT-009080,SUP-084,Supplier,0
KLT-009081,SUP-152,Carrier,0
KLT-009082,SUP-162,WH-01,0
KLT-009083,SUP-021,Carrier,0
KLT-009084,SUP-096,Carrier,0
KLT-009085,SUP-135,WH-01,0
KLT-009086,SUP-052,WH-02,0
KLT-009087,SUP-155,WH-02,0
KLT-009088,SUP-024,Supplier,0
KLT-009089,SUP-001,Carrier,0
KLT-009090,SUP-019,Carrier,0
KLT-009091,SUP-052,Carrier,0
KLT-009092,SUP-026,Supplier,0
KLT-009093,SUP-160,Supplier,0
KLT-009094,SUP-107,WH-01,0
KLT-009095,SUP-024,WH-02,0
KLT-009096,SUP-170,WH-02,0
KLT-009097,SUP-100,Supplier,0
KLT-009098,SUP-118,Supplier,0
KLT-009099,SUP-015,WH-01,0
KLT-009100,SUP-138,Supplier,0
KLT-009101,SUP-039,Carrier,0
KLT-009102,SUP-031,Carrier,0
KLT-009103,SUP-080,Carrier,0
KLT-009104,SUP-017,WH-01,0
KLT-009105,SUP-061,Supplier,0
KLT-009106,SUP-101,WH-01,0
KLT-009107,SUP-154,Supplier,0
KLT-009108,SUP-123,WH-02,0
KLT-009109,SUP-147,Carrier,0
KLT-009110,SUP-077,Carrier,0
KLT-009111,SUP-077,WH-01,0
KLT-009112,SUP-171,Supplier,0
KLT-009113,SUP-032,WH-02,0
KLT-009114,SUP-028,Carrier,0
KLT-009115,SUP-055,WH-02,0
KLT-009116,SUP-095,WH-01,0
KLT-009117,SUP-096,WH-01,0
KLT-009118,SUP-195,Supplier,0
KLT-009119,SUP-061,Carrier,0
KLT-009120,SUP-121,WH-02,0
KLT-009121,SUP-028,Supplier,0
KLT-009122,SUP-049,Carrier,0
KLT-009123,SUP-083,WH-01,0
KLT-009124,SUP-032,Carrier,0
KLT-009125,SUP-013,Carrier,0
KLT-009126,SUP-090,Supplier,0
KLT-009127,SUP-046,Carrier,0
KLT-009128,SUP-111,WH-01,0
KLT-009129,SUP-039,WH-02,0
KLT-009130,SUP-120,WH-02,0
KLT-009131,SUP-001,Carrier,0
KLT-009132,SUP-110,WH-02,0
KLT-009133,SUP-040,Supplier,0
KLT-009134,SUP-184,WH-02,0
KLT-009135,SUP-152,WH-02,0
KLT-009136,SUP-071,WH-01,0
KLT-009137,SUP-060,Supplier,0
KLT-009138,SUP-056,WH-01,0
KLT-009139,SUP-138,WH-01,0
KLT-009140,SUP-044,Supplier,0
KLT-009141,SUP-025,WH-01,0
KLT-009142,SUP-067,WH-02,0
KLT-009143,SUP-070,Carrier,0
KLT-009144,SUP-099,Carrier,0
KLT-009145,SUP-159,Carrier,0
KLT-009146,SUP-080,Supplier,0
KLT-009147,SUP-051,WH-01,0
KLT-009148,SUP-142,Supplier,0
KLT-009149,SUP-066,Supplier,0
KLT-009150,SUP-147,WH-01,0
KLT-009151,SUP-135,Carrier,0
KLT-009152,SUP-199,WH-02,0
KLT-009153,SUP-147,Carrier,0
KLT-009154,SUP-156,WH-02,0
KLT-009155,SUP-124,Carrier,0
KLT-009156,SUP-011,Carrier,0
KLT-009157,SUP-006,Supplier,0
KLT-009158,SUP-185,Supplier,0
KLT-009159,SUP-005,Carrier,0
KLT-009160,SUP-069,Supplier,0
KLT-009161,SUP-132,WH-02,0
KLT-009162,SUP-158,WH-02,0
KLT-009163,SUP-142,Supplier,0
KLT-009164,SUP-134,Supplier,0
KLT-009165,SUP-191,Carrier,0
KLT-009166,SUP-162,WH-02,0
KLT-009167,SUP-094,WH-01,0
KLT-009168,SUP-005,Supplier,0
KLT-009169,SUP-165,Carrier,0
KLT-009170,SUP-187,Supplier,0
KLT-009171,SUP-041,Carrier,0
KLT-009172,SUP-122,Supplier,0
KLT-009173,SUP-007,Carrier,0
KLT-009174,SUP-173,Supplier,0
KLT-009175,SUP-105,Supplier,0
KLT-009176,SUP-168,Carrier,0
KLT-009177,SUP-006,Carrier,0
KLT-009178,SUP-151,WH-02,0
KLT-009179,SUP-088,WH-02,0
KLT-009180,SUP-150,Carrier,0
KLT-009181,SUP-018,Supplier,0
KLT-009182,SUP-197,Supplier,0
KLT-009183,SUP-186,WH-01,0
KLT-009184,SUP-015,WH-01,0
KLT-009185,SUP-089,WH-01,0
KLT-009186,SUP-162,Supplier,0
KLT-009187,SUP-136,Carrier,0
KLT-009188,SUP-026,WH-02,0
KLT-009189,SUP-198,Carrier,0
KLT-009190,SUP-063,WH-02,0
KLT-009191,SUP-166,Supplier,0
KLT-009192,SUP-053,Supplier,0
KLT-009193,SUP-065,Carrier,0
KLT-009194,SUP-148,WH-01,0
KLT-009195,SUP-196,Carrier,0
KLT-009196,SUP-123,WH-01,0
KLT-009197,SUP-078,WH-01,0
KLT-009198,SUP-080,WH-01,0
KLT-009199,SUP-177,WH-01,0
KLT-009200,SUP-099,WH-02,0
KLT-009201,SUP-120,Carrier,0
KLT-009202,SUP-181,WH-02,0
KLT-009203,SUP-095,WH-02,0
KLT-009204,SUP-040,WH-02,0
KLT-009205,SUP-089,WH-01,0
KLT-009206,SUP-077,WH-01,0
KLT-009207,SUP-126,Supplier,0
KLT-009208,SUP-108,Supplier,0
KLT-009209,SUP-036,Supplier,0
KLT-009210,SUP-021,WH-01,0
KLT-009211,SUP-018,WH-02,0
KLT-009212,SUP-102,WH-02,0
KLT-009213,SUP-183,WH-02,0
KLT-009214,SUP-195,Supplier,0
KLT-009215,SUP-060,WH-01,0
KLT-009216,SUP-061,WH-01,0
KLT-009217,SUP-027,WH-01,0
KLT-009218,SUP-118,WH-01,0
KLT-009219,SUP-087,WH-01,0
KLT-009220,SUP-169,Supplier,0
KLT-009221,SUP-110,Supplier,0
KLT-009222,SUP-087,Carrier,0
KLT-009223,SUP-149,WH-02,0
KLT-009224,SUP-151,WH-01,0
KLT-009225,SUP-037,WH-02,0
KLT-009226,SUP-021,WH-02,0
KLT-009227,SUP-041,WH-01,0
KLT-009228,SUP-032,Supplier,0
KLT-009229,SUP-148,WH-01,0
KLT-009230,SUP-177,Carrier,0
KLT-009231,SUP-037,WH-01,0
KLT-009232,SUP-177,WH-01,0
KLT-009233,SUP-085,WH-01,0
KLT-009234,SUP-113,Supplier,0
KLT-009235,SUP-138,WH-01,0
KLT-009236,SUP-127,Carrier,0
KLT-009237,SUP-113,WH-02,0
KLT-009238,SUP-019,WH-02,0
KLT-009239,SUP-144,WH-02,0
KLT-009240,SUP-106,WH-02,0
KLT-009241,SUP-113,Supplier,0
KLT-009242,SUP-188,WH-02,0
KLT-009243,SUP-018,Carrier,0
KLT-009244,SUP-143,Carrier,0
KLT-009245,SUP-082,WH-02,0
KLT-009246,SUP-105,WH-02,0
KLT-009247,SUP-125,Supplier,0
KLT-009248,SUP-184,WH-02,0
KLT-009249,SUP-078,WH-01,0
KLT-009250,SUP-188,WH-01,0
KLT-009251,SUP-196,Supplier,0
KLT-009252,SUP-184,Carrier,0
KLT-009253,SUP-163,Supplier,0
KLT-009254,SUP-104,WH-02,0
KLT-009255,SUP-092,Carrier,0
KLT-009256,SUP-133,Supplier,0
KLT-009257,SUP-164,Supplier,0
KLT-009258,SUP-058,Supplier,0
KLT-009259,SUP-154,Carrier,0
KLT-009260,SUP-199,Carrier,0
KLT-009261,SUP-017,WH-02,0
KLT-009262,SUP-169,WH-01,0
KLT-009263,SUP-083,Supplier,0
KLT-009264,SUP-115,WH-01,0
KLT-009265,SUP-135,Carrier,0
KLT-009266,SUP-040,WH-02,0
KLT-009267,SUP-175,WH-02,0
KLT-009268,SUP-195,Carrier,0
KLT-009269,SUP-027,Carrier,0
KLT-009270,SUP-152,WH-01,0
KLT-009271,SUP-134,WH-02,0
KLT-009272,SUP-041,Carrier,0
KLT-009273,SUP-171,Carrier,0
KLT-009274,SUP-198,Carrier,0
KLT-009275,SUP-068,Carrier,0
KLT-009276,SUP-061,WH-01,0
KLT-009277,SUP-170,Carrier,0
KLT-009278,SUP-063,Supplier,0
KLT-009279,SUP-116,WH-01,0
KLT-009280,SUP-023,WH-02,0
KLT-009281,SUP-155,WH-01,0
KLT-009282,SUP-106,Supplier,0
KLT-009283,SUP-016,WH-02,0
KLT-009284,SUP-006,Supplier,0
KLT-009285,SUP-152,Carrier,0
KLT-009286,SUP-084,WH-02,0
KLT-009287,SUP-158,Supplier,0
KLT-009288,SUP-051,WH-02,0
KLT-009289,SUP-139,WH-02,0
KLT-009290,SUP-105,WH-02,0
KLT-009291,SUP-047,Supplier,0
KLT-009292,SUP-031,Supplier,0
KLT-009293,SUP-103,WH-02,0
KLT-009294,SUP-074,WH-02,0
KLT-009295,SUP-034,WH-02,0
KLT-009296,SUP-131,WH-01,0
KLT-009297,SUP-066,WH-02,0
KLT-009298,SUP-058,Carrier,0
KLT-009299,SUP-056,WH-01,0
KLT-009300,SUP-045,WH-01,0
KLT-009301,SUP-009,WH-02,0
KLT-009302,SUP-114,WH-02,0
KLT-009303,SUP-153,Supplier,0
KLT-009304,SUP-068,WH-02,0
KLT-009305,SUP-076,WH-02,0
KLT-009306,SUP-147,Supplier,0
KLT-009307,SUP-141,WH-02,0
KLT-009308,SUP-026,WH-01,0
KLT-009309,SUP-004,WH-02,0
KLT-009310,SUP-168,WH-02,0
KLT-009311,SUP-148,WH-02,0
KLT-009312,SUP-019,WH-01,0
KLT-009313,SUP-072,WH-01,0
KLT-009314,SUP-039,WH-02,0
KLT-009315,SUP-181,WH-02,0
KLT-009316,SUP-130,Carrier,0
KLT-009317,SUP-165,WH-01,0
KLT-009318,SUP-198,WH-01,0
KLT-009319,SUP-126,WH-02,0
KLT-009320,SUP-038,WH-01,0
KLT-009321,SUP-187,Supplier,0
KLT-009322,SUP-056,WH-01,0
KLT-009323,SUP-138,Carrier,0
KLT-009324,SUP-064,Supplier,0
KLT-009325,SUP-116,Supplier,0
KLT-009326,SUP-042,Supplier,0
KLT-009327,SUP-200,Supplier,0
KLT-009328,SUP-131,Supplier,0
KLT-009329,SUP-106,Supplier,0
KLT-009330,SUP-053,Supplier,0
KLT-009331,SUP-130,Carrier,0
KLT-009332,SUP-193,Carrier,0
KLT-009333,SUP-163,WH-01,0
KLT-009334,SUP-114,Supplier,0
KLT-009335,SUP-187,WH-01,0
KLT-009336,SUP-077,Carrier,0
KLT-009337,SUP-056,WH-01,0
KLT-009338,SUP-008,WH-01,0
KLT-009339,SUP-182,WH-02,0
KLT-009340,SUP-117,WH-02,0
KLT-009341,SUP-183,WH-02,0
KLT-009342,SUP-188,WH-02,0
KLT-009343,SUP-014,Supplier,0
KLT-009344,SUP-025,Supplier,0
KLT-009345,SUP-121,WH-02,0
KLT-009346,SUP-147,Supplier,0
KLT-009347,SUP-175,Supplier,0
KLT-009348,SUP-033,Supplier,0
KLT-009349,SUP-129,WH-01,0
KLT-009350,SUP-163,Carrier,0
KLT-009351,SUP-012,Supplier,0
KLT-009352,SUP-026,Carrier,0
KLT-009353,SUP-193,WH-01,0
KLT-009354,SUP-079,Supplier,0
KLT-009355,SUP-100,WH-02,0
KLT-009356,SUP-057,WH-02,0
KLT-009357,SUP-117,WH-01,0
KLT-009358,SUP-096,WH-02,0
KLT-009359,SUP-170,Carrier,0
KLT-009360,SUP-037,WH-01,0
KLT-009361,SUP-168,WH-02,0
KLT-009362,SUP-125,WH-02,0
KLT-009363,SUP-071,WH-02,0
KLT-009364,SUP-075,WH-02,0
KLT-009365,SUP-105,WH-02,0
KLT-009366,SUP-187,WH-02,0
KLT-009367,SUP-143,Carrier,0
KLT-009368,SUP-170,WH-02,0
KLT-009369,SUP-117,Supplier,0
KLT-009370,SUP-068,WH-02,0
KLT-009371,SUP-065,WH-02,0
KLT-009372,SUP-060,WH-02,0
KLT-009373,SUP-028,WH-02,0
KLT-009374,SUP-009,WH-01,0
KLT-009375,SUP-121,WH-02,0
KLT-009376,SUP-130,WH-01,0
KLT-009377,SUP-017,Supplier,0
KLT-009378,SUP-068,Carrier,0
KLT-009379,SUP-029,WH-01,0
KLT-009380,SUP-066,Supplier,0
KLT-009381,SUP-016,Supplier,0
KLT-009382,SUP-056,WH-01,0
KLT-009383,SUP-155,WH-01,0
KLT-009384,SUP-195,Supplier,0
KLT-009385,SUP-027,WH-02,0
KLT-009386,SUP-113,Supplier,0
KLT-009387,SUP-107,Supplier,0
KLT-009388,SUP-112,Supplier,0
KLT-009389,SUP-106,WH-02,0
KLT-009390,SUP-009,WH-02,0
KLT-009391,SUP-030,WH-02,0
KLT-009392,SUP-136,Supplier,0
KLT-009393,SUP-004,Carrier,0
KLT-009394,SUP-189,WH-02,0
KLT-009395,SUP-155,WH-01,0
KLT-009396,SUP-101,WH-02,0
KLT-009397,SUP-028,WH-02,0
KLT-009398,SUP-148,WH-01,0
KLT-009399,SUP-015,WH-01,0
KLT-009400,SUP-131,Supplier,0
KLT-009401,SUP-040,Carrier,0
KLT-009402,SUP-143,Supplier,0
KLT-009403,SUP-150,Supplier,0
KLT-009404,SUP-110,Carrier,0
KLT-009405,SUP-178,WH-01,0
KLT-009406,SUP-161,WH-01,0
KLT-009407,SUP-181,WH-01,0
KLT-009408,SUP-148,WH-01,0
KLT-009409,SUP-028,WH-01,0
KLT-009410,SUP-012,Supplier,0
KLT-009411,SUP-056,Carrier,0
KLT-009412,SUP-071,Carrier,0
KLT-009413,SUP-197,Supplier,0
KLT-009414,SUP-146,Supplier,0
KLT-009415,SUP-085,WH-02,0
KLT-009416,SUP-042,WH-01,0
KLT-009417,SUP-088,WH-02,0
KLT-009418,SUP-057,WH-02,0
KLT-009419,SUP-142,WH-02,0
KLT-009420,SUP-129,Supplier,0
KLT-009421,SUP-113,WH-02,0
KLT-009422,SUP-161,Carrier,0
KLT-009423,SUP-086,Carrier,0
KLT-009424,SUP-039,WH-02,0
KLT-009425,SUP-149,Carrier,0
KLT-009426,SUP-086,WH-01,0
KLT-009427,SUP-100,WH-01,0
KLT-009428,SUP-016,WH-01,0
KLT-009429,SUP-078,WH-01,0
KLT-009430,SUP-136,Supplier,0
KLT-009431,SUP-132,WH-02,0
KLT-009432,SUP-068,Carrier,0
KLT-009433,SUP-032,WH-02,0
KLT-009434,SUP-172,Carrier,0
KLT-009435,SUP-130,Carrier,0
KLT-009436,SUP-196,Supplier,0
KLT-009437,SUP-103,Supplier,0
KLT-009438,SUP-056,WH-01,0
KLT-009439,SUP-137,Carrier,0
KLT-009440,SUP-140,WH-01,0
KLT-009441,SUP-081,Carrier,0
KLT-009442,SUP-200,WH-01,0
KLT-009443,SUP-125,Carrier,0
KLT-009444,SUP-170,WH-02,0
KLT-009445,SUP-128,WH-01,0
KLT-009446,SUP-050,Carrier,0
KLT-009447,SUP-050,Supplier,0
KLT-009448,SUP-139,Carrier,0
KLT-009449,SUP-130,Carrier,0
KLT-009450,SUP-024,WH-02,0
KLT-009451,SUP-107,Carrier,0
KLT-009452,SUP-140,WH-02,0
KLT-009453,SUP-137,WH-01,0
KLT-009454,SUP-198,WH-02,0
KLT-009455,SUP-151,Supplier,0
KLT-009456,SUP-032,Supplier,0
KLT-009457,SUP-177,Carrier,0
KLT-009458,SUP-145,WH-02,0
KLT-009459,SUP-140,WH-02,0
KLT-009460,SUP-157,WH-01,0
KLT-009461,SUP-035,Carrier,0
KLT-009462,SUP-038,WH-02,0
KLT-009463,SUP-141,WH-01,0
KLT-009464,SUP-004,WH-02,0
KLT-009465,SUP-013,WH-01,0
KLT-009466,SUP-117,WH-02,0
KLT-009467,SUP-086,Carrier,0
KLT-009468,SUP-061,WH-02,0
KLT-009469,SUP-177,WH-02,0
KLT-009470,SUP-125,WH-01,0
KLT-009471,SUP-191,Supplier,0
KLT-009472,SUP-025,WH-01,0
KLT-009473,SUP-160,Supplier,0
KLT-009474,SUP-100,WH-01,0
KLT-009475,SUP-011,WH-01,0
KLT-009476,SUP-022,Supplier,0
KLT-009477,SUP-010,WH-01,0
KLT-009478,SUP-020,Supplier,0
KLT-009479,SUP-022,WH-02,0
KLT-009480,SUP-172,WH-02,0
KLT-009481,SUP-140,Supplier,0
KLT-009482,SUP-066,Carrier,0
KLT-009483,SUP-041,Supplier,0
KLT-009484,SUP-142,Carrier,0
KLT-009485,SUP-187,WH-01,0
KLT-009486,SUP-027,Carrier,0
KLT-009487,SUP-146,Carrier,0
KLT-009488,SUP-043,WH-01,0
KLT-009489,SUP-078,WH-01,0
KLT-009490,SUP-006,WH-02,0
KLT-009491,SUP-187,WH-01,0
KLT-009492,SUP-016,Carrier,0
KLT-009493,SUP-022,Supplier,0
KLT-009494,SUP-188,WH-02,0
KLT-009495,SUP-001,WH-02,0
KLT-009496,SUP-131,WH-02,0
KLT-009497,SUP-063,Supplier,0
KLT-009498,SUP-116,Supplier,0
KLT-009499,SUP-158,WH-02,0
KLT-009500,SUP-187,WH-02,0
KLT-009501,SUP-118,Supplier,0
KLT-009502,SUP-044,Carrier,0
KLT-009503,SUP-134,Supplier,0
KLT-009504,SUP-053,WH-02,0
KLT-009505,SUP-029,WH-02,0
KLT-009506,SUP-127,WH-02,0
KLT-009507,SUP-023,WH-01,0
KLT-009508,SUP-129,WH-02,0
KLT-009509,SUP-184,WH-02,0
KLT-009510,SUP-105,WH-01,0
KLT-009511,SUP-125,Supplier,0
KLT-009512,SUP-113,Supplier,0
KLT-009513,SUP-067,WH-01,0
KLT-009514,SUP-127,Carrier,0
KLT-009515,SUP-125,Carrier,0
KLT-009516,SUP-108,Carrier,0
KLT-009517,SUP-036,WH-01,0
KLT-009518,SUP-142,Carrier,0
KLT-009519,SUP-033,WH-01,0
KLT-009520,SUP-054,Supplier,0
KLT-009521,SUP-141,WH-01,0
KLT-009522,SUP-048,Supplier,0
KLT-009523,SUP-118,Supplier,0
KLT-009524,SUP-003,Supplier,0
KLT-009525,SUP-057,Supplier,0
KLT-009526,SUP-034,Supplier,0
KLT-009527,SUP-188,Supplier,0
KLT-009528,SUP-045,WH-02,0
KLT-009529,SUP-099,Carrier,0
KLT-009530,SUP-060,WH-01,0
KLT-009531,SUP-036,WH-01,0
KLT-009532,SUP-200,Carrier,0
KLT-009533,SUP-042,WH-02,0
KLT-009534,SUP-171,WH-02,0
KLT-009535,SUP-129,Supplier,0
KLT-009536,SUP-086,WH-01,0
KLT-009537,SUP-121,Carrier,0
KLT-009538,SUP-088,WH-01,0
KLT-009539,SUP-132,Supplier,0
KLT-009540,SUP-117,Supplier,0
KLT-009541,SUP-002,WH-02,0
KLT-009542,SUP-048,Carrier,0
KLT-009543,SUP-134,WH-01,0
KLT-009544,SUP-035,WH-01,0
KLT-009545,SUP-062,Supplier,0
KLT-009546,SUP-173,Supplier,0
KLT-009547,SUP-023,WH-01,0
KLT-009548,SUP-113,WH-01,0
KLT-009549,SUP-071,WH-02,0
KLT-009550,SUP-132,WH-02,0
KLT-009551,SUP-157,Carrier,0
KLT-009552,SUP-054,Supplier,0
KLT-009553,SUP-093,Carrier,0
KLT-009554,SUP-068,WH-02,0
KLT-009555,SUP-024,WH-02,0
KLT-009556,SUP-170,Carrier,0
KLT-009557,SUP-105,WH-02,0
KLT-009558,SUP-103,Supplier,0
KLT-009559,SUP-038,Carrier,0
KLT-009560,SUP-153,WH-01,0
KLT-009561,SUP-095,Supplier,0
KLT-009562,SUP-056,WH-01,0
KLT-009563,SUP-177,WH-01,0
KLT-009564,SUP-059,Carrier,0
KLT-009565,SUP-125,WH-02,0
KLT-009566,SUP-125,Supplier,0
KLT-009567,SUP-015,Supplier,0
KLT-009568,SUP-061,Supplier,0
KLT-009569,SUP-079,Carrier,0
KLT-009570,SUP-161,Supplier,0
KLT-009571,SUP-141,WH-02,0
KLT-009572,SUP-184,Carrier,0
KLT-009573,SUP-110,WH-02,0
KLT-009574,SUP-038,WH-01,0
KLT-009575,SUP-157,Supplier,0
KLT-009576,SUP-153,Carrier,0
KLT-009577,SUP-025,WH-02,0
KLT-009578,SUP-011,WH-01,0
KLT-009579,SUP-037,WH-01,0
KLT-009580,SUP-136,WH-01,0
KLT-009581,SUP-142,Carrier,0
KLT-009582,SUP-056,Carrier,0
KLT-009583,SUP-146,WH-01,0
KLT-009584,SUP-180,Carrier,0
KLT-009585,SUP-167,Carrier,0
KLT-009586,SUP-170,WH-02,0
KLT-009587,SUP-053,WH-02,0
KLT-009588,SUP-184,WH-02,0
KLT-009589,SUP-014,Carrier,0
KLT-009590,SUP-019,Supplier,0
KLT-009591,SUP-170,Carrier,0
KLT-009592,SUP-040,WH-02,0
KLT-009593,SUP-008,Supplier,0
KLT-009594,SUP-128,Supplier,0
KLT-009595,SUP-079,Supplier,0
KLT-009596,SUP-164,WH-02,0
KLT-009597,SUP-193,Supplier,0
KLT-009598,SUP-014,Supplier,0
KLT-009599,SUP-101,WH-02,0
KLT-009600,SUP-068,Supplier,0
KLT-009601,SUP-193,Supplier,0
KLT-009602,SUP-178,Supplier,0
KLT-009603,SUP-003,Supplier,0
KLT-009604,SUP-161,WH-02,0
KLT-009605,SUP-001,WH-01,0
KLT-009606,SUP-111,WH-01,0
KLT-009607,SUP-153,Supplier,0
KLT-009608,SUP-063,WH-02,0
KLT-009609,SUP-174,WH-02,0
KLT-009610,SUP-033,Supplier,0
KLT-009611,SUP-015,WH-01,0
KLT-009612,SUP-041,Supplier,0
KLT-009613,SUP-150,Supplier,0
KLT-009614,SUP-041,WH-02,0
KLT-009615,SUP-170,Supplier,0
KLT-009616,SUP-121,Supplier,0
KLT-009617,SUP-116,WH-02,0
KLT-009618,SUP-170,Carrier,0
KLT-009619,SUP-025,Carrier,0
KLT-009620,SUP-088,WH-02,0
KLT-009621,SUP-120,Carrier,0
KLT-009622,SUP-098,Carrier,0
KLT-009623,SUP-039,WH-02,0
KLT-009624,SUP-178,Supplier,0
KLT-009625,SUP-025,WH-02,0
KLT-009626,SUP-021,Supplier,0
KLT-009627,SUP-064,Carrier,0
KLT-009628,SUP-052,Carrier,0
KLT-009629,SUP-152,WH-01,0
KLT-009630,SUP-049,WH-02,0
KLT-009631,SUP-042,Supplier,0
KLT-009632,SUP-024,Carrier,0
KLT-009633,SUP-188,Supplier,0
KLT-009634,SUP-036,WH-02,0
KLT-009635,SUP-180,Supplier,0
KLT-009636,SUP-159,WH-01,0
KLT-009637,SUP-122,Carrier,0
KLT-009638,SUP-127,Supplier,0
KLT-009639,SUP-086,Supplier,0
KLT-009640,SUP-196,Carrier,0
KLT-009641,SUP-099,WH-02,0
KLT-009642,SUP-045,WH-01,0
KLT-009643,SUP-052,WH-02,0
KLT-009644,SUP-114,Carrier,0
KLT-009645,SUP-049,Supplier,0
KLT-009646,SUP-008,WH-01,0
KLT-009647,SUP-159,WH-01,0
KLT-009648,SUP-192,WH-02,0
KLT-009649,SUP-022,Supplier,0
KLT-009650,SUP-166,WH-02,0
KLT-009651,SUP-092,Carrier,0
KLT-009652,SUP-020,WH-02,0
KLT-009653,SUP-095,WH-02,0
KLT-009654,SUP-097,WH-02,0
KLT-009655,SUP-161,WH-01,0
KLT-009656,SUP-126,WH-02,0
KLT-009657,SUP-154,WH-01,0
KLT-009658,SUP-132,Supplier,0
KLT-009659,SUP-159,Carrier,0
KLT-009660,SUP-101,Supplier,0
KLT-009661,SUP-111,Carrier,0
KLT-009662,SUP-168,WH-01,0
KLT-009663,SUP-187,Supplier,0
KLT-009664,SUP-122,Carrier,0
KLT-009665,SUP-105,WH-01,0
KLT-009666,SUP-137,Supplier,0
KLT-009667,SUP-085,Supplier,0
KLT-009668,SUP-003,Carrier,0
KLT-009669,SUP-018,WH-01,0
KLT-009670,SUP-114,WH-02,0
KLT-009671,SUP-180,WH-02,0
KLT-009672,SUP-033,Carrier,0
KLT-009673,SUP-001,WH-02,0
KLT-009674,SUP-138,WH-01,0
KLT-009675,SUP-143,WH-02,0
KLT-009676,SUP-099,WH-01,0
KLT-009677,SUP-098,Carrier,0
KLT-009678,SUP-051,Supplier,0
KLT-009679,SUP-072,Supplier,0
KLT-009680,SUP-079,WH-01,0
KLT-009681,SUP-076,Carrier,0
KLT-009682,SUP-001,WH-01,0
KLT-009683,SUP-031,Carrier,0
KLT-009684,SUP-053,Carrier,0
KLT-009685,SUP-121,Supplier,0
KLT-009686,SUP-012,WH-01,0
KLT-009687,SUP-194,Carrier,0
KLT-009688,SUP-096,WH-02,0
KLT-009689,SUP-043,WH-02,0
KLT-009690,SUP-054,Carrier,0
KLT-009691,SUP-032,WH-01,0
KLT-009692,SUP-015,Carrier,0
KLT-009693,SUP-038,Carrier,0
KLT-009694,SUP-020,WH-02,0
KLT-009695,SUP-033,Supplier,0
KLT-009696,SUP-176,Carrier,0
KLT-009697,SUP-046,WH-02,0
KLT-009698,SUP-030,WH-02,0
KLT-009699,SUP-091,WH-01,0
KLT-009700,SUP-124,WH-02,0
KLT-009701,SUP-111,Supplier,0
KLT-009702,SUP-188,WH-02,0
KLT-009703,SUP-121,Supplier,0
KLT-009704,SUP-159,WH-02,0
KLT-009705,SUP-136,WH-02,0
KLT-009706,SUP-075,Supplier,0
KLT-009707,SUP-128,WH-02,0
KLT-009708,SUP-115,WH-02,0
KLT-009709,SUP-190,WH-01,0
KLT-009710,SUP-096,WH-02,0
KLT-009711,SUP-194,WH-02,0
KLT-009712,SUP-077,Carrier,0
KLT-009713,SUP-070,WH-01,0
KLT-009714,SUP-008,Carrier,0
KLT-009715,SUP-162,WH-01,0
KLT-009716,SUP-068,WH-01,0
KLT-009717,SUP-035,WH-02,0
KLT-009718,SUP-092,Carrier,0
KLT-009719,SUP-036,WH-02,0
KLT-009720,SUP-092,WH-02,0
KLT-009721,SUP-012,WH-01,0
KLT-009722,SUP-020,WH-02,0
KLT-009723,SUP-076,Supplier,0
KLT-009724,SUP-056,WH-02,0
KLT-009725,SUP-112,WH-01,0
KLT-009726,SUP-180,WH-01,0
KLT-009727,SUP-087,Carrier,0
KLT-009728,SUP-049,WH-02,0
KLT-009729,SUP-029,WH-02,0
KLT-009730,SUP-070,WH-01,0
KLT-009731,SUP-156,Carrier,0
KLT-009732,SUP-118,WH-01,0
KLT-009733,SUP-164,Supplier,0
KLT-009734,SUP-089,WH-01,0
KLT-009735,SUP-057,WH-02,0
KLT-009736,SUP-192,WH-02,0
KLT-009737,SUP-045,Supplier,0
KLT-009738,SUP-119,WH-01,0
KLT-009739,SUP-018,WH-02,0
KLT-009740,SUP-198,WH-01,0
KLT-009741,SUP-137,WH-01,0
KLT-009742,SUP-190,Carrier,0
KLT-009743,SUP-105,Carrier,0
KLT-009744,SUP-059,Supplier,0
KLT-009745,SUP-077,WH-01,0
KLT-009746,SUP-065,WH-01,0
KLT-009747,SUP-103,WH-02,0
KLT-009748,SUP-164,WH-02,0
KLT-009749,SUP-082,Supplier,0
KLT-009750,SUP-125,Carrier,0
KLT-009751,SUP-032,Carrier,0
KLT-009752,SUP-093,Supplier,0
KLT-009753,SUP-108,WH-01,0
KLT-009754,SUP-186,Supplier,0
KLT-009755,SUP-142,WH-02,0
KLT-009756,SUP-110,Supplier,0
KLT-009757,SUP-050,Supplier,0
KLT-009758,SUP-141,Supplier,0
KLT-009759,SUP-031,WH-02,0
KLT-009760,SUP-126,WH-02,0
KLT-009761,SUP-185,Supplier,0
KLT-009762,SUP-068,WH-01,0
KLT-009763,SUP-091,WH-02,0
KLT-009764,SUP-190,Carrier,0
KLT-009765,SUP-015,Carrier,0
KLT-009766,SUP-030,Supplier,0
KLT-009767,SUP-047,Supplier,0
KLT-009768,SUP-078,Supplier,0
KLT-009769,SUP-121,WH-02,0
KLT-009770,SUP-025,WH-01,0
KLT-009771,SUP-014,Supplier,0
KLT-009772,SUP-129,WH-02,0
KLT-009773,SUP-076,Supplier,0
KLT-009774,SUP-159,Carrier,0
KLT-009775,SUP-014,Supplier,0
KLT-009776,SUP-152,WH-02,0
KLT-009777,SUP-040,Carrier,0
KLT-009778,SUP-090,Supplier,0
KLT-009779,SUP-160,Carrier,0
KLT-009780,SUP-117,WH-02,0
KLT-009781,SUP-135,Supplier,0
KLT-009782,SUP-052,WH-01,0
KLT-009783,SUP-100,Carrier,0
KLT-009784,SUP-181,WH-01,0
KLT-009785,SUP-052,WH-01,0
KLT-009786,SUP-007,WH-01,0
KLT-009787,SUP-053,WH-02,0
KLT-009788,SUP-100,Supplier,0
KLT-009789,SUP-006,WH-01,0
KLT-009790,SUP-016,Supplier,0
KLT-009791,SUP-145,WH-01,0
KLT-009792,SUP-060,Supplier,0
KLT-009793,SUP-138,Carrier,0
KLT-009794,SUP-164,WH-02,0
KLT-009795,SUP-174,WH-02,0
KLT-009796,SUP-197,WH-01,0
KLT-009797,SUP-109,WH-02,0
KLT-009798,SUP-021,WH-02,0
KLT-009799,SUP-175,WH-01,0
KLT-009800,SUP-143,WH-02,0
KLT-009801,SUP-173,Carrier,0
KLT-009802,SUP-050,Carrier,0
KLT-009803,SUP-005,Carrier,0
KLT-009804,SUP-060,WH-01,0
KLT-009805,SUP-195,WH-01,0
KLT-009806,SUP-056,WH-02,0
KLT-009807,SUP-146,Supplier,0
KLT-009808,SUP-076,WH-02,0
KLT-009809,SUP-138,Supplier,0
KLT-009810,SUP-200,WH-01,0
KLT-009811,SUP-117,Supplier,0
KLT-009812,SUP-049,WH-02,0
KLT-009813,SUP-069,WH-02,0
KLT-009814,SUP-175,WH-01,0
KLT-009815,SUP-169,WH-01,0
KLT-009816,SUP-059,WH-01,0
KLT-009817,SUP-124,Carrier,0
KLT-009818,SUP-017,Carrier,0
KLT-009819,SUP-158,WH-02,0
KLT-009820,SUP-061,Carrier,0
KLT-009821,SUP-083,WH-01,0
KLT-009822,SUP-084,WH-01,0
KLT-009823,SUP-097,Supplier,0
KLT-009824,SUP-177,Carrier,0
KLT-009825,SUP-154,WH-01,0
KLT-009826,SUP-022,Supplier,0
KLT-009827,SUP-192,Supplier,0
KLT-009828,SUP-039,WH-02,0
KLT-009829,SUP-125,WH-02,0
KLT-009830,SUP-125,Carrier,0
KLT-009831,SUP-126,WH-02,0
KLT-009832,SUP-041,WH-01,0
KLT-009833,SUP-106,WH-01,0
KLT-009834,SUP-075,Supplier,0
KLT-009835,SUP-097,WH-01,0
KLT-009836,SUP-179,Carrier,0
KLT-009837,SUP-112,Carrier,0
KLT-009838,SUP-066,Supplier,0
KLT-009839,SUP-168,WH-02,0
KLT-009840,SUP-134,Supplier,0
KLT-009841,SUP-121,Supplier,0
KLT-009842,SUP-148,WH-02,0
KLT-009843,SUP-190,Supplier,0
KLT-009844,SUP-110,WH-02,0
KLT-009845,SUP-127,Carrier,0
KLT-009846,SUP-015,Supplier,0
KLT-009847,SUP-083,Carrier,0
KLT-009848,SUP-179,WH-01,0
KLT-009849,SUP-093,WH-01,0
KLT-009850,SUP-182,WH-02,0
KLT-009851,SUP-147,Carrier,0
KLT-009852,SUP-062,Carrier,0
KLT-009853,SUP-108,WH-02,0
KLT-009854,SUP-181,WH-02,0
KLT-009855,SUP-022,Supplier,0
KLT-009856,SUP-068,Supplier,0
KLT-009857,SUP-012,WH-02,0
KLT-009858,SUP-098,WH-02,0
KLT-009859,SUP-008,Supplier,0
KLT-009860,SUP-182,Carrier,0
KLT-009861,SUP-176,WH-02,0
KLT-009862,SUP-014,Supplier,0
KLT-009863,SUP-189,WH-02,0
KLT-009864,SUP-171,WH-01,0
KLT-009865,SUP-162,WH-02,0
KLT-009866,SUP-026,Carrier,0
KLT-009867,SUP-077,Supplier,0
KLT-009868,SUP-190,WH-01,0
KLT-009869,SUP-034,WH-02,0
KLT-009870,SUP-199,Carrier,0
KLT-009871,SUP-175,WH-01,0
KLT-009872,SUP-056,Supplier,0
KLT-009873,SUP-041,WH-01,0
KLT-009874,SUP-198,WH-01,0
KLT-009875,SUP-063,Carrier,0
KLT-009876,SUP-030,WH-01,0
KLT-009877,SUP-089,Supplier,0
KLT-009878,SUP-146,Supplier,0
KLT-009879,SUP-159,Carrier,0
KLT-009880,SUP-056,WH-02,0
KLT-009881,SUP-013,WH-01,0
KLT-009882,SUP-039,Supplier,0
KLT-009883,SUP-001,Supplier,0
KLT-009884,SUP-120,WH-02,0
KLT-009885,SUP-198,WH-01,0
KLT-009886,SUP-061,Supplier,0
KLT-009887,SUP-090,Supplier,0
KLT-009888,SUP-027,Supplier,0
KLT-009889,SUP-111,Carrier,0
KLT-009890,SUP-032,Supplier,0
KLT-009891,SUP-184,Supplier,0
KLT-009892,SUP-030,WH-02,0
KLT-009893,SUP-025,Carrier,0
KLT-009894,SUP-044,Carrier,0
KLT-009895,SUP-116,Supplier,0
KLT-009896,SUP-066,WH-01,0
KLT-009897,SUP-039,Supplier,0
KLT-009898,SUP-159,WH-02,0
KLT-009899,SUP-188,WH-02,0
KLT-009900,SUP-198,WH-02,0
KLT-009901,SUP-024,WH-01,0
KLT-009902,SUP-024,WH-02,0
KLT-009903,SUP-103,WH-02,0
KLT-009904,SUP-064,WH-01,0
KLT-009905,SUP-098,WH-02,0
KLT-009906,SUP-106,WH-01,0
KLT-009907,SUP-133,Supplier,0
KLT-009908,SUP-010,WH-01,0
KLT-009909,SUP-064,WH-01,49
KLT-009910,SUP-123,WH-02,0
KLT-009911,SUP-044,WH-02,0
KLT-009912,SUP-153,Carrier,0
KLT-009913,SUP-055,WH-01,0
KLT-009914,SUP-115,Supplier,0
KLT-009915,SUP-060,Carrier,0
KLT-009916,SUP-141,WH-02,0
KLT-009917,SUP-029,WH-02,0
KLT-009918,SUP-077,WH-02,0
KLT-009919,SUP-050,WH-01,0
KLT-009920,SUP-118,Carrier,0
KLT-009921,SUP-013,WH-01,0
KLT-009922,SUP-103,Supplier,0
KLT-009923,SUP-189,WH-02,0
KLT-009924,SUP-141,Supplier,0
KLT-009925,SUP-140,WH-02,0
KLT-009926,SUP-123,Supplier,0
KLT-009927,SUP-080,Supplier,0
KLT-009928,SUP-095,WH-02,0
KLT-009929,SUP-131,Carrier,0
KLT-009930,SUP-109,Supplier,0
KLT-009931,SUP-069,Supplier,0
KLT-009932,SUP-152,WH-01,0
KLT-009933,SUP-050,Supplier,0
KLT-009934,SUP-078,Carrier,0
KLT-009935,SUP-021,WH-01,0
KLT-009936,SUP-137,WH-02,0
KLT-009937,SUP-058,Supplier,0
KLT-009938,SUP-019,WH-02,0
KLT-009939,SUP-189,WH-02,0
KLT-009940,SUP-153,WH-01,0
KLT-009941,SUP-170,WH-01,0
KLT-009942,SUP-091,Supplier,0
KLT-009943,SUP-087,WH-02,0
KLT-009944,SUP-131,Supplier,0
KLT-009945,SUP-103,Supplier,0
KLT-009946,SUP-038,WH-01,0
KLT-009947,SUP-090,Supplier,0
KLT-009948,SUP-002,WH-02,0
KLT-009949,SUP-089,Supplier,0
KLT-009950,SUP-044,Carrier,0
KLT-009951,SUP-146,WH-02,0
KLT-009952,SUP-162,WH-02,0
KLT-009953,SUP-039,Supplier,0
KLT-009954,SUP-007,WH-02,0
KLT-009955,SUP-019,WH-01,0
KLT-009956,SUP-048,WH-01,0
KLT-009957,SUP-193,Carrier,0
KLT-009958,SUP-006,WH-01,0
KLT-009959,SUP-082,WH-01,0
KLT-009960,SUP-037,Carrier,0
KLT-009961,SUP-140,Supplier,0
KLT-009962,SUP-080,WH-02,0
KLT-009963,SUP-079,Carrier,0
KLT-009964,SUP-143,Carrier,0
KLT-009965,SUP-083,Carrier,0
KLT-009966,SUP-116,Supplier,0
KLT-009967,SUP-022,WH-02,0
KLT-009968,SUP-014,WH-02,0
KLT-009969,SUP-087,Supplier,0
KLT-009970,SUP-035,Supplier,0
KLT-009971,SUP-162,Supplier,0
KLT-009972,SUP-001,WH-02,0
KLT-009973,SUP-013,WH-02,0
KLT-009974,SUP-196,WH-02,0
KLT-009975,SUP-104,WH-01,0
KLT-009976,SUP-070,WH-01,0
KLT-009977,SUP-136,WH-01,0
KLT-009978,SUP-122,Supplier,0
KLT-009979,SUP-077,WH-02,0
KLT-009980,SUP-003,WH-02,0
KLT-009981,SUP-119,WH-01,0
KLT-009982,SUP-178,WH-01,0
KLT-009983,SUP-068,Carrier,0
KLT-009984,SUP-144,WH-02,0
KLT-009985,SUP-168,WH-02,0
KLT-009986,SUP-069,Supplier,0
KLT-009987,SUP-113,WH-02,0
KLT-009988,SUP-085,Carrier,0
KLT-009989,SUP-191,WH-01,0
KLT-009990,SUP-099,WH-02,0
KLT-009991,SUP-086,Supplier,0
KLT-009992,SUP-076,Carrier,0
KLT-009993,SUP-174,WH-02,0
KLT-009994,SUP-157,Carrier,0
KLT-009995,SUP-062,Carrier,0
KLT-009996,SUP-147,WH-01,0
KLT-009997,SUP-031,WH-01,0
KLT-009998,SUP-166,WH-01,0
KLT-009999,SUP-105,Carrier,0
KLT-010000,SUP-022,WH-02,0
KLT-010001,SUP-160,Carrier,0
KLT-010002,SUP-136,WH-02,0
KLT-010003,SUP-142,Supplier,0
KLT-010004,SUP-045,Supplier,0
KLT-010005,SUP-005,Carrier,0
KLT-010006,SUP-100,Supplier,0
KLT-010007,SUP-120,Carrier,0
KLT-010008,SUP-040,Supplier,0
KLT-010009,SUP-040,Supplier,0
KLT-010010,SUP-167,WH-02,0
KLT-010011,SUP-145,WH-02,0
KLT-010012,SUP-112,Carrier,0
KLT-010013,SUP-090,Supplier,0
KLT-010014,SUP-185,Supplier,0
KLT-010015,SUP-103,WH-01,0
KLT-010016,SUP-035,Supplier,0
KLT-010017,SUP-013,WH-01,0
KLT-010018,SUP-189,Supplier,0
KLT-010019,SUP-084,Supplier,0
KLT-010020,SUP-199,Carrier,0
KLT-010021,SUP-022,WH-01,0
KLT-010022,SUP-167,Carrier,0
KLT-010023,SUP-180,Carrier,0
KLT-010024,SUP-064,WH-01,0
KLT-010025,SUP-059,Carrier,0
KLT-010026,SUP-076,Supplier,0
KLT-010027,SUP-161,WH-01,0
KLT-010028,SUP-007,Carrier,0
KLT-010029,SUP-028,Carrier,0
KLT-010030,SUP-184,Carrier,0
KLT-010031,SUP-109,Supplier,0
KLT-010032,SUP-089,Carrier,0
KLT-010033,SUP-034,WH-02,0
KLT-010034,SUP-152,Carrier,0
KLT-010035,SUP-146,Carrier,0
KLT-010036,SUP-051,WH-01,0
KLT-010037,SUP-020,Supplier,0
KLT-010038,SUP-119,Supplier,0
KLT-010039,SUP-054,Supplier,0
KLT-010040,SUP-039,WH-01,0
KLT-010041,SUP-037,WH-02,0
KLT-010042,SUP-175,Supplier,0
KLT-010043,SUP-093,Carrier,0
KLT-010044,SUP-171,Carrier,0
KLT-010045,SUP-014,WH-01,0
KLT-010046,SUP-128,Carrier,0
KLT-010047,SUP-147,WH-02,0
KLT-010048,SUP-021,Supplier,0
KLT-010049,SUP-072,WH-01,0
KLT-010050,SUP-157,WH-01,0
KLT-010051,SUP-129,WH-02,0
KLT-010052,SUP-128,WH-02,0
KLT-010053,SUP-052,WH-01,0
KLT-010054,SUP-196,WH-01,0
KLT-010055,SUP-134,WH-02,0
KLT-010056,SUP-093,WH-02,0
KLT-010057,SUP-139,Supplier,0
KLT-010058,SUP-192,Supplier,0
KLT-010059,SUP-118,Carrier,0
KLT-010060,SUP-086,WH-02,0
KLT-010061,SUP-167,WH-01,0
KLT-010062,SUP-036,Supplier,0
KLT-010063,SUP-049,Supplier,0
KLT-010064,SUP-133,WH-02,0
KLT-010065,SUP-110,Supplier,0
KLT-010066,SUP-063,WH-01,0
KLT-010067,SUP-100,WH-01,0
KLT-010068,SUP-122,WH-01,0
KLT-010069,SUP-125,WH-01,0
KLT-010070,SUP-017,WH-01,0
KLT-010071,SUP-028,WH-02,0
KLT-010072,SUP-164,Carrier,0
KLT-010073,SUP-182,Carrier,0
KLT-010074,SUP-025,Carrier,0
KLT-010075,SUP-133,WH-02,0
KLT-010076,SUP-017,WH-02,0
KLT-010077,SUP-142,Carrier,0
KLT-010078,SUP-023,Supplier,0
KLT-010079,SUP-193,WH-01,0
KLT-010080,SUP-152,WH-02,0
KLT-010081,SUP-105,WH-01,0
KLT-010082,SUP-163,Carrier,0
KLT-010083,SUP-012,Supplier,0
KLT-010084,SUP-121,WH-01,0
KLT-010085,SUP-024,Supplier,0
KLT-010086,SUP-097,Supplier,0
KLT-010087,SUP-167,Supplier,0
KLT-010088,SUP-200,Carrier,0
KLT-010089,SUP-001,Supplier,0
KLT-010090,SUP-012,WH-02,0
KLT-010091,SUP-011,Carrier,0
KLT-010092,SUP-148,WH-01,0
KLT-010093,SUP-154,Carrier,0
KLT-010094,SUP-141,WH-01,0
KLT-010095,SUP-124,WH-01,0
KLT-010096,SUP-079,Supplier,0
KLT-010097,SUP-014,Carrier,0
KLT-010098,SUP-177,Supplier,0
KLT-010099,SUP-186,WH-02,0
KLT-010100,SUP-191,WH-02,0
KLT-010101,SUP-099,WH-01,0
KLT-010102,SUP-157,WH-02,0
KLT-010103,SUP-183,Supplier,0
KLT-010104,SUP-008,Supplier,0
KLT-010105,SUP-028,Supplier,0
KLT-010106,SUP-099,WH-01,0
KLT-010107,SUP-034,Supplier,0
KLT-010108,SUP-195,WH-02,0
KLT-010109,SUP-148,WH-02,0
KLT-010110,SUP-088,WH-01,0
KLT-010111,SUP-118,WH-01,0
KLT-010112,SUP-109,WH-02,0
KLT-010113,SUP-079,Supplier,0
KLT-010114,SUP-002,WH-02,0
KLT-010115,SUP-150,WH-02,0
KLT-010116,SUP-081,Carrier,0
KLT-010117,SUP-043,Carrier,0
KLT-010118,SUP-014,Supplier,0
KLT-010119,SUP-094,WH-02,0
KLT-010120,SUP-015,Supplier,0
KLT-010121,SUP-008,WH-02,0
KLT-010122,SUP-131,WH-01,0
KLT-010123,SUP-148,Carrier,0
KLT-010124,SUP-148,Carrier,0
KLT-010125,SUP-077,Supplier,0
KLT-010126,SUP-019,WH-02,0
KLT-010127,SUP-046,WH-02,0
KLT-010128,SUP-052,Carrier,0
KLT-010129,SUP-059,Carrier,0
KLT-010130,SUP-152,WH-01,0
KLT-010131,SUP-072,Carrier,0
KLT-010132,SUP-113,Carrier,0
KLT-010133,SUP-078,Carrier,0
KLT-010134,SUP-079,WH-02,0
KLT-010135,SUP-117,WH-02,0
KLT-010136,SUP-030,WH-01,0
KLT-010137,SUP-158,Supplier,0
KLT-010138,SUP-189,Supplier,0
KLT-010139,SUP-024,Carrier,0
KLT-010140,SUP-174,WH-02,0
KLT-010141,SUP-156,Carrier,0
KLT-010142,SUP-180,Supplier,0
KLT-010143,SUP-133,WH-01,0
KLT-010144,SUP-090,WH-01,0
KLT-010145,SUP-105,WH-01,0
KLT-010146,SUP-194,WH-02,0
KLT-010147,SUP-033,WH-02,0
KLT-010148,SUP-102,WH-02,0
KLT-010149,SUP-154,Carrier,0
KLT-010150,SUP-037,Carrier,0
KLT-010151,SUP-029,WH-01,0
KLT-010152,SUP-151,WH-02,0
KLT-010153,SUP-115,WH-02,0
KLT-010154,SUP-107,Supplier,0
KLT-010155,SUP-108,Supplier,0
KLT-010156,SUP-019,WH-01,0
KLT-010157,SUP-179,Supplier,0
KLT-010158,SUP-038,WH-01,0
KLT-010159,SUP-151,Supplier,0
KLT-010160,SUP-189,Supplier,0
KLT-010161,SUP-174,WH-01,0
KLT-010162,SUP-132,WH-01,0
KLT-010163,SUP-107,WH-01,0
KLT-010164,SUP-056,Carrier,0
KLT-010165,SUP-174,WH-01,0
KLT-010166,SUP-149,WH-01,0
KLT-010167,SUP-118,WH-02,0
KLT-010168,SUP-080,WH-02,0
KLT-010169,SUP-181,WH-02,0
KLT-010170,SUP-040,WH-01,0
KLT-010171,SUP-070,Supplier,0
KLT-010172,SUP-047,WH-01,0
KLT-010173,SUP-007,WH-02,0
KLT-010174,SUP-029,WH-01,0
KLT-010175,SUP-158,Carrier,0
KLT-010176,SUP-010,WH-02,0
KLT-010177,SUP-086,WH-02,0
KLT-010178,SUP-108,WH-02,0
KLT-010179,SUP-174,WH-01,0
KLT-010180,SUP-131,WH-01,0
KLT-010181,SUP-094,WH-01,0
KLT-010182,SUP-111,Supplier,0
KLT-010183,SUP-031,WH-01,0
KLT-010184,SUP-187,Carrier,0
KLT-010185,SUP-043,Carrier,0
KLT-010186,SUP-047,WH-02,0
KLT-010187,SUP-017,Supplier,0
KLT-010188,SUP-156,Carrier,0
KLT-010189,SUP-167,Carrier,0
KLT-010190,SUP-137,WH-01,0
KLT-010191,SUP-062,WH-02,0
KLT-010192,SUP-057,Supplier,0
KLT-010193,SUP-104,WH-02,0
KLT-010194,SUP-124,WH-02,0
KLT-010195,SUP-063,WH-02,0
KLT-010196,SUP-088,Carrier,0
KLT-010197,SUP-068,WH-01,0
KLT-010198,SUP-031,WH-01,0
KLT-010199,SUP-012,WH-01,0
KLT-010200,SUP-027,Supplier,0
KLT-010201,SUP-182,Supplier,0
KLT-010202,SUP-198,Supplier,0
KLT-010203,SUP-051,Carrier,0
KLT-010204,SUP-158,Carrier,0
KLT-010205,SUP-007,Supplier,0
KLT-010206,SUP-127,Supplier,0
KLT-010207,SUP-170,Carrier,0
KLT-010208,SUP-193,WH-01,0
KLT-010209,SUP-052,Carrier,0
KLT-010210,SUP-119,WH-02,0
KLT-010211,SUP-083,Carrier,0
KLT-010212,SUP-017,Supplier,0
KLT-010213,SUP-146,WH-01,0
KLT-010214,SUP-037,WH-01,0
KLT-010215,SUP-111,WH-01,0
KLT-010216,SUP-003,WH-02,0
KLT-010217,SUP-068,Supplier,0
KLT-010218,SUP-013,Carrier,0
KLT-010219,SUP-075,WH-01,0
KLT-010220,SUP-110,WH-02,0
KLT-010221,SUP-144,Carrier,0
KLT-010222,SUP-046,Carrier,0
KLT-010223,SUP-164,Carrier,0
KLT-010224,SUP-187,Carrier,0
KLT-010225,SUP-032,WH-01,0
KLT-010226,SUP-031,Carrier,0
KLT-010227,SUP-193,Carrier,0
KLT-010228,SUP-133,WH-02,0
KLT-010229,SUP-153,WH-01,0
KLT-010230,SUP-154,Carrier,0
KLT-010231,SUP-020,WH-01,0
KLT-010232,SUP-104,WH-02,0
KLT-010233,SUP-138,WH-01,0
KLT-010234,SUP-175,Carrier,0
KLT-010235,SUP-031,WH-01,0
KLT-010236,SUP-169,Carrier,0
KLT-010237,SUP-026,WH-02,0
KLT-010238,SUP-062,WH-01,0
KLT-010239,SUP-079,WH-01,0
KLT-010240,SUP-010,WH-01,0
KLT-010241,SUP-075,WH-01,0
KLT-010242,SUP-149,Supplier,0
KLT-010243,SUP-074,WH-02,0
KLT-010244,SUP-044,Carrier,0
KLT-010245,SUP-186,Supplier,0
KLT-010246,SUP-162,WH-01,0
KLT-010247,SUP-169,Carrier,0
KLT-010248,SUP-041,Supplier,0
KLT-010249,SUP-107,WH-01,0
KLT-010250,SUP-080,Carrier,0
KLT-010251,SUP-057,WH-01,0
KLT-010252,SUP-118,WH-01,0
KLT-010253,SUP-007,Supplier,0
KLT-010254,SUP-016,Supplier,0
KLT-010255,SUP-011,Carrier,0
KLT-010256,SUP-119,Supplier,0
KLT-010257,SUP-180,Carrier,0
KLT-010258,SUP-123,Supplier,0
KLT-010259,SUP-111,WH-01,0
KLT-010260,SUP-186,Carrier,0
KLT-010261,SUP-122,Carrier,0
KLT-010262,SUP-200,Supplier,0
KLT-010263,SUP-001,WH-01,0
KLT-010264,SUP-086,WH-02,0
KLT-010265,SUP-176,Carrier,0
KLT-010266,SUP-199,Carrier,0
KLT-010267,SUP-146,Supplier,0
KLT-010268,SUP-112,WH-01,0
KLT-010269,SUP-128,Carrier,0
KLT-010270,SUP-154,Supplier,0
KLT-010271,SUP-166,WH-01,0
KLT-010272,SUP-092,Supplier,0
KLT-010273,SUP-052,Supplier,0
KLT-010274,SUP-003,WH-01,0
KLT-010275,SUP-031,WH-02,0
KLT-010276,SUP-193,WH-01,0
KLT-010277,SUP-092,Supplier,0
KLT-010278,SUP-010,Carrier,0
KLT-010279,SUP-033,WH-01,0
KLT-010280,SUP-165,Carrier,0
KLT-010281,SUP-106,Supplier,0
KLT-010282,SUP-071,Supplier,0
KLT-010283,SUP-196,WH-02,0
KLT-010284,SUP-091,WH-02,0
KLT-010285,SUP-001,Carrier,0
KLT-010286,SUP-009,Supplier,0
KLT-010287,SUP-200,Supplier,0
KLT-010288,SUP-024,Supplier,0
KLT-010289,SUP-106,Supplier,0
KLT-010290,SUP-189,Carrier,0
KLT-010291,SUP-086,WH-01,0
KLT-010292,SUP-008,WH-02,0
KLT-010293,SUP-033,Supplier,0
KLT-010294,SUP-189,Supplier,0
KLT-010295,SUP-099,Supplier,0
KLT-010296,SUP-162,Supplier,0
KLT-010297,SUP-080,Supplier,0
KLT-010298,SUP-039,WH-01,0
KLT-010299,SUP-004,WH-01,0
KLT-010300,SUP-079,WH-02,0
KLT-010301,SUP-110,WH-01,0
KLT-010302,SUP-151,WH-01,0
KLT-010303,SUP-083,WH-02,0
KLT-010304,SUP-127,Carrier,0
KLT-010305,SUP-189,Carrier,0
KLT-010306,SUP-189,Carrier,0
KLT-010307,SUP-139,WH-02,0
KLT-010308,SUP-095,WH-02,0
KLT-010309,SUP-128,Carrier,0
KLT-010310,SUP-016,WH-02,0
KLT-010311,SUP-035,WH-02,0
KLT-010312,SUP-028,Carrier,0
KLT-010313,SUP-114,Supplier,0
KLT-010314,SUP-164,Carrier,0
KLT-010315,SUP-043,WH-01,0
KLT-010316,SUP-145,WH-02,0
KLT-010317,SUP-036,WH-02,0
KLT-010318,SUP-187,Carrier,0
KLT-010319,SUP-023,Supplier,0
KLT-010320,SUP-163,Carrier,0
KLT-010321,SUP-009,Carrier,0
KLT-010322,SUP-082,WH-02,0
KLT-010323,SUP-169,WH-02,0
KLT-010324,SUP-042,WH-02,0
KLT-010325,SUP-155,Supplier,0
KLT-010326,SUP-123,WH-02,0
KLT-010327,SUP-194,WH-02,0
KLT-010328,SUP-094,WH-02,0
KLT-010329,SUP-167,WH-01,0
KLT-010330,SUP-009,Supplier,0
KLT-010331,SUP-195,WH-01,0
KLT-010332,SUP-077,WH-01,0
KLT-010333,SUP-161,WH-01,0
KLT-010334,SUP-151,WH-02,0
KLT-010335,SUP-130,WH-01,0
KLT-010336,SUP-099,Carrier,0
KLT-010337,SUP-011,WH-02,0
KLT-010338,SUP-135,Supplier,0
KLT-010339,SUP-132,WH-02,0
KLT-010340,SUP-196,WH-02,0
KLT-010341,SUP-126,Carrier,0
KLT-010342,SUP-179,Supplier,0
KLT-010343,SUP-158,WH-01,0
KLT-010344,SUP-112,WH-01,0
KLT-010345,SUP-079,Carrier,0
KLT-010346,SUP-103,Carrier,0
KLT-010347,SUP-102,WH-02,0
KLT-010348,SUP-029,Supplier,0
KLT-010349,SUP-082,WH-02,0
KLT-010350,SUP-126,Carrier,0
KLT-010351,SUP-050,WH-01,0
KLT-010352,SUP-077,WH-01,0
KLT-010353,SUP-154,Carrier,0
KLT-010354,SUP-114,WH-02,0
KLT-010355,SUP-021,Supplier,0
KLT-010356,SUP-160,Supplier,0
KLT-010357,SUP-001,WH-02,0
KLT-010358,SUP-132,WH-01,0
KLT-010359,SUP-172,WH-02,0
KLT-010360,SUP-182,WH-02,0
KLT-010361,SUP-124,Supplier,0
KLT-010362,SUP-035,WH-02,0
KLT-010363,SUP-195,WH-02,0
KLT-010364,SUP-065,Supplier,0
KLT-010365,SUP-033,WH-02,0
KLT-010366,SUP-056,Supplier,0
KLT-010367,SUP-143,WH-01,0
KLT-010368,SUP-013,Carrier,0
KLT-010369,SUP-022,WH-01,0
KLT-010370,SUP-161,WH-01,0
KLT-010371,SUP-134,WH-02,0
KLT-010372,SUP-172,Supplier,0
KLT-010373,SUP-161,WH-02,0
KLT-010374,SUP-168,WH-02,0
KLT-010375,SUP-059,Supplier,0
KLT-010376,SUP-174,WH-01,0
KLT-010377,SUP-135,Carrier,0
KLT-010378,SUP-006,WH-01,0
KLT-010379,SUP-130,WH-01,0
KLT-010380,SUP-041,Supplier,0
KLT-010381,SUP-066,Carrier,0
KLT-010382,SUP-129,Carrier,0
KLT-010383,SUP-104,Supplier,0
KLT-010384,SUP-199,Carrier,0
KLT-010385,SUP-051,Carrier,0
KLT-010386,SUP-104,Supplier,0
KLT-010387,SUP-071,Carrier,0
KLT-010388,SUP-112,WH-01,0
KLT-010389,SUP-099,WH-01,0
KLT-010390,SUP-034,Supplier,0
KLT-010391,SUP-049,WH-02,0
KLT-010392,SUP-125,WH-02,0
KLT-010393,SUP-053,Supplier,0
KLT-010394,SUP-064,Carrier,0
KLT-010395,SUP-125,Carrier,0
KLT-010396,SUP-172,Carrier,0
KLT-010397,SUP-187,Supplier,0
KLT-010398,SUP-057,Carrier,0
KLT-010399,SUP-135,Supplier,0
KLT-010400,SUP-031,WH-02,0
KLT-010401,SUP-156,Carrier,0
KLT-010402,SUP-050,Carrier,0
KLT-010403,SUP-159,WH-02,0
KLT-010404,SUP-122,Carrier,0
KLT-010405,SUP-112,WH-01,0
KLT-010406,SUP-191,WH-01,0
KLT-010407,SUP-090,Supplier,0
KLT-010408,SUP-153,WH-01,0
KLT-010409,SUP-026,WH-01,0
KLT-010410,SUP-032,Carrier,0
KLT-010411,SUP-128,WH-01,0
KLT-010412,SUP-060,WH-02,0
KLT-010413,SUP-125,WH-02,0
KLT-010414,SUP-197,Supplier,0
KLT-010415,SUP-077,Supplier,0
KLT-010416,SUP-135,Supplier,0
KLT-010417,SUP-007,Supplier,0
KLT-010418,SUP-036,Carrier,0
KLT-010419,SUP-042,WH-02,0
KLT-010420,SUP-068,Carrier,0
KLT-010421,SUP-162,WH-02,0
KLT-010422,SUP-151,Supplier,0
KLT-010423,SUP-030,WH-02,0
KLT-010424,SUP-157,Supplier,0
KLT-010425,SUP-045,WH-02,0
KLT-010426,SUP-173,Carrier,0
KLT-010427,SUP-195,WH-01,0
KLT-010428,SUP-191,Carrier,0
KLT-010429,SUP-102,WH-02,0
KLT-010430,SUP-012,WH-01,0
KLT-010431,SUP-082,WH-01,0
KLT-010432,SUP-108,WH-02,0
KLT-010433,SUP-041,Supplier,0
KLT-010434,SUP-132,Supplier,0
KLT-010435,SUP-127,WH-02,0
KLT-010436,SUP-040,Carrier,0
KLT-010437,SUP-046,Carrier,0
KLT-010438,SUP-017,WH-01,0
KLT-010439,SUP-037,WH-02,0
KLT-010440,SUP-197,Supplier,0
KLT-010441,SUP-075,WH-01,0
KLT-010442,SUP-045,Supplier,0
KLT-010443,SUP-094,Carrier,0
KLT-010444,SUP-073,WH-01,0
KLT-010445,SUP-054,WH-01,0
KLT-010446,SUP-139,Supplier,0
KLT-010447,SUP-055,WH-02,0
KLT-010448,SUP-171,WH-01,0
KLT-010449,SUP-040,Carrier,0
KLT-010450,SUP-136,WH-02,0
KLT-010451,SUP-021,Supplier,0
KLT-010452,SUP-089,WH-02,0
KLT-010453,SUP-032,Carrier,0
KLT-010454,SUP-184,Supplier,0
KLT-010455,SUP-111,Carrier,0
KLT-010456,SUP-154,WH-02,0
KLT-010457,SUP-092,Carrier,0
KLT-010458,SUP-164,Supplier,0
KLT-010459,SUP-106,Carrier,0
KLT-010460,SUP-131,WH-02,0
KLT-010461,SUP-190,WH-01,0
KLT-010462,SUP-096,WH-01,0
KLT-010463,SUP-162,Carrier,0
KLT-010464,SUP-035,WH-01,0
KLT-010465,SUP-078,Carrier,0
KLT-010466,SUP-110,WH-01,0
KLT-010467,SUP-117,WH-02,0
KLT-010468,SUP-009,Supplier,0
KLT-010469,SUP-152,Supplier,0
KLT-010470,SUP-181,WH-01,0
KLT-010471,SUP-078,WH-01,0
KLT-010472,SUP-170,WH-01,0
KLT-010473,SUP-001,Supplier,0
KLT-010474,SUP-065,WH-01,0
KLT-010475,SUP-094,Supplier,0
KLT-010476,SUP-121,Carrier,0
KLT-010477,SUP-086,WH-02,0
KLT-010478,SUP-074,WH-02,0
KLT-010479,SUP-087,WH-01,0
KLT-010480,SUP-086,Supplier,0
KLT-010481,SUP-115,WH-02,0
KLT-010482,SUP-185,Carrier,0
KLT-010483,SUP-121,WH-02,0
KLT-010484,SUP-159,Carrier,0
KLT-010485,SUP-177,Supplier,0
KLT-010486,SUP-029,WH-02,0
KLT-010487,SUP-075,Supplier,0
KLT-010488,SUP-125,Carrier,0
KLT-010489,SUP-065,Supplier,0
KLT-010490,SUP-086,WH-01,0
KLT-010491,SUP-005,Supplier,0
KLT-010492,SUP-084,WH-02,0
KLT-010493,SUP-008,Supplier,0
KLT-010494,SUP-022,Supplier,0
KLT-010495,SUP-101,WH-01,0
KLT-010496,SUP-122,WH-01,0
KLT-010497,SUP-025,WH-01,0
KLT-010498,SUP-137,WH-01,0
KLT-010499,SUP-007,WH-01,0
KLT-010500,SUP-011,WH-01,0
KLT-010501,SUP-149,WH-02,0
KLT-010502,SUP-135,WH-02,0
KLT-010503,SUP-007,WH-02,0
KLT-010504,SUP-105,WH-02,0
KLT-010505,SUP-014,Carrier,0
KLT-010506,SUP-073,Supplier,0
KLT-010507,SUP-183,WH-02,0
KLT-010508,SUP-149,Supplier,0
KLT-010509,SUP-180,WH-02,0
KLT-010510,SUP-070,Supplier,0
KLT-010511,SUP-089,WH-02,0
KLT-010512,SUP-050,WH-01,0
KLT-010513,SUP-109,Supplier,0
KLT-010514,SUP-161,Supplier,0
KLT-010515,SUP-139,WH-01,0
KLT-010516,SUP-087,Supplier,0
KLT-010517,SUP-139,Carrier,0
KLT-010518,SUP-185,WH-02,0
KLT-010519,SUP-184,Supplier,0
KLT-010520,SUP-129,WH-01,0
KLT-010521,SUP-198,WH-02,0
KLT-010522,SUP-177,Supplier,0
KLT-010523,SUP-123,Carrier,0
KLT-010524,SUP-196,WH-02,0
KLT-010525,SUP-135,Supplier,0
KLT-010526,SUP-109,Carrier,0
KLT-010527,SUP-088,Supplier,0
KLT-010528,SUP-090,WH-01,0
KLT-010529,SUP-112,Supplier,0
KLT-010530,SUP-062,Supplier,0
KLT-010531,SUP-131,Supplier,0
KLT-010532,SUP-021,Carrier,0
KLT-010533,SUP-180,Supplier,0
KLT-010534,SUP-048,Supplier,0
KLT-010535,SUP-048,Supplier,0
KLT-010536,SUP-163,WH-01,0
KLT-010537,SUP-114,Carrier,0
KLT-010538,SUP-189,WH-01,0
KLT-010539,SUP-180,WH-01,0
KLT-010540,SUP-063,WH-01,0
KLT-010541,SUP-004,WH-01,0
KLT-010542,SUP-105,WH-02,0
KLT-010543,SUP-130,WH-01,0
KLT-010544,SUP-040,WH-02,0
KLT-010545,SUP-141,Carrier,0
KLT-010546,SUP-098,Carrier,0
KLT-010547,SUP-101,WH-02,0
KLT-010548,SUP-094,Carrier,0
KLT-010549,SUP-116,WH-01,0
KLT-010550,SUP-042,WH-02,0
KLT-010551,SUP-030,WH-01,0
KLT-010552,SUP-115,Carrier,0
KLT-010553,SUP-007,Carrier,0
KLT-010554,SUP-054,Carrier,0
KLT-010555,SUP-156,Supplier,0
KLT-010556,SUP-169,WH-01,0
KLT-010557,SUP-004,WH-02,0
KLT-010558,SUP-011,WH-02,0
KLT-010559,SUP-197,WH-02,0
KLT-010560,SUP-101,Supplier,0
KLT-010561,SUP-026,WH-02,0
KLT-010562,SUP-073,Supplier,0
KLT-010563,SUP-137,Carrier,0
KLT-010564,SUP-015,WH-01,0
KLT-010565,SUP-017,Supplier,0
KLT-010566,SUP-067,Carrier,0
KLT-010567,SUP-027,WH-02,0
KLT-010568,SUP-153,Supplier,0
KLT-010569,SUP-104,WH-02,0
KLT-010570,SUP-046,WH-01,0
KLT-010571,SUP-183,WH-01,0
KLT-010572,SUP-015,WH-01,0
KLT-010573,SUP-119,Carrier,0
KLT-010574,SUP-157,WH-02,0
KLT-010575,SUP-055,Supplier,0
KLT-010576,SUP-021,WH-02,0
KLT-010577,SUP-098,Carrier,0
KLT-010578,SUP-146,Carrier,0
KLT-010579,SUP-080,Carrier,0
KLT-010580,SUP-166,WH-01,0
KLT-010581,SUP-156,Carrier,0
KLT-010582,SUP-119,WH-02,0
KLT-010583,SUP-073,WH-01,0
KLT-010584,SUP-167,WH-01,0
KLT-010585,SUP-106,Carrier,0
KLT-010586,SUP-106,WH-01,0
KLT-010587,SUP-184,Carrier,0
KLT-010588,SUP-037,WH-01,0
KLT-010589,SUP-064,Supplier,0
KLT-010590,SUP-193,Supplier,0
KLT-010591,SUP-076,Supplier,0
KLT-010592,SUP-134,WH-01,0
KLT-010593,SUP-164,WH-01,0
KLT-010594,SUP-183,Supplier,0
KLT-010595,SUP-174,WH-02,0
KLT-010596,SUP-199,Carrier,0
KLT-010597,SUP-139,WH-01,0
KLT-010598,SUP-139,WH-01,0
KLT-010599,SUP-194,Carrier,0
KLT-010600,SUP-141,Carrier,0
KLT-010601,SUP-191,Supplier,0
KLT-010602,SUP-073,Supplier,0
KLT-010603,SUP-148,Supplier,0
KLT-010604,SUP-031,Supplier,0
KLT-010605,SUP-196,WH-01,0
KLT-010606,SUP-123,WH-02,0
KLT-010607,SUP-009,Carrier,0
KLT-010608,SUP-119,Carrier,0
KLT-010609,SUP-050,Carrier,0
KLT-010610,SUP-189,Carrier,0
KLT-010611,SUP-067,Carrier,0
KLT-010612,SUP-133,Carrier,0
KLT-010613,SUP-162,WH-02,0
KLT-010614,SUP-088,WH-01,0
KLT-010615,SUP-047,Carrier,0
KLT-010616,SUP-011,WH-02,0
KLT-010617,SUP-117,WH-01,0
KLT-010618,SUP-038,Supplier,0
KLT-010619,SUP-025,WH-02,0
KLT-010620,SUP-142,Carrier,0
KLT-010621,SUP-086,WH-02,0
KLT-010622,SUP-050,WH-01,0
KLT-010623,SUP-043,Supplier,0
KLT-010624,SUP-157,Supplier,0
KLT-010625,SUP-070,WH-02,0
KLT-010626,SUP-168,WH-02,0
KLT-010627,SUP-145,WH-01,0
KLT-010628,SUP-136,WH-02,0
KLT-010629,SUP-184,WH-01,0
KLT-010630,SUP-047,Carrier,0
KLT-010631,SUP-103,WH-01,0
KLT-010632,SUP-192,WH-01,0
KLT-010633,SUP-074,WH-01,0
KLT-010634,SUP-084,WH-02,0
KLT-010635,SUP-035,Supplier,0
KLT-010636,SUP-187,WH-02,0
KLT-010637,SUP-148,WH-01,0
KLT-010638,SUP-184,WH-02,0
KLT-010639,SUP-088,Carrier,0
KLT-010640,SUP-106,Supplier,0
KLT-010641,SUP-102,Carrier,0
KLT-010642,SUP-005,WH-02,0
KLT-010643,SUP-096,Carrier,0
KLT-010644,SUP-099,Carrier,0
KLT-010645,SUP-116,WH-01,0
KLT-010646,SUP-011,Supplier,0
KLT-010647,SUP-165,WH-02,0
KLT-010648,SUP-086,WH-02,0
KLT-010649,SUP-166,Supplier,0
KLT-010650,SUP-116,Supplier,0
KLT-010651,SUP-149,Supplier,0
KLT-010652,SUP-104,Supplier,0
KLT-010653,SUP-092,Carrier,0
KLT-010654,SUP-028,Supplier,0
KLT-010655,SUP-197,Carrier,0
KLT-010656,SUP-061,Supplier,0
KLT-010657,SUP-100,WH-02,0
KLT-010658,SUP-146,WH-01,0
KLT-010659,SUP-059,Supplier,0
KLT-010660,SUP-109,WH-02,0
KLT-010661,SUP-030,Carrier,0
KLT-010662,SUP-191,Carrier,0
KLT-010663,SUP-128,Carrier,0
KLT-010664,SUP-055,Supplier,0
KLT-010665,SUP-022,Supplier,0
KLT-010666,SUP-103,Carrier,0
KLT-010667,SUP-085,Carrier,0
KLT-010668,SUP-087,WH-01,0
KLT-010669,SUP-156,Carrier,0
KLT-010670,SUP-159,Supplier,0
KLT-010671,SUP-079,WH-01,0
KLT-010672,SUP-021,WH-02,0
KLT-010673,SUP-107,Carrier,0
KLT-010674,SUP-068,WH-02,0
KLT-010675,SUP-181,Supplier,0
KLT-010676,SUP-161,Supplier,0
KLT-010677,SUP-151,Carrier,0
KLT-010678,SUP-191,WH-02,0
KLT-010679,SUP-013,WH-01,0
KLT-010680,SUP-017,WH-02,0
KLT-010681,SUP-082,WH-01,0
KLT-010682,SUP-055,Supplier,0
KLT-010683,SUP-110,Carrier,0
KLT-010684,SUP-043,Carrier,0
KLT-010685,SUP-155,WH-02,0
KLT-010686,SUP-084,WH-02,0
KLT-010687,SUP-050,Supplier,0
KLT-010688,SUP-103,Carrier,0
KLT-010689,SUP-198,Carrier,0
KLT-010690,SUP-144,WH-01,0
KLT-010691,SUP-153,Carrier,0
KLT-010692,SUP-139,WH-02,0
KLT-010693,SUP-064,WH-01,0
KLT-010694,SUP-160,Carrier,0
KLT-010695,SUP-151,Supplier,0
KLT-010696,SUP-078,WH-01,0
KLT-010697,SUP-144,Supplier,0
KLT-010698,SUP-003,WH-02,0
KLT-010699,SUP-074,WH-01,0
KLT-010700,SUP-197,Supplier,0
KLT-010701,SUP-105,Carrier,0
KLT-010702,SUP-150,Supplier,0
KLT-010703,SUP-039,Carrier,0
KLT-010704,SUP-080,WH-01,0
KLT-010705,SUP-060,Supplier,0
KLT-010706,SUP-044,WH-02,0
KLT-010707,SUP-053,WH-02,0
KLT-010708,SUP-110,Carrier,0
KLT-010709,SUP-048,WH-01,0
KLT-010710,SUP-178,Supplier,0
KLT-010711,SUP-047,WH-02,0
KLT-010712,SUP-005,WH-02,0
KLT-010713,SUP-115,Supplier,0
KLT-010714,SUP-056,WH-01,0
KLT-010715,SUP-149,Supplier,0
KLT-010716,SUP-008,WH-02,0
KLT-010717,SUP-031,WH-01,0
KLT-010718,SUP-046,WH-01,0
KLT-010719,SUP-157,Carrier,0
KLT-010720,SUP-013,WH-01,0
KLT-010721,SUP-183,Supplier,0
KLT-010722,SUP-198,WH-02,0
KLT-010723,SUP-067,WH-01,0
KLT-010724,SUP-134,WH-01,0
KLT-010725,SUP-159,WH-02,0
KLT-010726,SUP-164,Carrier,0
KLT-010727,SUP-094,Supplier,0
KLT-010728,SUP-168,WH-02,0
KLT-010729,SUP-034,WH-02,0
KLT-010730,SUP-174,Carrier,0
KLT-010731,SUP-089,WH-02,0
KLT-010732,SUP-129,WH-01,0
KLT-010733,SUP-179,Supplier,0
KLT-010734,SUP-058,Supplier,0
KLT-010735,SUP-062,Carrier,0
KLT-010736,SUP-082,Supplier,0
KLT-010737,SUP-012,WH-01,0
KLT-010738,SUP-186,Carrier,0
KLT-010739,SUP-166,Carrier,0
KLT-010740,SUP-084,WH-01,0
KLT-010741,SUP-063,Carrier,0
KLT-010742,SUP-108,WH-02,0
KLT-010743,SUP-070,Supplier,0
KLT-010744,SUP-068,WH-02,0
KLT-010745,SUP-153,WH-02,0
KLT-010746,SUP-054,Supplier,0
KLT-010747,SUP-022,WH-02,0
KLT-010748,SUP-139,Carrier,0
KLT-010749,SUP-096,Supplier,0
KLT-010750,SUP-118,WH-02,0
KLT-010751,SUP-078,Carrier,0
KLT-010752,SUP-052,Carrier,0
KLT-010753,SUP-152,WH-02,0
KLT-010754,SUP-168,WH-02,0
KLT-010755,SUP-169,WH-02,0
KLT-010756,SUP-013,WH-02,0
KLT-010757,SUP-185,WH-01,0
KLT-010758,SUP-043,WH-01,0
KLT-010759,SUP-120,Supplier,0
KLT-010760,SUP-066,WH-01,0
KLT-010761,SUP-018,WH-01,0
KLT-010762,SUP-015,Supplier,0
KLT-010763,SUP-173,Carrier,0
KLT-010764,SUP-195,Carrier,0
KLT-010765,SUP-086,WH-02,0
KLT-010766,SUP-140,WH-01,0
KLT-010767,SUP-195,WH-01,0
KLT-010768,SUP-048,WH-02,0
KLT-010769,SUP-114,Carrier,0
KLT-010770,SUP-073,WH-02,0
KLT-010771,SUP-173,WH-01,0
KLT-010772,SUP-060,Supplier,0
KLT-010773,SUP-106,WH-01,0
KLT-010774,SUP-060,WH-02,0
KLT-010775,SUP-188,WH-01,0
KLT-010776,SUP-090,WH-02,0
KLT-010777,SUP-084,WH-01,0
KLT-010778,SUP-001,Supplier,0
KLT-010779,SUP-012,WH-02,0
KLT-010780,SUP-169,Supplier,0
KLT-010781,SUP-076,Supplier,0
KLT-010782,SUP-145,WH-02,0
KLT-010783,SUP-105,Supplier,0
KLT-010784,SUP-184,WH-01,0
KLT-010785,SUP-071,WH-01,0
KLT-010786,SUP-079,Carrier,0
KLT-010787,SUP-198,WH-01,0
KLT-010788,SUP-157,Supplier,0
KLT-010789,SUP-146,WH-01,0
KLT-010790,SUP-111,Carrier,0
KLT-010791,SUP-195,Carrier,0
KLT-010792,SUP-089,Carrier,0
KLT-010793,SUP-102,WH-02,0
KLT-010794,SUP-184,Carrier,0
KLT-010795,SUP-012,WH-01,0
KLT-010796,SUP-071,WH-02,0
KLT-010797,SUP-179,WH-02,0
KLT-010798,SUP-004,WH-02,0
KLT-010799,SUP-148,Carrier,0
KLT-010800,SUP-018,Supplier,0
KLT-010801,SUP-162,Supplier,0
KLT-010802,SUP-120,WH-01,0
KLT-010803,SUP-189,Supplier,0
KLT-010804,SUP-137,Carrier,0
KLT-010805,SUP-078,WH-01,0
KLT-010806,SUP-053,WH-02,0
KLT-010807,SUP-003,Supplier,0
KLT-010808,SUP-092,WH-01,0
KLT-010809,SUP-003,Carrier,0
KLT-010810,SUP-085,WH-02,0
KLT-010811,SUP-136,WH-02,0
KLT-010812,SUP-126,WH-01,0
KLT-010813,SUP-129,Supplier,0
KLT-010814,SUP-094,WH-02,0
KLT-010815,SUP-009,WH-02,0
KLT-010816,SUP-109,WH-01,0
KLT-010817,SUP-148,Supplier,0
KLT-010818,SUP-113,Supplier,0
KLT-010819,SUP-063,Carrier,0
KLT-010820,SUP-080,Supplier,0
KLT-010821,SUP-141,WH-02,0
KLT-010822,SUP-185,WH-02,0
KLT-010823,SUP-108,WH-01,0
KLT-010824,SUP-129,Carrier,0
KLT-010825,SUP-137,WH-01,0
KLT-010826,SUP-149,Carrier,0
KLT-010827,SUP-159,WH-02,0
KLT-010828,SUP-004,Carrier,0
KLT-010829,SUP-017,Carrier,0
KLT-010830,SUP-185,WH-01,0
KLT-010831,SUP-082,WH-02,0
KLT-010832,SUP-065,WH-02,0
KLT-010833,SUP-172,Carrier,0
KLT-010834,SUP-036,Supplier,0
KLT-010835,SUP-100,Supplier,0
KLT-010836,SUP-027,WH-02,0
KLT-010837,SUP-168,WH-01,0
KLT-010838,SUP-170,WH-02,0
KLT-010839,SUP-010,Supplier,0
KLT-010840,SUP-169,WH-01,0
KLT-010841,SUP-042,WH-02,0
KLT-010842,SUP-031,Carrier,0
KLT-010843,SUP-144,WH-02,0
KLT-010844,SUP-168,Carrier,0
KLT-010845,SUP-123,WH-02,0
KLT-010846,SUP-007,WH-02,0
KLT-010847,SUP-093,Supplier,0
KLT-010848,SUP-117,WH-02,0
KLT-010849,SUP-136,WH-01,0
KLT-010850,SUP-174,Supplier,0
KLT-010851,SUP-061,Supplier,0
KLT-010852,SUP-195,WH-02,0
KLT-010853,SUP-089,WH-02,0
KLT-010854,SUP-021,Supplier,0
KLT-010855,SUP-173,Carrier,0
KLT-010856,SUP-099,WH-02,0
KLT-010857,SUP-071,Supplier,0
KLT-010858,SUP-062,Carrier,0
KLT-010859,SUP-194,WH-02,0
KLT-010860,SUP-120,WH-01,0
KLT-010861,SUP-117,WH-02,0
KLT-010862,SUP-163,Carrier,0
KLT-010863,SUP-180,Supplier,0
KLT-010864,SUP-101,WH-02,0
KLT-010865,SUP-073,Carrier,0
KLT-010866,SUP-127,Carrier,0
KLT-010867,SUP-077,WH-02,0
KLT-010868,SUP-191,Carrier,0
KLT-010869,SUP-031,WH-02,0
KLT-010870,SUP-195,Carrier,0
KLT-010871,SUP-044,Carrier,0
KLT-010872,SUP-142,WH-02,0
KLT-010873,SUP-186,WH-01,0
KLT-010874,SUP-187,WH-01,0
KLT-010875,SUP-012,WH-01,0
KLT-010876,SUP-162,WH-01,0
KLT-010877,SUP-188,WH-02,0
KLT-010878,SUP-135,Carrier,0
KLT-010879,SUP-175,WH-02,0
KLT-010880,SUP-172,WH-02,0
KLT-010881,SUP-090,WH-01,0
KLT-010882,SUP-180,WH-02,0
KLT-010883,SUP-176,WH-02,0
KLT-010884,SUP-015,WH-02,0
KLT-010885,SUP-039,WH-01,0
KLT-010886,SUP-023,Supplier,0
KLT-010887,SUP-064,Carrier,0
KLT-010888,SUP-100,WH-01,0
KLT-010889,SUP-051,WH-01,0
KLT-010890,SUP-050,WH-01,0
KLT-010891,SUP-032,Carrier,0
KLT-010892,SUP-087,Carrier,0
KLT-010893,SUP-116,WH-02,0
KLT-010894,SUP-023,WH-02,0
KLT-010895,SUP-114,WH-01,0
KLT-010896,SUP-149,Carrier,0
KLT-010897,SUP-182,Carrier,0
KLT-010898,SUP-184,WH-02,0
KLT-010899,SUP-095,WH-01,0
KLT-010900,SUP-122,WH-02,0
KLT-010901,SUP-028,WH-01,0
KLT-010902,SUP-043,Carrier,0
KLT-010903,SUP-191,Supplier,0
KLT-010904,SUP-011,Supplier,0
KLT-010905,SUP-029,Carrier,0
KLT-010906,SUP-156,Carrier,0
KLT-010907,SUP-104,Carrier,0
KLT-010908,SUP-076,Supplier,0
KLT-010909,SUP-158,WH-02,0
KLT-010910,SUP-085,Carrier,0
KLT-010911,SUP-117,WH-01,0
KLT-010912,SUP-047,WH-01,0
KLT-010913,SUP-199,WH-02,0
KLT-010914,SUP-048,WH-02,0
KLT-010915,SUP-131,WH-02,0
KLT-010916,SUP-158,WH-02,0
KLT-010917,SUP-038,WH-02,0
KLT-010918,SUP-114,WH-01,0
KLT-010919,SUP-156,Carrier,0
KLT-010920,SUP-158,Carrier,0
KLT-010921,SUP-003,Supplier,0
KLT-010922,SUP-103,WH-02,0
KLT-010923,SUP-100,Carrier,0
KLT-010924,SUP-187,WH-01,0
KLT-010925,SUP-026,WH-01,0
KLT-010926,SUP-156,Supplier,0
KLT-010927,SUP-108,WH-02,0
KLT-010928,SUP-029,WH-01,0
KLT-010929,SUP-025,WH-02,0
KLT-010930,SUP-069,Carrier,0
KLT-010931,SUP-119,Carrier,0
KLT-010932,SUP-050,Supplier,0
KLT-010933,SUP-106,WH-02,0
KLT-010934,SUP-159,WH-02,0
KLT-010935,SUP-054,WH-02,0
KLT-010936,SUP-051,Supplier,0
KLT-010937,SUP-172,Carrier,0
KLT-010938,SUP-121,Carrier,0
KLT-010939,SUP-154,WH-01,0
KLT-010940,SUP-185,WH-01,0
KLT-010941,SUP-041,WH-02,0
KLT-010942,SUP-099,Supplier,0
KLT-010943,SUP-107,Supplier,0
KLT-010944,SUP-056,WH-02,0
KLT-010945,SUP-145,WH-01,0
KLT-010946,SUP-105,WH-02,0
KLT-010947,SUP-075,Supplier,0
KLT-010948,SUP-051,Supplier,0
KLT-010949,SUP-157,WH-02,0
KLT-010950,SUP-065,WH-01,0
KLT-010951,SUP-088,Supplier,0
KLT-010952,SUP-007,WH-01,0
KLT-010953,SUP-022,WH-01,0
KLT-010954,SUP-187,Carrier,0
KLT-010955,SUP-186,Supplier,0
KLT-010956,SUP-017,Supplier,0
KLT-010957,SUP-072,WH-01,0
KLT-010958,SUP-024,WH-02,0
KLT-010959,SUP-040,WH-02,0
KLT-010960,SUP-104,WH-02,0
KLT-010961,SUP-003,Supplier,0
KLT-010962,SUP-070,WH-01,0
KLT-010963,SUP-170,WH-01,0
KLT-010964,SUP-026,WH-01,0
KLT-010965,SUP-105,Supplier,0
KLT-010966,SUP-017,WH-02,0
KLT-010967,SUP-159,Carrier,0
KLT-010968,SUP-102,Carrier,0
KLT-010969,SUP-061,WH-02,0
KLT-010970,SUP-091,Carrier,0
KLT-010971,SUP-029,Carrier,0
KLT-010972,SUP-132,WH-02,0
KLT-010973,SUP-025,Supplier,0
KLT-010974,SUP-104,Supplier,0
KLT-010975,SUP-096,Supplier,0
KLT-010976,SUP-067,WH-02,0
KLT-010977,SUP-028,Carrier,0
KLT-010978,SUP-089,WH-02,0
KLT-010979,SUP-104,WH-02,0
KLT-010980,SUP-132,WH-01,0
KLT-010981,SUP-147,WH-02,0
KLT-010982,SUP-020,Carrier,0
KLT-010983,SUP-179,Carrier,0
KLT-010984,SUP-163,Supplier,0
KLT-010985,SUP-003,Supplier,0
KLT-010986,SUP-129,WH-01,0
KLT-010987,SUP-140,Carrier,0
KLT-010988,SUP-189,Supplier,0
KLT-010989,SUP-121,Supplier,0
KLT-010990,SUP-001,Supplier,0
KLT-010991,SUP-157,WH-02,0
KLT-010992,SUP-118,Supplier,0
KLT-010993,SUP-018,WH-01,0
KLT-010994,SUP-067,WH-02,0
KLT-010995,SUP-109,Carrier,0
KLT-010996,SUP-088,Supplier,0
KLT-010997,SUP-192,WH-01,0
KLT-010998,SUP-197,Carrier,0
KLT-010999,SUP-004,Carrier,0
KLT-011000,SUP-152,Supplier,0
KLT-011001,SUP-144,Carrier,0
KLT-011002,SUP-026,WH-02,0
KLT-011003,SUP-111,WH-02,0
KLT-011004,SUP-104,WH-02,0
KLT-011005,SUP-014,WH-01,0
KLT-011006,SUP-046,Supplier,0
KLT-011007,SUP-031,WH-01,0
KLT-011008,SUP-131,Supplier,0
KLT-011009,SUP-019,WH-02,0
KLT-011010,SUP-197,Supplier,0
KLT-011011,SUP-082,Carrier,0
KLT-011012,SUP-109,WH-02,0
KLT-011013,SUP-034,Carrier,0
KLT-011014,SUP-067,Carrier,0
KLT-011015,SUP-141,WH-02,0
KLT-011016,SUP-012,WH-01,0
KLT-011017,SUP-037,WH-02,0
KLT-011018,SUP-096,WH-01,0
KLT-011019,SUP-070,WH-02,0
KLT-011020,SUP-128,WH-01,0
KLT-011021,SUP-056,WH-01,0
KLT-011022,SUP-006,WH-01,0
KLT-011023,SUP-126,WH-02,0
KLT-011024,SUP-011,Carrier,0
KLT-011025,SUP-123,WH-02,0
KLT-011026,SUP-133,Supplier,0
KLT-011027,SUP-006,WH-02,0
KLT-011028,SUP-003,WH-02,0
KLT-011029,SUP-015,WH-02,0
KLT-011030,SUP-067,WH-01,0
KLT-011031,SUP-199,Carrier,0
KLT-011032,SUP-102,WH-01,0
KLT-011033,SUP-158,Supplier,0
KLT-011034,SUP-034,WH-02,0
KLT-011035,SUP-053,Supplier,0
KLT-011036,SUP-169,Supplier,0
KLT-011037,SUP-019,WH-01,0
KLT-011038,SUP-086,Supplier,0
KLT-011039,SUP-034,Supplier,0
KLT-011040,SUP-195,Carrier,0
KLT-011041,SUP-110,WH-02,0
KLT-011042,SUP-065,Carrier,0
KLT-011043,SUP-185,WH-02,0
KLT-011044,SUP-127,Carrier,0
KLT-011045,SUP-082,Carrier,0
KLT-011046,SUP-099,WH-01,0
KLT-011047,SUP-001,WH-02,0
KLT-011048,SUP-170,Supplier,0
KLT-011049,SUP-053,Carrier,0
KLT-011050,SUP-185,Supplier,0
KLT-011051,SUP-086,WH-01,0
KLT-011052,SUP-020,WH-01,0
KLT-011053,SUP-043,Carrier,0
KLT-011054,SUP-125,WH-01,0
KLT-011055,SUP-163,WH-01,0
KLT-011056,SUP-107,Carrier,0
KLT-011057,SUP-200,Supplier,0
KLT-011058,SUP-193,Supplier,0
KLT-011059,SUP-198,WH-01,0
KLT-011060,SUP-090,Carrier,0
KLT-011061,SUP-157,Carrier,0
KLT-011062,SUP-091,Supplier,0
KLT-011063,SUP-085,Carrier,0
KLT-011064,SUP-057,Supplier,0
KLT-011065,SUP-178,Supplier,0
KLT-011066,SUP-067,Supplier,0
KLT-011067,SUP-023,Supplier,0
KLT-011068,SUP-119,WH-02,0
KLT-011069,SUP-070,WH-02,0
KLT-011070,SUP-173,Carrier,0
KLT-011071,SUP-058,Supplier,0
KLT-011072,SUP-185,WH-02,0
KLT-011073,SUP-197,WH-01,0
KLT-011074,SUP-083,WH-02,0
KLT-011075,SUP-155,Carrier,0
KLT-011076,SUP-053,WH-01,0
KLT-011077,SUP-131,WH-02,0
KLT-011078,SUP-176,Carrier,0
KLT-011079,SUP-060,Supplier,0
KLT-011080,SUP-041,WH-02,0
KLT-011081,SUP-023,Supplier,0
KLT-011082,SUP-136,Supplier,0
KLT-011083,SUP-020,Carrier,0
KLT-011084,SUP-004,Supplier,0
KLT-011085,SUP-154,WH-02,0
KLT-011086,SUP-064,WH-02,0
KLT-011087,SUP-164,Carrier,0
KLT-011088,SUP-185,Supplier,0
KLT-011089,SUP-006,WH-02,0
KLT-011090,SUP-191,WH-02,0
KLT-011091,SUP-143,WH-01,0
KLT-011092,SUP-128,WH-01,0
KLT-011093,SUP-163,Carrier,0
KLT-011094,SUP-152,WH-02,0
KLT-011095,SUP-023,WH-01,0
KLT-011096,SUP-146,Carrier,0
KLT-011097,SUP-088,WH-02,0
KLT-011098,SUP-165,Supplier,0
KLT-011099,SUP-073,Supplier,0
KLT-011100,SUP-117,WH-01,0
KLT-011101,SUP-187,WH-02,0
KLT-011102,SUP-119,Carrier,0
KLT-011103,SUP-091,WH-01,0
KLT-011104,SUP-109,Carrier,0
KLT-011105,SUP-015,Supplier,0
KLT-011106,SUP-002,WH-01,0
KLT-011107,SUP-183,WH-01,0
KLT-011108,SUP-106,Carrier,0
KLT-011109,SUP-067,Supplier,0
KLT-011110,SUP-194,Carrier,0
KLT-011111,SUP-174,WH-01,0
KLT-011112,SUP-042,WH-01,0
KLT-011113,SUP-033,WH-01,0
KLT-011114,SUP-055,WH-02,0
KLT-011115,SUP-143,WH-02,0
KLT-011116,SUP-177,Carrier,0
KLT-011117,SUP-156,Supplier,0
KLT-011118,SUP-076,WH-01,0
KLT-011119,SUP-131,Supplier,0
KLT-011120,SUP-196,WH-01,0
KLT-011121,SUP-084,Carrier,0
KLT-011122,SUP-143,Carrier,0
KLT-011123,SUP-145,WH-02,0
KLT-011124,SUP-107,WH-02,0
KLT-011125,SUP-108,WH-01,0
KLT-011126,SUP-170,Carrier,0
KLT-011127,SUP-188,WH-02,0
KLT-011128,SUP-193,Carrier,0
KLT-011129,SUP-198,WH-01,0
KLT-011130,SUP-192,Carrier,0
KLT-011131,SUP-168,Carrier,0
KLT-011132,SUP-131,WH-02,0
KLT-011133,SUP-002,Supplier,0
KLT-011134,SUP-127,Carrier,0
KLT-011135,SUP-164,Carrier,0
KLT-011136,SUP-199,Carrier,0
KLT-011137,SUP-066,WH-01,0
KLT-011138,SUP-064,Supplier,0
KLT-011139,SUP-113,Carrier,0
KLT-011140,SUP-139,Carrier,0
KLT-011141,SUP-132,Carrier,0
KLT-011142,SUP-057,WH-02,0
KLT-011143,SUP-117,Carrier,0
KLT-011144,SUP-011,Supplier,0
KLT-011145,SUP-106,WH-01,0
KLT-011146,SUP-028,Supplier,0
KLT-011147,SUP-066,WH-02,0
KLT-011148,SUP-179,Supplier,0
KLT-011149,SUP-047,WH-01,0
KLT-011150,SUP-200,Supplier,0
KLT-011151,SUP-087,Carrier,0
KLT-011152,SUP-045,WH-01,0
KLT-011153,SUP-109,WH-02,0
KLT-011154,SUP-160,WH-01,0
KLT-011155,SUP-027,Supplier,0
KLT-011156,SUP-110,Supplier,0
KLT-011157,SUP-011,Supplier,0
KLT-011158,SUP-103,WH-02,0
KLT-011159,SUP-046,WH-01,0
KLT-011160,SUP-164,WH-02,0
KLT-011161,SUP-102,Carrier,0
KLT-011162,SUP-104,Carrier,0
KLT-011163,SUP-089,Supplier,0
KLT-011164,SUP-023,Supplier,0
KLT-011165,SUP-032,WH-01,0
KLT-011166,SUP-002,WH-01,0
KLT-011167,SUP-075,Supplier,0
KLT-011168,SUP-019,Supplier,0
KLT-011169,SUP-118,Supplier,0
KLT-011170,SUP-062,Carrier,0
KLT-011171,SUP-031,Supplier,0
KLT-011172,SUP-182,WH-02,0
KLT-011173,SUP-188,WH-02,0
KLT-011174,SUP-018,WH-01,0
KLT-011175,SUP-171,WH-01,0
KLT-011176,SUP-049,WH-01,0
KLT-011177,SUP-152,WH-01,0
KLT-011178,SUP-114,WH-02,0
KLT-011179,SUP-113,Supplier,0
KLT-011180,SUP-058,Carrier,0
KLT-011181,SUP-164,WH-01,0
KLT-011182,SUP-048,WH-02,0
KLT-011183,SUP-149,WH-01,0
KLT-011184,SUP-140,WH-02,0
KLT-011185,SUP-049,WH-01,0
KLT-011186,SUP-028,Supplier,0
KLT-011187,SUP-173,WH-02,0
KLT-011188,SUP-097,Carrier,0
KLT-011189,SUP-018,Carrier,0
KLT-011190,SUP-200,WH-01,0
KLT-011191,SUP-047,WH-02,0
KLT-011192,SUP-181,WH-02,0
KLT-011193,SUP-126,WH-02,0
KLT-011194,SUP-008,WH-02,0
KLT-011195,SUP-132,WH-01,0
KLT-011196,SUP-039,Carrier,0
KLT-011197,SUP-067,WH-02,0
KLT-011198,SUP-004,WH-01,0
KLT-011199,SUP-130,WH-01,0
KLT-011200,SUP-060,WH-01,0
KLT-011201,SUP-189,WH-01,0
KLT-011202,SUP-123,Supplier,0
KLT-011203,SUP-096,Supplier,0
KLT-011204,SUP-114,WH-02,0
KLT-011205,SUP-021,WH-01,0
KLT-011206,SUP-114,Carrier,0
KLT-011207,SUP-025,Supplier,0
KLT-011208,SUP-080,Carrier,0
KLT-011209,SUP-125,WH-01,0
KLT-011210,SUP-189,Carrier,0
KLT-011211,SUP-176,WH-02,0
KLT-011212,SUP-037,Supplier,0
KLT-011213,SUP-071,Supplier,0
KLT-011214,SUP-010,Carrier,0
KLT-011215,SUP-113,Supplier,0
KLT-011216,SUP-108,WH-01,0
KLT-011217,SUP-107,Carrier,0
KLT-011218,SUP-137,Supplier,0
KLT-011219,SUP-002,Supplier,0
KLT-011220,SUP-022,Supplier,0
KLT-011221,SUP-154,WH-02,0
KLT-011222,SUP-191,Carrier,0
KLT-011223,SUP-012,Carrier,0
KLT-011224,SUP-097,Carrier,0
KLT-011225,SUP-100,WH-01,0
KLT-011226,SUP-163,WH-02,0
KLT-011227,SUP-065,WH-01,0
KLT-011228,SUP-020,WH-02,0
KLT-011229,SUP-132,WH-02,0
KLT-011230,SUP-185,WH-02,0
KLT-011231,SUP-138,Carrier,0
KLT-011232,SUP-032,WH-02,0
KLT-011233,SUP-070,Supplier,0
KLT-011234,SUP-004,Supplier,0
KLT-011235,SUP-043,Supplier,0
KLT-011236,SUP-070,WH-02,0
KLT-011237,SUP-060,Supplier,0
KLT-011238,SUP-141,WH-02,0
KLT-011239,SUP-049,WH-01,0
KLT-011240,SUP-173,Carrier,0
KLT-011241,SUP-112,Supplier,0
KLT-011242,SUP-151,Supplier,0
KLT-011243,SUP-055,Supplier,0
KLT-011244,SUP-103,Carrier,0
KLT-011245,SUP-173,Supplier,0
KLT-011246,SUP-150,Carrier,0
KLT-011247,SUP-186,WH-02,0
KLT-011248,SUP-083,Supplier,0
KLT-011249,SUP-055,Supplier,0
KLT-011250,SUP-015,WH-01,0
KLT-011251,SUP-096,WH-02,0
KLT-011252,SUP-190,Carrier,0
KLT-011253,SUP-008,Supplier,0
KLT-011254,SUP-111,Carrier,0
KLT-011255,SUP-077,Carrier,0
KLT-011256,SUP-169,WH-02,0
KLT-011257,SUP-005,Carrier,0
KLT-011258,SUP-054,WH-02,0
KLT-011259,SUP-083,Carrier,0
KLT-011260,SUP-181,WH-02,0
KLT-011261,SUP-147,WH-02,0
KLT-011262,SUP-055,Supplier,0
KLT-011263,SUP-005,WH-01,0
KLT-011264,SUP-061,Carrier,0
KLT-011265,SUP-156,Supplier,0
KLT-011266,SUP-150,Carrier,0
KLT-011267,SUP-083,Supplier,0
KLT-011268,SUP-059,Carrier,0
KLT-011269,SUP-097,WH-01,0
KLT-011270,SUP-070,WH-02,0
KLT-011271,SUP-166,WH-02,0
KLT-011272,SUP-007,WH-01,0
KLT-011273,SUP-036,Carrier,0
KLT-011274,SUP-133,Carrier,0
KLT-011275,SUP-157,Supplier,0
KLT-011276,SUP-002,WH-02,0
KLT-011277,SUP-004,Supplier,0
KLT-011278,SUP-133,WH-02,0
KLT-011279,SUP-111,Carrier,0
KLT-011280,SUP-029,WH-02,0
KLT-011281,SUP-103,WH-02,0
KLT-011282,SUP-004,Supplier,0
KLT-011283,SUP-088,Carrier,0
KLT-011284,SUP-178,Supplier,0
KLT-011285,SUP-053,WH-02,0
KLT-011286,SUP-046,Supplier,0
KLT-011287,SUP-156,Carrier,0
KLT-011288,SUP-171,WH-02,0
KLT-011289,SUP-096,WH-02,0
KLT-011290,SUP-129,Supplier,0
KLT-011291,SUP-197,WH-02,0
KLT-011292,SUP-188,WH-02,0
KLT-011293,SUP-011,Supplier,0
KLT-011294,SUP-075,Supplier,0
KLT-011295,SUP-111,Carrier,0
KLT-011296,SUP-133,Carrier,0
KLT-011297,SUP-074,WH-02,0
KLT-011298,SUP-170,WH-01,0
KLT-011299,SUP-122,WH-02,0
KLT-011300,SUP-024,WH-02,0
KLT-011301,SUP-167,Supplier,0
KLT-011302,SUP-097,Supplier,0
KLT-011303,SUP-101,Carrier,0
KLT-011304,SUP-035,WH-02,0
KLT-011305,SUP-074,Carrier,0
KLT-011306,SUP-155,WH-01,0
KLT-011307,SUP-195,WH-02,0
KLT-011308,SUP-146,Supplier,0
KLT-011309,SUP-067,WH-01,0
KLT-011310,SUP-064,WH-01,0
KLT-011311,SUP-112,Supplier,0
KLT-011312,SUP-127,Supplier,0
KLT-011313,SUP-175,WH-02,0
KLT-011314,SUP-113,Supplier,0
KLT-011315,SUP-157,Supplier,0
KLT-011316,SUP-182,Carrier,0
KLT-011317,SUP-024,WH-01,0
KLT-011318,SUP-141,Carrier,0
KLT-011319,SUP-060,WH-01,0
KLT-011320,SUP-023,WH-01,0
KLT-011321,SUP-019,WH-02,0
KLT-011322,SUP-022,WH-01,0
KLT-011323,SUP-190,WH-02,0
KLT-011324,SUP-077,Supplier,0
KLT-011325,SUP-183,WH-02,0
KLT-011326,SUP-033,WH-01,0
KLT-011327,SUP-052,Supplier,0
KLT-011328,SUP-026,WH-02,0
KLT-011329,SUP-082,Supplier,0
KLT-011330,SUP-066,WH-01,0
KLT-011331,SUP-102,WH-01,0
KLT-011332,SUP-043,Supplier,0
KLT-011333,SUP-123,Supplier,0
KLT-011334,SUP-166,WH-02,0
KLT-011335,SUP-146,Carrier,0
KLT-011336,SUP-029,Supplier,0
KLT-011337,SUP-119,WH-01,0
KLT-011338,SUP-096,WH-02,0
KLT-011339,SUP-094,WH-02,0
KLT-011340,SUP-157,Carrier,0
KLT-011341,SUP-020,Supplier,0
KLT-011342,SUP-006,WH-02,0
KLT-011343,SUP-128,Carrier,0
KLT-011344,SUP-154,Carrier,0
KLT-011345,SUP-087,WH-02,0
KLT-011346,SUP-057,Supplier,0
KLT-011347,SUP-055,Supplier,0
KLT-011348,SUP-137,Carrier,0
KLT-011349,SUP-160,Supplier,0
KLT-011350,SUP-103,Supplier,0
KLT-011351,SUP-161,Carrier,0
KLT-011352,SUP-068,Supplier,0
KLT-011353,SUP-117,WH-02,0
KLT-011354,SUP-085,WH-01,0
KLT-011355,SUP-179,WH-02,0
KLT-011356,SUP-133,WH-01,0
KLT-011357,SUP-072,WH-01,0
KLT-011358,SUP-069,WH-01,0
KLT-011359,SUP-171,Carrier,0
KLT-011360,SUP-143,Supplier,0
KLT-011361,SUP-156,Supplier,0
KLT-011362,SUP-097,Supplier,0
KLT-011363,SUP-174,WH-01,0
KLT-011364,SUP-167,Carrier,0
KLT-011365,SUP-030,Supplier,0
KLT-011366,SUP-169,Carrier,0
KLT-011367,SUP-154,WH-01,0
KLT-011368,SUP-068,Carrier,0
KLT-011369,SUP-025,Supplier,0
KLT-011370,SUP-194,Supplier,0
KLT-011371,SUP-018,Carrier,0
KLT-011372,SUP-167,WH-02,0
KLT-011373,SUP-054,WH-01,0
KLT-011374,SUP-116,Carrier,0
KLT-011375,SUP-182,WH-02,0
KLT-011376,SUP-193,WH-01,0
KLT-011377,SUP-190,Carrier,0
KLT-011378,SUP-020,Supplier,0
KLT-011379,SUP-154,Carrier,0
KLT-011380,SUP-022,Carrier,0
KLT-011381,SUP-059,Carrier,0
KLT-011382,SUP-069,Supplier,0
KLT-011383,SUP-022,WH-02,0
KLT-011384,SUP-047,WH-02,0
KLT-011385,SUP-049,WH-02,0
KLT-011386,SUP-086,WH-01,0
KLT-011387,SUP-012,Carrier,0
KLT-011388,SUP-065,WH-01,0
KLT-011389,SUP-087,Carrier,0
KLT-011390,SUP-182,Supplier,0
KLT-011391,SUP-130,Carrier,0
KLT-011392,SUP-159,Supplier,0
KLT-011393,SUP-035,Carrier,0
KLT-011394,SUP-195,WH-01,0
KLT-011395,SUP-024,WH-01,0
KLT-011396,SUP-184,Supplier,0
KLT-011397,SUP-139,WH-02,0
KLT-011398,SUP-181,Supplier,0
KLT-011399,SUP-112,WH-01,0
KLT-011400,SUP-141,Carrier,0
KLT-011401,SUP-170,Carrier,0
KLT-011402,SUP-012,WH-01,0
KLT-011403,SUP-109,Supplier,0
KLT-011404,SUP-152,WH-01,0
KLT-011405,SUP-146,WH-02,0
KLT-011406,SUP-006,Supplier,0
KLT-011407,SUP-099,WH-01,0
KLT-011408,SUP-173,WH-01,0
KLT-011409,SUP-133,Supplier,0
KLT-011410,SUP-119,Supplier,0
KLT-011411,SUP-085,Supplier,0
KLT-011412,SUP-004,Supplier,0
KLT-011413,SUP-194,WH-01,0
KLT-011414,SUP-156,WH-02,0
KLT-011415,SUP-152,WH-02,0
KLT-011416,SUP-035,Supplier,0
KLT-011417,SUP-157,WH-01,0
KLT-011418,SUP-110,WH-02,0
KLT-011419,SUP-045,Carrier,0
KLT-011420,SUP-084,Carrier,0
KLT-011421,SUP-052,Supplier,0
KLT-011422,SUP-038,WH-01,0
KLT-011423,SUP-118,Supplier,0
KLT-011424,SUP-154,Carrier,0
KLT-011425,SUP-102,WH-01,0
KLT-011426,SUP-100,WH-02,0
KLT-011427,SUP-182,WH-02,0
KLT-011428,SUP-172,WH-01,0
KLT-011429,SUP-090,WH-02,0
KLT-011430,SUP-039,WH-01,0
KLT-011431,SUP-091,Supplier,0
KLT-011432,SUP-067,Carrier,0
KLT-011433,SUP-043,Carrier,0
KLT-011434,SUP-162,Supplier,0
KLT-011435,SUP-087,Carrier,0
KLT-011436,SUP-055,WH-01,0
KLT-011437,SUP-029,Supplier,0
KLT-011438,SUP-111,Supplier,0
KLT-011439,SUP-063,Supplier,0
KLT-011440,SUP-158,WH-01,0
KLT-011441,SUP-057,WH-01,0
KLT-011442,SUP-113,WH-01,0
KLT-011443,SUP-060,Supplier,0
KLT-011444,SUP-033,WH-01,0
KLT-011445,SUP-177,WH-02,0
KLT-011446,SUP-023,Carrier,0
KLT-011447,SUP-083,Supplier,0
KLT-011448,SUP-087,WH-02,0
KLT-011449,SUP-048,WH-02,0
KLT-011450,SUP-083,WH-02,0
KLT-011451,SUP-085,Supplier,0
KLT-011452,SUP-171,WH-02,0
KLT-011453,SUP-172,Supplier,0
KLT-011454,SUP-128,WH-02,0
KLT-011455,SUP-060,WH-02,0
KLT-011456,SUP-043,Carrier,0
KLT-011457,SUP-168,Supplier,0
KLT-011458,SUP-007,WH-02,0
KLT-011459,SUP-005,Carrier,0
KLT-011460,SUP-176,Supplier,0
KLT-011461,SUP-092,Carrier,0
KLT-011462,SUP-013,Supplier,0
KLT-011463,SUP-185,Supplier,0
KLT-011464,SUP-073,Supplier,0
KLT-011465,SUP-086,WH-02,0
KLT-011466,SUP-193,Carrier,0
KLT-011467,SUP-154,WH-02,0
KLT-011468,SUP-149,Carrier,0
KLT-011469,SUP-057,Carrier,0
KLT-011470,SUP-014,WH-01,0
KLT-011471,SUP-150,Supplier,0
KLT-011472,SUP-045,WH-01,0
KLT-011473,SUP-105,Supplier,0
KLT-011474,SUP-160,Supplier,0
KLT-011475,SUP-021,Supplier,0
KLT-011476,SUP-154,WH-02,0
KLT-011477,SUP-086,WH-02,0
KLT-011478,SUP-168,Supplier,0
KLT-011479,SUP-116,WH-02,0
KLT-011480,SUP-121,WH-01,0
KLT-011481,SUP-076,Supplier,0
KLT-011482,SUP-176,Supplier,0
KLT-011483,SUP-164,Carrier,0
KLT-011484,SUP-135,WH-01,0
KLT-011485,SUP-188,Carrier,0
KLT-011486,SUP-034,Supplier,0
KLT-011487,SUP-007,WH-02,0
KLT-011488,SUP-049,Supplier,0
KLT-011489,SUP-199,WH-01,0
KLT-011490,SUP-056,WH-01,0
KLT-011491,SUP-005,Supplier,0
KLT-011492,SUP-049,WH-01,0
KLT-011493,SUP-052,Carrier,0
KLT-011494,SUP-082,WH-02,0
KLT-011495,SUP-176,Carrier,0
KLT-011496,SUP-019,WH-01,0
KLT-011497,SUP-074,Supplier,0
KLT-011498,SUP-111,Carrier,0
KLT-011499,SUP-184,Supplier,0
KLT-011500,SUP-146,Supplier,0
KLT-011501,SUP-117,WH-02,0
KLT-011502,SUP-119,WH-02,0
KLT-011503,SUP-061,Carrier,0
KLT-011504,SUP-189,Carrier,0
KLT-011505,SUP-021,WH-01,0
KLT-011506,SUP-015,WH-01,0
KLT-011507,SUP-159,WH-02,0
KLT-011508,SUP-171,Supplier,0
KLT-011509,SUP-195,Carrier,0
KLT-011510,SUP-059,Supplier,0
KLT-011511,SUP-041,Carrier,0
KLT-011512,SUP-190,WH-01,0
KLT-011513,SUP-043,Supplier,0
KLT-011514,SUP-001,Carrier,0
KLT-011515,SUP-153,Supplier,0
KLT-011516,SUP-063,Carrier,0
KLT-011517,SUP-047,Supplier,0
KLT-011518,SUP-069,WH-02,0
KLT-011519,SUP-173,Carrier,0
KLT-011520,SUP-193,WH-01,0
KLT-011521,SUP-119,Carrier,0
KLT-011522,SUP-119,WH-02,0
KLT-011523,SUP-041,WH-02,0
KLT-011524,SUP-040,WH-01,0
KLT-011525,SUP-148,Carrier,0
KLT-011526,SUP-187,WH-02,0
KLT-011527,SUP-062,WH-01,0
KLT-011528,SUP-102,WH-02,0
KLT-011529,SUP-061,WH-01,0
KLT-011530,SUP-010,WH-01,0
KLT-011531,SUP-138,WH-01,0
KLT-011532,SUP-148,Supplier,52
KLT-011533,SUP-049,WH-02,0
KLT-011534,SUP-069,Carrier,0
KLT-011535,SUP-044,Supplier,0
KLT-011536,SUP-112,Supplier,0
KLT-011537,SUP-070,Supplier,0
KLT-011538,SUP-147,Carrier,0
KLT-011539,SUP-002,WH-01,0
KLT-011540,SUP-179,Supplier,0
KLT-011541,SUP-017,Supplier,0
KLT-011542,SUP-111,Supplier,0
KLT-011543,SUP-040,Supplier,0
KLT-011544,SUP-129,Carrier,0
KLT-011545,SUP-110,Carrier,0
KLT-011546,SUP-162,WH-01,0
KLT-011547,SUP-165,Supplier,0
KLT-011548,SUP-024,Supplier,0
KLT-011549,SUP-155,WH-01,0
KLT-011550,SUP-193,WH-01,0
KLT-011551,SUP-192,WH-02,0
KLT-011552,SUP-042,Supplier,0
KLT-011553,SUP-106,WH-02,0
KLT-011554,SUP-149,WH-01,0
KLT-011555,SUP-089,WH-01,0
KLT-011556,SUP-114,Supplier,0
KLT-011557,SUP-188,Carrier,0
KLT-011558,SUP-044,WH-02,0
KLT-011559,SUP-120,WH-01,0
KLT-011560,SUP-043,WH-01,0
KLT-011561,SUP-179,Supplier,0
KLT-011562,SUP-143,Carrier,0
KLT-011563,SUP-137,Supplier,0
KLT-011564,SUP-107,Supplier,0
KLT-011565,SUP-002,Carrier,0
KLT-011566,SUP-035,WH-01,0
KLT-011567,SUP-005,WH-01,0
KLT-011568,SUP-022,Carrier,0
KLT-011569,SUP-013,Carrier,0
KLT-011570,SUP-068,Supplier,0
KLT-011571,SUP-017,Supplier,0
KLT-011572,SUP-127,WH-02,0
KLT-011573,SUP-173,WH-01,0
KLT-011574,SUP-127,WH-01,0
KLT-011575,SUP-040,Supplier,0
KLT-011576,SUP-027,Carrier,26
KLT-011577,SUP-177,WH-01,0
KLT-011578,SUP-145,WH-02,0
KLT-011579,SUP-108,WH-01,0
KLT-011580,SUP-174,Supplier,0
KLT-011581,SUP-117,Supplier,0
KLT-011582,SUP-097,Supplier,0
KLT-011583,SUP-023,Carrier,0
KLT-011584,SUP-010,WH-02,0
KLT-011585,SUP-147,Supplier,0
KLT-011586,SUP-116,Carrier,0
KLT-011587,SUP-178,WH-02,0
KLT-011588,SUP-052,WH-01,0
KLT-011589,SUP-009,WH-01,0
KLT-011590,SUP-009,WH-02,0
KLT-011591,SUP-030,Supplier,0
KLT-011592,SUP-024,Carrier,0
KLT-011593,SUP-164,Supplier,0
KLT-011594,SUP-099,WH-02,0
KLT-011595,SUP-036,Carrier,0
KLT-011596,SUP-108,WH-02,0
KLT-011597,SUP-014,Carrier,0
KLT-011598,SUP-038,WH-01,0
KLT-011599,SUP-070,Supplier,0
KLT-011600,SUP-154,WH-01,0
KLT-011601,SUP-119,Carrier,0
KLT-011602,SUP-080,Carrier,0
KLT-011603,SUP-089,Carrier,0
KLT-011604,SUP-098,WH-01,0
KLT-011605,SUP-015,WH-01,0
KLT-011606,SUP-028,WH-01,0
KLT-011607,SUP-087,Supplier,0
KLT-011608,SUP-144,Carrier,0
KLT-011609,SUP-052,Carrier,0
KLT-011610,SUP-193,WH-01,0
KLT-011611,SUP-165,Carrier,0
KLT-011612,SUP-040,Supplier,0
KLT-011613,SUP-094,WH-01,0
KLT-011614,SUP-014,Carrier,0
KLT-011615,SUP-198,Supplier,0
KLT-011616,SUP-037,WH-01,0
KLT-011617,SUP-085,WH-02,0
KLT-011618,SUP-031,WH-02,0
KLT-011619,SUP-069,WH-01,0
KLT-011620,SUP-050,Supplier,0
KLT-011621,SUP-073,WH-01,0
KLT-011622,SUP-152,WH-02,0
KLT-011623,SUP-067,WH-02,0
KLT-011624,SUP-104,Carrier,0
KLT-011625,SUP-056,Supplier,0
KLT-011626,SUP-001,WH-01,0
KLT-011627,SUP-086,WH-02,0
KLT-011628,SUP-023,WH-02,0
KLT-011629,SUP-149,Carrier,0
KLT-011630,SUP-193,Carrier,0
KLT-011631,SUP-069,Supplier,0
KLT-011632,SUP-179,Supplier,0
KLT-011633,SUP-002,WH-01,0
KLT-011634,SUP-078,WH-02,0
KLT-011635,SUP-057,WH-01,0
KLT-011636,SUP-088,WH-02,0
KLT-011637,SUP-081,Supplier,0
KLT-011638,SUP-040,WH-02,0
KLT-011639,SUP-026,Supplier,0
KLT-011640,SUP-187,Supplier,0
KLT-011641,SUP-126,WH-01,0
KLT-011642,SUP-190,WH-02,0
KLT-011643,SUP-150,WH-01,0
KLT-011644,SUP-061,WH-02,0
KLT-011645,SUP-146,WH-02,0
KLT-011646,SUP-034,Supplier,0
KLT-011647,SUP-055,Supplier,0
KLT-011648,SUP-115,Carrier,0
KLT-011649,SUP-129,Carrier,0
KLT-011650,SUP-034,Supplier,0
KLT-011651,SUP-200,WH-01,0
KLT-011652,SUP-184,WH-02,0
KLT-011653,SUP-121,WH-01,0
KLT-011654,SUP-174,Supplier,0
KLT-011655,SUP-196,WH-02,0
KLT-011656,SUP-117,WH-01,0
KLT-011657,SUP-038,WH-02,0
KLT-011658,SUP-013,Carrier,0
KLT-011659,SUP-151,WH-01,0
KLT-011660,SUP-194,Supplier,0
KLT-011661,SUP-060,Supplier,0
KLT-011662,SUP-190,WH-02,0
KLT-011663,SUP-089,Carrier,0
KLT-011664,SUP-044,WH-01,0
KLT-011665,SUP-144,Supplier,0
KLT-011666,SUP-109,Supplier,0
KLT-011667,SUP-040,Supplier,0
KLT-011668,SUP-154,Carrier,0
KLT-011669,SUP-131,WH-02,0
KLT-011670,SUP-161,WH-02,0
KLT-011671,SUP-190,WH-01,0
KLT-011672,SUP-200,WH-01,0
KLT-011673,SUP-171,WH-02,0
KLT-011674,SUP-102,Supplier,0
KLT-011675,SUP-155,Supplier,0
KLT-011676,SUP-025,WH-02,0
KLT-011677,SUP-106,Carrier,0
KLT-011678,SUP-169,Carrier,0
KLT-011679,SUP-113,WH-01,0
KLT-011680,SUP-003,Supplier,0
KLT-011681,SUP-067,Carrier,0
KLT-011682,SUP-171,Carrier,0
KLT-011683,SUP-062,WH-01,0
KLT-011684,SUP-052,WH-02,0
KLT-011685,SUP-139,WH-01,0
KLT-011686,SUP-042,WH-02,0
KLT-011687,SUP-195,Carrier,0
KLT-011688,SUP-077,WH-01,0
KLT-011689,SUP-143,Carrier,0
KLT-011690,SUP-138,WH-02,0
KLT-011691,SUP-063,WH-01,0
KLT-011692,SUP-008,WH-01,0
KLT-011693,SUP-159,Supplier,0
KLT-011694,SUP-121,WH-01,0
KLT-011695,SUP-159,Supplier,0
KLT-011696,SUP-021,WH-02,0
KLT-011697,SUP-158,WH-01,0
KLT-011698,SUP-004,Supplier,0
KLT-011699,SUP-084,WH-02,0
KLT-011700,SUP-021,Carrier,0
KLT-011701,SUP-009,WH-02,0
KLT-011702,SUP-113,WH-01,0
KLT-011703,SUP-086,Supplier,0
KLT-011704,SUP-064,WH-01,0
KLT-011705,SUP-083,WH-01,0
KLT-011706,SUP-200,WH-01,0
KLT-011707,SUP-066,WH-02,0
KLT-011708,SUP-126,WH-01,0
KLT-011709,SUP-112,Carrier,0
KLT-011710,SUP-166,Carrier,0
KLT-011711,SUP-067,WH-01,0
KLT-011712,SUP-042,Carrier,0
KLT-011713,SUP-184,WH-01,0
KLT-011714,SUP-165,WH-02,0
KLT-011715,SUP-144,WH-02,0
KLT-011716,SUP-066,Carrier,0
KLT-011717,SUP-112,WH-02,0
KLT-011718,SUP-004,WH-01,0
KLT-011719,SUP-046,WH-02,0
KLT-011720,SUP-058,WH-01,0
KLT-011721,SUP-006,Supplier,0
KLT-011722,SUP-126,WH-02,0
KLT-011723,SUP-100,Carrier,0
KLT-011724,SUP-133,WH-01,0
KLT-011725,SUP-198,WH-01,0
KLT-011726,SUP-193,Carrier,0
KLT-011727,SUP-121,Supplier,0
KLT-011728,SUP-197,WH-01,0
KLT-011729,SUP-018,Carrier,0
KLT-011730,SUP-120,Supplier,0
KLT-011731,SUP-025,WH-01,0
KLT-011732,SUP-054,Carrier,0
KLT-011733,SUP-100,Carrier,0
KLT-011734,SUP-110,WH-02,0
KLT-011735,SUP-150,WH-01,0
KLT-011736,SUP-109,WH-01,0
KLT-011737,SUP-199,WH-02,0
KLT-011738,SUP-034,WH-02,0
KLT-011739,SUP-178,Supplier,0
KLT-011740,SUP-143,WH-01,0
KLT-011741,SUP-156,Supplier,0
KLT-011742,SUP-103,Supplier,0
KLT-011743,SUP-100,WH-02,0
KLT-011744,SUP-066,WH-02,0
KLT-011745,SUP-073,WH-02,0
KLT-011746,SUP-013,WH-02,0
KLT-011747,SUP-131,Carrier,0
KLT-011748,SUP-068,Supplier,0
KLT-011749,SUP-071,Carrier,0
KLT-011750,SUP-003,Carrier,0
KLT-011751,SUP-137,Carrier,0
KLT-011752,SUP-105,WH-01,0
KLT-011753,SUP-083,WH-01,0
KLT-011754,SUP-161,WH-02,0
KLT-011755,SUP-067,WH-01,0
KLT-011756,SUP-089,Carrier,0
KLT-011757,SUP-075,WH-02,0
KLT-011758,SUP-165,Carrier,0
KLT-011759,SUP-175,Supplier,0
KLT-011760,SUP-030,WH-01,0
KLT-011761,SUP-048,WH-02,0
KLT-011762,SUP-041,WH-01,0
KLT-011763,SUP-084,Carrier,0
KLT-011764,SUP-185,WH-02,0
KLT-011765,SUP-189,WH-01,0
KLT-011766,SUP-038,Carrier,0
KLT-011767,SUP-193,WH-01,0
KLT-011768,SUP-162,WH-02,0
KLT-011769,SUP-195,WH-02,0
KLT-011770,SUP-180,WH-02,0
KLT-011771,SUP-196,Supplier,0
KLT-011772,SUP-015,Carrier,0
KLT-011773,SUP-037,WH-01,0
KLT-011774,SUP-066,WH-01,0
KLT-011775,SUP-065,WH-01,0
KLT-011776,SUP-142,Supplier,0
KLT-011777,SUP-016,Carrier,0
KLT-011778,SUP-009,Carrier,0
KLT-011779,SUP-132,WH-01,0
KLT-011780,SUP-023,Supplier,0
KLT-011781,SUP-095,Supplier,0
KLT-011782,SUP-070,WH-02,0
KLT-011783,SUP-106,Supplier,0
KLT-011784,SUP-076,WH-01,0
KLT-011785,SUP-033,Supplier,0
KLT-011786,SUP-064,WH-02,0
KLT-011787,SUP-141,Carrier,0
KLT-011788,SUP-081,WH-02,0
KLT-011789,SUP-069,WH-01,0
KLT-011790,SUP-080,WH-02,0
KLT-011791,SUP-069,Supplier,0
KLT-011792,SUP-015,Carrier,0
KLT-011793,SUP-159,WH-01,0
KLT-011794,SUP-088,WH-02,0
KLT-011795,SUP-046,WH-02,0
KLT-011796,SUP-009,Supplier,0
KLT-011797,SUP-171,WH-01,0
KLT-011798,SUP-169,WH-01,0
KLT-011799,SUP-145,WH-02,0
KLT-011800,SUP-173,Supplier,0
KLT-011801,SUP-185,Carrier,0
KLT-011802,SUP-158,Supplier,0
KLT-011803,SUP-011,WH-01,0
KLT-011804,SUP-083,Carrier,0
KLT-011805,SUP-009,Carrier,0
KLT-011806,SUP-139,Supplier,0
KLT-011807,SUP-164,Supplier,0
KLT-011808,SUP-159,WH-02,0
KLT-011809,SUP-101,Supplier,0
KLT-011810,SUP-111,WH-01,0
KLT-011811,SUP-153,Supplier,0
KLT-011812,SUP-061,WH-02,0
KLT-011813,SUP-066,WH-01,0
KLT-011814,SUP-111,WH-01,0
KLT-011815,SUP-038,Carrier,0
KLT-011816,SUP-130,WH-02,0
KLT-011817,SUP-118,Carrier,0
KLT-011818,SUP-130,Supplier,0
KLT-011819,SUP-144,Supplier,0
KLT-011820,SUP-043,WH-02,0
KLT-011821,SUP-188,Carrier,0
KLT-011822,SUP-161,WH-02,0
KLT-011823,SUP-100,Carrier,0
KLT-011824,SUP-114,WH-01,0
KLT-011825,SUP-094,WH-01,0
KLT-011826,SUP-064,Supplier,0
KLT-011827,SUP-061,WH-02,0
KLT-011828,SUP-044,WH-01,0
KLT-011829,SUP-003,Carrier,0
KLT-011830,SUP-132,Carrier,0
KLT-011831,SUP-118,Carrier,0
KLT-011832,SUP-123,WH-01,0
KLT-011833,SUP-099,WH-01,0
KLT-011834,SUP-152,Supplier,0
KLT-011835,SUP-159,Carrier,0
KLT-011836,SUP-177,WH-01,0
KLT-011837,SUP-176,WH-01,0
KLT-011838,SUP-069,Supplier,0
KLT-011839,SUP-065,Carrier,0
KLT-011840,SUP-151,Carrier,0
KLT-011841,SUP-182,Carrier,0
KLT-011842,SUP-169,Supplier,0
KLT-011843,SUP-142,WH-01,0
KLT-011844,SUP-042,WH-01,0
KLT-011845,SUP-107,Carrier,0
KLT-011846,SUP-006,WH-02,0
KLT-011847,SUP-031,WH-01,0
KLT-011848,SUP-022,WH-02,0
KLT-011849,SUP-157,WH-01,0
KLT-011850,SUP-023,Supplier,0
KLT-011851,SUP-012,Carrier,0
KLT-011852,SUP-114,Supplier,0
KLT-011853,SUP-055,Supplier,0
KLT-011854,SUP-154,Carrier,0
KLT-011855,SUP-100,WH-02,0
KLT-011856,SUP-007,Carrier,0
KLT-011857,SUP-071,Supplier,0
KLT-011858,SUP-045,WH-01,0
KLT-011859,SUP-082,Carrier,0
KLT-011860,SUP-185,WH-01,0
KLT-011861,SUP-060,Supplier,0
KLT-011862,SUP-117,Supplier,0
KLT-011863,SUP-015,WH-02,0
KLT-011864,SUP-124,Supplier,0
KLT-011865,SUP-020,Carrier,0
KLT-011866,SUP-078,Carrier,0
KLT-011867,SUP-069,Supplier,0
KLT-011868,SUP-190,WH-02,0
KLT-011869,SUP-101,WH-01,0
KLT-011870,SUP-154,Carrier,0
KLT-011871,SUP-128,Carrier,0
KLT-011872,SUP-148,Supplier,0
KLT-011873,SUP-127,WH-01,0
KLT-011874,SUP-091,WH-02,0
KLT-011875,SUP-042,WH-02,0
KLT-011876,SUP-014,WH-02,0
KLT-011877,SUP-010,Carrier,0
KLT-011878,SUP-162,Supplier,0
KLT-011879,SUP-069,Carrier,0
KLT-011880,SUP-153,WH-02,0
KLT-011881,SUP-071,Carrier,0
KLT-011882,SUP-014,WH-02,0
KLT-011883,SUP-114,Carrier,0
KLT-011884,SUP-183,Supplier,0
KLT-011885,SUP-167,Carrier,0
KLT-011886,SUP-136,WH-01,0
KLT-011887,SUP-157,Carrier,0
KLT-011888,SUP-147,WH-01,0
KLT-011889,SUP-100,WH-02,0
KLT-011890,SUP-155,WH-01,0
KLT-011891,SUP-059,Supplier,0
KLT-011892,SUP-021,Carrier,0
KLT-011893,SUP-149,WH-01,0
KLT-011894,SUP-003,WH-02,0
KLT-011895,SUP-145,WH-01,0
KLT-011896,SUP-119,Carrier,0
KLT-011897,SUP-065,Carrier,0
KLT-011898,SUP-005,WH-01,0
KLT-011899,SUP-142,WH-01,0
KLT-011900,SUP-044,WH-01,0
KLT-011901,SUP-127,WH-01,0
KLT-011902,SUP-098,Carrier,0
KLT-011903,SUP-193,Supplier,0
KLT-011904,SUP-040,WH-02,0
KLT-011905,SUP-156,Carrier,0
KLT-011906,SUP-135,WH-01,0
KLT-011907,SUP-066,Carrier,0
KLT-011908,SUP-191,WH-02,0
KLT-011909,SUP-106,Carrier,0
KLT-011910,SUP-035,WH-02,0
KLT-011911,SUP-154,Carrier,0
KLT-011912,SUP-061,Supplier,0
KLT-011913,SUP-056,Supplier,0
KLT-011914,SUP-153,Supplier,0
KLT-011915,SUP-158,WH-02,0
KLT-011916,SUP-047,Carrier,0
KLT-011917,SUP-044,WH-01,0
KLT-011918,SUP-090,WH-02,0
KLT-011919,SUP-180,WH-01,0
KLT-011920,SUP-178,WH-02,0
KLT-011921,SUP-172,Carrier,0
KLT-011922,SUP-168,Carrier,0
KLT-011923,SUP-084,Supplier,0
KLT-011924,SUP-117,WH-02,0
KLT-011925,SUP-053,WH-02,0
KLT-011926,SUP-071,WH-01,0
KLT-011927,SUP-103,WH-02,0
KLT-011928,SUP-130,Supplier,0
KLT-011929,SUP-106,WH-01,0
KLT-011930,SUP-110,WH-01,0
KLT-011931,SUP-001,WH-01,0
KLT-011932,SUP-063,Carrier,0
KLT-011933,SUP-169,WH-02,0
KLT-011934,SUP-119,WH-01,0
KLT-011935,SUP-041,Supplier,0
KLT-011936,SUP-020,Carrier,0
KLT-011937,SUP-144,WH-02,0
KLT-011938,SUP-006,Carrier,0
KLT-011939,SUP-034,WH-01,0
KLT-011940,SUP-079,WH-02,0
KLT-011941,SUP-107,Supplier,0
KLT-011942,SUP-010,Supplier,0
KLT-011943,SUP-080,Supplier,0
KLT-011944,SUP-168,WH-02,0
KLT-011945,SUP-063,Supplier,0
KLT-011946,SUP-133,Carrier,0
KLT-011947,SUP-046,Carrier,0
KLT-011948,SUP-018,WH-01,0
KLT-011949,SUP-024,WH-01,0
KLT-011950,SUP-070,Supplier,0
KLT-011951,SUP-085,Supplier,0
KLT-011952,SUP-088,WH-01,0
KLT-011953,SUP-096,Carrier,0
KLT-011954,SUP-171,Carrier,0
KLT-011955,SUP-198,WH-02,0
KLT-011956,SUP-034,WH-02,0
KLT-011957,SUP-056,WH-01,0
KLT-011958,SUP-051,Supplier,0
KLT-011959,SUP-140,WH-02,0
KLT-011960,SUP-077,Carrier,0
KLT-011961,SUP-101,Carrier,0
KLT-011962,SUP-026,Carrier,0
KLT-011963,SUP-188,WH-01,0
KLT-011964,SUP-047,WH-02,0
KLT-011965,SUP-020,Carrier,0
KLT-011966,SUP-154,WH-01,0
KLT-011967,SUP-055,Supplier,0
KLT-011968,SUP-013,Carrier,0
KLT-011969,SUP-122,Carrier,0
KLT-011970,SUP-059,Carrier,0
KLT-011971,SUP-004,Carrier,0
KLT-011972,SUP-023,WH-01,0
KLT-011973,SUP-133,Supplier,0
KLT-011974,SUP-169,Supplier,0
KLT-011975,SUP-048,WH-02,0
KLT-011976,SUP-160,WH-01,0
KLT-011977,SUP-012,WH-02,0
KLT-011978,SUP-121,WH-02,0
KLT-011979,SUP-020,WH-02,0
KLT-011980,SUP-129,WH-01,0
KLT-011981,SUP-158,Carrier,0
KLT-011982,SUP-120,WH-02,0
KLT-011983,SUP-072,WH-02,0
KLT-011984,SUP-187,WH-01,0
KLT-011985,SUP-081,Supplier,0
KLT-011986,SUP-168,WH-01,0
KLT-011987,SUP-130,Supplier,0
KLT-011988,SUP-119,WH-01,0
KLT-011989,SUP-080,Supplier,0
KLT-011990,SUP-088,Supplier,0
KLT-011991,SUP-013,Supplier,0
KLT-011992,SUP-186,Supplier,0
KLT-011993,SUP-184,Supplier,0
KLT-011994,SUP-102,WH-02,0
KLT-011995,SUP-067,Supplier,0
KLT-011996,SUP-147,WH-01,0
KLT-011997,SUP-032,WH-02,0
KLT-011998,SUP-172,Carrier,0
KLT-011999,SUP-168,WH-01,0
KLT-012000,SUP-187,Carrier,0
KLT-012001,SUP-157,Supplier,0
KLT-012002,SUP-060,Carrier,0
KLT-012003,SUP-180,Supplier,0
KLT-012004,SUP-052,Carrier,0
KLT-012005,SUP-100,Carrier,0
KLT-012006,SUP-054,Supplier,0
KLT-012007,SUP-016,Supplier,0
KLT-012008,SUP-107,Carrier,0
KLT-012009,SUP-040,Supplier,0
KLT-012010,SUP-045,WH-02,0
KLT-012011,SUP-184,Carrier,0
KLT-012012,SUP-161,WH-02,0
KLT-012013,SUP-015,Carrier,0
KLT-012014,SUP-107,Carrier,0
KLT-012015,SUP-020,Carrier,0
KLT-012016,SUP-132,WH-02,0
KLT-012017,SUP-181,Supplier,0
KLT-012018,SUP-021,Carrier,0
KLT-012019,SUP-164,Supplier,0
KLT-012020,SUP-042,WH-02,0
KLT-012021,SUP-033,WH-01,0
KLT-012022,SUP-024,WH-02,0
KLT-012023,SUP-077,Supplier,0
KLT-012024,SUP-064,Carrier,0
KLT-012025,SUP-038,WH-01,0
KLT-012026,SUP-192,WH-01,0
KLT-012027,SUP-116,WH-02,0
KLT-012028,SUP-021,Supplier,0
KLT-012029,SUP-179,WH-01,0
KLT-012030,SUP-115,WH-02,0
KLT-012031,SUP-052,Carrier,0
KLT-012032,SUP-198,WH-02,0
KLT-012033,SUP-179,Carrier,0
KLT-012034,SUP-033,Carrier,0
KLT-012035,SUP-071,Supplier,0
KLT-012036,SUP-171,WH-02,0
KLT-012037,SUP-160,Carrier,0
KLT-012038,SUP-058,Carrier,0
KLT-012039,SUP-027,Supplier,0
KLT-012040,SUP-142,WH-02,0
KLT-012041,SUP-094,WH-02,0
KLT-012042,SUP-098,Supplier,0
KLT-012043,SUP-066,WH-01,0
KLT-012044,SUP-037,WH-01,0
KLT-012045,SUP-099,WH-01,0
KLT-012046,SUP-151,WH-01,0
KLT-012047,SUP-088,Supplier,0
KLT-012048,SUP-193,WH-01,0
KLT-012049,SUP-087,WH-02,0
KLT-012050,SUP-012,Supplier,0
KLT-012051,SUP-115,WH-02,0
KLT-012052,SUP-026,WH-02,0
KLT-012053,SUP-068,Supplier,0
KLT-012054,SUP-040,WH-02,0
KLT-012055,SUP-150,WH-01,0
KLT-012056,SUP-044,Carrier,0
KLT-012057,SUP-199,WH-01,0
KLT-012058,SUP-087,Supplier,0
KLT-012059,SUP-042,Supplier,0
KLT-012060,SUP-137,WH-02,0
KLT-012061,SUP-018,WH-02,0
KLT-012062,SUP-140,Supplier,0
KLT-012063,SUP-191,WH-01,0
KLT-012064,SUP-077,WH-02,0
KLT-012065,SUP-006,Carrier,0
KLT-012066,SUP-133,WH-01,0
KLT-012067,SUP-177,Supplier,0
KLT-012068,SUP-093,WH-02,0
KLT-012069,SUP-074,Supplier,0
KLT-012070,SUP-044,Supplier,0
KLT-012071,SUP-049,WH-02,0
KLT-012072,SUP-051,Carrier,0
KLT-012073,SUP-162,Supplier,0
KLT-012074,SUP-170,WH-01,0
KLT-012075,SUP-180,Supplier,0
KLT-012076,SUP-030,WH-01,0
KLT-012077,SUP-170,WH-02,0
KLT-012078,SUP-143,Carrier,0
KLT-012079,SUP-037,WH-01,0
KLT-012080,SUP-106,WH-01,0
KLT-012081,SUP-066,Carrier,0
KLT-012082,SUP-048,Supplier,0
KLT-012083,SUP-103,Carrier,0
KLT-012084,SUP-144,Supplier,0
KLT-012085,SUP-192,WH-01,0
KLT-012086,SUP-062,Carrier,0
KLT-012087,SUP-119,WH-01,0
KLT-012088,SUP-112,Supplier,0
KLT-012089,SUP-132,WH-02,0
KLT-012090,SUP-109,Supplier,0
KLT-012091,SUP-166,Supplier,0
KLT-012092,SUP-090,Supplier,0
KLT-012093,SUP-059,WH-01,0
KLT-012094,SUP-043,Supplier,0
KLT-012095,SUP-035,Carrier,0
KLT-012096,SUP-085,Carrier,0
KLT-012097,SUP-116,WH-01,0
KLT-012098,SUP-033,Supplier,0
KLT-012099,SUP-060,Carrier,0
KLT-012100,SUP-056,WH-01,0
KLT-012101,SUP-096,WH-01,0
KLT-012102,SUP-153,Supplier,0
KLT-012103,SUP-132,Carrier,0
KLT-012104,SUP-017,Carrier,0
KLT-012105,SUP-055,Supplier,0
KLT-012106,SUP-059,Supplier,0
KLT-012107,SUP-177,WH-02,0
KLT-012108,SUP-100,Supplier,0
KLT-012109,SUP-004,Carrier,0
KLT-012110,SUP-083,WH-01,0
KLT-012111,SUP-085,WH-02,0
KLT-012112,SUP-120,Supplier,0
KLT-012113,SUP-096,Carrier,0
KLT-012114,SUP-101,WH-02,0
KLT-012115,SUP-097,WH-02,0
KLT-012116,SUP-162,WH-02,0
KLT-012117,SUP-080,WH-01,0
KLT-012118,SUP-195,WH-02,0
KLT-012119,SUP-022,Carrier,0
KLT-012120,SUP-130,Carrier,0
KLT-012121,SUP-183,Supplier,0
KLT-012122,SUP-185,Carrier,0
KLT-012123,SUP-188,WH-02,0
KLT-012124,SUP-086,WH-02,0
KLT-012125,SUP-162,WH-01,0
KLT-012126,SUP-097,Carrier,0
KLT-012127,SUP-056,WH-01,0
KLT-012128,SUP-047,WH-02,0
KLT-012129,SUP-038,Carrier,0
KLT-012130,SUP-172,WH-02,0
KLT-012131,SUP-087,Supplier,0
KLT-012132,SUP-091,WH-01,0
KLT-012133,SUP-198,WH-02,0
KLT-012134,SUP-069,Supplier,0
KLT-012135,SUP-040,WH-02,0
KLT-012136,SUP-147,WH-02,0
KLT-012137,SUP-065,WH-01,0
KLT-012138,SUP-200,Supplier,0
KLT-012139,SUP-028,WH-02,0
KLT-012140,SUP-057,WH-01,0
KLT-012141,SUP-104,WH-02,0
KLT-012142,SUP-165,Supplier,0
KLT-012143,SUP-045,WH-02,0
KLT-012144,SUP-037,Supplier,0
KLT-012145,SUP-177,WH-01,0
KLT-012146,SUP-051,WH-02,0
KLT-012147,SUP-029,WH-01,0
KLT-012148,SUP-136,WH-02,0
KLT-012149,SUP-064,WH-02,0
KLT-012150,SUP-200,Carrier,0
KLT-012151,SUP-018,WH-02,0
KLT-012152,SUP-060,Carrier,0
KLT-012153,SUP-113,Carrier,0
KLT-012154,SUP-054,WH-02,0
KLT-012155,SUP-118,Carrier,0
KLT-012156,SUP-105,Carrier,0
KLT-012157,SUP-100,WH-01,0
KLT-012158,SUP-128,Carrier,0
KLT-012159,SUP-090,Carrier,0
KLT-012160,SUP-095,WH-01,0
KLT-012161,SUP-080,WH-01,0
KLT-012162,SUP-009,Supplier,0
KLT-012163,SUP-174,WH-02,0
KLT-012164,SUP-078,Supplier,0
KLT-012165,SUP-151,WH-01,0
KLT-012166,SUP-145,WH-01,0
KLT-012167,SUP-197,Carrier,0
KLT-012168,SUP-144,WH-01,0
KLT-012169,SUP-111,Carrier,0
KLT-012170,SUP-153,WH-01,0
KLT-012171,SUP-068,WH-02,0
KLT-012172,SUP-155,Carrier,0
KLT-012173,SUP-034,Carrier,0
KLT-012174,SUP-038,WH-01,0
KLT-012175,SUP-121,WH-01,0
KLT-012176,SUP-163,WH-01,0
KLT-012177,SUP-124,WH-02,0
KLT-012178,SUP-057,Supplier,0
KLT-012179,SUP-039,WH-01,0
KLT-012180,SUP-096,Carrier,0
KLT-012181,SUP-014,Carrier,0
KLT-012182,SUP-029,Carrier,0
KLT-012183,SUP-085,WH-01,0
KLT-012184,SUP-190,Supplier,0
KLT-012185,SUP-200,WH-01,0
KLT-012186,SUP-021,WH-01,0
KLT-012187,SUP-067,Carrier,0
KLT-012188,SUP-145,Supplier,0
KLT-012189,SUP-072,WH-01,0
KLT-012190,SUP-139,WH-01,0
KLT-012191,SUP-068,Carrier,0
KLT-012192,SUP-022,WH-01,0
KLT-012193,SUP-193,WH-02,0
KLT-012194,SUP-090,WH-01,0
KLT-012195,SUP-063,Supplier,0
KLT-012196,SUP-053,Carrier,0
KLT-012197,SUP-050,WH-01,0
KLT-012198,SUP-097,WH-01,0
KLT-012199,SUP-118,Carrier,0
KLT-012200,SUP-058,WH-02,0
KLT-012201,SUP-169,Carrier,0
KLT-012202,SUP-065,Carrier,0
KLT-012203,SUP-184,WH-01,0
KLT-012204,SUP-162,WH-01,0
KLT-012205,SUP-088,WH-01,0
KLT-012206,SUP-108,WH-01,0
KLT-012207,SUP-080,WH-02,0
KLT-012208,SUP-161,WH-02,0
KLT-012209,SUP-099,WH-02,0
KLT-012210,SUP-077,WH-01,0
KLT-012211,SUP-030,Carrier,0
KLT-012212,SUP-020,Carrier,0
KLT-012213,SUP-106,Carrier,0
KLT-012214,SUP-177,Supplier,0
KLT-012215,SUP-089,Supplier,0
KLT-012216,SUP-085,WH-01,0
KLT-012217,SUP-015,Supplier,0
KLT-012218,SUP-067,Supplier,0
KLT-012219,SUP-194,WH-01,0
KLT-012220,SUP-047,WH-01,0
KLT-012221,SUP-176,WH-02,0
KLT-012222,SUP-111,Supplier,0
KLT-012223,SUP-007,WH-01,0
KLT-012224,SUP-071,Supplier,0
KLT-012225,SUP-050,Carrier,0
KLT-012226,SUP-166,WH-01,0
KLT-012227,SUP-066,Carrier,0
KLT-012228,SUP-051,Carrier,0
KLT-012229,SUP-144,Supplier,0
KLT-012230,SUP-036,WH-01,0
KLT-012231,SUP-165,Carrier,0
KLT-012232,SUP-113,WH-01,0
KLT-012233,SUP-192,Carrier,0
KLT-012234,SUP-155,Supplier,0
KLT-012235,SUP-115,Supplier,0
KLT-012236,SUP-048,Carrier,0
KLT-012237,SUP-070,WH-01,0
KLT-012238,SUP-188,Carrier,0
KLT-012239,SUP-197,Carrier,0
KLT-012240,SUP-166,Supplier,0
KLT-012241,SUP-186,WH-01,0
KLT-012242,SUP-123,WH-01,0
KLT-012243,SUP-165,Carrier,0
KLT-012244,SUP-192,Supplier,0
KLT-012245,SUP-050,Carrier,0
KLT-012246,SUP-194,WH-01,0
KLT-012247,SUP-121,Carrier,0
KLT-012248,SUP-176,Carrier,0
KLT-012249,SUP-026,WH-01,0
KLT-012250,SUP-088,Carrier,0
KLT-012251,SUP-054,WH-01,0
KLT-012252,SUP-073,Supplier,0
KLT-012253,SUP-178,WH-02,0
KLT-012254,SUP-191,WH-02,0
KLT-012255,SUP-130,WH-02,0
KLT-012256,SUP-070,Supplier,0
KLT-012257,SUP-082,WH-02,0
KLT-012258,SUP-132,Carrier,0
KLT-012259,SUP-035,WH-01,0
KLT-012260,SUP-081,WH-01,0
KLT-012261,SUP-118,WH-02,0
KLT-012262,SUP-095,Carrier,0
KLT-012263,SUP-077,Supplier,0
KLT-012264,SUP-143,WH-01,0
KLT-012265,SUP-023,WH-01,0
KLT-012266,SUP-118,Supplier,0
KLT-012267,SUP-079,WH-01,0
KLT-012268,SUP-192,Carrier,0
KLT-012269,SUP-148,Carrier,0
KLT-012270,SUP-109,Supplier,0
KLT-012271,SUP-103,WH-02,0
KLT-012272,SUP-168,WH-02,0
KLT-012273,SUP-166,Carrier,0
KLT-012274,SUP-112,Carrier,0
KLT-012275,SUP-052,Carrier,0
KLT-012276,SUP-193,WH-01,0
KLT-012277,SUP-073,Carrier,0
KLT-012278,SUP-093,WH-01,0
KLT-012279,SUP-099,Supplier,0
KLT-012280,SUP-095,WH-02,0
KLT-012281,SUP-178,WH-02,0
KLT-012282,SUP-106,Carrier,0
KLT-012283,SUP-185,Supplier,0
KLT-012284,SUP-041,Supplier,0
KLT-012285,SUP-199,WH-02,0
KLT-012286,SUP-073,WH-01,0
KLT-012287,SUP-010,Supplier,0
KLT-012288,SUP-099,WH-02,0
KLT-012289,SUP-159,WH-02,0
KLT-012290,SUP-043,Carrier,0
KLT-012291,SUP-147,Carrier,0
KLT-012292,SUP-069,Carrier,0
KLT-012293,SUP-144,WH-02,0
KLT-012294,SUP-026,Carrier,0
KLT-012295,SUP-001,Carrier,0
KLT-012296,SUP-084,Carrier,0
KLT-012297,SUP-134,WH-01,0
KLT-012298,SUP-097,Supplier,0
KLT-012299,SUP-178,Supplier,0
KLT-012300,SUP-038,WH-02,0
KLT-012301,SUP-137,WH-02,0
KLT-012302,SUP-178,Carrier,0
KLT-012303,SUP-166,WH-01,0
KLT-012304,SUP-009,Carrier,0
KLT-012305,SUP-116,Supplier,0
KLT-012306,SUP-035,WH-01,0
KLT-012307,SUP-070,WH-02,0
KLT-012308,SUP-063,WH-01,0
KLT-012309,SUP-186,Carrier,0
KLT-012310,SUP-095,Carrier,0
KLT-012311,SUP-176,WH-01,0
KLT-012312,SUP-072,Carrier,0
KLT-012313,SUP-103,WH-02,0
KLT-012314,SUP-026,WH-02,0
KLT-012315,SUP-155,WH-02,0
KLT-012316,SUP-161,WH-01,0
KLT-012317,SUP-147,WH-02,0
KLT-012318,SUP-186,Supplier,0
KLT-012319,SUP-145,WH-01,0
KLT-012320,SUP-061,WH-01,0
KLT-012321,SUP-061,Supplier,0
KLT-012322,SUP-159,WH-02,0
KLT-012323,SUP-011,WH-02,0
KLT-012324,SUP-078,WH-01,0
KLT-012325,SUP-123,WH-02,0
KLT-012326,SUP-038,Supplier,0
KLT-012327,SUP-029,WH-02,0
KLT-012328,SUP-146,Supplier,0
KLT-012329,SUP-135,WH-02,0
KLT-012330,SUP-193,Supplier,0
KLT-012331,SUP-158,WH-01,0
KLT-012332,SUP-001,WH-01,0
KLT-012333,SUP-086,Supplier,0
KLT-012334,SUP-124,Carrier,0
KLT-012335,SUP-105,WH-02,0
KLT-012336,SUP-149,WH-02,0
KLT-012337,SUP-007,WH-01,0
KLT-012338,SUP-084,WH-02,0
KLT-012339,SUP-123,WH-02,0
KLT-012340,SUP-141,WH-02,0
KLT-012341,SUP-079,Supplier,0
KLT-012342,SUP-181,Carrier,0
KLT-012343,SUP-140,WH-02,0
KLT-012344,SUP-115,WH-01,0
KLT-012345,SUP-022,Supplier,0
KLT-012346,SUP-070,WH-02,0
KLT-012347,SUP-120,WH-02,0
KLT-012348,SUP-079,Supplier,0
KLT-012349,SUP-106,Carrier,0
KLT-012350,SUP-144,WH-02,0
KLT-012351,SUP-025,WH-02,0
KLT-012352,SUP-072,Carrier,0
KLT-012353,SUP-189,Carrier,0
KLT-012354,SUP-079,Supplier,0
KLT-012355,SUP-022,WH-01,0
KLT-012356,SUP-062,Carrier,0
KLT-012357,SUP-027,WH-02,0
KLT-012358,SUP-018,Carrier,0
KLT-012359,SUP-064,WH-02,0
KLT-012360,SUP-071,WH-02,0
KLT-012361,SUP-143,Supplier,0
KLT-012362,SUP-026,Supplier,0
KLT-012363,SUP-084,Supplier,0
KLT-012364,SUP-185,WH-01,0
KLT-012365,SUP-186,Supplier,0
KLT-012366,SUP-088,Supplier,0
KLT-012367,SUP-140,WH-02,0
KLT-012368,SUP-183,Carrier,0
KLT-012369,SUP-055,Carrier,0
KLT-012370,SUP-024,WH-01,0
KLT-012371,SUP-093,Supplier,0
KLT-012372,SUP-117,WH-01,0
KLT-012373,SUP-017,WH-02,0
KLT-012374,SUP-125,WH-01,0
KLT-012375,SUP-156,WH-02,0
KLT-012376,SUP-054,Carrier,0
KLT-012377,SUP-142,Supplier,0
KLT-012378,SUP-031,Supplier,0
KLT-012379,SUP-009,Supplier,0
KLT-012380,SUP-143,WH-01,0
KLT-012381,SUP-149,Carrier,0
KLT-012382,SUP-061,WH-01,0
KLT-012383,SUP-115,Carrier,0
KLT-012384,SUP-127,Carrier,0
KLT-012385,SUP-174,Supplier,0
KLT-012386,SUP-185,WH-01,0
KLT-012387,SUP-001,Carrier,0
KLT-012388,SUP-024,Carrier,0
KLT-012389,SUP-047,WH-02,0
KLT-012390,SUP-141,WH-01,0
KLT-012391,SUP-107,Carrier,0
KLT-012392,SUP-107,Carrier,0
KLT-012393,SUP-067,Carrier,0
KLT-012394,SUP-106,Carrier,0
KLT-012395,SUP-105,Supplier,0
KLT-012396,SUP-122,Carrier,0
KLT-012397,SUP-007,Supplier,0
KLT-012398,SUP-023,Carrier,0
KLT-012399,SUP-179,Supplier,0
KLT-012400,SUP-046,WH-01,0
KLT-012401,SUP-110,Carrier,0
KLT-012402,SUP-068,Supplier,0
KLT-012403,SUP-092,Carrier,0
KLT-012404,SUP-054,Supplier,0
KLT-012405,SUP-022,Carrier,0
KLT-012406,SUP-156,Carrier,0
KLT-012407,SUP-116,Supplier,0
KLT-012408,SUP-155,Supplier,0
KLT-012409,SUP-065,Carrier,0
KLT-012410,SUP-127,Supplier,0
KLT-012411,SUP-042,Carrier,0
KLT-012412,SUP-109,Carrier,0
KLT-012413,SUP-027,Carrier,0
KLT-012414,SUP-097,Supplier,0
KLT-012415,SUP-079,Supplier,0
KLT-012416,SUP-149,Carrier,0
KLT-012417,SUP-173,Supplier,0
KLT-012418,SUP-060,WH-02,0
KLT-012419,SUP-138,WH-02,0
KLT-012420,SUP-057,WH-02,0
KLT-012421,SUP-095,WH-01,0
KLT-012422,SUP-110,Supplier,0
KLT-012423,SUP-139,Supplier,0
KLT-012424,SUP-114,Carrier,0
KLT-012425,SUP-103,WH-02,0
KLT-012426,SUP-120,Supplier,0
KLT-012427,SUP-162,Supplier,0
KLT-012428,SUP-125,Supplier,0
KLT-012429,SUP-041,WH-02,0
KLT-012430,SUP-037,WH-01,0
KLT-012431,SUP-003,Carrier,0
KLT-012432,SUP-137,WH-01,0
KLT-012433,SUP-107,WH-02,0
KLT-012434,SUP-013,Carrier,0
KLT-012435,SUP-161,Carrier,0
KLT-012436,SUP-178,Supplier,0
KLT-012437,SUP-139,Carrier,0
KLT-012438,SUP-145,WH-01,0
KLT-012439,SUP-039,Supplier,0
KLT-012440,SUP-136,WH-01,0
KLT-012441,SUP-100,WH-01,0
KLT-012442,SUP-017,Carrier,0
KLT-012443,SUP-175,WH-01,0
KLT-012444,SUP-094,WH-01,0
KLT-012445,SUP-026,WH-01,0
KLT-012446,SUP-149,WH-01,0
KLT-012447,SUP-003,Carrier,0
KLT-012448,SUP-196,WH-02,0
KLT-012449,SUP-158,WH-02,0
KLT-012450,SUP-193,Carrier,0
KLT-012451,SUP-161,WH-01,0
KLT-012452,SUP-040,WH-01,0
KLT-012453,SUP-038,WH-01,0
KLT-012454,SUP-126,WH-02,0
KLT-012455,SUP-067,WH-02,0
KLT-012456,SUP-181,Carrier,0
KLT-012457,SUP-096,Carrier,0
KLT-012458,SUP-171,Supplier,0
KLT-012459,SUP-105,Carrier,0
KLT-012460,SUP-146,WH-02,0
KLT-012461,SUP-009,WH-02,0
KLT-012462,SUP-045,Carrier,0
KLT-012463,SUP-147,Carrier,0
KLT-012464,SUP-095,WH-02,0
KLT-012465,SUP-152,WH-02,0
KLT-012466,SUP-090,WH-01,0
KLT-012467,SUP-064,WH-02,0
KLT-012468,SUP-174,WH-01,0
KLT-012469,SUP-171,WH-02,0
KLT-012470,SUP-180,WH-02,0
KLT-012471,SUP-196,WH-01,0
KLT-012472,SUP-068,Carrier,0
KLT-012473,SUP-131,WH-02,0
KLT-012474,SUP-139,WH-01,0
KLT-012475,SUP-100,WH-02,0
KLT-012476,SUP-164,Carrier,0
KLT-012477,SUP-119,Carrier,0
KLT-012478,SUP-197,WH-01,0
KLT-012479,SUP-186,WH-02,0
KLT-012480,SUP-126,Supplier,0
KLT-012481,SUP-048,Carrier,0
KLT-012482,SUP-118,Carrier,0
KLT-012483,SUP-003,WH-01,0
KLT-012484,SUP-110,WH-02,0
KLT-012485,SUP-003,WH-01,0
KLT-012486,SUP-174,Carrier,0
KLT-012487,SUP-151,Carrier,0
KLT-012488,SUP-195,Supplier,0
KLT-012489,SUP-119,Supplier,0
KLT-012490,SUP-182,WH-01,0
KLT-012491,SUP-050,WH-01,0
KLT-012492,SUP-130,Carrier,0
KLT-012493,SUP-053,WH-02,0
KLT-012494,SUP-142,WH-01,0
KLT-012495,SUP-013,WH-01,0
KLT-012496,SUP-118,WH-01,0
KLT-012497,SUP-027,WH-02,0
KLT-012498,SUP-194,WH-02,0
KLT-012499,SUP-030,Supplier,0
KLT-012500,SUP-045,Supplier,0
KLT-012501,SUP-155,WH-02,0
KLT-012502,SUP-032,Carrier,0
KLT-012503,SUP-083,WH-01,0
KLT-012504,SUP-025,WH-02,0
KLT-012505,SUP-143,WH-02,0
KLT-012506,SUP-020,Carrier,0
KLT-012507,SUP-048,WH-02,0
KLT-012508,SUP-200,WH-01,0
KLT-012509,SUP-114,Supplier,0
KLT-012510,SUP-144,Supplier,0
KLT-012511,SUP-016,WH-02,0
KLT-012512,SUP-173,Carrier,0
KLT-012513,SUP-128,Supplier,0
KLT-012514,SUP-176,WH-02,0
KLT-012515,SUP-055,WH-02,0
KLT-012516,SUP-026,WH-01,0
KLT-012517,SUP-125,Supplier,0
KLT-012518,SUP-168,WH-02,0
KLT-012519,SUP-160,Supplier,0
KLT-012520,SUP-104,WH-01,0
KLT-012521,SUP-192,Carrier,0
KLT-012522,SUP-151,Carrier,0
KLT-012523,SUP-047,Carrier,0
KLT-012524,SUP-134,Carrier,0
KLT-012525,SUP-153,WH-01,0
KLT-012526,SUP-143,WH-02,0
KLT-012527,SUP-054,Supplier,0
KLT-012528,SUP-127,Carrier,0
KLT-012529,SUP-160,Supplier,0
KLT-012530,SUP-025,Carrier,0
KLT-012531,SUP-082,Supplier,0
KLT-012532,SUP-006,Supplier,0
KLT-012533,SUP-136,WH-01,0
KLT-012534,SUP-080,WH-02,0
KLT-012535,SUP-014,WH-01,0
KLT-012536,SUP-195,WH-02,0
KLT-012537,SUP-035,Carrier,0
KLT-012538,SUP-054,Supplier,0
KLT-012539,SUP-005,Supplier,0
KLT-012540,SUP-200,WH-02,0
KLT-012541,SUP-177,Supplier,0
KLT-012542,SUP-074,WH-01,0
KLT-012543,SUP-188,WH-02,0
KLT-012544,SUP-163,WH-02,0
KLT-012545,SUP-060,WH-02,0
KLT-012546,SUP-115,WH-01,0
KLT-012547,SUP-106,WH-02,0
KLT-012548,SUP-121,WH-02,0
KLT-012549,SUP-056,WH-01,0
KLT-012550,SUP-011,Supplier,0
KLT-012551,SUP-174,Supplier,0
KLT-012552,SUP-157,WH-01,0
KLT-012553,SUP-100,Supplier,0
KLT-012554,SUP-131,Carrier,0
KLT-012555,SUP-166,Carrier,0
KLT-012556,SUP-015,Supplier,0
KLT-012557,SUP-025,Supplier,0
KLT-012558,SUP-089,Supplier,0
KLT-012559,SUP-040,WH-02,0
KLT-012560,SUP-136,Supplier,0
KLT-012561,SUP-180,WH-01,0
KLT-012562,SUP-127,Carrier,0
KLT-012563,SUP-125,Carrier,0
KLT-012564,SUP-046,WH-01,0
KLT-012565,SUP-031,WH-02,0
KLT-012566,SUP-018,WH-02,0
KLT-012567,SUP-122,WH-01,0
KLT-012568,SUP-109,WH-02,0
KLT-012569,SUP-196,WH-01,0
KLT-012570,SUP-038,WH-02,0
KLT-012571,SUP-151,Carrier,0
KLT-012572,SUP-027,Supplier,0
KLT-012573,SUP-144,WH-02,0
KLT-012574,SUP-182,WH-01,0
KLT-012575,SUP-010,Carrier,0
KLT-012576,SUP-048,Carrier,0
KLT-012577,SUP-047,WH-01,0
KLT-012578,SUP-124,WH-01,0
KLT-012579,SUP-190,Carrier,0
KLT-012580,SUP-137,WH-01,0
KLT-012581,SUP-132,WH-01,0
KLT-012582,SUP-085,Supplier,0
KLT-012583,SUP-196,WH-02,0
KLT-012584,SUP-033,Supplier,0
KLT-012585,SUP-152,WH-01,0
KLT-012586,SUP-067,Carrier,0
KLT-012587,SUP-041,WH-02,0
KLT-012588,SUP-109,Supplier,0
KLT-012589,SUP-031,WH-01,0
KLT-012590,SUP-120,WH-01,52
KLT-012591,SUP-179,WH-02,0
KLT-012592,SUP-049,Carrier,0
KLT-012593,SUP-081,Carrier,0
KLT-012594,SUP-053,WH-01,0
KLT-012595,SUP-080,Carrier,0
KLT-012596,SUP-051,WH-01,0
KLT-012597,SUP-051,WH-02,0
KLT-012598,SUP-140,WH-02,0
KLT-012599,SUP-173,Carrier,0
KLT-012600,SUP-048,WH-01,0
KLT-012601,SUP-182,Supplier,0
KLT-012602,SUP-085,Supplier,0
KLT-012603,SUP-004,WH-01,0
KLT-012604,SUP-132,WH-02,0
KLT-012605,SUP-168,WH-01,0
KLT-012606,SUP-198,WH-01,0
KLT-012607,SUP-030,WH-01,0
KLT-012608,SUP-101,Supplier,0
KLT-012609,SUP-110,Carrier,0
KLT-012610,SUP-017,Supplier,0
KLT-012611,SUP-091,Supplier,0
KLT-012612,SUP-034,WH-02,0
KLT-012613,SUP-122,Supplier,0
KLT-012614,SUP-167,Supplier,0
KLT-012615,SUP-111,Supplier,0
KLT-012616,SUP-036,Supplier,0
KLT-012617,SUP-124,Carrier,0
KLT-012618,SUP-079,Carrier,0
KLT-012619,SUP-138,Supplier,0
KLT-012620,SUP-176,WH-01,0
KLT-012621,SUP-021,Supplier,0
KLT-012622,SUP-058,Supplier,0
KLT-012623,SUP-133,WH-02,0
KLT-012624,SUP-022,Carrier,0
KLT-012625,SUP-058,Carrier,0
KLT-012626,SUP-176,Carrier,0
KLT-012627,SUP-010,Carrier,0
KLT-012628,SUP-030,WH-02,0
KLT-012629,SUP-055,WH-01,0
KLT-012630,SUP-122,WH-02,0
KLT-012631,SUP-099,Supplier,0
KLT-012632,SUP-120,Supplier,0
KLT-012633,SUP-009,WH-02,0
KLT-012634,SUP-086,Carrier,0
KLT-012635,SUP-132,WH-02,0
KLT-012636,SUP-029,Carrier,0
KLT-012637,SUP-071,Carrier,0
KLT-012638,SUP-031,Carrier,0
KLT-012639,SUP-073,WH-02,0
KLT-012640,SUP-110,Carrier,0
KLT-012641,SUP-009,Carrier,0
KLT-012642,SUP-055,WH-02,0
KLT-012643,SUP-077,Carrier,0
KLT-012644,SUP-179,WH-02,0
KLT-012645,SUP-057,Supplier,0
KLT-012646,SUP-005,Supplier,0
KLT-012647,SUP-175,WH-02,0
KLT-012648,SUP-109,WH-01,0
KLT-012649,SUP-104,WH-02,0
KLT-012650,SUP-106,Carrier,0
KLT-012651,SUP-069,WH-02,0
KLT-012652,SUP-004,WH-01,0
KLT-012653,SUP-200,WH-02,0
KLT-012654,SUP-180,WH-01,0
KLT-012655,SUP-166,WH-02,0
KLT-012656,SUP-196,Supplier,0
KLT-012657,SUP-170,WH-01,0
KLT-012658,SUP-044,WH-01,0
KLT-012659,SUP-040,Carrier,0
KLT-012660,SUP-180,Supplier,0
KLT-012661,SUP-157,WH-01,0
KLT-012662,SUP-015,WH-01,0
KLT-012663,SUP-132,Carrier,0
KLT-012664,SUP-107,Supplier,0
KLT-012665,SUP-065,Supplier,0
KLT-012666,SUP-157,Carrier,0
KLT-012667,SUP-109,Supplier,0
KLT-012668,SUP-074,Supplier,0
KLT-012669,SUP-079,Carrier,0
KLT-012670,SUP-192,WH-02,0
KLT-012671,SUP-110,WH-01,0
KLT-012672,SUP-160,WH-01,0
KLT-012673,SUP-155,WH-02,0
KLT-012674,SUP-048,WH-02,0
KLT-012675,SUP-168,Carrier,0
KLT-012676,SUP-040,Supplier,0
KLT-012677,SUP-013,Carrier,0
KLT-012678,SUP-140,WH-01,0
KLT-012679,SUP-071,WH-02,0
KLT-012680,SUP-101,WH-01,0
KLT-012681,SUP-070,WH-02,0
KLT-012682,SUP-174,WH-02,0
KLT-012683,SUP-128,Supplier,0
KLT-012684,SUP-076,WH-01,0
KLT-012685,SUP-118,WH-02,0
KLT-012686,SUP-019,Carrier,0
KLT-012687,SUP-089,Carrier,0
KLT-012688,SUP-130,Carrier,0
KLT-012689,SUP-015,WH-02,0
KLT-012690,SUP-013,WH-01,0
KLT-012691,SUP-196,Carrier,0
KLT-012692,SUP-021,WH-02,0
KLT-012693,SUP-126,Supplier,0
KLT-012694,SUP-066,Supplier,0
KLT-012695,SUP-117,Carrier,0
KLT-012696,SUP-022,Supplier,0
KLT-012697,SUP-187,Carrier,0
KLT-012698,SUP-159,WH-02,0
KLT-012699,SUP-150,Supplier,0
KLT-012700,SUP-119,WH-02,0
KLT-012701,SUP-042,Carrier,0
KLT-012702,SUP-160,Supplier,0
KLT-012703,SUP-142,WH-01,0
KLT-012704,SUP-182,Carrier,0
KLT-012705,SUP-080,Carrier,0
KLT-012706,SUP-093,Carrier,0
KLT-012707,SUP-193,WH-01,0
KLT-012708,SUP-110,WH-02,0
KLT-012709,SUP-092,Supplier,0
KLT-012710,SUP-051,WH-01,0
KLT-012711,SUP-044,WH-02,0
KLT-012712,SUP-064,Carrier,0
KLT-012713,SUP-121,WH-01,0
KLT-012714,SUP-071,Supplier,0
KLT-012715,SUP-052,WH-02,0
KLT-012716,SUP-140,Supplier,0
KLT-012717,SUP-192,Supplier,0
KLT-012718,SUP-035,Supplier,0
KLT-012719,SUP-036,WH-02,0
KLT-012720,SUP-137,Supplier,0
KLT-012721,SUP-119,WH-01,0
KLT-012722,SUP-122,Supplier,0
KLT-012723,SUP-025,WH-02,0
KLT-012724,SUP-022,WH-01,0
KLT-012725,SUP-020,Carrier,0
KLT-012726,SUP-056,Carrier,0
KLT-012727,SUP-066,Supplier,0
KLT-012728,SUP-199,Supplier,0
KLT-012729,SUP-176,WH-01,0
KLT-012730,SUP-117,WH-01,0
KLT-012731,SUP-178,WH-01,0
KLT-012732,SUP-177,Carrier,0
KLT-012733,SUP-001,WH-02,0
KLT-012734,SUP-004,WH-01,0
KLT-012735,SUP-075,WH-02,0
KLT-012736,SUP-052,Carrier,0
KLT-012737,SUP-096,WH-02,0
KLT-012738,SUP-107,WH-01,0
KLT-012739,SUP-185,WH-01,0
KLT-012740,SUP-078,WH-02,0
KLT-012741,SUP-091,WH-02,0
KLT-012742,SUP-177,WH-01,0
KLT-012743,SUP-028,Supplier,0
KLT-012744,SUP-139,WH-02,0
KLT-012745,SUP-185,Carrier,0
KLT-012746,SUP-087,Supplier,0
KLT-012747,SUP-177,Carrier,0
KLT-012748,SUP-117,Carrier,0
KLT-012749,SUP-140,WH-01,0
KLT-012750,SUP-051,Supplier,0
KLT-012751,SUP-081,WH-01,0
KLT-012752,SUP-023,WH-01,0
KLT-012753,SUP-057,WH-02,0
KLT-012754,SUP-024,Supplier,0
KLT-012755,SUP-145,Supplier,0
KLT-012756,SUP-115,WH-01,0
KLT-012757,SUP-176,Supplier,0
KLT-012758,SUP-123,Carrier,0
KLT-012759,SUP-014,WH-02,0
KLT-012760,SUP-136,WH-02,0
KLT-012761,SUP-160,Supplier,0
KLT-012762,SUP-028,WH-02,0
KLT-012763,SUP-089,Carrier,0
KLT-012764,SUP-164,WH-02,0
KLT-012765,SUP-073,Carrier,0
KLT-012766,SUP-075,Carrier,0
KLT-012767,SUP-010,WH-01,0
KLT-012768,SUP-154,Carrier,0
KLT-012769,SUP-173,WH-01,0
KLT-012770,SUP-016,Supplier,0
KLT-012771,SUP-042,WH-01,0
KLT-012772,SUP-129,Carrier,0
KLT-012773,SUP-042,Supplier,0
KLT-012774,SUP-184,WH-02,0
KLT-012775,SUP-058,Supplier,0
KLT-012776,SUP-051,WH-02,0
KLT-012777,SUP-014,Supplier,0
KLT-012778,SUP-061,Carrier,0
KLT-012779,SUP-001,WH-02,0
KLT-012780,SUP-164,WH-02,0
KLT-012781,SUP-041,Supplier,0
KLT-012782,SUP-159,WH-02,0
KLT-012783,SUP-098,WH-02,0
KLT-012784,SUP-069,Supplier,0
KLT-012785,SUP-142,WH-02,0
KLT-012786,SUP-170,WH-02,0
KLT-012787,SUP-141,Supplier,0
KLT-012788,SUP-158,Carrier,0
KLT-012789,SUP-153,WH-02,0
KLT-012790,SUP-017,Supplier,0
KLT-012791,SUP-111,Carrier,0
KLT-012792,SUP-152,WH-01,0
KLT-012793,SUP-038,Supplier,0
KLT-012794,SUP-129,WH-01,0
KLT-012795,SUP-198,WH-01,0
KLT-012796,SUP-185,WH-02,0
KLT-012797,SUP-101,Carrier,0
KLT-012798,SUP-097,WH-02,0
KLT-012799,SUP-090,Carrier,0
KLT-012800,SUP-152,Supplier,0
KLT-012801,SUP-053,WH-01,0
KLT-012802,SUP-018,WH-02,0
KLT-012803,SUP-043,Supplier,0
KLT-012804,SUP-158,WH-01,0
KLT-012805,SUP-177,Carrier,0
KLT-012806,SUP-020,Supplier,0
KLT-012807,SUP-140,WH-02,0
KLT-012808,SUP-075,WH-01,0
KLT-012809,SUP-167,WH-01,0
KLT-012810,SUP-122,Supplier,0
KLT-012811,SUP-131,WH-02,0
KLT-012812,SUP-127,Carrier,0
KLT-012813,SUP-004,Supplier,0
KLT-012814,SUP-023,WH-01,0
KLT-012815,SUP-103,Carrier,0
KLT-012816,SUP-017,WH-02,0
KLT-012817,SUP-042,Carrier,0
KLT-012818,SUP-097,WH-01,0
KLT-012819,SUP-060,WH-02,0
KLT-012820,SUP-027,WH-01,0
KLT-012821,SUP-106,Supplier,0
KLT-012822,SUP-036,Carrier,0
KLT-012823,SUP-059,Carrier,0
KLT-012824,SUP-117,WH-01,0
KLT-012825,SUP-145,Supplier,0
KLT-012826,SUP-130,WH-02,0
KLT-012827,SUP-143,WH-01,0
KLT-012828,SUP-179,WH-02,0
KLT-012829,SUP-192,Carrier,0
KLT-012830,SUP-027,Supplier,0
KLT-012831,SUP-070,Supplier,0
KLT-012832,SUP-055,WH-02,0
KLT-012833,SUP-110,WH-01,0
KLT-012834,SUP-029,Supplier,0
KLT-012835,SUP-084,Carrier,0
KLT-012836,SUP-085,Carrier,0
KLT-012837,SUP-143,Carrier,0
KLT-012838,SUP-083,WH-01,0
KLT-012839,SUP-125,WH-01,0
KLT-012840,SUP-080,Supplier,0
KLT-012841,SUP-139,WH-01,0
KLT-012842,SUP-156,Carrier,0
KLT-012843,SUP-081,Carrier,0
KLT-012844,SUP-164,Carrier,0
KLT-012845,SUP-158,Carrier,0
KLT-012846,SUP-093,Carrier,0
KLT-012847,SUP-017,Supplier,0
KLT-012848,SUP-102,WH-02,0
KLT-012849,SUP-128,WH-02,0
KLT-012850,SUP-121,WH-01,0
KLT-012851,SUP-161,WH-01,0
KLT-012852,SUP-118,WH-02,0
KLT-012853,SUP-192,WH-01,0
KLT-012854,SUP-147,WH-01,0
KLT-012855,SUP-071,Supplier,0
KLT-012856,SUP-113,Supplier,0
KLT-012857,SUP-032,Supplier,0
KLT-012858,SUP-124,Carrier,0
KLT-012859,SUP-200,WH-01,0
KLT-012860,SUP-166,WH-01,0
KLT-012861,SUP-189,Carrier,0
KLT-012862,SUP-117,Carrier,0
KLT-012863,SUP-094,WH-01,0
KLT-012864,SUP-120,Carrier,0
KLT-012865,SUP-181,Supplier,0
KLT-012866,SUP-086,WH-02,0
KLT-012867,SUP-014,WH-01,0
KLT-012868,SUP-082,Supplier,0
KLT-012869,SUP-005,WH-02,0
KLT-012870,SUP-009,Carrier,0
KLT-012871,SUP-026,Supplier,0
KLT-012872,SUP-148,WH-01,0
KLT-012873,SUP-050,WH-02,0
KLT-012874,SUP-182,WH-02,0
KLT-012875,SUP-007,WH-02,0
KLT-012876,SUP-143,WH-02,0
KLT-012877,SUP-165,WH-01,0
KLT-012878,SUP-028,Supplier,0
KLT-012879,SUP-040,WH-02,0
KLT-012880,SUP-099,WH-02,0
KLT-012881,SUP-071,WH-01,0
KLT-012882,SUP-060,Carrier,0
KLT-012883,SUP-037,Supplier,0
KLT-012884,SUP-016,Carrier,0
KLT-012885,SUP-163,Carrier,0
KLT-012886,SUP-130,WH-02,0
KLT-012887,SUP-006,Supplier,0
KLT-012888,SUP-085,Carrier,0
KLT-012889,SUP-012,WH-02,0
KLT-012890,SUP-151,Supplier,0
KLT-012891,SUP-152,Carrier,0
KLT-012892,SUP-074,Carrier,0
KLT-012893,SUP-075,Supplier,0
KLT-012894,SUP-064,Carrier,0
KLT-012895,SUP-139,Carrier,0
KLT-012896,SUP-091,WH-01,0
KLT-012897,SUP-050,Supplier,0
KLT-012898,SUP-037,WH-01,0
KLT-012899,SUP-083,Supplier,0
KLT-012900,SUP-026,Supplier,0
KLT-012901,SUP-013,WH-02,0
KLT-012902,SUP-166,Carrier,0
KLT-012903,SUP-082,WH-01,0
KLT-012904,SUP-124,WH-01,0
KLT-012905,SUP-135,WH-01,0
KLT-012906,SUP-072,Supplier,0
KLT-012907,SUP-076,Supplier,0
KLT-012908,SUP-191,WH-02,0
KLT-012909,SUP-043,WH-02,0
KLT-012910,SUP-148,WH-02,0
KLT-012911,SUP-150,WH-02,0
KLT-012912,SUP-002,Carrier,0
KLT-012913,SUP-041,WH-01,0
KLT-012914,SUP-089,WH-01,0
KLT-012915,SUP-041,WH-02,0
KLT-012916,SUP-085,WH-01,0
KLT-012917,SUP-038,Carrier,0
KLT-012918,SUP-013,Carrier,0
KLT-012919,SUP-118,WH-02,0
KLT-012920,SUP-181,Supplier,0
KLT-012921,SUP-066,WH-02,0
KLT-012922,SUP-173,Supplier,0
KLT-012923,SUP-003,WH-02,0
KLT-012924,SUP-198,WH-02,0
KLT-012925,SUP-128,WH-01,0
KLT-012926,SUP-091,Supplier,0
KLT-012927,SUP-115,WH-02,0
KLT-012928,SUP-030,WH-02,0
KLT-012929,SUP-109,WH-02,0
KLT-012930,SUP-171,WH-01,0
KLT-012931,SUP-193,WH-02,0
KLT-012932,SUP-157,WH-01,0
KLT-012933,SUP-146,Carrier,0
KLT-012934,SUP-053,Carrier,0
KLT-012935,SUP-065,WH-02,0
KLT-012936,SUP-038,Supplier,0
KLT-012937,SUP-194,WH-02,0
KLT-012938,SUP-034,WH-01,0
KLT-012939,SUP-138,Supplier,0
KLT-012940,SUP-085,Supplier,0
KLT-012941,SUP-124,Carrier,0
KLT-012942,SUP-193,Carrier,0
KLT-012943,SUP-042,WH-01,0
KLT-012944,SUP-004,WH-01,0
KLT-012945,SUP-125,Supplier,0
KLT-012946,SUP-117,Supplier,0
KLT-012947,SUP-071,WH-01,0
KLT-012948,SUP-165,Carrier,0
KLT-012949,SUP-181,Supplier,0
KLT-012950,SUP-140,Supplier,0
KLT-012951,SUP-114,Carrier,0
KLT-012952,SUP-120,Supplier,0
KLT-012953,SUP-020,Carrier,0
KLT-012954,SUP-039,WH-02,0
KLT-012955,SUP-015,Carrier,0
KLT-012956,SUP-170,WH-01,0
KLT-012957,SUP-158,WH-02,0
KLT-012958,SUP-099,WH-02,0
KLT-012959,SUP-176,WH-01,0
KLT-012960,SUP-004,WH-02,0
KLT-012961,SUP-121,Carrier,0
KLT-012962,SUP-131,WH-01,0
KLT-012963,SUP-062,WH-02,0
KLT-012964,SUP-139,Supplier,0
KLT-012965,SUP-063,Carrier,0
KLT-012966,SUP-112,WH-02,0
KLT-012967,SUP-072,Carrier,0
KLT-012968,SUP-038,WH-02,0
KLT-012969,SUP-094,WH-02,0
KLT-012970,SUP-051,Carrier,0
KLT-012971,SUP-025,Carrier,0
KLT-012972,SUP-125,WH-02,0
KLT-012973,SUP-199,Carrier,0
KLT-012974,SUP-045,WH-02,0
KLT-012975,SUP-024,WH-02,0
KLT-012976,SUP-041,Supplier,0
KLT-012977,SUP-074,Supplier,0
KLT-012978,SUP-148,WH-02,0
KLT-012979,SUP-148,Carrier,0
KLT-012980,SUP-015,WH-01,0
KLT-012981,SUP-113,Carrier,0
KLT-012982,SUP-090,Supplier,0
KLT-012983,SUP-118,Carrier,0
KLT-012984,SUP-018,Supplier,0
KLT-012985,SUP-099,Supplier,0
KLT-012986,SUP-123,WH-02,0
KLT-012987,SUP-155,Supplier,0
KLT-012988,SUP-010,Carrier,0
KLT-012989,SUP-003,Supplier,0
KLT-012990,SUP-105,WH-01,0
KLT-012991,SUP-028,WH-02,0
KLT-012992,SUP-075,WH-01,0
KLT-012993,SUP-036,Carrier,0
KLT-012994,SUP-032,WH-01,0
KLT-012995,SUP-005,Carrier,0
KLT-012996,SUP-029,WH-01,0
KLT-012997,SUP-065,Supplier,0
KLT-012998,SUP-047,Supplier,0
KLT-012999,SUP-152,Carrier,0
KLT-013000,SUP-051,Carrier,0
KLT-013001,SUP-170,WH-01,0
KLT-013002,SUP-039,Supplier,0
KLT-013003,SUP-045,Supplier,0
KLT-013004,SUP-003,WH-01,0
KLT-013005,SUP-048,WH-01,0
KLT-013006,SUP-042,WH-01,0
KLT-013007,SUP-027,Supplier,0
KLT-013008,SUP-102,Carrier,0
KLT-013009,SUP-180,Supplier,0
KLT-013010,SUP-091,WH-02,0
KLT-013011,SUP-129,WH-01,0
KLT-013012,SUP-019,Carrier,0
KLT-013013,SUP-090,WH-01,0
KLT-013014,SUP-051,Carrier,0
KLT-013015,SUP-132,Carrier,0
KLT-013016,SUP-138,Supplier,0
KLT-013017,SUP-016,WH-02,0
KLT-013018,SUP-005,WH-02,0
KLT-013019,SUP-191,WH-01,0
KLT-013020,SUP-117,Carrier,0
KLT-013021,SUP-070,Carrier,0
KLT-013022,SUP-163,Carrier,0
KLT-013023,SUP-016,WH-02,0
KLT-013024,SUP-065,WH-02,0
KLT-013025,SUP-152,WH-02,0
KLT-013026,SUP-106,WH-01,0
KLT-013027,SUP-178,Supplier,0
KLT-013028,SUP-038,WH-02,0
KLT-013029,SUP-011,Carrier,0
KLT-013030,SUP-109,WH-01,0
KLT-013031,SUP-063,WH-01,0
KLT-013032,SUP-083,WH-01,0
KLT-013033,SUP-060,WH-02,0
KLT-013034,SUP-112,Supplier,0
KLT-013035,SUP-060,Supplier,0
KLT-013036,SUP-098,Carrier,0
KLT-013037,SUP-095,WH-01,0
KLT-013038,SUP-068,WH-02,0
KLT-013039,SUP-091,Carrier,0
KLT-013040,SUP-116,WH-01,0
KLT-013041,SUP-092,WH-02,0
KLT-013042,SUP-011,Carrier,0
KLT-013043,SUP-138,Supplier,0
KLT-013044,SUP-138,Supplier,0
KLT-013045,SUP-170,Carrier,0
KLT-013046,SUP-120,WH-02,0
KLT-013047,SUP-076,Supplier,0
KLT-013048,SUP-029,Carrier,0
KLT-013049,SUP-100,Supplier,0
KLT-013050,SUP-057,Supplier,0
KLT-013051,SUP-004,Carrier,0
KLT-013052,SUP-126,Supplier,0
KLT-013053,SUP-039,Carrier,0
KLT-013054,SUP-088,Supplier,0
KLT-013055,SUP-077,Supplier,0
KLT-013056,SUP-137,Carrier,0
KLT-013057,SUP-063,WH-02,0
KLT-013058,SUP-013,WH-01,0
KLT-013059,SUP-028,Carrier,0
KLT-013060,SUP-058,WH-02,0
KLT-013061,SUP-068,WH-02,0
KLT-013062,SUP-047,Carrier,0
KLT-013063,SUP-131,WH-02,0
KLT-013064,SUP-067,Supplier,0
KLT-013065,SUP-050,WH-01,0
KLT-013066,SUP-191,Supplier,0
KLT-013067,SUP-111,WH-02,0
KLT-013068,SUP-114,Supplier,0
KLT-013069,SUP-198,WH-02,0
KLT-013070,SUP-034,Supplier,0
KLT-013071,SUP-125,Supplier,0
KLT-013072,SUP-143,WH-01,0
KLT-013073,SUP-163,Supplier,0
KLT-013074,SUP-083,WH-02,0
KLT-013075,SUP-053,WH-02,0
KLT-013076,SUP-183,Supplier,0
KLT-013077,SUP-044,Carrier,0
KLT-013078,SUP-151,WH-02,0
KLT-013079,SUP-113,WH-01,0
KLT-013080,SUP-067,Carrier,0
KLT-013081,SUP-005,Supplier,0
KLT-013082,SUP-062,WH-01,0
KLT-013083,SUP-130,Carrier,0
KLT-013084,SUP-036,Supplier,0
KLT-013085,SUP-057,Supplier,0
KLT-013086,SUP-172,Carrier,0
KLT-013087,SUP-033,WH-01,0
KLT-013088,SUP-031,Carrier,0
KLT-013089,SUP-065,Supplier,0
KLT-013090,SUP-146,WH-01,0
KLT-013091,SUP-015,WH-01,0
KLT-013092,SUP-023,Supplier,0
KLT-013093,SUP-013,Supplier,0
KLT-013094,SUP-082,Carrier,0
KLT-013095,SUP-179,WH-02,0
KLT-013096,SUP-040,Carrier,0
KLT-013097,SUP-091,WH-01,0
KLT-013098,SUP-035,WH-01,0
KLT-013099,SUP-072,WH-02,0
KLT-013100,SUP-112,WH-02,0
KLT-013101,SUP-064,WH-02,0
KLT-013102,SUP-197,WH-01,0
KLT-013103,SUP-170,WH-02,0
KLT-013104,SUP-164,Carrier,0
KLT-013105,SUP-031,WH-01,0
KLT-013106,SUP-036,Supplier,0
KLT-013107,SUP-040,Supplier,0
KLT-013108,SUP-032,WH-01,0
KLT-013109,SUP-066,Supplier,0
KLT-013110,SUP-023,WH-01,0
KLT-013111,SUP-018,Carrier,0
KLT-013112,SUP-002,WH-02,0
KLT-013113,SUP-081,WH-02,0
KLT-013114,SUP-036,Supplier,0
KLT-013115,SUP-159,Carrier,0
KLT-013116,SUP-134,WH-01,0
KLT-013117,SUP-076,WH-02,0
KLT-013118,SUP-063,Supplier,0
KLT-013119,SUP-102,WH-01,0
KLT-013120,SUP-103,WH-02,0
KLT-013121,SUP-133,Supplier,0
KLT-013122,SUP-082,WH-01,0
KLT-013123,SUP-050,WH-01,0
KLT-013124,SUP-135,Supplier,0
KLT-013125,SUP-165,Supplier,0
KLT-013126,SUP-173,WH-02,0
KLT-013127,SUP-005,Carrier,0
KLT-013128,SUP-017,WH-01,0
KLT-013129,SUP-197,WH-01,0
KLT-013130,SUP-134,Supplier,0
KLT-013131,SUP-038,Supplier,0
KLT-013132,SUP-124,Carrier,0
KLT-013133,SUP-129,Supplier,0
KLT-013134,SUP-107,WH-02,0
KLT-013135,SUP-024,Supplier,0
KLT-013136,SUP-124,WH-02,0
KLT-013137,SUP-011,Supplier,0
KLT-013138,SUP-012,Supplier,0
KLT-013139,SUP-113,Supplier,0
KLT-013140,SUP-157,WH-01,0
KLT-013141,SUP-100,Supplier,0
KLT-013142,SUP-011,WH-02,0
KLT-013143,SUP-153,Supplier,0
KLT-013144,SUP-063,Carrier,0
KLT-013145,SUP-014,Carrier,0
KLT-013146,SUP-044,Supplier,0
KLT-013147,SUP-093,WH-01,0
KLT-013148,SUP-116,Supplier,0
KLT-013149,SUP-029,Supplier,0
KLT-013150,SUP-181,Carrier,0
KLT-013151,SUP-070,Supplier,0
KLT-013152,SUP-040,WH-02,0
KLT-013153,SUP-142,WH-01,0
KLT-013154,SUP-056,WH-01,0
KLT-013155,SUP-195,Supplier,0
KLT-013156,SUP-064,Supplier,0
KLT-013157,SUP-040,WH-02,46
KLT-013158,SUP-104,Supplier,0
KLT-013159,SUP-149,WH-01,0
KLT-013160,SUP-151,WH-02,0
KLT-013161,SUP-109,WH-01,0
KLT-013162,SUP-065,Carrier,0
KLT-013163,SUP-182,Supplier,0
KLT-013164,SUP-089,WH-01,0
KLT-013165,SUP-137,Supplier,0
KLT-013166,SUP-129,WH-02,0
KLT-013167,SUP-104,WH-02,0
KLT-013168,SUP-056,WH-02,0
KLT-013169,SUP-074,WH-02,0
KLT-013170,SUP-054,WH-01,0
KLT-013171,SUP-070,WH-02,0
KLT-013172,SUP-081,Supplier,0
KLT-013173,SUP-150,Carrier,0
KLT-013174,SUP-004,WH-01,0
KLT-013175,SUP-156,Carrier,0
KLT-013176,SUP-021,WH-01,0
KLT-013177,SUP-124,Supplier,0
KLT-013178,SUP-120,WH-02,0
KLT-013179,SUP-179,WH-02,0
KLT-013180,SUP-067,Supplier,0
KLT-013181,SUP-017,WH-01,0
KLT-013182,SUP-102,Carrier,0
KLT-013183,SUP-073,WH-02,0
KLT-013184,SUP-079,Carrier,0
KLT-013185,SUP-184,Supplier,0
KLT-013186,SUP-037,WH-02,0
KLT-013187,SUP-178,WH-01,0
KLT-013188,SUP-186,WH-01,0
KLT-013189,SUP-033,Supplier,0
KLT-013190,SUP-188,Supplier,0
KLT-013191,SUP-036,WH-01,0
KLT-013192,SUP-086,WH-02,0
KLT-013193,SUP-036,Carrier,0
KLT-013194,SUP-168,Supplier,0
KLT-013195,SUP-053,WH-01,0
KLT-013196,SUP-033,Supplier,0
KLT-013197,SUP-006,Supplier,0
KLT-013198,SUP-033,WH-01,0
KLT-013199,SUP-062,WH-02,0
KLT-013200,SUP-055,Supplier,0
KLT-013201,SUP-018,Supplier,0
KLT-013202,SUP-133,Carrier,0
KLT-013203,SUP-148,Carrier,0
KLT-013204,SUP-188,WH-02,0
KLT-013205,SUP-011,WH-02,0
KLT-013206,SUP-004,Supplier,0
KLT-013207,SUP-097,WH-02,0
KLT-013208,SUP-061,Supplier,0
KLT-013209,SUP-041,WH-02,0
KLT-013210,SUP-103,Carrier,0
KLT-013211,SUP-080,WH-02,0
KLT-013212,SUP-142,Carrier,0
KLT-013213,SUP-130,Carrier,0
KLT-013214,SUP-129,Carrier,0
KLT-013215,SUP-086,Supplier,0
KLT-013216,SUP-176,WH-01,0
KLT-013217,SUP-187,Supplier,0
KLT-013218,SUP-108,Supplier,0
KLT-013219,SUP-179,WH-02,0
KLT-013220,SUP-186,WH-01,0
KLT-013221,SUP-091,WH-01,0
KLT-013222,SUP-031,WH-02,0
KLT-013223,SUP-147,WH-02,0
KLT-013224,SUP-117,WH-01,0
KLT-013225,SUP-077,WH-01,0
KLT-013226,SUP-122,Carrier,0
KLT-013227,SUP-048,Carrier,0
KLT-013228,SUP-077,Supplier,0
KLT-013229,SUP-126,Supplier,0
KLT-013230,SUP-053,Carrier,0
KLT-013231,SUP-008,Supplier,0
KLT-013232,SUP-112,Carrier,0
KLT-013233,SUP-121,Supplier,0
KLT-013234,SUP-105,Supplier,0
KLT-013235,SUP-042,WH-01,0
KLT-013236,SUP-067,Supplier,0
KLT-013237,SUP-173,WH-01,0
KLT-013238,SUP-125,Carrier,0
KLT-013239,SUP-166,Supplier,0
KLT-013240,SUP-089,Supplier,0
KLT-013241,SUP-180,Carrier,0
KLT-013242,SUP-114,WH-02,0
KLT-013243,SUP-095,Carrier,0
KLT-013244,SUP-042,Supplier,0
KLT-013245,SUP-058,WH-02,0
KLT-013246,SUP-175,Supplier,0
KLT-013247,SUP-190,Supplier,0
KLT-013248,SUP-095,Carrier,0
KLT-013249,SUP-010,Carrier,0
KLT-013250,SUP-185,WH-02,0
KLT-013251,SUP-045,Supplier,0
KLT-013252,SUP-038,WH-01,0
KLT-013253,SUP-178,Carrier,0
KLT-013254,SUP-006,WH-02,0
KLT-013255,SUP-103,WH-01,0
KLT-013256,SUP-187,WH-02,0
KLT-013257,SUP-193,Carrier,0
KLT-013258,SUP-055,WH-02,0
KLT-013259,SUP-069,Supplier,0
KLT-013260,SUP-092,WH-01,0
KLT-013261,SUP-172,WH-01,0
KLT-013262,SUP-047,WH-02,0
KLT-013263,SUP-098,Supplier,0
KLT-013264,SUP-063,WH-02,0
KLT-013265,SUP-001,Carrier,0
KLT-013266,SUP-115,Supplier,0
KLT-013267,SUP-184,WH-01,0
KLT-013268,SUP-145,WH-01,0
KLT-013269,SUP-039,Carrier,0
KLT-013270,SUP-075,Carrier,0
KLT-013271,SUP-137,Supplier,0
KLT-013272,SUP-059,WH-02,0
KLT-013273,SUP-115,Carrier,0
KLT-013274,SUP-040,Supplier,0
KLT-013275,SUP-052,Carrier,0
KLT-013276,SUP-158,Supplier,0
KLT-013277,SUP-121,WH-02,0
KLT-013278,SUP-103,Supplier,0
KLT-013279,SUP-136,WH-01,0
KLT-013280,SUP-140,Carrier,0
KLT-013281,SUP-001,WH-01,0
KLT-013282,SUP-154,WH-02,0
KLT-013283,SUP-133,Carrier,0
KLT-013284,SUP-172,WH-01,0
KLT-013285,SUP-057,WH-01,0
KLT-013286,SUP-093,WH-02,0
KLT-013287,SUP-185,WH-01,0
KLT-013288,SUP-103,Supplier,0
KLT-013289,SUP-193,Carrier,0
KLT-013290,SUP-011,Supplier,0
KLT-013291,SUP-011,Supplier,0
KLT-013292,SUP-120,WH-02,0
KLT-013293,SUP-075,Carrier,0
KLT-013294,SUP-141,WH-01,0
KLT-013295,SUP-115,WH-01,0
KLT-013296,SUP-161,Supplier,0
KLT-013297,SUP-122,Supplier,0
KLT-013298,SUP-173,Carrier,0
KLT-013299,SUP-050,WH-02,0
KLT-013300,SUP-110,WH-01,0
KLT-013301,SUP-171,Carrier,0
KLT-013302,SUP-112,Supplier,0
KLT-013303,SUP-020,Supplier,0
KLT-013304,SUP-137,Carrier,0
KLT-013305,SUP-153,Carrier,0
KLT-013306,SUP-043,WH-01,33
KLT-013307,SUP-012,WH-01,0
KLT-013308,SUP-185,WH-02,0
KLT-013309,SUP-137,Carrier,0
KLT-013310,SUP-114,WH-02,0
KLT-013311,SUP-185,Carrier,0
KLT-013312,SUP-012,Supplier,0
KLT-013313,SUP-196,WH-01,0
KLT-013314,SUP-110,WH-01,0
KLT-013315,SUP-096,Supplier,0
KLT-013316,SUP-078,Carrier,0
KLT-013317,SUP-143,Supplier,0
KLT-013318,SUP-194,Supplier,0
KLT-013319,SUP-133,WH-02,0
KLT-013320,SUP-085,Supplier,0
KLT-013321,SUP-155,WH-01,0
KLT-013322,SUP-104,Supplier,0
KLT-013323,SUP-095,WH-02,0
KLT-013324,SUP-066,Carrier,0
KLT-013325,SUP-175,Carrier,0
KLT-013326,SUP-030,WH-01,0
KLT-013327,SUP-135,Supplier,0
KLT-013328,SUP-024,WH-02,0
KLT-013329,SUP-051,WH-02,0
KLT-013330,SUP-129,WH-02,0
KLT-013331,SUP-010,WH-01,0
KLT-013332,SUP-132,WH-01,0
KLT-013333,SUP-095,Carrier,0
KLT-013334,SUP-111,WH-01,0
KLT-013335,SUP-130,Supplier,0
KLT-013336,SUP-170,WH-02,0
KLT-013337,SUP-121,WH-01,0
KLT-013338,SUP-004,WH-01,0
KLT-013339,SUP-019,WH-02,0
KLT-013340,SUP-082,WH-02,0
KLT-013341,SUP-139,Supplier,0
KLT-013342,SUP-182,WH-01,0
KLT-013343,SUP-034,WH-01,0
KLT-013344,SUP-149,Carrier,0
KLT-013345,SUP-075,Supplier,0
KLT-013346,SUP-102,WH-02,0
KLT-013347,SUP-182,WH-02,0
KLT-013348,SUP-023,WH-02,0
KLT-013349,SUP-145,Carrier,0
KLT-013350,SUP-107,WH-01,0
KLT-013351,SUP-117,WH-01,0
KLT-013352,SUP-140,Supplier,0
KLT-013353,SUP-065,Carrier,0
KLT-013354,SUP-015,Supplier,0
KLT-013355,SUP-172,WH-02,0
KLT-013356,SUP-002,Supplier,0
KLT-013357,SUP-059,WH-01,0
KLT-013358,SUP-187,WH-02,0
KLT-013359,SUP-103,WH-01,0
KLT-013360,SUP-144,WH-02,0
KLT-013361,SUP-016,Supplier,0
KLT-013362,SUP-057,Carrier,0
KLT-013363,SUP-106,WH-02,0
KLT-013364,SUP-014,Supplier,0
KLT-013365,SUP-143,WH-02,0
KLT-013366,SUP-170,Carrier,0
KLT-013367,SUP-183,WH-01,0
KLT-013368,SUP-087,WH-02,0
KLT-013369,SUP-157,WH-01,0
KLT-013370,SUP-195,Carrier,0
KLT-013371,SUP-142,Supplier,0
KLT-013372,SUP-125,WH-01,0
KLT-013373,SUP-192,Supplier,0
KLT-013374,SUP-136,Supplier,0
KLT-013375,SUP-183,Supplier,0
KLT-013376,SUP-070,Carrier,0
KLT-013377,SUP-071,Supplier,0
KLT-013378,SUP-147,WH-02,0
KLT-013379,SUP-016,Supplier,0
KLT-013380,SUP-125,WH-01,0
KLT-013381,SUP-106,WH-02,0
KLT-013382,SUP-048,WH-02,0
KLT-013383,SUP-128,Supplier,0
KLT-013384,SUP-066,WH-02,0
KLT-013385,SUP-020,Carrier,0
KLT-013386,SUP-123,Supplier,0
KLT-013387,SUP-004,Supplier,0
KLT-013388,SUP-092,Carrier,0
KLT-013389,SUP-108,Carrier,0
KLT-013390,SUP-179,WH-02,0
KLT-013391,SUP-099,Carrier,0
KLT-013392,SUP-022,WH-01,0
KLT-013393,SUP-041,Carrier,0
KLT-013394,SUP-200,Supplier,0
KLT-013395,SUP-040,Supplier,0
KLT-013396,SUP-182,WH-02,0
KLT-013397,SUP-002,Supplier,0
KLT-013398,SUP-196,WH-01,0
KLT-013399,SUP-089,Supplier,0
KLT-013400,SUP-180,Supplier,0
KLT-013401,SUP-022,Carrier,0
KLT-013402,SUP-147,Supplier,0
KLT-013403,SUP-195,Carrier,0
KLT-013404,SUP-130,Carrier,0
KLT-013405,SUP-101,WH-02,0
KLT-013406,SUP-148,WH-02,0
KLT-013407,SUP-100,WH-02,0
KLT-013408,SUP-100,WH-02,0
KLT-013409,SUP-050,WH-01,0
KLT-013410,SUP-194,WH-01,0
KLT-013411,SUP-035,Carrier,0
KLT-013412,SUP-102,WH-02,0
KLT-013413,SUP-094,WH-02,0
KLT-013414,SUP-026,Carrier,0
KLT-013415,SUP-118,Supplier,0
KLT-013416,SUP-064,Supplier,0
KLT-013417,SUP-172,WH-01,0
KLT-013418,SUP-002,Supplier,0
KLT-013419,SUP-055,Carrier,0
KLT-013420,SUP-190,Carrier,0
KLT-013421,SUP-017,WH-02,0
KLT-013422,SUP-068,WH-02,0
KLT-013423,SUP-019,Supplier,0
KLT-013424,SUP-048,WH-01,0
KLT-013425,SUP-028,WH-01,0
KLT-013426,SUP-094,WH-02,0
KLT-013427,SUP-010,Supplier,0
KLT-013428,SUP-128,Carrier,0
KLT-013429,SUP-134,WH-02,0
KLT-013430,SUP-059,WH-01,0
KLT-013431,SUP-189,WH-02,0
KLT-013432,SUP-006,WH-02,0
KLT-013433,SUP-033,Supplier,0
KLT-013434,SUP-067,WH-01,0
KLT-013435,SUP-032,Carrier,0
KLT-013436,SUP-186,WH-01,0
KLT-013437,SUP-093,WH-02,0
KLT-013438,SUP-068,WH-01,0
KLT-013439,SUP-071,WH-02,0
KLT-013440,SUP-184,Supplier,0
KLT-013441,SUP-034,Supplier,0
KLT-013442,SUP-162,WH-01,0
KLT-013443,SUP-125,WH-02,0
KLT-013444,SUP-036,Carrier,0
KLT-013445,SUP-083,Supplier,0
KLT-013446,SUP-064,Carrier,0
KLT-013447,SUP-153,WH-02,0
KLT-013448,SUP-045,WH-01,0
KLT-013449,SUP-113,WH-01,0
KLT-013450,SUP-167,Supplier,0
KLT-013451,SUP-002,Carrier,0
KLT-013452,SUP-055,WH-01,0
KLT-013453,SUP-121,WH-02,0
KLT-013454,SUP-102,WH-01,0
KLT-013455,SUP-075,WH-01,0
KLT-013456,SUP-013,Carrier,0
KLT-013457,SUP-054,WH-01,0
KLT-013458,SUP-174,WH-01,0
KLT-013459,SUP-056,WH-01,0
KLT-013460,SUP-075,Carrier,0
KLT-013461,SUP-004,Carrier,0
KLT-013462,SUP-003,Supplier,0
KLT-013463,SUP-076,WH-01,0
KLT-013464,SUP-127,Carrier,0
KLT-013465,SUP-123,WH-02,0
KLT-013466,SUP-016,WH-02,0
KLT-013467,SUP-061,Supplier,0
KLT-013468,SUP-044,WH-01,0
KLT-013469,SUP-180,Supplier,0
KLT-013470,SUP-200,Supplier,0
KLT-013471,SUP-080,Supplier,0
KLT-013472,SUP-054,WH-02,0
KLT-013473,SUP-177,Carrier,0
KLT-013474,SUP-061,Supplier,0
KLT-013475,SUP-097,Supplier,0
KLT-013476,SUP-196,WH-02,0
KLT-013477,SUP-076,WH-02,0
KLT-013478,SUP-174,WH-02,0
KLT-013479,SUP-187,WH-02,0
KLT-013480,SUP-052,Carrier,0
KLT-013481,SUP-134,WH-02,0
KLT-013482,SUP-168,Supplier,0
KLT-013483,SUP-037,WH-01,0
KLT-013484,SUP-154,Supplier,0
KLT-013485,SUP-195,WH-01,0
KLT-013486,SUP-068,Carrier,0
KLT-013487,SUP-169,WH-01,0
KLT-013488,SUP-130,WH-02,0
KLT-013489,SUP-185,WH-01,0
KLT-013490,SUP-109,Supplier,0
KLT-013491,SUP-197,WH-01,0
KLT-013492,SUP-132,WH-01,0
KLT-013493,SUP-154,WH-01,0
KLT-013494,SUP-106,Carrier,0
KLT-013495,SUP-126,WH-01,0
KLT-013496,SUP-040,WH-01,0
KLT-013497,SUP-145,Supplier,0
KLT-013498,SUP-006,WH-02,0
KLT-013499,SUP-048,Carrier,0
KLT-013500,SUP-167,Carrier,0
KLT-013501,SUP-150,WH-01,0
KLT-013502,SUP-076,WH-02,0
KLT-013503,SUP-030,WH-02,0
KLT-013504,SUP-024,Supplier,0
KLT-013505,SUP-178,WH-02,0
KLT-013506,SUP-137,WH-01,0
KLT-013507,SUP-144,WH-02,0
KLT-013508,SUP-176,WH-01,0
KLT-013509,SUP-024,WH-01,0
KLT-013510,SUP-032,WH-01,0
KLT-013511,SUP-065,WH-02,0
KLT-013512,SUP-129,Supplier,0
KLT-013513,SUP-121,Supplier,0
KLT-013514,SUP-055,WH-01,0
KLT-013515,SUP-058,WH-01,0
KLT-013516,SUP-145,WH-02,0
KLT-013517,SUP-121,Supplier,0
KLT-013518,SUP-143,WH-02,0
KLT-013519,SUP-004,WH-02,0
KLT-013520,SUP-066,WH-01,0
KLT-013521,SUP-127,WH-01,0
KLT-013522,SUP-012,WH-02,0
KLT-013523,SUP-061,Carrier,0
KLT-013524,SUP-129,WH-02,0
KLT-013525,SUP-001,Supplier,0
KLT-013526,SUP-072,WH-02,0
KLT-013527,SUP-043,Carrier,0
KLT-013528,SUP-098,WH-02,0
KLT-013529,SUP-059,Supplier,0
KLT-013530,SUP-145,WH-01,0
KLT-013531,SUP-114,Supplier,0
KLT-013532,SUP-174,Supplier,0
KLT-013533,SUP-118,Supplier,0
KLT-013534,SUP-027,WH-02,0
KLT-013535,SUP-199,WH-02,0
KLT-013536,SUP-097,Supplier,0
KLT-013537,SUP-056,WH-02,0
KLT-013538,SUP-113,WH-02,0
KLT-013539,SUP-069,Carrier,0
KLT-013540,SUP-013,Supplier,0
KLT-013541,SUP-006,WH-01,0
KLT-013542,SUP-039,Carrier,0
KLT-013543,SUP-120,Supplier,0
KLT-013544,SUP-181,Supplier,0
KLT-013545,SUP-194,WH-02,0
KLT-013546,SUP-092,Carrier,0
KLT-013547,SUP-016,WH-02,0
KLT-013548,SUP-191,Carrier,0
KLT-013549,SUP-097,WH-01,0
KLT-013550,SUP-110,WH-02,0
KLT-013551,SUP-121,Carrier,0
KLT-013552,SUP-086,WH-02,0
KLT-013553,SUP-194,WH-01,0
KLT-013554,SUP-058,Carrier,0
KLT-013555,SUP-191,Supplier,0
KLT-013556,SUP-128,Supplier,0
KLT-013557,SUP-063,Supplier,0
KLT-013558,SUP-007,Supplier,0
KLT-013559,SUP-006,WH-02,0
KLT-013560,SUP-152,WH-02,0
KLT-013561,SUP-125,Carrier,0
KLT-013562,SUP-090,WH-01,0
KLT-013563,SUP-114,WH-02,0
KLT-013564,SUP-139,Carrier,0
KLT-013565,SUP-057,Supplier,0
KLT-013566,SUP-127,WH-02,0
KLT-013567,SUP-180,WH-02,0
KLT-013568,SUP-176,Carrier,0
KLT-013569,SUP-076,WH-02,0
KLT-013570,SUP-076,WH-01,0
KLT-013571,SUP-179,WH-01,0
KLT-013572,SUP-150,Carrier,0
KLT-013573,SUP-054,WH-01,0
KLT-013574,SUP-111,Carrier,0
KLT-013575,SUP-177,Carrier,0
KLT-013576,SUP-072,Carrier,0
KLT-013577,SUP-024,Carrier,0
KLT-013578,SUP-134,Supplier,0
KLT-013579,SUP-017,Carrier,0
KLT-013580,SUP-087,Supplier,0
KLT-013581,SUP-052,WH-02,0
KLT-013582,SUP-009,WH-02,0
KLT-013583,SUP-172,WH-01,0
KLT-013584,SUP-028,WH-02,0
KLT-013585,SUP-015,WH-01,0
KLT-013586,SUP-106,WH-02,0
KLT-013587,SUP-155,Supplier,0
KLT-013588,SUP-065,WH-02,0
KLT-013589,SUP-013,Carrier,0
KLT-013590,SUP-114,Carrier,0
KLT-013591,SUP-048,Supplier,0
KLT-013592,SUP-131,Carrier,0
KLT-013593,SUP-002,WH-02,0
KLT-013594,SUP-109,Carrier,0
KLT-013595,SUP-075,WH-02,0
KLT-013596,SUP-133,Supplier,0
KLT-013597,SUP-040,Carrier,0
KLT-013598,SUP-086,Supplier,0
KLT-013599,SUP-085,WH-01,0
KLT-013600,SUP-049,WH-02,0
KLT-013601,SUP-093,Carrier,0
KLT-013602,SUP-075,Carrier,0
KLT-013603,SUP-053,Supplier,0
KLT-013604,SUP-171,WH-01,0
KLT-013605,SUP-046,Carrier,0
KLT-013606,SUP-165,WH-01,0
KLT-013607,SUP-198,WH-02,0
KLT-013608,SUP-012,Carrier,0
KLT-013609,SUP-039,WH-02,0
KLT-013610,SUP-151,WH-02,0
KLT-013611,SUP-155,Carrier,0
KLT-013612,SUP-096,WH-02,0
KLT-013613,SUP-008,Supplier,0
KLT-013614,SUP-119,WH-02,0
KLT-013615,SUP-096,Supplier,0
KLT-013616,SUP-080,WH-02,0
KLT-013617,SUP-016,WH-01,0
KLT-013618,SUP-167,Carrier,0
KLT-013619,SUP-016,Carrier,0
KLT-013620,SUP-034,WH-01,0
KLT-013621,SUP-024,WH-01,0
KLT-013622,SUP-132,WH-01,0
KLT-013623,SUP-077,WH-01,0
KLT-013624,SUP-024,WH-02,0
KLT-013625,SUP-051,WH-02,0
KLT-013626,SUP-114,WH-02,0
KLT-013627,SUP-044,Supplier,0
KLT-013628,SUP-006,WH-02,0
KLT-013629,SUP-115,Carrier,0
KLT-013630,SUP-077,WH-01,0
KLT-013631,SUP-065,WH-01,0
KLT-013632,SUP-187,WH-02,0
KLT-013633,SUP-033,Carrier,0
KLT-013634,SUP-068,WH-01,0
KLT-013635,SUP-100,Carrier,0
KLT-013636,SUP-197,Supplier,0
KLT-013637,SUP-020,WH-01,0
KLT-013638,SUP-179,Carrier,0
KLT-013639,SUP-086,Carrier,0
KLT-013640,SUP-153,WH-02,0
KLT-013641,SUP-144,Carrier,0
KLT-013642,SUP-009,Supplier,0
KLT-013643,SUP-048,Carrier,0
KLT-013644,SUP-135,WH-02,0
KLT-013645,SUP-024,WH-02,0
KLT-013646,SUP-110,Carrier,0
KLT-013647,SUP-058,Supplier,0
KLT-013648,SUP-023,Carrier,0
KLT-013649,SUP-025,Carrier,0
KLT-013650,SUP-093,Carrier,0
KLT-013651,SUP-128,WH-01,0
KLT-013652,SUP-126,WH-02,0
KLT-013653,SUP-075,Carrier,0
KLT-013654,SUP-008,WH-02,0
KLT-013655,SUP-116,Carrier,0
KLT-013656,SUP-082,WH-01,0
KLT-013657,SUP-075,WH-01,0
KLT-013658,SUP-153,Supplier,0
KLT-013659,SUP-024,Carrier,0
KLT-013660,SUP-190,Supplier,0
KLT-013661,SUP-130,WH-02,0
KLT-013662,SUP-152,Supplier,0
KLT-013663,SUP-195,Supplier,0
KLT-013664,SUP-127,Supplier,0
KLT-013665,SUP-021,Carrier,0
KLT-013666,SUP-052,WH-01,0
KLT-013667,SUP-016,WH-02,0
KLT-013668,SUP-003,Supplier,0
KLT-013669,SUP-121,Supplier,0
KLT-013670,SUP-109,Supplier,0
KLT-013671,SUP-096,WH-01,0
KLT-013672,SUP-146,Supplier,0
KLT-013673,SUP-121,Supplier,0
KLT-013674,SUP-152,WH-02,0
KLT-013675,SUP-001,Carrier,0
KLT-013676,SUP-067,Carrier,0
KLT-013677,SUP-040,WH-01,0
KLT-013678,SUP-192,WH-01,0
KLT-013679,SUP-129,WH-02,0
KLT-013680,SUP-166,WH-01,0
KLT-013681,SUP-123,WH-01,0
KLT-013682,SUP-138,Carrier,0
KLT-013683,SUP-144,WH-01,0
KLT-013684,SUP-023,Supplier,0
KLT-013685,SUP-014,Carrier,0
KLT-013686,SUP-176,Supplier,0
KLT-013687,SUP-178,Supplier,0
KLT-013688,SUP-129,WH-02,0
KLT-013689,SUP-124,WH-01,0
KLT-013690,SUP-094,Carrier,0
KLT-013691,SUP-136,Supplier,0
KLT-013692,SUP-049,Supplier,0
KLT-013693,SUP-098,WH-01,0
KLT-013694,SUP-180,WH-02,0
KLT-013695,SUP-175,WH-02,0
KLT-013696,SUP-197,Supplier,0
KLT-013697,SUP-056,WH-01,0
KLT-013698,SUP-056,Carrier,0
KLT-013699,SUP-169,Supplier,0
KLT-013700,SUP-063,WH-01,0
KLT-013701,SUP-046,WH-02,0
KLT-013702,SUP-063,WH-01,0
KLT-013703,SUP-004,Supplier,0
KLT-013704,SUP-019,Carrier,0
KLT-013705,SUP-076,WH-02,0
KLT-013706,SUP-171,WH-02,0
KLT-013707,SUP-097,Supplier,0
KLT-013708,SUP-006,Carrier,0
KLT-013709,SUP-067,WH-01,0
KLT-013710,SUP-100,WH-01,0
KLT-013711,SUP-029,WH-02,0
KLT-013712,SUP-122,WH-01,0
KLT-013713,SUP-030,Carrier,0
KLT-013714,SUP-063,WH-02,0
KLT-013715,SUP-013,WH-02,0
KLT-013716,SUP-142,Supplier,0
KLT-013717,SUP-058,Carrier,0
KLT-013718,SUP-033,WH-01,0
KLT-013719,SUP-018,Carrier,0
KLT-013720,SUP-154,Carrier,0
KLT-013721,SUP-130,WH-01,0
KLT-013722,SUP-151,WH-01,0
KLT-013723,SUP-171,WH-01,0
KLT-013724,SUP-059,Carrier,0
KLT-013725,SUP-031,WH-01,0
KLT-013726,SUP-043,Carrier,0
KLT-013727,SUP-072,WH-02,0
KLT-013728,SUP-020,Supplier,0
KLT-013729,SUP-146,WH-02,0
KLT-013730,SUP-165,Supplier,0
KLT-013731,SUP-113,Carrier,0
KLT-013732,SUP-021,Supplier,0
KLT-013733,SUP-130,Supplier,0
KLT-013734,SUP-183,WH-01,0
KLT-013735,SUP-025,WH-01,0
KLT-013736,SUP-065,WH-02,0
KLT-013737,SUP-200,WH-02,0
KLT-013738,SUP-116,Supplier,0
KLT-013739,SUP-194,WH-01,0
KLT-013740,SUP-139,WH-02,0
KLT-013741,SUP-139,WH-01,0
KLT-013742,SUP-113,WH-02,0
KLT-013743,SUP-090,WH-01,0
KLT-013744,SUP-053,WH-02,0
KLT-013745,SUP-066,Carrier,0
KLT-013746,SUP-095,WH-01,0
KLT-013747,SUP-074,Carrier,0
KLT-013748,SUP-103,WH-02,0
KLT-013749,SUP-043,Carrier,0
KLT-013750,SUP-115,Supplier,0
KLT-013751,SUP-050,Supplier,0
KLT-013752,SUP-159,WH-02,0
KLT-013753,SUP-003,WH-02,0
KLT-013754,SUP-079,WH-01,0
KLT-013755,SUP-047,WH-01,0
KLT-013756,SUP-034,Carrier,0
KLT-013757,SUP-133,Supplier,0
KLT-013758,SUP-081,Carrier,0
KLT-013759,SUP-127,Supplier,0
KLT-013760,SUP-114,Carrier,0
KLT-013761,SUP-036,WH-01,0
KLT-013762,SUP-192,Carrier,0
KLT-013763,SUP-160,WH-02,0
KLT-013764,SUP-196,Supplier,0
KLT-013765,SUP-024,Supplier,0
KLT-013766,SUP-039,Supplier,0
KLT-013767,SUP-185,WH-02,0
KLT-013768,SUP-021,Carrier,0
KLT-013769,SUP-019,Carrier,0
KLT-013770,SUP-083,WH-02,0
KLT-013771,SUP-027,Supplier,0
KLT-013772,SUP-081,WH-01,0
KLT-013773,SUP-035,Carrier,0
KLT-013774,SUP-196,WH-01,0
KLT-013775,SUP-198,Carrier,0
KLT-013776,SUP-035,WH-01,0
KLT-013777,SUP-082,Supplier,0
KLT-013778,SUP-047,WH-01,0
KLT-013779,SUP-090,Supplier,0
KLT-013780,SUP-199,Supplier,0
KLT-013781,SUP-168,WH-01,0
KLT-013782,SUP-199,WH-01,0
KLT-013783,SUP-101,Carrier,0
KLT-013784,SUP-072,Carrier,0
KLT-013785,SUP-003,WH-02,0
KLT-013786,SUP-037,Supplier,0
KLT-013787,SUP-119,WH-01,0
KLT-013788,SUP-154,WH-01,0
KLT-013789,SUP-114,Supplier,0
KLT-013790,SUP-177,WH-02,0
KLT-013791,SUP-003,WH-01,0
KLT-013792,SUP-068,Supplier,0
KLT-013793,SUP-092,Carrier,0
KLT-013794,SUP-145,WH-01,0
KLT-013795,SUP-130,Carrier,0
KLT-013796,SUP-100,WH-02,0
KLT-013797,SUP-013,Carrier,0
KLT-013798,SUP-171,WH-02,0
KLT-013799,SUP-178,WH-01,0
KLT-013800,SUP-197,WH-02,0
KLT-013801,SUP-190,Supplier,0
KLT-013802,SUP-024,WH-02,0
KLT-013803,SUP-182,WH-02,0
KLT-013804,SUP-016,Carrier,0
KLT-013805,SUP-077,Supplier,0
KLT-013806,SUP-077,Carrier,0
KLT-013807,SUP-088,Carrier,0
KLT-013808,SUP-046,WH-02,0
KLT-013809,SUP-183,WH-01,0
KLT-013810,SUP-173,WH-02,0
KLT-013811,SUP-131,WH-01,0
KLT-013812,SUP-065,Carrier,0
KLT-013813,SUP-136,WH-01,0
KLT-013814,SUP-100,WH-02,0
KLT-013815,SUP-119,WH-01,0
KLT-013816,SUP-060,WH-02,0
KLT-013817,SUP-009,Supplier,0
KLT-013818,SUP-112,WH-02,0
KLT-013819,SUP-091,Carrier,0
KLT-013820,SUP-099,WH-02,0
KLT-013821,SUP-065,WH-02,0
KLT-013822,SUP-022,Supplier,0
KLT-013823,SUP-033,Supplier,0
KLT-013824,SUP-186,Carrier,0
KLT-013825,SUP-004,WH-01,0
KLT-013826,SUP-188,WH-02,0
KLT-013827,SUP-155,Carrier,0
KLT-013828,SUP-162,WH-01,0
KLT-013829,SUP-055,WH-02,0
KLT-013830,SUP-196,Supplier,0
KLT-013831,SUP-160,Carrier,0
KLT-013832,SUP-188,WH-02,0
KLT-013833,SUP-013,Carrier,0
KLT-013834,SUP-103,Supplier,0
KLT-013835,SUP-173,WH-02,0
KLT-013836,SUP-066,WH-02,0
KLT-013837,SUP-184,WH-02,0
KLT-013838,SUP-172,WH-01,0
KLT-013839,SUP-107,Supplier,0
KLT-013840,SUP-135,Carrier,0
KLT-013841,SUP-030,Carrier,0
KLT-013842,SUP-063,Supplier,0
KLT-013843,SUP-002,Carrier,0
KLT-013844,SUP-114,Carrier,0
KLT-013845,SUP-075,Supplier,0
KLT-013846,SUP-177,Carrier,0
KLT-013847,SUP-034,Supplier,0
KLT-013848,SUP-047,Carrier,0
KLT-013849,SUP-169,WH-02,0
KLT-013850,SUP-055,Carrier,0
KLT-013851,SUP-193,WH-02,0
KLT-013852,SUP-158,Carrier,0
KLT-013853,SUP-142,WH-02,0
KLT-013854,SUP-111,Supplier,0
KLT-013855,SUP-103,Supplier,0
KLT-013856,SUP-130,WH-02,0
KLT-013857,SUP-072,Carrier,0
KLT-013858,SUP-115,Carrier,0
KLT-013859,SUP-177,Supplier,0
KLT-013860,SUP-011,WH-02,0
KLT-013861,SUP-150,Carrier,0
KLT-013862,SUP-133,Supplier,0
KLT-013863,SUP-112,Supplier,0
KLT-013864,SUP-186,WH-02,0
KLT-013865,SUP-188,Carrier,0
KLT-013866,SUP-157,WH-02,0
KLT-013867,SUP-113,Supplier,0
KLT-013868,SUP-154,WH-01,0
KLT-013869,SUP-097,Carrier,0
KLT-013870,SUP-078,WH-02,0
KLT-013871,SUP-083,Supplier,0
KLT-013872,SUP-103,Supplier,0
KLT-013873,SUP-002,Carrier,0
KLT-013874,SUP-087,WH-02,0
KLT-013875,SUP-075,WH-02,0
KLT-013876,SUP-113,Carrier,0
KLT-013877,SUP-146,WH-02,0
KLT-013878,SUP-029,WH-01,0
KLT-013879,SUP-150,WH-01,0
KLT-013880,SUP-156,WH-01,0
KLT-013881,SUP-131,WH-01,0
KLT-013882,SUP-084,WH-02,0
KLT-013883,SUP-113,WH-01,0
KLT-013884,SUP-158,WH-01,0
KLT-013885,SUP-063,Supplier,0
KLT-013886,SUP-182,WH-01,0
KLT-013887,SUP-191,Carrier,0
KLT-013888,SUP-116,Supplier,0
KLT-013889,SUP-145,Carrier,0
KLT-013890,SUP-004,Supplier,0
KLT-013891,SUP-193,Carrier,0
KLT-013892,SUP-150,WH-01,0
KLT-013893,SUP-025,Supplier,0
KLT-013894,SUP-004,WH-02,0
KLT-013895,SUP-037,Supplier,0
KLT-013896,SUP-039,WH-02,0
KLT-013897,SUP-150,WH-02,0
KLT-013898,SUP-105,Carrier,0
KLT-013899,SUP-076,Supplier,0
KLT-013900,SUP-119,WH-02,0
KLT-013901,SUP-053,Supplier,0
KLT-013902,SUP-137,Supplier,42
KLT-013903,SUP-033,Carrier,0
KLT-013904,SUP-093,WH-01,0
KLT-013905,SUP-195,WH-02,0
KLT-013906,SUP-112,Carrier,0
KLT-013907,SUP-103,Carrier,0
KLT-013908,SUP-059,WH-01,0
KLT-013909,SUP-088,WH-02,0
KLT-013910,SUP-002,WH-01,0
KLT-013911,SUP-066,WH-02,0
KLT-013912,SUP-150,WH-02,0
KLT-013913,SUP-029,WH-02,0
KLT-013914,SUP-008,Supplier,0
KLT-013915,SUP-079,Supplier,0
KLT-013916,SUP-031,Carrier,0
KLT-013917,SUP-166,Supplier,0
KLT-013918,SUP-098,WH-01,0
KLT-013919,SUP-043,Carrier,0
KLT-013920,SUP-017,Carrier,0
KLT-013921,SUP-119,WH-02,0
KLT-013922,SUP-187,WH-01,0
KLT-013923,SUP-127,WH-01,0
KLT-013924,SUP-125,WH-02,0
KLT-013925,SUP-155,Carrier,0
KLT-013926,SUP-120,WH-01,0
KLT-013927,SUP-151,WH-02,0
KLT-013928,SUP-095,WH-01,0
KLT-013929,SUP-043,WH-01,0
KLT-013930,SUP-076,Carrier,0
KLT-013931,SUP-119,WH-02,0
KLT-013932,SUP-079,WH-01,0
KLT-013933,SUP-106,Carrier,0
KLT-013934,SUP-046,Supplier,0
KLT-013935,SUP-081,Supplier,0
KLT-013936,SUP-054,Carrier,0
KLT-013937,SUP-195,WH-01,0
KLT-013938,SUP-144,Carrier,0
KLT-013939,SUP-182,Supplier,0
KLT-013940,SUP-008,WH-01,0
KLT-013941,SUP-106,WH-01,0
KLT-013942,SUP-138,Carrier,0
KLT-013943,SUP-145,Carrier,0
KLT-013944,SUP-197,WH-02,0
KLT-013945,SUP-153,Carrier,0
KLT-013946,SUP-136,Carrier,0
KLT-013947,SUP-114,WH-02,0
KLT-013948,SUP-062,WH-02,0
KLT-013949,SUP-127,WH-02,0
KLT-013950,SUP-194,WH-02,0
KLT-013951,SUP-141,Carrier,0
KLT-013952,SUP-189,WH-01,0
KLT-013953,SUP-062,Carrier,0
KLT-013954,SUP-005,Supplier,0
KLT-013955,SUP-045,WH-02,0
KLT-013956,SUP-074,WH-02,0
KLT-013957,SUP-028,Supplier,0
KLT-013958,SUP-131,Carrier,0
KLT-013959,SUP-109,Supplier,0
KLT-013960,SUP-120,WH-01,0
KLT-013961,SUP-022,WH-02,0
KLT-013962,SUP-140,WH-02,0
KLT-013963,SUP-113,WH-02,0
KLT-013964,SUP-110,WH-02,0
KLT-013965,SUP-142,Carrier,0
KLT-013966,SUP-187,WH-02,0
KLT-013967,SUP-068,Carrier,0
KLT-013968,SUP-101,Supplier,0
KLT-013969,SUP-108,Carrier,0
KLT-013970,SUP-075,Supplier,0
KLT-013971,SUP-157,Supplier,0
KLT-013972,SUP-017,Carrier,0
KLT-013973,SUP-194,WH-01,0
KLT-013974,SUP-109,Supplier,0
KLT-013975,SUP-008,WH-02,0
KLT-013976,SUP-183,WH-01,0
KLT-013977,SUP-185,Carrier,0
KLT-013978,SUP-019,WH-02,0
KLT-013979,SUP-134,Carrier,0
KLT-013980,SUP-086,WH-02,0
KLT-013981,SUP-079,Carrier,0
KLT-013982,SUP-006,Supplier,0
KLT-013983,SUP-176,WH-02,0
KLT-013984,SUP-167,Supplier,0
KLT-013985,SUP-106,Carrier,0
KLT-013986,SUP-196,WH-02,0
KLT-013987,SUP-008,Carrier,0
KLT-013988,SUP-149,WH-02,0
KLT-013989,SUP-149,WH-02,0
KLT-013990,SUP-065,Carrier,0
KLT-013991,SUP-194,Carrier,0
KLT-013992,SUP-162,WH-02,0
KLT-013993,SUP-196,WH-02,0
KLT-013994,SUP-171,WH-01,0
KLT-013995,SUP-073,Supplier,0
KLT-013996,SUP-047,Carrier,0
KLT-013997,SUP-175,Carrier,0
KLT-013998,SUP-026,Supplier,0
KLT-013999,SUP-102,Supplier,0
KLT-014000,SUP-169,Supplier,0
KLT-014001,SUP-172,Carrier,0
KLT-014002,SUP-012,WH-02,0
KLT-014003,SUP-168,Carrier,0
KLT-014004,SUP-185,Carrier,0
KLT-014005,SUP-156,Carrier,0
KLT-014006,SUP-153,WH-02,0
KLT-014007,SUP-096,WH-01,0
KLT-014008,SUP-091,WH-01,0
KLT-014009,SUP-194,Supplier,0
KLT-014010,SUP-040,Carrier,0
KLT-014011,SUP-021,WH-01,0
KLT-014012,SUP-080,WH-02,0
KLT-014013,SUP-107,WH-02,0
KLT-014014,SUP-072,Supplier,0
KLT-014015,SUP-179,Carrier,0
KLT-014016,SUP-019,Carrier,0
KLT-014017,SUP-199,WH-02,0
KLT-014018,SUP-017,WH-01,0
KLT-014019,SUP-155,WH-02,0
KLT-014020,SUP-135,Supplier,0
KLT-014021,SUP-155,WH-01,0
KLT-014022,SUP-020,Carrier,0
KLT-014023,SUP-129,WH-01,0
KLT-014024,SUP-078,WH-02,0
KLT-014025,SUP-135,WH-02,0
KLT-014026,SUP-070,Supplier,0
KLT-014027,SUP-045,Carrier,0
KLT-014028,SUP-192,WH-01,0
KLT-014029,SUP-024,Supplier,0
KLT-014030,SUP-118,WH-02,0
KLT-014031,SUP-074,Supplier,0
KLT-014032,SUP-168,WH-01,0
KLT-014033,SUP-150,Supplier,0
KLT-014034,SUP-190,Carrier,0
KLT-014035,SUP-144,Supplier,0
KLT-014036,SUP-064,WH-02,0
KLT-014037,SUP-162,Carrier,0
KLT-014038,SUP-078,WH-01,0
KLT-014039,SUP-104,Supplier,0
KLT-014040,SUP-114,WH-01,0
KLT-014041,SUP-188,Carrier,0
KLT-014042,SUP-173,Carrier,0
KLT-014043,SUP-126,Supplier,0
KLT-014044,SUP-132,Carrier,0
KLT-014045,SUP-131,WH-02,0
KLT-014046,SUP-044,WH-01,0
KLT-014047,SUP-068,Carrier,0
KLT-014048,SUP-159,Supplier,0
KLT-014049,SUP-161,WH-02,0
KLT-014050,SUP-014,WH-01,0
KLT-014051,SUP-015,Supplier,0
KLT-014052,SUP-120,WH-02,0
KLT-014053,SUP-093,Carrier,0
KLT-014054,SUP-083,WH-02,0
KLT-014055,SUP-190,Supplier,0
KLT-014056,SUP-191,WH-02,0
KLT-014057,SUP-056,Carrier,0
KLT-014058,SUP-188,Supplier,0
KLT-014059,SUP-137,Supplier,0
KLT-014060,SUP-146,WH-02,0
KLT-014061,SUP-045,Supplier,0
KLT-014062,SUP-158,WH-02,0
KLT-014063,SUP-003,WH-02,0
KLT-014064,SUP-112,Carrier,0
KLT-014065,SUP-131,WH-02,0
KLT-014066,SUP-017,WH-02,0
KLT-014067,SUP-200,WH-01,0
KLT-014068,SUP-133,Carrier,0
KLT-014069,SUP-016,Supplier,0
KLT-014070,SUP-148,WH-01,0
KLT-014071,SUP-022,Supplier,0
KLT-014072,SUP-047,WH-02,0
KLT-014073,SUP-189,WH-01,0
KLT-014074,SUP-058,WH-01,0
KLT-014075,SUP-100,Supplier,0
KLT-014076,SUP-091,WH-01,0
KLT-014077,SUP-070,Supplier,0
KLT-014078,SUP-124,Supplier,0
KLT-014079,SUP-074,WH-01,0
KLT-014080,SUP-106,Carrier,0
KLT-014081,SUP-054,WH-01,0
KLT-014082,SUP-003,WH-02,0
KLT-014083,SUP-011,WH-01,0
KLT-014084,SUP-030,WH-01,0
KLT-014085,SUP-109,WH-01,0
KLT-014086,SUP-072,WH-02,0
KLT-014087,SUP-070,Carrier,0
KLT-014088,SUP-170,Supplier,0
KLT-014089,SUP-067,Carrier,0
KLT-014090,SUP-011,Supplier,0
KLT-014091,SUP-183,Carrier,0
KLT-014092,SUP-172,WH-01,0
KLT-014093,SUP-089,Supplier,0
KLT-014094,SUP-029,Carrier,0
KLT-014095,SUP-091,Supplier,0
KLT-014096,SUP-052,Supplier,0
KLT-014097,SUP-176,Carrier,0
KLT-014098,SUP-126,WH-02,0
KLT-014099,SUP-055,WH-02,0
KLT-014100,SUP-193,WH-01,0
KLT-014101,SUP-028,WH-01,0
KLT-014102,SUP-155,Supplier,0
KLT-014103,SUP-105,WH-02,0
KLT-014104,SUP-127,Supplier,0
KLT-014105,SUP-164,WH-02,0
KLT-014106,SUP-110,Supplier,0
KLT-014107,SUP-185,WH-02,0
KLT-014108,SUP-132,Carrier,0
KLT-014109,SUP-179,WH-02,0
KLT-014110,SUP-063,WH-02,0
KLT-014111,SUP-007,Supplier,0
KLT-014112,SUP-185,WH-01,0
KLT-014113,SUP-069,WH-02,0
KLT-014114,SUP-064,WH-02,0
KLT-014115,SUP-027,WH-01,0
KLT-014116,SUP-168,WH-01,0
KLT-014117,SUP-147,WH-01,0
KLT-014118,SUP-029,Supplier,0
KLT-014119,SUP-091,Supplier,0
KLT-014120,SUP-200,WH-02,0
KLT-014121,SUP-066,WH-01,0
KLT-014122,SUP-175,WH-01,0
KLT-014123,SUP-099,WH-01,0
KLT-014124,SUP-111,WH-02,0
KLT-014125,SUP-058,WH-01,0
KLT-014126,SUP-120,Carrier,0
KLT-014127,SUP-181,WH-01,0
KLT-014128,SUP-086,WH-02,0
KLT-014129,SUP-037,Supplier,0
KLT-014130,SUP-168,WH-01,0
KLT-014131,SUP-032,WH-01,0
KLT-014132,SUP-111,Supplier,0
KLT-014133,SUP-094,Supplier,0
KLT-014134,SUP-100,WH-02,0
KLT-014135,SUP-099,Supplier,0
KLT-014136,SUP-200,Carrier,0
KLT-014137,SUP-121,WH-02,0
KLT-014138,SUP-192,Carrier,0
KLT-014139,SUP-118,Supplier,0
KLT-014140,SUP-028,Carrier,0
KLT-014141,SUP-026,Carrier,0
KLT-014142,SUP-160,Carrier,0
KLT-014143,SUP-141,Supplier,0
KLT-014144,SUP-079,WH-01,0
KLT-014145,SUP-029,WH-01,0
KLT-014146,SUP-026,WH-01,0
KLT-014147,SUP-081,Supplier,0
KLT-014148,SUP-150,WH-01,0
KLT-014149,SUP-044,WH-02,0
KLT-014150,SUP-076,Carrier,0
KLT-014151,SUP-141,WH-01,0
KLT-014152,SUP-096,Carrier,0
KLT-014153,SUP-124,Carrier,0
KLT-014154,SUP-034,WH-02,0
KLT-014155,SUP-050,WH-01,0
KLT-014156,SUP-026,WH-01,0
KLT-014157,SUP-112,WH-01,0
KLT-014158,SUP-037,Carrier,0
KLT-014159,SUP-110,Supplier,0
KLT-014160,SUP-114,Supplier,0
KLT-014161,SUP-135,Carrier,0
KLT-014162,SUP-151,WH-01,0
KLT-014163,SUP-161,WH-01,0
KLT-014164,SUP-026,Carrier,0
KLT-014165,SUP-190,WH-01,0
KLT-014166,SUP-058,WH-01,0
KLT-014167,SUP-160,WH-01,0
KLT-014168,SUP-035,WH-02,0
KLT-014169,SUP-095,Supplier,0
KLT-014170,SUP-104,Carrier,0
KLT-014171,SUP-068,Supplier,0
KLT-014172,SUP-076,WH-02,0
KLT-014173,SUP-106,Supplier,0
KLT-014174,SUP-106,Supplier,0
KLT-014175,SUP-009,Carrier,0
KLT-014176,SUP-091,Supplier,0
KLT-014177,SUP-014,Supplier,0
KLT-014178,SUP-113,Supplier,0
KLT-014179,SUP-048,WH-02,0
KLT-014180,SUP-048,WH-01,0
KLT-014181,SUP-079,Carrier,0
KLT-014182,SUP-078,Carrier,0
KLT-014183,SUP-045,Supplier,0
KLT-014184,SUP-069,WH-01,0
KLT-014185,SUP-196,WH-01,0
KLT-014186,SUP-027,WH-02,0
KLT-014187,SUP-014,WH-01,0
KLT-014188,SUP-037,WH-02,0
KLT-014189,SUP-147,WH-01,0
KLT-014190,SUP-057,Carrier,0
KLT-014191,SUP-138,Supplier,0
KLT-014192,SUP-037,Supplier,0
KLT-014193,SUP-027,WH-01,0
KLT-014194,SUP-133,Carrier,0
KLT-014195,SUP-139,WH-02,0
KLT-014196,SUP-083,Supplier,0
KLT-014197,SUP-179,Supplier,0
KLT-014198,SUP-166,WH-02,0
KLT-014199,SUP-075,WH-01,0
KLT-014200,SUP-003,WH-02,0
KLT-014201,SUP-138,Carrier,0
KLT-014202,SUP-138,Carrier,0
KLT-014203,SUP-103,Supplier,0
KLT-014204,SUP-065,Supplier,0
KLT-014205,SUP-137,WH-02,0
KLT-014206,SUP-136,Supplier,0
KLT-014207,SUP-177,Carrier,0
KLT-014208,SUP-127,Carrier,0
KLT-014209,SUP-096,Supplier,0
KLT-014210,SUP-047,Supplier,0
KLT-014211,SUP-158,WH-01,0
KLT-014212,SUP-024,Supplier,0
KLT-014213,SUP-098,Carrier,0
KLT-014214,SUP-118,WH-02,0
KLT-014215,SUP-139,WH-01,0
KLT-014216,SUP-176,Carrier,0
KLT-014217,SUP-075,Supplier,0
KLT-014218,SUP-150,WH-01,0
KLT-014219,SUP-141,WH-01,0
KLT-014220,SUP-166,Carrier,0
KLT-014221,SUP-089,Carrier,0
KLT-014222,SUP-082,Carrier,0
KLT-014223,SUP-180,WH-02,0
KLT-014224,SUP-100,Carrier,0
KLT-014225,SUP-168,WH-02,0
KLT-014226,SUP-026,WH-01,0
KLT-014227,SUP-040,Supplier,0
KLT-014228,SUP-111,Carrier,0
KLT-014229,SUP-102,WH-01,0
KLT-014230,SUP-024,Supplier,0
KLT-014231,SUP-173,Carrier,0
KLT-014232,SUP-041,WH-02,0
KLT-014233,SUP-144,WH-02,0
KLT-014234,SUP-041,WH-02,0
KLT-014235,SUP-006,WH-02,0
KLT-014236,SUP-084,Carrier,0
KLT-014237,SUP-155,WH-02,0
KLT-014238,SUP-146,Supplier,0
KLT-014239,SUP-019,Carrier,0
KLT-014240,SUP-174,WH-01,0
KLT-014241,SUP-006,Supplier,0
KLT-014242,SUP-140,Supplier,0
KLT-014243,SUP-193,Carrier,0
KLT-014244,SUP-198,Carrier,0
KLT-014245,SUP-033,Supplier,0
KLT-014246,SUP-031,Supplier,0
KLT-014247,SUP-114,WH-02,0
KLT-014248,SUP-048,WH-02,0
KLT-014249,SUP-031,WH-01,0
KLT-014250,SUP-071,Supplier,0
KLT-014251,SUP-027,WH-02,0
KLT-014252,SUP-055,WH-02,0
KLT-014253,SUP-088,WH-01,0
KLT-014254,SUP-051,WH-01,0
KLT-014255,SUP-122,WH-02,0
KLT-014256,SUP-177,WH-02,0
KLT-014257,SUP-178,WH-01,0
KLT-014258,SUP-107,WH-02,0
KLT-014259,SUP-018,WH-01,0
KLT-014260,SUP-147,WH-02,0
KLT-014261,SUP-023,WH-02,0
KLT-014262,SUP-158,WH-01,0
KLT-014263,SUP-079,Carrier,0
KLT-014264,SUP-073,WH-01,0
KLT-014265,SUP-065,Carrier,0
KLT-014266,SUP-083,WH-01,0
KLT-014267,SUP-200,WH-02,0
KLT-014268,SUP-155,Carrier,0
KLT-014269,SUP-076,WH-01,0
KLT-014270,SUP-068,WH-01,0
KLT-014271,SUP-132,Carrier,0
KLT-014272,SUP-057,Supplier,0
KLT-014273,SUP-035,WH-02,0
KLT-014274,SUP-096,WH-01,0
KLT-014275,SUP-193,WH-01,0
KLT-014276,SUP-085,Carrier,0
KLT-014277,SUP-146,Supplier,0
KLT-014278,SUP-096,WH-01,0
KLT-014279,SUP-127,Supplier,0
KLT-014280,SUP-198,WH-01,0
KLT-014281,SUP-057,WH-02,0
KLT-014282,SUP-124,WH-01,0
KLT-014283,SUP-131,WH-01,0
KLT-014284,SUP-196,Carrier,0
KLT-014285,SUP-140,Supplier,0
KLT-014286,SUP-072,Supplier,0
KLT-014287,SUP-013,WH-01,0
KLT-014288,SUP-048,Carrier,0
KLT-014289,SUP-067,WH-02,0
KLT-014290,SUP-020,Carrier,0
KLT-014291,SUP-045,Supplier,0
KLT-014292,SUP-087,Supplier,0
KLT-014293,SUP-010,Supplier,0
KLT-014294,SUP-042,WH-02,0
KLT-014295,SUP-023,WH-01,0
KLT-014296,SUP-071,WH-01,0
KLT-014297,SUP-047,WH-01,0
KLT-014298,SUP-078,WH-01,0
KLT-014299,SUP-029,WH-01,0
KLT-014300,SUP-039,WH-02,0
KLT-014301,SUP-137,Supplier,0
KLT-014302,SUP-162,Carrier,0
KLT-014303,SUP-118,Carrier,0
KLT-014304,SUP-170,Carrier,0
KLT-014305,SUP-051,WH-02,0
KLT-014306,SUP-086,WH-01,0
KLT-014307,SUP-081,Carrier,0
KLT-014308,SUP-050,WH-01,0
KLT-014309,SUP-097,Carrier,0
KLT-014310,SUP-075,WH-02,0
KLT-014311,SUP-162,Supplier,0
KLT-014312,SUP-051,Supplier,0
KLT-014313,SUP-029,WH-01,0
KLT-014314,SUP-058,WH-01,0
KLT-014315,SUP-160,Supplier,0
KLT-014316,SUP-003,Carrier,0
KLT-014317,SUP-069,Carrier,0
KLT-014318,SUP-062,Carrier,0
KLT-014319,SUP-035,WH-02,0
KLT-014320,SUP-013,Carrier,0
KLT-014321,SUP-049,WH-01,0
KLT-014322,SUP-056,WH-01,0
KLT-014323,SUP-122,Supplier,0
KLT-014324,SUP-117,Supplier,0
KLT-014325,SUP-094,Carrier,0
KLT-014326,SUP-196,WH-02,0
KLT-014327,SUP-138,Carrier,0
KLT-014328,SUP-120,Carrier,0
KLT-014329,SUP-016,Carrier,0
KLT-014330,SUP-076,Supplier,0
KLT-014331,SUP-088,WH-01,0
KLT-014332,SUP-044,Supplier,0
KLT-014333,SUP-162,WH-02,0
KLT-014334,SUP-095,Carrier,0
KLT-014335,SUP-015,WH-02,0
KLT-014336,SUP-153,Supplier,0
KLT-014337,SUP-200,Carrier,0
KLT-014338,SUP-014,WH-01,0
KLT-014339,SUP-123,WH-02,0
KLT-014340,SUP-177,WH-01,0
KLT-014341,SUP-032,WH-01,0
KLT-014342,SUP-016,WH-01,0
KLT-014343,SUP-024,WH-01,0
KLT-014344,SUP-116,WH-01,0
KLT-014345,SUP-197,Carrier,0
KLT-014346,SUP-070,Carrier,0
KLT-014347,SUP-183,Supplier,0
KLT-014348,SUP-137,WH-01,0
KLT-014349,SUP-174,Carrier,0
KLT-014350,SUP-165,Carrier,0
KLT-014351,SUP-025,Carrier,0
KLT-014352,SUP-136,Supplier,0
KLT-014353,SUP-113,Carrier,0
KLT-014354,SUP-106,Supplier,0
KLT-014355,SUP-167,WH-02,0
KLT-014356,SUP-104,WH-01,0
KLT-014357,SUP-169,WH-01,0
KLT-014358,SUP-032,Supplier,0
KLT-014359,SUP-184,WH-01,0
KLT-014360,SUP-102,Supplier,0
KLT-014361,SUP-031,Carrier,0
KLT-014362,SUP-107,WH-01,0
KLT-014363,SUP-051,WH-02,0
KLT-014364,SUP-023,WH-02,0
KLT-014365,SUP-142,WH-01,0
KLT-014366,SUP-166,Supplier,0
KLT-014367,SUP-145,WH-02,0
KLT-014368,SUP-008,WH-01,0
KLT-014369,SUP-049,Carrier,0
KLT-014370,SUP-004,WH-02,0
KLT-014371,SUP-005,WH-01,0
KLT-014372,SUP-134,Supplier,0
KLT-014373,SUP-075,WH-02,0
KLT-014374,SUP-090,WH-01,0
KLT-014375,SUP-053,WH-02,0
KLT-014376,SUP-158,WH-01,0
KLT-014377,SUP-066,WH-01,0
KLT-014378,SUP-143,Carrier,0
KLT-014379,SUP-089,Supplier,0
KLT-014380,SUP-068,Supplier,0
KLT-014381,SUP-146,Supplier,0
KLT-014382,SUP-107,Carrier,40
KLT-014383,SUP-200,WH-01,0
KLT-014384,SUP-098,WH-02,0
KLT-014385,SUP-081,WH-01,0
KLT-014386,SUP-043,Carrier,0
KLT-014387,SUP-078,WH-02,0
KLT-014388,SUP-099,WH-01,0
KLT-014389,SUP-197,Carrier,0
KLT-014390,SUP-014,Supplier,0
KLT-014391,SUP-044,Carrier,0
KLT-014392,SUP-075,Supplier,0
KLT-014393,SUP-101,Carrier,0
KLT-014394,SUP-027,Carrier,0
KLT-014395,SUP-144,Supplier,0
KLT-014396,SUP-136,Supplier,0
KLT-014397,SUP-167,WH-01,0
KLT-014398,SUP-030,Carrier,0
KLT-014399,SUP-032,Supplier,0
KLT-014400,SUP-003,Supplier,0
KLT-014401,SUP-185,Carrier,0
KLT-014402,SUP-187,WH-01,0
KLT-014403,SUP-143,Carrier,0
KLT-014404,SUP-188,Supplier,0
KLT-014405,SUP-198,Carrier,0
KLT-014406,SUP-062,WH-01,0
KLT-014407,SUP-114,WH-01,0
KLT-014408,SUP-182,WH-01,0
KLT-014409,SUP-167,WH-01,0
KLT-014410,SUP-142,WH-01,0
KLT-014411,SUP-117,Carrier,0
KLT-014412,SUP-094,WH-02,0
KLT-014413,SUP-140,WH-01,0
KLT-014414,SUP-044,Carrier,0
KLT-014415,SUP-110,Supplier,0
KLT-014416,SUP-186,Carrier,0
KLT-014417,SUP-115,WH-02,0
KLT-014418,SUP-164,WH-02,0
KLT-014419,SUP-069,WH-02,0
KLT-014420,SUP-199,Carrier,0
KLT-014421,SUP-176,Supplier,0
KLT-014422,SUP-084,Carrier,0
KLT-014423,SUP-025,Carrier,0
KLT-014424,SUP-118,WH-02,0
KLT-014425,SUP-037,Carrier,0
KLT-014426,SUP-131,Supplier,0
KLT-014427,SUP-182,WH-01,0
KLT-014428,SUP-078,WH-01,0
KLT-014429,SUP-030,WH-02,0
KLT-014430,SUP-087,WH-01,0
KLT-014431,SUP-034,Carrier,0
KLT-014432,SUP-042,WH-01,0
KLT-014433,SUP-130,WH-02,0
KLT-014434,SUP-172,WH-01,0
KLT-014435,SUP-044,WH-01,0
KLT-014436,SUP-113,WH-01,0
KLT-014437,SUP-138,WH-01,0
KLT-014438,SUP-009,Supplier,0
KLT-014439,SUP-097,WH-01,0
KLT-014440,SUP-005,WH-02,0
KLT-014441,SUP-022,Carrier,0
KLT-014442,SUP-178,Supplier,0
KLT-014443,SUP-087,WH-02,0
KLT-014444,SUP-108,Supplier,0
KLT-014445,SUP-042,WH-02,0
KLT-014446,SUP-036,WH-01,0
KLT-014447,SUP-126,Carrier,0
KLT-014448,SUP-097,WH-02,0
KLT-014449,SUP-074,WH-01,0
KLT-014450,SUP-146,Carrier,0
KLT-014451,SUP-098,WH-01,0
KLT-014452,SUP-004,WH-02,0
KLT-014453,SUP-010,Carrier,0
KLT-014454,SUP-123,Supplier,0
KLT-014455,SUP-112,WH-02,0
KLT-014456,SUP-023,Carrier,0
KLT-014457,SUP-049,Supplier,0
KLT-014458,SUP-032,Supplier,0
KLT-014459,SUP-085,WH-02,0
KLT-014460,SUP-126,WH-01,0
KLT-014461,SUP-033,Supplier,0
KLT-014462,SUP-071,WH-02,0
KLT-014463,SUP-132,Supplier,0
KLT-014464,SUP-085,WH-01,0
KLT-014465,SUP-161,Supplier,0
KLT-014466,SUP-167,Carrier,0
KLT-014467,SUP-146,Supplier,0
KLT-014468,SUP-163,WH-01,0
KLT-014469,SUP-183,WH-01,0
KLT-014470,SUP-074,WH-01,0
KLT-014471,SUP-039,WH-01,0
KLT-014472,SUP-140,WH-01,0
KLT-014473,SUP-046,WH-02,0
KLT-014474,SUP-001,Supplier,0
KLT-014475,SUP-106,Supplier,0
KLT-014476,SUP-105,WH-02,0
KLT-014477,SUP-143,Supplier,0
KLT-014478,SUP-102,Carrier,0
KLT-014479,SUP-064,WH-01,0
KLT-014480,SUP-197,WH-02,0
KLT-014481,SUP-193,WH-02,0
KLT-014482,SUP-075,Carrier,0
KLT-014483,SUP-004,WH-01,0
KLT-014484,SUP-005,Supplier,0
KLT-014485,SUP-053,Supplier,0
KLT-014486,SUP-020,WH-01,0
KLT-014487,SUP-097,Carrier,0
KLT-014488,SUP-035,Carrier,0
KLT-014489,SUP-119,Supplier,0
KLT-014490,SUP-174,Supplier,0
KLT-014491,SUP-132,WH-01,0
KLT-014492,SUP-044,WH-01,0
KLT-014493,SUP-119,Carrier,0
KLT-014494,SUP-124,WH-01,0
KLT-014495,SUP-041,Carrier,0
KLT-014496,SUP-164,Supplier,0
KLT-014497,SUP-030,WH-02,0
KLT-014498,SUP-037,Carrier,0
KLT-014499,SUP-152,WH-01,0
KLT-014500,SUP-013,WH-01,0
KLT-014501,SUP-171,WH-02,0
KLT-014502,SUP-115,Carrier,0
KLT-014503,SUP-109,WH-01,0
KLT-014504,SUP-186,Carrier,0
KLT-014505,SUP-006,Carrier,0
KLT-014506,SUP-183,WH-02,0
KLT-014507,SUP-178,WH-02,0
KLT-014508,SUP-093,WH-01,0
KLT-014509,SUP-145,WH-02,0
KLT-014510,SUP-150,WH-02,0
KLT-014511,SUP-012,Carrier,0
KLT-014512,SUP-108,Supplier,0
KLT-014513,SUP-040,WH-02,0
KLT-014514,SUP-134,WH-02,0
KLT-014515,SUP-189,WH-01,0
KLT-014516,SUP-197,WH-01,0
KLT-014517,SUP-078,Carrier,0
KLT-014518,SUP-197,WH-02,0
KLT-014519,SUP-157,WH-02,0
KLT-014520,SUP-153,WH-02,0
KLT-014521,SUP-145,WH-02,0
KLT-014522,SUP-028,WH-01,0
KLT-014523,SUP-157,Supplier,0
KLT-014524,SUP-033,WH-02,0
KLT-014525,SUP-095,Supplier,0
KLT-014526,SUP-003,Supplier,0
KLT-014527,SUP-092,Supplier,0
KLT-014528,SUP-045,Carrier,0
KLT-014529,SUP-121,WH-02,0
KLT-014530,SUP-087,WH-01,0
KLT-014531,SUP-026,WH-02,0
KLT-014532,SUP-035,Carrier,0
KLT-014533,SUP-144,Supplier,0
KLT-014534,SUP-019,Carrier,0
KLT-014535,SUP-082,WH-02,0
KLT-014536,SUP-017,Supplier,0
KLT-014537,SUP-047,Supplier,0
KLT-014538,SUP-097,WH-01,0
KLT-014539,SUP-174,Supplier,0
KLT-014540,SUP-174,Carrier,0
KLT-014541,SUP-026,Carrier,0
KLT-014542,SUP-143,WH-01,0
KLT-014543,SUP-054,Carrier,0
KLT-014544,SUP-144,WH-02,0
KLT-014545,SUP-106,WH-01,0
KLT-014546,SUP-168,WH-02,0
KLT-014547,SUP-010,WH-01,0
KLT-014548,SUP-028,WH-01,0
KLT-014549,SUP-121,Supplier,0
KLT-014550,SUP-152,WH-01,0
KLT-014551,SUP-077,WH-01,0
KLT-014552,SUP-024,WH-02,0
KLT-014553,SUP-130,WH-01,0
KLT-014554,SUP-128,Carrier,0
KLT-014555,SUP-079,WH-01,0
KLT-014556,SUP-050,WH-01,0
KLT-014557,SUP-021,Supplier,0
KLT-014558,SUP-135,WH-01,0
KLT-014559,SUP-128,WH-02,0
KLT-014560,SUP-028,Supplier,0
KLT-014561,SUP-109,Carrier,49
KLT-014562,SUP-037,Carrier,0
KLT-014563,SUP-031,WH-01,0
KLT-014564,SUP-161,WH-02,0
KLT-014565,SUP-029,WH-01,0
KLT-014566,SUP-197,WH-02,0
KLT-014567,SUP-119,WH-01,0
KLT-014568,SUP-065,WH-01,0
KLT-014569,SUP-056,WH-02,0
KLT-014570,SUP-052,WH-01,0
KLT-014571,SUP-145,WH-02,0
KLT-014572,SUP-092,Supplier,0
KLT-014573,SUP-141,Supplier,0
KLT-014574,SUP-175,Carrier,0
KLT-014575,SUP-177,WH-02,0
KLT-014576,SUP-178,WH-01,0
KLT-014577,SUP-018,Carrier,0
KLT-014578,SUP-014,Carrier,0
KLT-014579,SUP-048,WH-02,0
KLT-014580,SUP-057,Carrier,0
KLT-014581,SUP-097,WH-02,0
KLT-014582,SUP-018,Supplier,0
KLT-014583,SUP-081,WH-01,0
KLT-014584,SUP-005,WH-02,0
KLT-014585,SUP-046,WH-02,0
KLT-014586,SUP-042,WH-02,0
KLT-014587,SUP-169,WH-01,0
KLT-014588,SUP-072,WH-01,0
KLT-014589,SUP-184,Supplier,0
KLT-014590,SUP-004,WH-02,0
KLT-014591,SUP-126,Supplier,0
KLT-014592,SUP-182,WH-01,0
KLT-014593,SUP-096,WH-02,0
KLT-014594,SUP-020,Carrier,0
KLT-014595,SUP-055,Supplier,0
KLT-014596,SUP-141,WH-02,0
KLT-014597,SUP-072,Carrier,0
KLT-014598,SUP-177,WH-01,0
KLT-014599,SUP-042,WH-01,0
KLT-014600,SUP-104,Carrier,0
KLT-014601,SUP-095,Supplier,0
KLT-014602,SUP-035,WH-02,0
KLT-014603,SUP-130,Supplier,0
KLT-014604,SUP-181,WH-01,0
KLT-014605,SUP-048,Supplier,0
KLT-014606,SUP-093,WH-01,0
KLT-014607,SUP-170,WH-02,0
KLT-014608,SUP-192,Carrier,0
KLT-014609,SUP-163,WH-02,0
KLT-014610,SUP-094,Carrier,0
KLT-014611,SUP-005,WH-02,0
KLT-014612,SUP-111,WH-01,0
KLT-014613,SUP-094,WH-02,0
KLT-014614,SUP-023,WH-02,0
KLT-014615,SUP-104,Carrier,0
KLT-014616,SUP-126,WH-01,0
KLT-014617,SUP-198,Supplier,0
KLT-014618,SUP-048,WH-01,0
KLT-014619,SUP-014,Carrier,0
KLT-014620,SUP-200,Supplier,0
KLT-014621,SUP-068,Supplier,0
KLT-014622,SUP-047,WH-01,0
KLT-014623,SUP-118,Carrier,0
KLT-014624,SUP-113,Supplier,0
KLT-014625,SUP-055,Carrier,0
KLT-014626,SUP-021,WH-02,0
KLT-014627,SUP-146,WH-01,0
KLT-014628,SUP-005,Supplier,0
KLT-014629,SUP-168,Supplier,0
KLT-014630,SUP-057,Carrier,0
KLT-014631,SUP-088,WH-02,0
KLT-014632,SUP-197,WH-01,0
KLT-014633,SUP-017,Carrier,0
KLT-014634,SUP-095,Carrier,0
KLT-014635,SUP-157,WH-02,0
KLT-014636,SUP-088,WH-01,0
KLT-014637,SUP-042,Carrier,0
KLT-014638,SUP-009,WH-01,0
KLT-014639,SUP-047,Supplier,0
KLT-014640,SUP-071,Carrier,0
KLT-014641,SUP-062,WH-02,0
KLT-014642,SUP-200,Carrier,0
KLT-014643,SUP-120,WH-01,0
KLT-014644,SUP-193,WH-01,0
KLT-014645,SUP-161,Carrier,0
KLT-014646,SUP-159,WH-01,0
KLT-014647,SUP-009,Carrier,0
KLT-014648,SUP-040,Carrier,0
KLT-014649,SUP-155,Supplier,0
KLT-014650,SUP-011,Carrier,0
KLT-014651,SUP-114,Supplier,0
KLT-014652,SUP-036,Supplier,0
KLT-014653,SUP-033,WH-01,0
KLT-014654,SUP-179,Supplier,0
KLT-014655,SUP-062,Carrier,0
KLT-014656,SUP-067,WH-01,0
KLT-014657,SUP-174,WH-01,0
KLT-014658,SUP-158,WH-01,0
KLT-014659,SUP-016,WH-01,0
KLT-014660,SUP-181,WH-01,0
KLT-014661,SUP-133,Supplier,0
KLT-014662,SUP-015,Supplier,0
KLT-014663,SUP-143,WH-01,0
KLT-014664,SUP-041,WH-01,0
KLT-014665,SUP-027,WH-01,0
KLT-014666,SUP-187,WH-01,0
KLT-014667,SUP-108,Supplier,0
KLT-014668,SUP-113,WH-02,0
KLT-014669,SUP-080,WH-02,0
KLT-014670,SUP-076,Carrier,0
KLT-014671,SUP-109,WH-02,0
KLT-014672,SUP-011,WH-01,0
KLT-014673,SUP-059,Carrier,0
KLT-014674,SUP-180,Carrier,0
KLT-014675,SUP-149,Supplier,0
KLT-014676,SUP-010,WH-01,0
KLT-014677,SUP-171,WH-01,0
KLT-014678,SUP-188,Supplier,0
KLT-014679,SUP-025,WH-02,0
KLT-014680,SUP-157,WH-02,0
KLT-014681,SUP-169,WH-01,0
KLT-014682,SUP-059,Carrier,0
KLT-014683,SUP-101,Carrier,0
KLT-014684,SUP-131,Carrier,0
KLT-014685,SUP-007,Supplier,0
KLT-014686,SUP-118,WH-02,0
KLT-014687,SUP-199,WH-02,0
KLT-014688,SUP-049,WH-02,0
KLT-014689,SUP-117,WH-01,0
KLT-014690,SUP-107,WH-02,0
KLT-014691,SUP-197,Carrier,0
KLT-014692,SUP-186,WH-01,0
KLT-014693,SUP-047,WH-01,0
KLT-014694,SUP-116,WH-02,0
KLT-014695,SUP-064,Supplier,0
KLT-014696,SUP-069,Carrier,0
KLT-014697,SUP-149,WH-01,0
KLT-014698,SUP-120,Carrier,0
KLT-014699,SUP-036,WH-02,0
KLT-014700,SUP-064,Supplier,0
KLT-014701,SUP-093,Carrier,0
KLT-014702,SUP-005,Supplier,0
KLT-014703,SUP-037,WH-01,0
KLT-014704,SUP-135,WH-02,0
KLT-014705,SUP-158,WH-02,0
KLT-014706,SUP-130,Supplier,0
KLT-014707,SUP-088,WH-01,0
KLT-014708,SUP-192,WH-01,0
KLT-014709,SUP-113,WH-02,0
KLT-014710,SUP-148,WH-02,0
KLT-014711,SUP-120,WH-01,0
KLT-014712,SUP-167,Carrier,0
KLT-014713,SUP-128,Supplier,0
KLT-014714,SUP-173,WH-01,0
KLT-014715,SUP-196,Supplier,0
KLT-014716,SUP-122,WH-02,0
KLT-014717,SUP-009,WH-02,0
KLT-014718,SUP-130,WH-01,0
KLT-014719,SUP-038,Carrier,0
KLT-014720,SUP-129,WH-01,0
KLT-014721,SUP-025,WH-02,0
KLT-014722,SUP-081,Supplier,0
KLT-014723,SUP-144,WH-01,0
KLT-014724,SUP-137,WH-02,0
KLT-014725,SUP-065,WH-02,0
KLT-014726,SUP-198,Supplier,0
KLT-014727,SUP-101,Supplier,0
KLT-014728,SUP-147,WH-02,0
KLT-014729,SUP-169,Supplier,0
KLT-014730,SUP-070,WH-02,0
KLT-014731,SUP-106,WH-01,0
KLT-014732,SUP-124,Supplier,0
KLT-014733,SUP-189,WH-02,0
KLT-014734,SUP-084,WH-01,0
KLT-014735,SUP-120,Supplier,0
KLT-014736,SUP-012,WH-01,0
KLT-014737,SUP-047,WH-01,0
KLT-014738,SUP-024,WH-01,0
KLT-014739,SUP-060,WH-01,0
KLT-014740,SUP-099,Supplier,0
KLT-014741,SUP-118,Supplier,0
KLT-014742,SUP-196,Carrier,0
KLT-014743,SUP-141,Supplier,0
KLT-014744,SUP-028,WH-02,0
KLT-014745,SUP-035,WH-02,0
KLT-014746,SUP-108,Supplier,0
KLT-014747,SUP-039,Carrier,0
KLT-014748,SUP-017,WH-01,0
KLT-014749,SUP-084,WH-01,0
KLT-014750,SUP-043,WH-01,0
KLT-014751,SUP-001,WH-01,0
KLT-014752,SUP-145,Carrier,0
KLT-014753,SUP-064,Supplier,0
KLT-014754,SUP-109,Supplier,0
KLT-014755,SUP-106,WH-02,0
KLT-014756,SUP-045,WH-01,0
KLT-014757,SUP-158,WH-01,0
KLT-014758,SUP-158,WH-02,0
KLT-014759,SUP-128,WH-02,0
KLT-014760,SUP-010,WH-01,0
KLT-014761,SUP-052,WH-01,0
KLT-014762,SUP-183,Carrier,0
KLT-014763,SUP-165,WH-01,0
KLT-014764,SUP-055,Supplier,0
KLT-014765,SUP-131,Supplier,0
KLT-014766,SUP-020,WH-01,0
KLT-014767,SUP-167,WH-02,0
KLT-014768,SUP-020,WH-02,0
KLT-014769,SUP-191,WH-02,0
KLT-014770,SUP-137,WH-02,0
KLT-014771,SUP-128,Carrier,0
KLT-014772,SUP-131,WH-01,0
KLT-014773,SUP-067,WH-01,0
KLT-014774,SUP-012,WH-01,0
KLT-014775,SUP-176,Carrier,0
KLT-014776,SUP-120,WH-01,0
KLT-014777,SUP-085,Carrier,0
KLT-014778,SUP-079,Carrier,0
KLT-014779,SUP-071,WH-01,0
KLT-014780,SUP-159,Supplier,0
KLT-014781,SUP-112,WH-01,0
KLT-014782,SUP-089,WH-01,0
KLT-014783,SUP-184,Supplier,0
KLT-014784,SUP-179,Carrier,0
KLT-014785,SUP-002,WH-01,0
KLT-014786,SUP-012,WH-01,0
KLT-014787,SUP-194,Supplier,0
KLT-014788,SUP-127,WH-01,0
KLT-014789,SUP-014,WH-02,0
KLT-014790,SUP-020,WH-02,0
KLT-014791,SUP-005,WH-01,0
KLT-014792,SUP-001,WH-01,0
KLT-014793,SUP-002,WH-01,0
KLT-014794,SUP-130,Supplier,0
KLT-014795,SUP-052,Supplier,0
KLT-014796,SUP-059,WH-02,0
KLT-014797,SUP-023,Supplier,0
KLT-014798,SUP-056,Supplier,0
KLT-014799,SUP-198,Carrier,0
KLT-014800,SUP-057,Carrier,0
KLT-014801,SUP-054,WH-01,0
KLT-014802,SUP-002,WH-01,0
KLT-014803,SUP-166,Carrier,0
KLT-014804,SUP-133,Carrier,0
KLT-014805,SUP-156,WH-01,0
KLT-014806,SUP-158,Carrier,0
KLT-014807,SUP-105,Carrier,0
KLT-014808,SUP-111,WH-02,0
KLT-014809,SUP-149,Supplier,0
KLT-014810,SUP-180,Supplier,0
KLT-014811,SUP-007,Supplier,0
KLT-014812,SUP-029,Carrier,0
KLT-014813,SUP-165,Supplier,0
KLT-014814,SUP-019,WH-01,0
KLT-014815,SUP-097,Supplier,0
KLT-014816,SUP-182,WH-01,0
KLT-014817,SUP-045,WH-02,0
KLT-014818,SUP-087,WH-01,0
KLT-014819,SUP-082,Supplier,0
KLT-014820,SUP-130,Supplier,0
KLT-014821,SUP-063,WH-01,0
KLT-014822,SUP-193,WH-02,0
KLT-014823,SUP-108,Carrier,0
KLT-014824,SUP-149,WH-02,0
KLT-014825,SUP-035,Carrier,0
KLT-014826,SUP-175,WH-02,0
KLT-014827,SUP-023,WH-02,0
KLT-014828,SUP-051,Carrier,0
KLT-014829,SUP-165,Supplier,0
KLT-014830,SUP-050,WH-01,0
KLT-014831,SUP-119,WH-01,0
KLT-014832,SUP-178,Carrier,0
KLT-014833,SUP-113,WH-01,0
KLT-014834,SUP-163,WH-01,0
KLT-014835,SUP-170,WH-02,0
KLT-014836,SUP-081,Carrier,0
KLT-014837,SUP-134,WH-02,0
KLT-014838,SUP-129,WH-01,0
KLT-014839,SUP-149,Supplier,0
KLT-014840,SUP-183,WH-02,0
KLT-014841,SUP-145,WH-01,0
KLT-014842,SUP-065,WH-02,0
KLT-014843,SUP-127,Carrier,0
KLT-014844,SUP-195,WH-02,0
KLT-014845,SUP-117,Supplier,0
KLT-014846,SUP-087,WH-02,0
KLT-014847,SUP-035,Carrier,0
KLT-014848,SUP-093,WH-01,0
KLT-014849,SUP-163,Carrier,0
KLT-014850,SUP-200,WH-01,0
KLT-014851,SUP-127,Carrier,0
KLT-014852,SUP-157,Carrier,0
KLT-014853,SUP-069,WH-01,0
KLT-014854,SUP-154,Carrier,0
KLT-014855,SUP-027,Carrier,0
KLT-014856,SUP-149,Supplier,0
KLT-014857,SUP-195,Carrier,0
KLT-014858,SUP-035,Supplier,0
KLT-014859,SUP-018,Carrier,0
KLT-014860,SUP-175,WH-01,0
KLT-014861,SUP-125,WH-01,0
KLT-014862,SUP-163,Supplier,0
KLT-014863,SUP-137,WH-01,0
KLT-014864,SUP-198,Carrier,0
KLT-014865,SUP-134,Carrier,0
KLT-014866,SUP-178,WH-02,0
KLT-014867,SUP-070,WH-02,0
KLT-014868,SUP-193,Supplier,0
KLT-014869,SUP-134,WH-01,0
KLT-014870,SUP-156,Supplier,0
KLT-014871,SUP-080,WH-01,0
KLT-014872,SUP-167,WH-02,0
KLT-014873,SUP-031,WH-02,0
KLT-014874,SUP-060,WH-02,0
KLT-014875,SUP-172,Carrier,0
KLT-014876,SUP-072,WH-01,0
KLT-014877,SUP-033,WH-02,0
KLT-014878,SUP-181,Supplier,0
KLT-014879,SUP-101,Supplier,0
KLT-014880,SUP-116,WH-01,0
KLT-014881,SUP-114,WH-01,0
KLT-014882,SUP-024,Carrier,0
KLT-014883,SUP-034,WH-01,0
KLT-014884,SUP-060,Supplier,0
KLT-014885,SUP-179,WH-01,0
KLT-014886,SUP-139,WH-02,0
KLT-014887,SUP-102,WH-01,0
KLT-014888,SUP-040,Supplier,0
KLT-014889,SUP-181,Supplier,0
KLT-014890,SUP-044,Carrier,0
KLT-014891,SUP-146,WH-01,0
KLT-014892,SUP-157,WH-02,0
KLT-014893,SUP-155,WH-02,0
KLT-014894,SUP-160,WH-02,0
KLT-014895,SUP-188,WH-01,0
KLT-014896,SUP-090,WH-02,0
KLT-014897,SUP-156,Carrier,0
KLT-014898,SUP-083,Carrier,0
KLT-014899,SUP-120,Carrier,0
KLT-014900,SUP-028,Carrier,0
KLT-014901,SUP-039,Carrier,0
KLT-014902,SUP-142,Supplier,0
KLT-014903,SUP-077,Supplier,0
KLT-014904,SUP-052,Supplier,0
KLT-014905,SUP-123,Supplier,0
KLT-014906,SUP-007,WH-02,0
KLT-014907,SUP-187,Supplier,0
KLT-014908,SUP-171,Carrier,0
KLT-014909,SUP-005,WH-02,0
KLT-014910,SUP-051,Carrier,0
KLT-014911,SUP-054,WH-01,0
KLT-014912,SUP-029,WH-02,0
KLT-014913,SUP-016,Carrier,0
KLT-014914,SUP-088,Carrier,0
KLT-014915,SUP-175,Carrier,0
KLT-014916,SUP-193,WH-02,0
KLT-014917,SUP-007,Carrier,0
KLT-014918,SUP-003,Carrier,0
KLT-014919,SUP-154,Supplier,0
KLT-014920,SUP-054,WH-01,0
KLT-014921,SUP-198,WH-02,0
KLT-014922,SUP-016,Carrier,0
KLT-014923,SUP-017,WH-01,0
KLT-014924,SUP-098,WH-01,0
KLT-014925,SUP-011,Carrier,0
KLT-014926,SUP-119,WH-01,0
KLT-014927,SUP-179,WH-01,0
KLT-014928,SUP-160,WH-02,0
KLT-014929,SUP-051,WH-01,0
KLT-014930,SUP-062,WH-01,0
KLT-014931,SUP-067,WH-01,0
KLT-014932,SUP-050,WH-01,0
KLT-014933,SUP-083,WH-01,0
KLT-014934,SUP-048,Carrier,0
KLT-014935,SUP-169,WH-02,0
KLT-014936,SUP-120,Supplier,0
KLT-014937,SUP-060,WH-02,0
KLT-014938,SUP-085,Carrier,0
KLT-014939,SUP-129,WH-01,0
KLT-014940,SUP-065,WH-02,0
KLT-014941,SUP-137,WH-02,0
KLT-014942,SUP-042,Carrier,0
KLT-014943,SUP-061,WH-02,0
KLT-014944,SUP-052,WH-01,0
KLT-014945,SUP-168,WH-02,0
KLT-014946,SUP-108,WH-02,0
KLT-014947,SUP-169,Carrier,0
KLT-014948,SUP-031,Supplier,0
KLT-014949,SUP-185,Supplier,0
KLT-014950,SUP-153,WH-01,0
KLT-014951,SUP-141,Supplier,0
KLT-014952,SUP-199,WH-01,0
KLT-014953,SUP-002,Carrier,0
KLT-014954,SUP-139,Supplier,0
KLT-014955,SUP-122,Supplier,0
KLT-014956,SUP-133,WH-02,0
KLT-014957,SUP-110,WH-02,0
KLT-014958,SUP-040,Carrier,0
KLT-014959,SUP-112,Carrier,0
KLT-014960,SUP-122,Carrier,0
KLT-014961,SUP-098,WH-02,0
KLT-014962,SUP-158,Supplier,0
KLT-014963,SUP-033,Carrier,0
KLT-014964,SUP-076,Supplier,0
KLT-014965,SUP-114,Carrier,0
KLT-014966,SUP-091,Supplier,0
KLT-014967,SUP-054,Carrier,0
KLT-014968,SUP-115,WH-02,0
KLT-014969,SUP-065,WH-01,0
KLT-014970,SUP-162,WH-02,0
KLT-014971,SUP-060,WH-02,0
KLT-014972,SUP-107,WH-01,0
KLT-014973,SUP-030,Carrier,0
KLT-014974,SUP-064,Carrier,0
KLT-014975,SUP-033,Carrier,0
KLT-014976,SUP-026,WH-02,0
KLT-014977,SUP-022,Supplier,0
KLT-014978,SUP-019,WH-01,0
KLT-014979,SUP-072,WH-02,0
KLT-014980,SUP-114,Supplier,0
KLT-014981,SUP-164,Supplier,0
KLT-014982,SUP-043,WH-02,0
KLT-014983,SUP-030,WH-02,0
KLT-014984,SUP-074,WH-02,0
KLT-014985,SUP-075,WH-02,0
KLT-014986,SUP-057,Supplier,0
KLT-014987,SUP-152,Supplier,0
KLT-014988,SUP-018,WH-01,0
KLT-014989,SUP-016,WH-01,0
KLT-014990,SUP-030,WH-02,0
KLT-014991,SUP-189,WH-01,0
KLT-014992,SUP-195,WH-02,0
KLT-014993,SUP-117,WH-01,0
KLT-014994,SUP-107,Supplier,0
KLT-014995,SUP-176,WH-02,0
KLT-014996,SUP-157,WH-01,0
KLT-014997,SUP-180,Supplier,0
KLT-014998,SUP-175,Carrier,0
KLT-014999,SUP-111,WH-02,0
KLT-015000,SUP-017,Carrier,0
KLT-015001,SUP-038,WH-01,0
KLT-015002,SUP-138,Carrier,0
KLT-015003,SUP-129,Supplier,0
KLT-015004,SUP-033,WH-02,0
KLT-015005,SUP-065,WH-01,0
KLT-015006,SUP-124,Carrier,0
KLT-015007,SUP-114,Carrier,0
KLT-015008,SUP-031,Supplier,0
KLT-015009,SUP-118,WH-01,0
KLT-015010,SUP-034,WH-01,0
KLT-015011,SUP-183,WH-02,0
KLT-015012,SUP-125,Carrier,0
KLT-015013,SUP-028,WH-01,0
KLT-015014,SUP-118,WH-02,0
KLT-015015,SUP-140,Carrier,0
KLT-015016,SUP-182,WH-02,0
KLT-015017,SUP-144,WH-02,0
KLT-015018,SUP-062,Supplier,0
KLT-015019,SUP-081,WH-01,0
KLT-015020,SUP-081,WH-01,0
KLT-015021,SUP-002,WH-01,0
KLT-015022,SUP-045,Supplier,0
KLT-015023,SUP-153,WH-02,0
KLT-015024,SUP-047,Supplier,0
KLT-015025,SUP-069,Supplier,0
KLT-015026,SUP-074,Supplier,0
KLT-015027,SUP-050,WH-02,0
KLT-015028,SUP-161,Carrier,0
KLT-015029,SUP-017,Carrier,0
KLT-015030,SUP-180,WH-02,0
KLT-015031,SUP-096,WH-02,0
KLT-015032,SUP-044,Carrier,0
KLT-015033,SUP-052,Carrier,0
KLT-015034,SUP-108,Supplier,0
KLT-015035,SUP-097,WH-01,0
KLT-015036,SUP-044,WH-01,0
KLT-015037,SUP-103,Carrier,0
KLT-015038,SUP-060,Supplier,0
KLT-015039,SUP-046,Carrier,0
KLT-015040,SUP-087,WH-01,0
KLT-015041,SUP-005,WH-02,0
KLT-015042,SUP-059,WH-02,0
KLT-015043,SUP-194,Supplier,0
KLT-015044,SUP-015,WH-02,0
KLT-015045,SUP-144,WH-01,0
KLT-015046,SUP-015,Carrier,0
KLT-015047,SUP-066,Carrier,0
KLT-015048,SUP-097,Carrier,0
KLT-015049,SUP-200,WH-01,0
KLT-015050,SUP-178,Carrier,0
KLT-015051,SUP-178,WH-02,0
KLT-015052,SUP-160,Supplier,0
KLT-015053,SUP-184,WH-01,0
KLT-015054,SUP-145,WH-02,0
KLT-015055,SUP-111,Supplier,0
KLT-015056,SUP-039,Carrier,0
KLT-015057,SUP-010,WH-01,0
KLT-015058,SUP-144,Supplier,0
KLT-015059,SUP-128,WH-02,0
KLT-015060,SUP-087,WH-02,0
KLT-015061,SUP-092,WH-02,0
KLT-015062,SUP-107,Supplier,0
KLT-015063,SUP-084,Carrier,0
KLT-015064,SUP-116,Carrier,0
KLT-015065,SUP-064,Carrier,0
KLT-015066,SUP-105,Supplier,0
KLT-015067,SUP-052,Supplier,0
KLT-015068,SUP-105,Supplier,0
KLT-015069,SUP-007,Supplier,0
KLT-015070,SUP-117,Carrier,0
KLT-015071,SUP-138,WH-02,0
KLT-015072,SUP-157,WH-02,0
KLT-015073,SUP-038,Carrier,0
KLT-015074,SUP-093,Carrier,0
KLT-015075,SUP-125,WH-01,0
KLT-015076,SUP-083,WH-02,0
KLT-015077,SUP-069,WH-01,0
KLT-015078,SUP-131,Supplier,0
KLT-015079,SUP-182,WH-02,0
KLT-015080,SUP-029,WH-01,0
KLT-015081,SUP-054,WH-01,0
KLT-015082,SUP-149,Carrier,0
KLT-015083,SUP-151,WH-01,0
KLT-015084,SUP-129,WH-01,0
KLT-015085,SUP-162,Carrier,0
KLT-015086,SUP-061,WH-01,0
KLT-015087,SUP-199,WH-01,0
KLT-015088,SUP-184,Supplier,0
KLT-015089,SUP-126,WH-01,0
KLT-015090,SUP-125,Supplier,0
KLT-015091,SUP-038,WH-01,0
KLT-015092,SUP-009,Carrier,0
KLT-015093,SUP-010,WH-02,0
KLT-015094,SUP-122,Supplier,0
KLT-015095,SUP-109,Carrier,0
KLT-015096,SUP-048,WH-02,0
KLT-015097,SUP-074,Carrier,0
KLT-015098,SUP-128,Carrier,0
KLT-015099,SUP-088,Supplier,0
KLT-015100,SUP-056,Supplier,0
KLT-015101,SUP-024,Supplier,0
KLT-015102,SUP-103,WH-02,0
KLT-015103,SUP-112,WH-01,0
KLT-015104,SUP-010,Supplier,0
KLT-015105,SUP-031,WH-01,0
KLT-015106,SUP-183,Supplier,0
KLT-015107,SUP-117,WH-02,0
KLT-015108,SUP-031,Carrier,0
KLT-015109,SUP-157,Carrier,0
KLT-015110,SUP-084,WH-02,0
KLT-015111,SUP-019,WH-01,0
KLT-015112,SUP-126,WH-02,0
KLT-015113,SUP-034,WH-02,0
KLT-015114,SUP-091,Supplier,0
KLT-015115,SUP-196,WH-02,0
KLT-015116,SUP-104,Carrier,0
KLT-015117,SUP-153,WH-01,0
KLT-015118,SUP-151,WH-02,0
KLT-015119,SUP-034,Carrier,0
KLT-015120,SUP-182,Supplier,0
KLT-015121,SUP-165,WH-02,0
KLT-015122,SUP-189,WH-02,0
KLT-015123,SUP-011,WH-02,0
KLT-015124,SUP-032,Supplier,0
KLT-015125,SUP-009,WH-01,0
KLT-015126,SUP-174,WH-02,0
KLT-015127,SUP-002,WH-02,0
KLT-015128,SUP-065,WH-02,0
KLT-015129,SUP-142,Supplier,0
KLT-015130,SUP-184,Supplier,0
KLT-015131,SUP-059,WH-01,0
KLT-015132,SUP-017,WH-01,0
KLT-015133,SUP-059,Supplier,0
KLT-015134,SUP-010,WH-02,0
KLT-015135,SUP-057,Carrier,0
KLT-015136,SUP-149,Carrier,0
KLT-015137,SUP-020,WH-01,0
KLT-015138,SUP-063,WH-02,0
KLT-015139,SUP-049,WH-01,0
KLT-015140,SUP-118,Carrier,0
KLT-015141,SUP-104,Carrier,0
KLT-015142,SUP-050,WH-02,0
KLT-015143,SUP-015,Supplier,0
KLT-015144,SUP-183,Supplier,0
KLT-015145,SUP-057,WH-01,0
KLT-015146,SUP-160,WH-01,0
KLT-015147,SUP-122,Supplier,0
KLT-015148,SUP-122,WH-01,0
KLT-015149,SUP-184,WH-01,0
KLT-015150,SUP-151,Supplier,0
KLT-015151,SUP-010,Supplier,0
KLT-015152,SUP-095,WH-02,0
KLT-015153,SUP-108,Carrier,0
KLT-015154,SUP-166,WH-02,0
KLT-015155,SUP-114,Supplier,0
KLT-015156,SUP-198,WH-01,0
KLT-015157,SUP-198,WH-01,0
KLT-015158,SUP-039,Supplier,0
KLT-015159,SUP-005,Supplier,0
KLT-015160,SUP-066,WH-02,0
KLT-015161,SUP-185,WH-02,0
KLT-015162,SUP-053,WH-01,0
KLT-015163,SUP-080,WH-01,0
KLT-015164,SUP-177,WH-02,0
KLT-015165,SUP-089,Supplier,0
KLT-015166,SUP-114,WH-01,0
KLT-015167,SUP-052,WH-01,0
KLT-015168,SUP-191,WH-02,0
KLT-015169,SUP-168,WH-01,0
KLT-015170,SUP-053,WH-01,0
KLT-015171,SUP-192,Carrier,0
KLT-015172,SUP-191,Carrier,0
KLT-015173,SUP-159,Supplier,0
KLT-015174,SUP-012,Carrier,0
KLT-015175,SUP-152,Carrier,0
KLT-015176,SUP-187,Carrier,0
KLT-015177,SUP-079,WH-02,0
KLT-015178,SUP-138,Carrier,0
KLT-015179,SUP-016,Supplier,0
KLT-015180,SUP-141,Supplier,0
KLT-015181,SUP-184,Supplier,0
KLT-015182,SUP-188,WH-01,0
KLT-015183,SUP-174,WH-01,0
KLT-015184,SUP-111,WH-01,0
KLT-015185,SUP-135,WH-02,0
KLT-015186,SUP-191,WH-01,0
KLT-015187,SUP-143,Carrier,0
KLT-015188,SUP-026,WH-01,0
KLT-015189,SUP-083,Carrier,0
KLT-015190,SUP-109,Carrier,0
KLT-015191,SUP-116,Carrier,0
KLT-015192,SUP-085,WH-01,0
KLT-015193,SUP-181,WH-01,0
KLT-015194,SUP-192,WH-01,0
KLT-015195,SUP-034,Supplier,0
KLT-015196,SUP-155,Carrier,0
KLT-015197,SUP-045,WH-01,0
KLT-015198,SUP-115,WH-01,0
KLT-015199,SUP-195,WH-01,0
KLT-015200,SUP-070,Supplier,0
KLT-015201,SUP-183,Supplier,0
KLT-015202,SUP-149,Carrier,0
KLT-015203,SUP-113,Carrier,0
KLT-015204,SUP-123,WH-01,0
KLT-015205,SUP-102,Supplier,0
KLT-015206,SUP-030,WH-02,0
KLT-015207,SUP-023,Carrier,0
KLT-015208,SUP-141,Supplier,0
KLT-015209,SUP-169,WH-01,0
KLT-015210,SUP-056,Carrier,0
KLT-015211,SUP-038,Supplier,0
KLT-015212,SUP-109,WH-02,0
KLT-015213,SUP-132,WH-01,0
KLT-015214,SUP-007,WH-01,0
KLT-015215,SUP-104,Carrier,0
KLT-015216,SUP-193,WH-02,0
KLT-015217,SUP-192,WH-01,0
KLT-015218,SUP-184,WH-01,0
KLT-015219,SUP-025,Carrier,0
KLT-015220,SUP-192,WH-01,0
KLT-015221,SUP-060,WH-01,0
KLT-015222,SUP-135,Supplier,0
KLT-015223,SUP-199,WH-01,0
KLT-015224,SUP-126,Carrier,0
KLT-015225,SUP-119,WH-01,0
KLT-015226,SUP-091,Carrier,0
KLT-015227,SUP-110,Carrier,0
KLT-015228,SUP-144,WH-01,0
KLT-015229,SUP-005,Supplier,0
KLT-015230,SUP-136,Carrier,0
KLT-015231,SUP-090,WH-01,0
KLT-015232,SUP-154,Supplier,0
KLT-015233,SUP-191,Supplier,0
KLT-015234,SUP-024,Supplier,0
KLT-015235,SUP-180,Supplier,0
KLT-015236,SUP-091,WH-01,0
KLT-015237,SUP-074,WH-02,0
KLT-015238,SUP-085,Supplier,0
KLT-015239,SUP-122,WH-01,0
KLT-015240,SUP-128,Supplier,0
KLT-015241,SUP-168,WH-01,0
KLT-015242,SUP-169,WH-01,0
KLT-015243,SUP-012,WH-01,0
KLT-015244,SUP-116,Carrier,0
KLT-015245,SUP-030,Carrier,0
KLT-015246,SUP-112,WH-01,0
KLT-015247,SUP-077,Supplier,0
KLT-015248,SUP-090,WH-02,0
KLT-015249,SUP-037,Supplier,0
KLT-015250,SUP-040,WH-02,0
KLT-015251,SUP-054,Carrier,0
KLT-015252,SUP-155,WH-02,0
KLT-015253,SUP-070,Carrier,0
KLT-015254,SUP-168,WH-02,0
KLT-015255,SUP-108,WH-01,0
KLT-015256,SUP-171,WH-02,0
KLT-015257,SUP-198,Carrier,0
KLT-015258,SUP-003,WH-02,0
KLT-015259,SUP-166,Carrier,0
KLT-015260,SUP-114,WH-02,0
KLT-015261,SUP-079,WH-02,0
KLT-015262,SUP-003,Carrier,0
KLT-015263,SUP-136,WH-01,0
KLT-015264,SUP-079,WH-02,0
KLT-015265,SUP-033,WH-01,0
KLT-015266,SUP-084,WH-01,0
KLT-015267,SUP-197,Supplier,0
KLT-015268,SUP-062,Supplier,0
KLT-015269,SUP-145,WH-01,0
KLT-015270,SUP-057,WH-02,0
KLT-015271,SUP-100,WH-01,0
KLT-015272,SUP-024,Carrier,0
KLT-015273,SUP-088,Carrier,0
KLT-015274,SUP-184,WH-02,0
KLT-015275,SUP-038,WH-01,0
KLT-015276,SUP-135,WH-02,0
KLT-015277,SUP-168,Carrier,0
KLT-015278,SUP-032,Carrier,0
KLT-015279,SUP-059,WH-01,0
KLT-015280,SUP-112,WH-02,0
KLT-015281,SUP-013,WH-01,0
KLT-015282,SUP-007,WH-01,0
KLT-015283,SUP-131,WH-01,0
KLT-015284,SUP-185,WH-01,0
KLT-015285,SUP-196,Carrier,0
KLT-015286,SUP-162,Supplier,0
KLT-015287,SUP-182,Carrier,0
KLT-015288,SUP-053,WH-02,0
KLT-015289,SUP-066,Carrier,0
KLT-015290,SUP-018,Carrier,0
KLT-015291,SUP-042,WH-02,0
KLT-015292,SUP-136,WH-02,0
KLT-015293,SUP-020,WH-02,0
KLT-015294,SUP-130,WH-01,0
KLT-015295,SUP-128,WH-02,0
KLT-015296,SUP-115,Carrier,0
KLT-015297,SUP-171,WH-02,0
KLT-015298,SUP-173,WH-01,0
KLT-015299,SUP-195,Supplier,0
KLT-015300,SUP-034,WH-01,0
KLT-015301,SUP-049,Supplier,0
KLT-015302,SUP-099,Carrier,0
KLT-015303,SUP-144,WH-01,0
KLT-015304,SUP-045,WH-01,0
KLT-015305,SUP-114,Carrier,0
KLT-015306,SUP-049,Supplier,0
KLT-015307,SUP-093,Supplier,0
KLT-015308,SUP-086,WH-02,0
KLT-015309,SUP-062,WH-01,0
KLT-015310,SUP-038,WH-01,0
KLT-015311,SUP-011,Supplier,0
KLT-015312,SUP-139,WH-01,0
KLT-015313,SUP-066,WH-02,0
KLT-015314,SUP-048,WH-01,0
KLT-015315,SUP-132,WH-01,0
KLT-015316,SUP-063,WH-01,0
KLT-015317,SUP-008,WH-01,0
KLT-015318,SUP-024,Supplier,0
KLT-015319,SUP-024,WH-01,0
KLT-015320,SUP-147,WH-01,0
KLT-015321,SUP-060,Supplier,0
KLT-015322,SUP-090,WH-01,0
KLT-015323,SUP-044,WH-01,0
KLT-015324,SUP-054,Carrier,0
KLT-015325,SUP-054,WH-01,0
KLT-015326,SUP-029,Supplier,0
KLT-015327,SUP-195,WH-01,0
KLT-015328,SUP-138,Supplier,0
KLT-015329,SUP-029,Carrier,0
KLT-015330,SUP-181,WH-01,0
KLT-015331,SUP-024,Supplier,0
KLT-015332,SUP-164,WH-01,0
KLT-015333,SUP-120,Carrier,0
KLT-015334,SUP-048,Supplier,0
KLT-015335,SUP-112,WH-01,0
KLT-015336,SUP-024,Carrier,0
KLT-015337,SUP-002,WH-01,0
KLT-015338,SUP-142,WH-01,0
KLT-015339,SUP-132,WH-01,0
KLT-015340,SUP-088,Supplier,0
KLT-015341,SUP-089,WH-02,0
KLT-015342,SUP-168,WH-02,0
KLT-015343,SUP-200,WH-01,0
KLT-015344,SUP-143,WH-02,0
KLT-015345,SUP-032,WH-01,0
KLT-015346,SUP-178,Supplier,0
KLT-015347,SUP-142,Supplier,0
KLT-015348,SUP-172,WH-02,0
KLT-015349,SUP-116,Supplier,0
KLT-015350,SUP-141,Supplier,0
KLT-015351,SUP-081,Supplier,0
KLT-015352,SUP-182,Carrier,0
KLT-015353,SUP-121,Supplier,0
KLT-015354,SUP-138,WH-02,0
KLT-015355,SUP-018,Carrier,0
KLT-015356,SUP-023,WH-01,0
KLT-015357,SUP-025,WH-02,0
KLT-015358,SUP-018,Carrier,0
KLT-015359,SUP-158,Carrier,0
KLT-015360,SUP-171,WH-01,0
KLT-015361,SUP-071,WH-01,0
KLT-015362,SUP-081,Supplier,0
KLT-015363,SUP-111,WH-01,0
KLT-015364,SUP-061,WH-01,0
KLT-015365,SUP-075,WH-02,0
KLT-015366,SUP-166,WH-02,0
KLT-015367,SUP-037,Supplier,0
KLT-015368,SUP-037,Supplier,0
KLT-015369,SUP-185,Supplier,0
KLT-015370,SUP-198,Carrier,0
KLT-015371,SUP-041,Carrier,0
KLT-015372,SUP-026,Carrier,0
KLT-015373,SUP-185,WH-01,0
KLT-015374,SUP-053,Carrier,0
KLT-015375,SUP-087,WH-02,0
KLT-015376,SUP-013,Supplier,0
KLT-015377,SUP-142,Supplier,0
KLT-015378,SUP-093,WH-02,0
KLT-015379,SUP-128,Carrier,0
KLT-015380,SUP-125,WH-02,0
KLT-015381,SUP-157,Supplier,0
KLT-015382,SUP-133,WH-01,0
KLT-015383,SUP-145,Carrier,0
KLT-015384,SUP-049,WH-02,0
KLT-015385,SUP-152,WH-02,0
KLT-015386,SUP-124,WH-01,0
KLT-015387,SUP-162,Supplier,0
KLT-015388,SUP-040,WH-01,0
KLT-015389,SUP-106,WH-02,0
KLT-015390,SUP-178,Carrier,0
KLT-015391,SUP-197,Supplier,0
KLT-015392,SUP-148,WH-02,0
KLT-015393,SUP-097,WH-01,0
KLT-015394,SUP-003,Supplier,0
KLT-015395,SUP-109,WH-02,0
KLT-015396,SUP-026,WH-01,0
KLT-015397,SUP-185,Carrier,0
KLT-015398,SUP-047,WH-02,0
KLT-015399,SUP-041,Carrier,0
KLT-015400,SUP-041,WH-01,0
KLT-015401,SUP-080,Carrier,0
KLT-015402,SUP-157,WH-02,0
KLT-015403,SUP-120,Supplier,0
KLT-015404,SUP-093,WH-02,0
KLT-015405,SUP-073,Supplier,0
KLT-015406,SUP-030,Carrier,0
KLT-015407,SUP-166,WH-02,0
KLT-015408,SUP-051,WH-01,0
KLT-015409,SUP-020,WH-02,0
KLT-015410,SUP-067,Carrier,0
KLT-015411,SUP-093,WH-02,0
KLT-015412,SUP-131,Carrier,0
KLT-015413,SUP-104,Carrier,0
KLT-015414,SUP-142,Supplier,34
KLT-015415,SUP-150,Carrier,0
KLT-015416,SUP-049,WH-02,0
KLT-015417,SUP-161,Carrier,0
KLT-015418,SUP-048,Carrier,0
KLT-015419,SUP-178,WH-01,0
KLT-015420,SUP-004,WH-02,0
KLT-015421,SUP-194,WH-02,0
KLT-015422,SUP-197,WH-01,0
KLT-015423,SUP-181,WH-02,0
KLT-015424,SUP-029,WH-01,0
KLT-015425,SUP-071,WH-02,0
KLT-015426,SUP-066,Carrier,0
KLT-015427,SUP-128,Carrier,0
KLT-015428,SUP-152,WH-01,0
KLT-015429,SUP-063,Supplier,0
KLT-015430,SUP-055,WH-02,0
KLT-015431,SUP-100,Supplier,0
KLT-015432,SUP-078,Supplier,0
KLT-015433,SUP-176,Supplier,0
KLT-015434,SUP-179,WH-02,0
KLT-015435,SUP-015,WH-01,0
KLT-015436,SUP-084,Supplier,0
KLT-015437,SUP-030,WH-01,0
KLT-015438,SUP-046,WH-02,0
KLT-015439,SUP-029,Supplier,0
KLT-015440,SUP-081,WH-01,0
KLT-015441,SUP-154,WH-01,0
KLT-015442,SUP-105,Supplier,0
KLT-015443,SUP-049,Supplier,0
KLT-015444,SUP-062,Carrier,0
KLT-015445,SUP-145,Carrier,0
KLT-015446,SUP-077,Carrier,0
KLT-015447,SUP-129,WH-01,0
KLT-015448,SUP-063,WH-02,0
KLT-015449,SUP-116,Carrier,0
KLT-015450,SUP-121,Supplier,0
KLT-015451,SUP-148,WH-01,0
KLT-015452,SUP-122,WH-02,0
KLT-015453,SUP-126,WH-02,0
KLT-015454,SUP-024,Supplier,0
KLT-015455,SUP-144,Supplier,0
KLT-015456,SUP-159,WH-02,0
KLT-015457,SUP-007,Supplier,0
KLT-015458,SUP-052,WH-02,0
KLT-015459,SUP-058,WH-02,0
KLT-015460,SUP-076,WH-01,0
KLT-015461,SUP-030,WH-01,0
KLT-015462,SUP-110,Supplier,0
KLT-015463,SUP-035,Carrier,0
KLT-015464,SUP-115,WH-02,0
KLT-015465,SUP-100,Supplier,0
KLT-015466,SUP-131,WH-02,0
KLT-015467,SUP-022,WH-01,0
KLT-015468,SUP-056,WH-02,0
KLT-015469,SUP-047,Carrier,0
KLT-015470,SUP-102,Supplier,0
KLT-015471,SUP-093,Carrier,0
KLT-015472,SUP-191,Supplier,0
KLT-015473,SUP-078,WH-02,0
KLT-015474,SUP-080,WH-01,0
KLT-015475,SUP-111,Supplier,0
KLT-015476,SUP-109,Supplier,0
KLT-015477,SUP-163,Carrier,0
KLT-015478,SUP-019,WH-02,0
KLT-015479,SUP-087,WH-01,0
KLT-015480,SUP-125,WH-01,0
KLT-015481,SUP-042,Supplier,0
KLT-015482,SUP-017,WH-01,0
KLT-015483,SUP-040,WH-02,0
KLT-015484,SUP-021,WH-01,0
KLT-015485,SUP-090,Carrier,0
KLT-015486,SUP-044,Supplier,0
KLT-015487,SUP-157,WH-01,0
KLT-015488,SUP-049,WH-02,0
KLT-015489,SUP-037,Supplier,0
KLT-015490,SUP-141,WH-01,0
KLT-015491,SUP-185,WH-01,0
KLT-015492,SUP-029,WH-02,0
KLT-015493,SUP-151,WH-01,0
KLT-015494,SUP-053,WH-02,0
KLT-015495,SUP-038,WH-02,0
KLT-015496,SUP-165,WH-01,0
KLT-015497,SUP-003,Carrier,0
KLT-015498,SUP-187,WH-02,0
KLT-015499,SUP-130,WH-02,0
KLT-015500,SUP-038,Supplier,0
KLT-015501,SUP-141,WH-01,0
KLT-015502,SUP-086,WH-02,0
KLT-015503,SUP-200,Carrier,0
KLT-015504,SUP-179,WH-01,0
KLT-015505,SUP-162,Carrier,0
KLT-015506,SUP-022,Carrier,0
KLT-015507,SUP-018,WH-02,0
KLT-015508,SUP-170,WH-01,0
KLT-015509,SUP-100,WH-02,0
KLT-015510,SUP-161,Supplier,0
KLT-015511,SUP-035,WH-02,0
KLT-015512,SUP-063,WH-01,0
KLT-015513,SUP-078,Supplier,0
KLT-015514,SUP-102,Carrier,0
KLT-015515,SUP-065,Carrier,0
KLT-015516,SUP-121,Carrier,0
KLT-015517,SUP-084,Carrier,0
KLT-015518,SUP-021,WH-02,0
KLT-015519,SUP-093,Carrier,0
KLT-015520,SUP-189,WH-01,0
KLT-015521,SUP-143,WH-02,0
KLT-015522,SUP-152,Supplier,0
KLT-015523,SUP-012,Carrier,0
KLT-015524,SUP-191,Supplier,0
KLT-015525,SUP-065,WH-01,0
KLT-015526,SUP-033,Supplier,0
KLT-015527,SUP-131,Carrier,0
KLT-015528,SUP-118,Carrier,0
KLT-015529,SUP-134,Carrier,0
KLT-015530,SUP-054,Carrier,0
KLT-015531,SUP-154,WH-01,0
KLT-015532,SUP-065,Carrier,0
KLT-015533,SUP-014,WH-01,0
KLT-015534,SUP-032,Carrier,0
KLT-015535,SUP-073,Supplier,0
KLT-015536,SUP-166,WH-01,0
KLT-015537,SUP-133,WH-02,0
KLT-015538,SUP-034,WH-02,0
KLT-015539,SUP-044,WH-01,0
KLT-015540,SUP-053,Supplier,0
KLT-015541,SUP-180,Carrier,0
KLT-015542,SUP-153,Supplier,0
KLT-015543,SUP-079,Supplier,0
KLT-015544,SUP-197,Supplier,0
KLT-015545,SUP-049,WH-02,0
KLT-015546,SUP-031,Supplier,0
KLT-015547,SUP-132,Carrier,0
KLT-015548,SUP-067,Carrier,0
KLT-015549,SUP-139,Supplier,0
KLT-015550,SUP-160,Supplier,0
KLT-015551,SUP-192,Supplier,0
KLT-015552,SUP-158,WH-02,0
KLT-015553,SUP-135,Supplier,0
KLT-015554,SUP-102,WH-02,0
KLT-015555,SUP-120,WH-02,0
KLT-015556,SUP-117,Carrier,0
KLT-015557,SUP-023,Supplier,0
KLT-015558,SUP-135,WH-02,0
KLT-015559,SUP-032,Supplier,0
KLT-015560,SUP-012,WH-02,0
KLT-015561,SUP-059,WH-02,0
KLT-015562,SUP-065,WH-02,0
KLT-015563,SUP-003,WH-01,0
KLT-015564,SUP-068,WH-01,0
KLT-015565,SUP-009,WH-02,0
KLT-015566,SUP-086,Carrier,0
KLT-015567,SUP-082,WH-02,0
KLT-015568,SUP-154,WH-02,0
KLT-015569,SUP-013,Supplier,0
KLT-015570,SUP-127,WH-01,0
KLT-015571,SUP-089,WH-02,0
KLT-015572,SUP-098,Carrier,0
KLT-015573,SUP-153,Carrier,0
KLT-015574,SUP-071,WH-01,0
KLT-015575,SUP-004,Supplier,0
KLT-015576,SUP-044,Supplier,0
KLT-015577,SUP-063,Carrier,0
KLT-015578,SUP-019,WH-01,0
KLT-015579,SUP-168,WH-01,0
KLT-015580,SUP-060,Supplier,0
KLT-015581,SUP-036,WH-02,0
KLT-015582,SUP-029,Carrier,0
KLT-015583,SUP-173,Carrier,0
KLT-015584,SUP-114,WH-02,0
KLT-015585,SUP-097,Carrier,0
KLT-015586,SUP-133,WH-01,0
KLT-015587,SUP-196,WH-01,0
KLT-015588,SUP-023,WH-02,0
KLT-015589,SUP-158,WH-01,0
KLT-015590,SUP-079,Carrier,0
KLT-015591,SUP-091,Supplier,0
KLT-015592,SUP-062,WH-01,0
KLT-015593,SUP-182,WH-02,0
KLT-015594,SUP-052,Carrier,0
KLT-015595,SUP-031,WH-01,0
KLT-015596,SUP-131,WH-01,0
KLT-015597,SUP-044,WH-01,0
KLT-015598,SUP-139,Carrier,0
KLT-015599,SUP-177,Supplier,0
KLT-015600,SUP-110,Supplier,0
KLT-015601,SUP-196,Carrier,0
KLT-015602,SUP-047,WH-02,0
KLT-015603,SUP-014,Carrier,0
KLT-015604,SUP-168,Carrier,0
KLT-015605,SUP-032,WH-01,0
KLT-015606,SUP-081,Supplier,0
KLT-015607,SUP-153,WH-01,0
KLT-015608,SUP-036,Carrier,0
KLT-015609,SUP-163,Carrier,0
KLT-015610,SUP-051,WH-01,0
KLT-015611,SUP-141,Carrier,0
KLT-015612,SUP-092,WH-01,0
KLT-015613,SUP-082,Carrier,0
KLT-015614,SUP-146,Carrier,0
KLT-015615,SUP-148,Carrier,0
KLT-015616,SUP-047,Carrier,0
KLT-015617,SUP-063,WH-02,0
KLT-015618,SUP-097,Supplier,0
KLT-015619,SUP-018,WH-02,0
KLT-015620,SUP-152,WH-02,0
KLT-015621,SUP-143,Carrier,0
KLT-015622,SUP-115,Supplier,0
KLT-015623,SUP-079,Carrier,0
KLT-015624,SUP-045,WH-02,0
KLT-015625,SUP-069,WH-02,0
KLT-015626,SUP-143,Carrier,0
KLT-015627,SUP-095,Carrier,0
KLT-015628,SUP-102,Carrier,0
KLT-015629,SUP-168,Supplier,63
KLT-015630,SUP-108,Carrier,0
KLT-015631,SUP-107,Carrier,0
KLT-015632,SUP-020,Carrier,0
KLT-015633,SUP-154,Carrier,0
KLT-015634,SUP-090,WH-02,0
KLT-015635,SUP-140,WH-01,0
KLT-015636,SUP-112,WH-01,0
KLT-015637,SUP-195,Supplier,0
KLT-015638,SUP-068,Carrier,0
KLT-015639,SUP-107,WH-01,0
KLT-015640,SUP-018,WH-02,0
KLT-015641,SUP-039,WH-02,0
KLT-015642,SUP-068,Carrier,0
KLT-015643,SUP-167,WH-02,0
KLT-015644,SUP-078,Carrier,0
KLT-015645,SUP-177,WH-02,0
KLT-015646,SUP-142,WH-01,0
KLT-015647,SUP-079,Carrier,0
KLT-015648,SUP-148,Carrier,0
KLT-015649,SUP-157,WH-01,0
KLT-015650,SUP-119,Supplier,0
KLT-015651,SUP-156,Carrier,0
KLT-015652,SUP-011,WH-01,0
KLT-015653,SUP-107,Carrier,0
KLT-015654,SUP-085,Carrier,0
KLT-015655,SUP-046,Supplier,0
KLT-015656,SUP-139,Carrier,0
KLT-015657,SUP-074,Carrier,0
KLT-015658,SUP-023,WH-02,0
KLT-015659,SUP-131,WH-02,0
KLT-015660,SUP-047,WH-01,0
KLT-015661,SUP-141,WH-02,0
KLT-015662,SUP-184,Supplier,0
KLT-015663,SUP-185,Carrier,0
KLT-015664,SUP-162,WH-02,0
KLT-015665,SUP-135,WH-01,0
KLT-015666,SUP-139,Supplier,0
KLT-015667,SUP-104,Supplier,0
KLT-015668,SUP-158,Carrier,0
KLT-015669,SUP-131,Carrier,0
KLT-015670,SUP-080,WH-01,0
KLT-015671,SUP-040,Carrier,0
KLT-015672,SUP-030,Supplier,0
KLT-015673,SUP-041,Carrier,0
KLT-015674,SUP-074,WH-02,0
KLT-015675,SUP-045,WH-01,0
KLT-015676,SUP-142,WH-02,0
KLT-015677,SUP-045,Carrier,0
KLT-015678,SUP-199,WH-01,0
KLT-015679,SUP-110,Supplier,0
KLT-015680,SUP-036,Supplier,0
KLT-015681,SUP-088,WH-01,0
KLT-015682,SUP-013,Carrier,0
KLT-015683,SUP-021,Carrier,0
KLT-015684,SUP-084,Supplier,0
KLT-015685,SUP-035,WH-01,0
KLT-015686,SUP-163,Supplier,0
KLT-015687,SUP-170,Carrier,0
KLT-015688,SUP-195,WH-02,0
KLT-015689,SUP-080,WH-01,0
KLT-015690,SUP-046,WH-01,0
KLT-015691,SUP-096,Supplier,0
KLT-015692,SUP-177,Carrier,0
KLT-015693,SUP-163,Supplier,0
KLT-015694,SUP-003,WH-01,0
KLT-015695,SUP-197,WH-02,0
KLT-015696,SUP-037,WH-01,0
KLT-015697,SUP-064,WH-01,0
KLT-015698,SUP-022,Carrier,0
KLT-015699,SUP-039,WH-02,0
KLT-015700,SUP-191,WH-01,0
KLT-015701,SUP-088,WH-01,0
KLT-015702,SUP-145,Supplier,0
KLT-015703,SUP-170,Supplier,0
KLT-015704,SUP-008,Supplier,0
KLT-015705,SUP-124,WH-02,0
KLT-015706,SUP-129,WH-01,0
KLT-015707,SUP-164,WH-02,0
KLT-015708,SUP-018,WH-02,0
KLT-015709,SUP-094,WH-01,0
KLT-015710,SUP-061,Carrier,0
KLT-015711,SUP-101,Carrier,0
KLT-015712,SUP-117,WH-01,0
KLT-015713,SUP-079,WH-01,0
KLT-015714,SUP-046,WH-01,0
KLT-015715,SUP-021,Carrier,0
KLT-015716,SUP-052,WH-02,0
KLT-015717,SUP-072,WH-01,0
KLT-015718,SUP-156,WH-01,0
KLT-015719,SUP-144,WH-01,0
KLT-015720,SUP-114,WH-01,0
KLT-015721,SUP-182,Carrier,0
KLT-015722,SUP-157,WH-01,0
KLT-015723,SUP-002,Supplier,0
KLT-015724,SUP-118,WH-02,0
KLT-015725,SUP-025,Supplier,0
KLT-015726,SUP-042,Carrier,0
KLT-015727,SUP-168,Supplier,0
KLT-015728,SUP-021,Supplier,0
KLT-015729,SUP-115,WH-02,0
KLT-015730,SUP-059,Supplier,0
KLT-015731,SUP-148,Supplier,0
KLT-015732,SUP-033,WH-02,0
KLT-015733,SUP-168,WH-01,0
KLT-015734,SUP-062,Carrier,0
KLT-015735,SUP-194,Supplier,0
KLT-015736,SUP-070,WH-01,0
KLT-015737,SUP-151,Carrier,0
KLT-015738,SUP-047,Supplier,0
KLT-015739,SUP-106,Supplier,0
KLT-015740,SUP-004,Carrier,0
KLT-015741,SUP-029,WH-01,0
KLT-015742,SUP-064,Carrier,0
KLT-015743,SUP-176,Carrier,0
KLT-015744,SUP-129,WH-02,0
KLT-015745,SUP-083,WH-01,0
KLT-015746,SUP-162,Carrier,0
KLT-015747,SUP-097,WH-01,0
KLT-015748,SUP-124,Carrier,0
KLT-015749,SUP-150,Supplier,0
KLT-015750,SUP-091,WH-01,0
KLT-015751,SUP-121,WH-01,0
KLT-015752,SUP-074,Supplier,0
KLT-015753,SUP-037,Supplier,0
KLT-015754,SUP-047,WH-01,0
KLT-015755,SUP-162,Carrier,0
KLT-015756,SUP-169,WH-02,0
KLT-015757,SUP-200,Supplier,0
KLT-015758,SUP-132,Carrier,0
KLT-015759,SUP-052,Carrier,0
KLT-015760,SUP-115,Supplier,0
KLT-015761,SUP-127,WH-01,0
KLT-015762,SUP-089,WH-02,0
KLT-015763,SUP-088,Carrier,0
KLT-015764,SUP-047,WH-01,0
KLT-015765,SUP-179,WH-01,0
KLT-015766,SUP-160,WH-02,0
KLT-015767,SUP-071,Carrier,0
KLT-015768,SUP-188,Supplier,0
KLT-015769,SUP-125,Carrier,0
KLT-015770,SUP-049,WH-01,0
KLT-015771,SUP-055,Carrier,0
KLT-015772,SUP-026,Supplier,0
KLT-015773,SUP-172,Carrier,0
KLT-015774,SUP-125,Carrier,0
KLT-015775,SUP-019,WH-01,0
KLT-015776,SUP-056,WH-01,0
KLT-015777,SUP-117,Supplier,0
KLT-015778,SUP-015,Carrier,0
KLT-015779,SUP-056,WH-02,0
KLT-015780,SUP-166,Supplier,0
KLT-015781,SUP-093,Supplier,0
KLT-015782,SUP-097,WH-02,0
KLT-015783,SUP-067,Supplier,0
KLT-015784,SUP-170,Carrier,0
KLT-015785,SUP-157,WH-02,0
KLT-015786,SUP-044,Carrier,0
KLT-015787,SUP-078,WH-02,0
KLT-015788,SUP-111,WH-01,0
KLT-015789,SUP-149,WH-02,0
KLT-015790,SUP-189,WH-01,0
KLT-015791,SUP-038,WH-01,0
KLT-015792,SUP-047,Carrier,0
KLT-015793,SUP-071,Carrier,0
KLT-015794,SUP-009,WH-02,0
KLT-015795,SUP-199,Carrier,0
KLT-015796,SUP-059,Supplier,0
KLT-015797,SUP-197,Carrier,0
KLT-015798,SUP-093,WH-02,0
KLT-015799,SUP-171,WH-02,0
KLT-015800,SUP-180,WH-01,0
KLT-015801,SUP-096,WH-01,0
KLT-015802,SUP-160,Carrier,0
KLT-015803,SUP-061,WH-01,0
KLT-015804,SUP-066,WH-02,0
KLT-015805,SUP-097,Supplier,0
KLT-015806,SUP-190,Carrier,0
KLT-015807,SUP-182,Carrier,0
KLT-015808,SUP-148,Carrier,0
KLT-015809,SUP-094,Carrier,0
KLT-015810,SUP-013,WH-01,0
KLT-015811,SUP-057,WH-01,0
KLT-015812,SUP-167,WH-02,0
KLT-015813,SUP-099,WH-02,0
KLT-015814,SUP-171,WH-01,0
KLT-015815,SUP-083,WH-01,0
KLT-015816,SUP-070,Supplier,0
KLT-015817,SUP-155,WH-01,0
KLT-015818,SUP-117,Supplier,0
KLT-015819,SUP-071,Supplier,0
KLT-015820,SUP-177,Supplier,0
KLT-015821,SUP-098,WH-01,0
KLT-015822,SUP-004,Carrier,0
KLT-015823,SUP-135,WH-02,0
KLT-015824,SUP-155,Carrier,0
KLT-015825,SUP-040,WH-01,0
KLT-015826,SUP-064,Carrier,0
KLT-015827,SUP-076,WH-02,0
KLT-015828,SUP-022,WH-01,0
KLT-015829,SUP-151,WH-02,0
KLT-015830,SUP-140,Carrier,0
KLT-015831,SUP-158,Supplier,0
KLT-015832,SUP-030,WH-02,0
KLT-015833,SUP-006,Supplier,0
KLT-015834,SUP-121,WH-01,0
KLT-015835,SUP-149,Carrier,0
KLT-015836,SUP-015,Supplier,0
KLT-015837,SUP-044,WH-01,0
KLT-015838,SUP-067,WH-02,0
KLT-015839,SUP-066,WH-01,0
KLT-015840,SUP-170,WH-01,0
KLT-015841,SUP-196,WH-02,0
KLT-015842,SUP-035,WH-01,0
KLT-015843,SUP-166,Carrier,0
KLT-015844,SUP-003,Supplier,0
KLT-015845,SUP-054,WH-01,0
KLT-015846,SUP-198,Carrier,0
KLT-015847,SUP-098,Supplier,0
KLT-015848,SUP-047,Carrier,0
KLT-015849,SUP-175,Carrier,0
KLT-015850,SUP-199,Supplier,0
KLT-015851,SUP-095,Supplier,0
KLT-015852,SUP-083,Supplier,0
KLT-015853,SUP-127,WH-01,0
KLT-015854,SUP-143,Supplier,0
KLT-015855,SUP-137,Supplier,0
KLT-015856,SUP-098,Supplier,0
KLT-015857,SUP-117,Carrier,0
KLT-015858,SUP-142,Supplier,0
KLT-015859,SUP-091,Supplier,0
KLT-015860,SUP-104,WH-02,0
KLT-015861,SUP-096,Carrier,0
KLT-015862,SUP-167,Carrier,0
KLT-015863,SUP-185,Carrier,0
KLT-015864,SUP-052,Supplier,0
KLT-015865,SUP-071,WH-01,0
KLT-015866,SUP-024,WH-02,0
KLT-015867,SUP-128,Supplier,0
KLT-015868,SUP-138,WH-02,0
KLT-015869,SUP-073,Supplier,0
KLT-015870,SUP-196,Carrier,0
KLT-015871,SUP-086,Supplier,0
KLT-015872,SUP-194,WH-01,0
KLT-015873,SUP-022,Carrier,0
KLT-015874,SUP-139,Carrier,0
KLT-015875,SUP-011,Supplier,0
KLT-015876,SUP-115,Carrier,0
KLT-015877,SUP-164,Supplier,0
KLT-015878,SUP-005,Supplier,0
KLT-015879,SUP-119,Supplier,0
KLT-015880,SUP-005,Carrier,28
KLT-015881,SUP-172,WH-02,0
KLT-015882,SUP-168,WH-01,0
KLT-015883,SUP-191,WH-01,0
KLT-015884,SUP-006,Supplier,0
KLT-015885,SUP-007,Supplier,0
KLT-015886,SUP-112,Supplier,0
KLT-015887,SUP-035,Supplier,0
KLT-015888,SUP-161,WH-01,0
KLT-015889,SUP-031,WH-01,0
KLT-015890,SUP-038,Supplier,0
KLT-015891,SUP-032,Supplier,0
KLT-015892,SUP-056,WH-01,0
KLT-015893,SUP-055,Supplier,0
KLT-015894,SUP-019,Supplier,0
KLT-015895,SUP-191,WH-01,0
KLT-015896,SUP-069,Supplier,0
KLT-015897,SUP-193,Carrier,0
KLT-015898,SUP-126,WH-01,0
KLT-015899,SUP-030,Carrier,0
KLT-015900,SUP-073,Supplier,0
KLT-015901,SUP-172,Carrier,0
KLT-015902,SUP-154,Supplier,0
KLT-015903,SUP-018,WH-01,0
KLT-015904,SUP-015,WH-02,0
KLT-015905,SUP-016,Carrier,0
KLT-015906,SUP-149,Supplier,0
KLT-015907,SUP-140,WH-01,0
KLT-015908,SUP-074,Carrier,0
KLT-015909,SUP-177,Supplier,0
KLT-015910,SUP-039,Supplier,0
KLT-015911,SUP-008,Carrier,0
KLT-015912,SUP-013,Supplier,0
KLT-015913,SUP-157,Supplier,0
KLT-015914,SUP-048,Supplier,0
KLT-015915,SUP-134,WH-02,0
KLT-015916,SUP-191,WH-02,0
KLT-015917,SUP-169,WH-02,0
KLT-015918,SUP-187,WH-01,0
KLT-015919,SUP-109,WH-02,0
KLT-015920,SUP-130,Carrier,0
KLT-015921,SUP-197,Carrier,0
KLT-015922,SUP-113,WH-02,0
KLT-015923,SUP-186,WH-02,0
KLT-015924,SUP-065,Carrier,0
KLT-015925,SUP-028,Supplier,0
KLT-015926,SUP-097,Supplier,0
KLT-015927,SUP-049,WH-01,0
KLT-015928,SUP-173,WH-02,0
KLT-015929,SUP-092,Carrier,0
KLT-015930,SUP-184,Carrier,0
KLT-015931,SUP-170,Supplier,0
KLT-015932,SUP-160,Carrier,0
KLT-015933,SUP-177,WH-01,0
KLT-015934,SUP-118,Carrier,0
KLT-015935,SUP-107,Carrier,0
KLT-015936,SUP-122,WH-02,0
KLT-015937,SUP-104,WH-01,0
KLT-015938,SUP-082,WH-02,0
KLT-015939,SUP-092,Carrier,0
KLT-015940,SUP-200,WH-01,0
KLT-015941,SUP-073,WH-01,0
KLT-015942,SUP-015,Supplier,0
KLT-015943,SUP-170,Supplier,0
KLT-015944,SUP-157,WH-01,0
KLT-015945,SUP-056,Carrier,0
KLT-015946,SUP-022,WH-01,0
KLT-015947,SUP-168,Carrier,0
KLT-015948,SUP-075,Supplier,0
KLT-015949,SUP-198,WH-02,0
KLT-015950,SUP-044,WH-01,0
KLT-015951,SUP-130,WH-02,0
KLT-015952,SUP-009,WH-02,0
KLT-015953,SUP-067,WH-01,0
KLT-015954,SUP-181,WH-02,0
KLT-015955,SUP-055,Supplier,0
KLT-015956,SUP-178,WH-01,0
KLT-015957,SUP-190,Carrier,0
KLT-015958,SUP-018,Supplier,0
KLT-015959,SUP-190,WH-02,0
KLT-015960,SUP-095,Carrier,0
KLT-015961,SUP-135,Supplier,0
KLT-015962,SUP-188,Carrier,0
KLT-015963,SUP-168,Supplier,0
KLT-015964,SUP-015,WH-01,0
KLT-015965,SUP-044,Carrier,0
KLT-015966,SUP-159,WH-02,0
KLT-015967,SUP-069,Carrier,0
KLT-015968,SUP-110,Carrier,0
KLT-015969,SUP-086,Carrier,0
KLT-015970,SUP-169,Carrier,0
KLT-015971,SUP-021,Carrier,0
KLT-015972,SUP-060,WH-02,0
KLT-015973,SUP-186,Carrier,0
KLT-015974,SUP-123,Carrier,0
KLT-015975,SUP-017,WH-02,0
KLT-015976,SUP-023,Carrier,0
KLT-015977,SUP-033,Carrier,0
KLT-015978,SUP-118,WH-02,0
KLT-015979,SUP-117,Supplier,0
KLT-015980,SUP-143,WH-02,0
KLT-015981,SUP-126,WH-02,0
KLT-015982,SUP-001,WH-01,0
KLT-015983,SUP-125,WH-02,0
KLT-015984,SUP-095,WH-02,0
KLT-015985,SUP-133,WH-01,0
KLT-015986,SUP-082,Supplier,0
KLT-015987,SUP-038,WH-01,0
KLT-015988,SUP-179,WH-01,0
KLT-015989,SUP-102,WH-01,0
KLT-015990,SUP-138,WH-01,0
KLT-015991,SUP-052,WH-02,0
KLT-015992,SUP-174,Supplier,0
KLT-015993,SUP-100,WH-02,0
KLT-015994,SUP-052,WH-02,0
KLT-015995,SUP-152,Carrier,0
KLT-015996,SUP-011,Carrier,0
KLT-015997,SUP-113,WH-02,0
KLT-015998,SUP-196,Carrier,0
KLT-015999,SUP-151,Supplier,0
KLT-016000,SUP-066,WH-01,0
KLT-016001,SUP-063,WH-01,0
KLT-016002,SUP-054,WH-01,0
KLT-016003,SUP-044,WH-01,0
KLT-016004,SUP-179,WH-01,0
KLT-016005,SUP-068,Carrier,0
KLT-016006,SUP-102,Carrier,0
KLT-016007,SUP-002,Carrier,0
KLT-016008,SUP-039,WH-01,0
KLT-016009,SUP-040,WH-02,0
KLT-016010,SUP-103,Supplier,0
KLT-016011,SUP-010,WH-01,0
KLT-016012,SUP-023,WH-01,0
KLT-016013,SUP-184,WH-01,0
KLT-016014,SUP-170,WH-02,0
KLT-016015,SUP-037,Supplier,0
KLT-016016,SUP-068,WH-01,0
KLT-016017,SUP-026,Supplier,0
KLT-016018,SUP-133,Carrier,0
KLT-016019,SUP-198,WH-01,0
KLT-016020,SUP-141,Supplier,0
KLT-016021,SUP-130,Supplier,0
KLT-016022,SUP-152,Supplier,0
KLT-016023,SUP-109,WH-01,0
KLT-016024,SUP-139,WH-01,0
KLT-016025,SUP-094,WH-01,0
KLT-016026,SUP-068,WH-02,0
KLT-016027,SUP-184,Carrier,0
KLT-016028,SUP-120,Carrier,0
KLT-016029,SUP-184,Carrier,0
KLT-016030,SUP-110,WH-01,0
KLT-016031,SUP-069,Carrier,0
KLT-016032,SUP-185,Carrier,0
KLT-016033,SUP-132,Supplier,0
KLT-016034,SUP-062,Supplier,0
KLT-016035,SUP-125,WH-01,0
KLT-016036,SUP-049,Supplier,0
KLT-016037,SUP-070,Supplier,0
KLT-016038,SUP-034,Supplier,0
KLT-016039,SUP-059,Supplier,0
KLT-016040,SUP-040,WH-02,0
KLT-016041,SUP-200,WH-02,0
KLT-016042,SUP-119,Supplier,0
KLT-016043,SUP-055,WH-02,0
KLT-016044,SUP-136,WH-02,0
KLT-016045,SUP-131,WH-02,0
KLT-016046,SUP-163,WH-01,0
KLT-016047,SUP-002,Supplier,0
KLT-016048,SUP-170,Carrier,0
KLT-016049,SUP-145,Supplier,0
KLT-016050,SUP-099,WH-02,0
KLT-016051,SUP-120,WH-02,0
KLT-016052,SUP-050,Carrier,0
KLT-016053,SUP-171,WH-02,0
KLT-016054,SUP-094,Supplier,0
KLT-016055,SUP-105,WH-02,0
KLT-016056,SUP-097,WH-01,0
KLT-016057,SUP-096,Supplier,0
KLT-016058,SUP-074,Carrier,0
KLT-016059,SUP-128,Carrier,0
KLT-016060,SUP-006,WH-01,0
KLT-016061,SUP-187,Supplier,0
KLT-016062,SUP-058,WH-02,0
KLT-016063,SUP-013,Carrier,0
KLT-016064,SUP-062,Supplier,0
KLT-016065,SUP-078,Supplier,0
KLT-016066,SUP-097,WH-01,0
KLT-016067,SUP-179,WH-01,0
KLT-016068,SUP-168,Supplier,0
KLT-016069,SUP-009,WH-02,0
KLT-016070,SUP-042,WH-02,0
KLT-016071,SUP-101,Carrier,0
KLT-016072,SUP-075,Carrier,0
KLT-016073,SUP-055,WH-02,0
KLT-016074,SUP-149,Carrier,0
KLT-016075,SUP-154,WH-01,0
KLT-016076,SUP-126,Carrier,0
KLT-016077,SUP-195,Supplier,0
KLT-016078,SUP-109,Carrier,0
KLT-016079,SUP-043,Supplier,0
KLT-016080,SUP-032,WH-02,0
KLT-016081,SUP-052,Carrier,0
KLT-016082,SUP-125,Carrier,0
KLT-016083,SUP-137,Supplier,0
KLT-016084,SUP-121,Supplier,0
KLT-016085,SUP-093,WH-02,0
KLT-016086,SUP-010,Supplier,0
KLT-016087,SUP-088,WH-01,0
KLT-016088,SUP-096,WH-01,0
KLT-016089,SUP-072,WH-02,0
KLT-016090,SUP-094,WH-02,0
KLT-016091,SUP-128,WH-02,0
KLT-016092,SUP-199,WH-01,0
KLT-016093,SUP-056,WH-02,0
KLT-016094,SUP-081,Supplier,0
KLT-016095,SUP-016,Carrier,0
KLT-016096,SUP-117,WH-01,0
KLT-016097,SUP-171,WH-02,0
KLT-016098,SUP-012,Supplier,0
KLT-016099,SUP-099,WH-02,0
KLT-016100,SUP-197,WH-01,0
KLT-016101,SUP-079,Carrier,0
KLT-016102,SUP-168,WH-01,0
KLT-016103,SUP-015,Supplier,0
KLT-016104,SUP-102,Supplier,0
KLT-016105,SUP-083,Supplier,0
KLT-016106,SUP-093,Carrier,0
KLT-016107,SUP-198,WH-01,0
KLT-016108,SUP-027,Carrier,0
KLT-016109,SUP-036,WH-01,0
KLT-016110,SUP-138,WH-01,0
KLT-016111,SUP-164,Supplier,0
KLT-016112,SUP-041,Carrier,0
KLT-016113,SUP-127,WH-02,0
KLT-016114,SUP-093,WH-01,0
KLT-016115,SUP-060,WH-01,0
KLT-016116,SUP-107,Carrier,0
KLT-016117,SUP-114,WH-01,0
KLT-016118,SUP-161,Carrier,0
KLT-016119,SUP-045,WH-01,0
KLT-016120,SUP-035,WH-02,0
KLT-016121,SUP-079,WH-02,0
KLT-016122,SUP-043,Carrier,0
KLT-016123,SUP-104,Supplier,0
KLT-016124,SUP-003,WH-01,0
KLT-016125,SUP-115,Carrier,0
KLT-016126,SUP-196,Supplier,0
KLT-016127,SUP-156,Supplier,0
KLT-016128,SUP-190,WH-01,0
KLT-016129,SUP-043,Carrier,0
KLT-016130,SUP-078,WH-01,0
KLT-016131,SUP-158,WH-01,0
KLT-016132,SUP-044,Carrier,0
KLT-016133,SUP-067,Carrier,0
KLT-016134,SUP-037,WH-01,0
KLT-016135,SUP-025,Carrier,0
KLT-016136,SUP-162,WH-01,0
KLT-016137,SUP-148,Supplier,0
KLT-016138,SUP-081,Supplier,0
KLT-016139,SUP-022,WH-02,0
KLT-016140,SUP-106,WH-02,0
KLT-016141,SUP-057,WH-02,0
KLT-016142,SUP-048,Carrier,0
KLT-016143,SUP-135,WH-02,0
KLT-016144,SUP-158,Supplier,0
KLT-016145,SUP-189,WH-01,0
KLT-016146,SUP-143,WH-01,0
KLT-016147,SUP-024,WH-01,0
KLT-016148,SUP-169,WH-01,0
KLT-016149,SUP-008,WH-02,0
KLT-016150,SUP-060,WH-02,0
KLT-016151,SUP-100,Carrier,0
KLT-016152,SUP-173,WH-01,0
KLT-016153,SUP-055,Carrier,0
KLT-016154,SUP-108,WH-02,0
KLT-016155,SUP-135,WH-02,0
KLT-016156,SUP-041,Carrier,0
KLT-016157,SUP-006,Carrier,0
KLT-016158,SUP-015,WH-02,0
KLT-016159,SUP-156,WH-01,0
KLT-016160,SUP-172,Supplier,0
KLT-016161,SUP-159,Carrier,0
KLT-016162,SUP-150,Supplier,0
KLT-016163,SUP-014,Carrier,0
KLT-016164,SUP-183,WH-02,0
KLT-016165,SUP-001,WH-01,0
KLT-016166,SUP-053,Supplier,0
KLT-016167,SUP-185,WH-01,0
KLT-016168,SUP-175,WH-02,0
KLT-016169,SUP-014,WH-02,0
KLT-016170,SUP-060,WH-01,0
KLT-016171,SUP-057,Supplier,0
KLT-016172,SUP-172,WH-02,0
KLT-016173,SUP-102,WH-01,0
KLT-016174,SUP-108,Supplier,0
KLT-016175,SUP-138,Supplier,0
KLT-016176,SUP-104,WH-02,0
KLT-016177,SUP-032,Supplier,0
KLT-016178,SUP-190,Carrier,0
KLT-016179,SUP-077,Carrier,0
KLT-016180,SUP-122,Carrier,0
KLT-016181,SUP-029,Carrier,0
KLT-016182,SUP-063,Carrier,0
KLT-016183,SUP-031,Carrier,0
KLT-016184,SUP-135,WH-01,0
KLT-016185,SUP-187,WH-02,0
KLT-016186,SUP-079,Supplier,0
KLT-016187,SUP-021,Supplier,0
KLT-016188,SUP-034,Supplier,0
KLT-016189,SUP-190,Carrier,0
KLT-016190,SUP-152,WH-01,0
KLT-016191,SUP-029,Supplier,0
KLT-016192,SUP-078,Carrier,0
KLT-016193,SUP-190,Carrier,0
KLT-016194,SUP-062,Carrier,0
KLT-016195,SUP-156,WH-02,0
KLT-016196,SUP-075,Carrier,0
KLT-016197,SUP-035,WH-02,0
KLT-016198,SUP-121,Supplier,0
KLT-016199,SUP-116,WH-01,0
KLT-016200,SUP-005,Supplier,0
KLT-016201,SUP-014,Carrier,0
KLT-016202,SUP-064,WH-01,0
KLT-016203,SUP-019,WH-01,0
KLT-016204,SUP-125,Carrier,0
KLT-016205,SUP-092,WH-02,0
KLT-016206,SUP-052,WH-02,0
KLT-016207,SUP-053,WH-01,0
KLT-016208,SUP-028,Carrier,0
KLT-016209,SUP-152,Supplier,0
KLT-016210,SUP-135,Supplier,0
KLT-016211,SUP-042,WH-02,0
KLT-016212,SUP-024,WH-01,0
KLT-016213,SUP-157,Supplier,0
KLT-016214,SUP-120,Supplier,0
KLT-016215,SUP-089,Supplier,0
KLT-016216,SUP-051,Carrier,0
KLT-016217,SUP-070,Supplier,0
KLT-016218,SUP-077,Carrier,0
KLT-016219,SUP-095,Supplier,0
KLT-016220,SUP-161,Carrier,0
KLT-016221,SUP-197,Carrier,0
KLT-016222,SUP-178,WH-01,0
KLT-016223,SUP-084,WH-01,0
KLT-016224,SUP-041,Carrier,0
KLT-016225,SUP-132,WH-01,0
KLT-016226,SUP-088,WH-02,0
KLT-016227,SUP-195,Carrier,0
KLT-016228,SUP-057,WH-01,0
KLT-016229,SUP-093,Carrier,0
KLT-016230,SUP-159,Carrier,0
KLT-016231,SUP-045,WH-01,0
KLT-016232,SUP-057,Supplier,0
KLT-016233,SUP-109,Carrier,0
KLT-016234,SUP-100,WH-02,0
KLT-016235,SUP-015,WH-01,0
KLT-016236,SUP-188,Supplier,0
KLT-016237,SUP-102,Carrier,0
KLT-016238,SUP-036,Carrier,0
KLT-016239,SUP-051,Carrier,0
KLT-016240,SUP-012,WH-01,0
KLT-016241,SUP-046,Supplier,0
KLT-016242,SUP-145,Supplier,0
KLT-016243,SUP-153,WH-01,0
KLT-016244,SUP-072,WH-02,0
KLT-016245,SUP-050,WH-01,0
KLT-016246,SUP-160,Carrier,0
KLT-016247,SUP-150,Supplier,0
KLT-016248,SUP-080,Supplier,0
KLT-016249,SUP-115,Supplier,0
KLT-016250,SUP-072,Carrier,0
KLT-016251,SUP-133,WH-02,0
KLT-016252,SUP-197,WH-02,0
KLT-016253,SUP-138,Supplier,0
KLT-016254,SUP-192,WH-02,0
KLT-016255,SUP-057,WH-01,0
KLT-016256,SUP-083,Carrier,0
KLT-016257,SUP-171,Supplier,0
KLT-016258,SUP-053,Supplier,0
KLT-016259,SUP-041,Carrier,0
KLT-016260,SUP-033,WH-01,0
KLT-016261,SUP-118,Supplier,0
KLT-016262,SUP-085,Supplier,0
KLT-016263,SUP-091,WH-01,0
KLT-016264,SUP-074,Supplier,0
KLT-016265,SUP-199,Supplier,0
KLT-016266,SUP-162,Carrier,0
KLT-016267,SUP-046,Supplier,0
KLT-016268,SUP-080,Carrier,0
KLT-016269,SUP-001,Carrier,0
KLT-016270,SUP-009,Carrier,0
KLT-016271,SUP-061,WH-02,0
KLT-016272,SUP-093,WH-01,0
KLT-016273,SUP-185,Carrier,0
KLT-016274,SUP-156,Supplier,0
KLT-016275,SUP-002,WH-01,0
KLT-016276,SUP-094,WH-01,0
KLT-016277,SUP-038,Carrier,0
KLT-016278,SUP-200,Carrier,0
KLT-016279,SUP-056,WH-02,0
KLT-016280,SUP-051,WH-01,0
KLT-016281,SUP-160,Supplier,0
KLT-016282,SUP-013,Carrier,0
KLT-016283,SUP-041,Carrier,0
KLT-016284,SUP-166,WH-02,0
KLT-016285,SUP-105,Supplier,0
KLT-016286,SUP-140,Supplier,0
KLT-016287,SUP-056,WH-02,0
KLT-016288,SUP-164,Supplier,0
KLT-016289,SUP-064,Supplier,0
KLT-016290,SUP-190,Carrier,0
KLT-016291,SUP-196,WH-01,0
KLT-016292,SUP-021,WH-01,0
KLT-016293,SUP-111,Carrier,0
KLT-016294,SUP-080,WH-02,0
KLT-016295,SUP-195,Supplier,0
KLT-016296,SUP-113,Carrier,0
KLT-016297,SUP-135,Carrier,0
KLT-016298,SUP-189,Supplier,0
KLT-016299,SUP-189,Carrier,0
KLT-016300,SUP-151,WH-02,0
KLT-016301,SUP-035,WH-02,0
KLT-016302,SUP-181,WH-01,0
KLT-016303,SUP-006,WH-02,0
KLT-016304,SUP-137,WH-01,0
KLT-016305,SUP-019,Carrier,0
KLT-016306,SUP-090,Carrier,0
KLT-016307,SUP-032,Carrier,0
KLT-016308,SUP-079,WH-02,0
KLT-016309,SUP-123,WH-02,0
KLT-016310,SUP-095,WH-01,0
KLT-016311,SUP-130,Carrier,0
KLT-016312,SUP-163,WH-02,0
KLT-016313,SUP-162,WH-01,0
KLT-016314,SUP-150,WH-02,0
KLT-016315,SUP-133,WH-01,0
KLT-016316,SUP-123,WH-02,0
KLT-016317,SUP-053,Supplier,0
KLT-016318,SUP-027,Carrier,0
KLT-016319,SUP-029,WH-02,0
KLT-016320,SUP-162,WH-02,0
KLT-016321,SUP-019,Supplier,0
KLT-016322,SUP-003,Supplier,0
KLT-016323,SUP-023,Supplier,0
KLT-016324,SUP-038,WH-01,0
KLT-016325,SUP-052,Supplier,0
KLT-016326,SUP-065,WH-02,0
KLT-016327,SUP-102,WH-01,0
KLT-016328,SUP-184,WH-02,0
KLT-016329,SUP-001,WH-02,0
KLT-016330,SUP-170,Supplier,0
KLT-016331,SUP-054,WH-01,0
KLT-016332,SUP-040,Supplier,0
KLT-016333,SUP-004,WH-02,0
KLT-016334,SUP-050,Carrier,0
KLT-016335,SUP-183,Carrier,0
KLT-016336,SUP-194,Carrier,0
KLT-016337,SUP-140,Carrier,0
KLT-016338,SUP-116,WH-01,0
KLT-016339,SUP-101,Supplier,0
KLT-016340,SUP-018,WH-01,0
KLT-016341,SUP-114,Carrier,0
KLT-016342,SUP-091,Carrier,0
KLT-016343,SUP-066,WH-01,0
KLT-016344,SUP-084,Supplier,0
KLT-016345,SUP-143,Carrier,0
KLT-016346,SUP-121,Supplier,0
KLT-016347,SUP-171,Supplier,0
KLT-016348,SUP-139,Carrier,0
KLT-016349,SUP-165,WH-02,0
KLT-016350,SUP-171,Carrier,0
KLT-016351,SUP-019,WH-01,0
KLT-016352,SUP-040,WH-01,0
KLT-016353,SUP-081,Supplier,0
KLT-016354,SUP-128,Carrier,0
KLT-016355,SUP-173,Supplier,0
KLT-016356,SUP-179,Carrier,0
KLT-016357,SUP-197,WH-02,0
KLT-016358,SUP-085,WH-01,0
KLT-016359,SUP-145,WH-01,0
KLT-016360,SUP-046,Carrier,0
KLT-016361,SUP-018,Supplier,0
KLT-016362,SUP-122,Supplier,0
KLT-016363,SUP-061,WH-01,0
KLT-016364,SUP-015,Supplier,0
KLT-016365,SUP-075,WH-02,0
KLT-016366,SUP-102,WH-02,0
KLT-016367,SUP-009,Carrier,0
KLT-016368,SUP-070,Carrier,0
KLT-016369,SUP-163,WH-01,0
KLT-016370,SUP-199,WH-02,0
KLT-016371,SUP-133,WH-01,0
KLT-016372,SUP-064,WH-02,0
KLT-016373,SUP-178,WH-01,0
KLT-016374,SUP-039,Supplier,0
KLT-016375,SUP-104,WH-02,0
KLT-016376,SUP-168,Supplier,0
KLT-016377,SUP-061,Supplier,0
KLT-016378,SUP-088,WH-02,0
KLT-016379,SUP-042,WH-02,0
KLT-016380,SUP-178,Carrier,0
KLT-016381,SUP-068,WH-01,0
KLT-016382,SUP-123,WH-01,0
KLT-016383,SUP-125,Supplier,0
KLT-016384,SUP-146,Carrier,0
KLT-016385,SUP-089,Carrier,0
KLT-016386,SUP-120,WH-02,51
KLT-016387,SUP-115,Carrier,0
KLT-016388,SUP-001,WH-01,0
KLT-016389,SUP-167,WH-01,0
KLT-016390,SUP-190,WH-01,0
KLT-016391,SUP-083,Supplier,0
KLT-016392,SUP-047,Carrier,0
KLT-016393,SUP-033,Carrier,0
KLT-016394,SUP-192,Supplier,0
KLT-016395,SUP-116,Supplier,0
KLT-016396,SUP-169,Supplier,0
KLT-016397,SUP-200,WH-01,0
KLT-016398,SUP-025,WH-02,0
KLT-016399,SUP-009,Carrier,0
KLT-016400,SUP-088,WH-01,0
KLT-016401,SUP-143,WH-02,0
KLT-016402,SUP-085,WH-01,0
KLT-016403,SUP-039,WH-02,0
KLT-016404,SUP-114,WH-01,0
KLT-016405,SUP-105,WH-01,0
KLT-016406,SUP-163,Carrier,0
KLT-016407,SUP-082,WH-01,0
KLT-016408,SUP-126,WH-02,0
KLT-016409,SUP-026,WH-02,0
KLT-016410,SUP-144,WH-02,0
KLT-016411,SUP-138,WH-02,0
KLT-016412,SUP-107,WH-02,0
KLT-016413,SUP-041,Carrier,0
KLT-016414,SUP-136,Supplier,0
KLT-016415,SUP-019,WH-02,0
KLT-016416,SUP-157,WH-01,0
KLT-016417,SUP-024,Carrier,0
KLT-016418,SUP-071,WH-01,0
KLT-016419,SUP-121,Supplier,0
KLT-016420,SUP-105,Carrier,0
KLT-016421,SUP-110,Supplier,0
KLT-016422,SUP-079,Carrier,0
KLT-016423,SUP-161,WH-01,0
KLT-016424,SUP-058,WH-01,0
KLT-016425,SUP-163,Supplier,0
KLT-016426,SUP-006,WH-01,0
KLT-016427,SUP-001,WH-01,0
KLT-016428,SUP-028,WH-02,0
KLT-016429,SUP-132,WH-02,0
KLT-016430,SUP-075,Carrier,0
KLT-016431,SUP-124,WH-02,0
KLT-016432,SUP-113,WH-02,0
KLT-016433,SUP-159,Carrier,0
KLT-016434,SUP-133,Carrier,0
KLT-016435,SUP-113,Supplier,0
KLT-016436,SUP-117,WH-01,0
KLT-016437,SUP-085,WH-01,0
KLT-016438,SUP-091,Carrier,0
KLT-016439,SUP-114,WH-02,0
KLT-016440,SUP-117,WH-01,0
KLT-016441,SUP-181,WH-02,0
KLT-016442,SUP-173,WH-01,0
KLT-016443,SUP-017,Carrier,0
KLT-016444,SUP-044,Supplier,0
KLT-016445,SUP-158,WH-01,0
KLT-016446,SUP-132,Supplier,0
KLT-016447,SUP-118,Carrier,0
KLT-016448,SUP-069,WH-02,0
KLT-016449,SUP-133,WH-02,0
KLT-016450,SUP-066,WH-01,0
KLT-016451,SUP-184,WH-02,0
KLT-016452,SUP-110,WH-01,0
KLT-016453,SUP-112,WH-01,0
KLT-016454,SUP-093,Supplier,0
KLT-016455,SUP-084,WH-02,0
KLT-016456,SUP-109,Supplier,0
KLT-016457,SUP-051,Supplier,0
KLT-016458,SUP-130,Supplier,0
KLT-016459,SUP-080,Carrier,0
KLT-016460,SUP-176,Carrier,0
KLT-016461,SUP-034,WH-02,0
KLT-016462,SUP-175,WH-02,0
KLT-016463,SUP-165,Supplier,0
KLT-016464,SUP-157,Supplier,0
KLT-016465,SUP-155,WH-02,0
KLT-016466,SUP-175,WH-02,0
KLT-016467,SUP-043,WH-02,0
KLT-016468,SUP-045,WH-01,0
KLT-016469,SUP-150,Carrier,0
KLT-016470,SUP-038,WH-01,0
KLT-016471,SUP-134,Carrier,0
KLT-016472,SUP-179,Supplier,0
KLT-016473,SUP-093,WH-02,0
KLT-016474,SUP-075,Carrier,0
KLT-016475,SUP-120,WH-01,0
KLT-016476,SUP-121,WH-01,0
KLT-016477,SUP-110,Carrier,0
KLT-016478,SUP-012,WH-01,0
KLT-016479,SUP-187,Supplier,0
KLT-016480,SUP-153,WH-01,0
KLT-016481,SUP-021,Carrier,0
KLT-016482,SUP-085,WH-01,0
KLT-016483,SUP-100,WH-01,0
KLT-016484,SUP-018,WH-01,0
KLT-016485,SUP-162,Supplier,0
KLT-016486,SUP-108,WH-02,0
KLT-016487,SUP-102,Supplier,0
KLT-016488,SUP-036,WH-02,0
KLT-016489,SUP-010,Supplier,0
KLT-016490,SUP-195,Supplier,0
KLT-016491,SUP-024,WH-01,0
KLT-016492,SUP-188,WH-01,0
KLT-016493,SUP-102,Carrier,0
KLT-016494,SUP-134,WH-01,0
KLT-016495,SUP-183,Supplier,0
KLT-016496,SUP-017,Carrier,0
KLT-016497,SUP-073,WH-02,0
KLT-016498,SUP-132,Supplier,0
KLT-016499,SUP-062,Supplier,0
KLT-016500,SUP-059,WH-02,0
KLT-016501,SUP-103,Supplier,0
KLT-016502,SUP-069,WH-01,0
KLT-016503,SUP-187,WH-02,0
KLT-016504,SUP-018,WH-02,0
KLT-016505,SUP-170,WH-02,0
KLT-016506,SUP-150,Carrier,0
KLT-016507,SUP-046,WH-02,0
KLT-016508,SUP-057,WH-02,0
KLT-016509,SUP-134,Supplier,0
KLT-016510,SUP-025,Supplier,0
KLT-016511,SUP-020,Carrier,0
KLT-016512,SUP-153,Carrier,0
KLT-016513,SUP-199,Carrier,0
KLT-016514,SUP-164,WH-01,0
KLT-016515,SUP-055,Supplier,0
KLT-016516,SUP-012,Carrier,0
KLT-016517,SUP-009,WH-01,0
KLT-016518,SUP-163,WH-01,0
KLT-016519,SUP-154,WH-02,0
KLT-016520,SUP-066,Supplier,0
KLT-016521,SUP-099,WH-02,0
KLT-016522,SUP-077,WH-02,0
KLT-016523,SUP-197,Carrier,0
KLT-016524,SUP-099,WH-02,0
KLT-016525,SUP-166,Supplier,0
KLT-016526,SUP-191,WH-02,0
KLT-016527,SUP-058,WH-02,0
KLT-016528,SUP-032,Supplier,0
KLT-016529,SUP-096,WH-01,0
KLT-016530,SUP-143,Supplier,0
KLT-016531,SUP-106,WH-02,0
KLT-016532,SUP-191,Supplier,0
KLT-016533,SUP-090,WH-01,0
KLT-016534,SUP-130,Supplier,0
KLT-016535,SUP-154,Supplier,0
KLT-016536,SUP-022,Carrier,0
KLT-016537,SUP-043,WH-02,0
KLT-016538,SUP-196,Carrier,0
KLT-016539,SUP-185,Supplier,0
KLT-016540,SUP-054,Carrier,0
KLT-016541,SUP-003,WH-01,0
KLT-016542,SUP-032,WH-02,0
KLT-016543,SUP-175,WH-01,0
KLT-016544,SUP-045,WH-01,0
KLT-016545,SUP-130,Carrier,0
KLT-016546,SUP-035,Supplier,0
KLT-016547,SUP-107,WH-01,0
KLT-016548,SUP-153,WH-01,0
KLT-016549,SUP-053,WH-01,0
KLT-016550,SUP-168,Supplier,0
KLT-016551,SUP-138,WH-01,0
KLT-016552,SUP-134,WH-01,0
KLT-016553,SUP-165,Supplier,0
KLT-016554,SUP-018,WH-02,0
KLT-016555,SUP-056,Supplier,0
KLT-016556,SUP-084,Supplier,0
KLT-016557,SUP-094,WH-02,0
KLT-016558,SUP-200,WH-01,0
KLT-016559,SUP-015,Carrier,0
KLT-016560,SUP-183,WH-01,0
KLT-016561,SUP-022,Carrier,0
KLT-016562,SUP-018,WH-02,0
KLT-016563,SUP-147,Supplier,0
KLT-016564,SUP-019,WH-01,0
KLT-016565,SUP-165,WH-02,0
KLT-016566,SUP-199,Carrier,0
KLT-016567,SUP-022,WH-02,0
KLT-016568,SUP-091,Supplier,0
KLT-016569,SUP-162,WH-01,0
KLT-016570,SUP-001,WH-01,0
KLT-016571,SUP-079,Supplier,0
KLT-016572,SUP-033,Supplier,0
KLT-016573,SUP-056,Supplier,0
KLT-016574,SUP-197,WH-01,0
KLT-016575,SUP-126,WH-02,0
KLT-016576,SUP-041,Supplier,0
KLT-016577,SUP-069,WH-02,0
KLT-016578,SUP-159,Carrier,0
KLT-016579,SUP-149,Supplier,0
KLT-016580,SUP-044,WH-01,0
KLT-016581,SUP-158,WH-01,0
KLT-016582,SUP-150,Supplier,0
KLT-016583,SUP-176,Carrier,0
KLT-016584,SUP-054,Carrier,0
KLT-016585,SUP-133,WH-01,0
KLT-016586,SUP-171,Supplier,0
KLT-016587,SUP-089,WH-01,0
KLT-016588,SUP-021,WH-01,0
KLT-016589,SUP-196,WH-02,0
KLT-016590,SUP-084,Carrier,0
KLT-016591,SUP-002,Carrier,0
KLT-016592,SUP-079,Carrier,0
KLT-016593,SUP-172,Carrier,0
KLT-016594,SUP-080,Carrier,0
KLT-016595,SUP-173,WH-02,0
KLT-016596,SUP-103,Carrier,0
KLT-016597,SUP-162,WH-02,0
KLT-016598,SUP-100,Carrier,0
KLT-016599,SUP-170,Supplier,0
KLT-016600,SUP-138,Supplier,0
KLT-016601,SUP-089,Carrier,0
KLT-016602,SUP-086,Carrier,0
KLT-016603,SUP-132,Supplier,0
KLT-016604,SUP-030,Supplier,0
KLT-016605,SUP-142,WH-01,0
KLT-016606,SUP-141,Supplier,0
KLT-016607,SUP-012,WH-02,0
KLT-016608,SUP-062,WH-02,0
KLT-016609,SUP-185,Supplier,0
KLT-016610,SUP-119,WH-01,0
KLT-016611,SUP-068,WH-01,0
KLT-016612,SUP-030,Supplier,0
KLT-016613,SUP-198,WH-01,0
KLT-016614,SUP-184,WH-01,0
KLT-016615,SUP-005,WH-01,0
KLT-016616,SUP-094,WH-02,0
KLT-016617,SUP-041,WH-02,0
KLT-016618,SUP-050,WH-02,0
KLT-016619,SUP-152,WH-01,0
KLT-016620,SUP-064,WH-01,0
KLT-016621,SUP-031,WH-01,0
KLT-016622,SUP-069,WH-02,0
KLT-016623,SUP-037,WH-02,0
KLT-016624,SUP-081,Carrier,0
KLT-016625,SUP-019,Supplier,0
KLT-016626,SUP-156,Carrier,0
KLT-016627,SUP-072,WH-02,0
KLT-016628,SUP-130,WH-01,0
KLT-016629,SUP-006,Supplier,0
KLT-016630,SUP-188,Supplier,0
KLT-016631,SUP-093,WH-02,0
KLT-016632,SUP-123,Carrier,0
KLT-016633,SUP-074,Supplier,0
KLT-016634,SUP-126,WH-02,0
KLT-016635,SUP-022,Carrier,0
KLT-016636,SUP-070,WH-01,0
KLT-016637,SUP-041,WH-01,0
KLT-016638,SUP-077,WH-02,0
KLT-016639,SUP-126,WH-02,0
KLT-016640,SUP-195,Supplier,0
KLT-016641,SUP-147,Supplier,0
KLT-016642,SUP-174,WH-01,0
KLT-016643,SUP-130,WH-02,0
KLT-016644,SUP-008,Supplier,0
KLT-016645,SUP-059,Supplier,0
KLT-016646,SUP-079,WH-02,0
KLT-016647,SUP-148,Supplier,0
KLT-016648,SUP-135,Supplier,0
KLT-016649,SUP-052,WH-02,0
KLT-016650,SUP-173,WH-01,0
KLT-016651,SUP-068,Carrier,0
KLT-016652,SUP-042,WH-01,0
KLT-016653,SUP-127,Carrier,0
KLT-016654,SUP-172,Carrier,0
KLT-016655,SUP-144,Carrier,0
KLT-016656,SUP-044,Supplier,0
KLT-016657,SUP-086,Supplier,0
KLT-016658,SUP-134,WH-02,0
KLT-016659,SUP-171,WH-01,0
KLT-016660,SUP-025,WH-01,0
KLT-016661,SUP-119,WH-01,0
KLT-016662,SUP-053,WH-02,0
KLT-016663,SUP-094,Carrier,0
KLT-016664,SUP-059,WH-01,0
KLT-016665,SUP-040,WH-02,0
KLT-016666,SUP-126,Carrier,0
KLT-016667,SUP-124,WH-01,0
KLT-016668,SUP-185,WH-01,0
KLT-016669,SUP-040,WH-01,0
KLT-016670,SUP-112,WH-01,0
KLT-016671,SUP-152,WH-01,0
KLT-016672,SUP-013,WH-01,0
KLT-016673,SUP-167,WH-01,0
KLT-016674,SUP-136,WH-01,0
KLT-016675,SUP-133,Supplier,0
KLT-016676,SUP-005,Supplier,0
KLT-016677,SUP-160,Carrier,0
KLT-016678,SUP-146,WH-02,0
KLT-016679,SUP-063,Supplier,0
KLT-016680,SUP-171,WH-01,0
KLT-016681,SUP-123,WH-01,0
KLT-016682,SUP-060,Carrier,0
KLT-016683,SUP-093,WH-01,0
KLT-016684,SUP-053,WH-02,0
KLT-016685,SUP-003,Carrier,0
KLT-016686,SUP-118,WH-02,0
KLT-016687,SUP-006,Supplier,0
KLT-016688,SUP-039,WH-01,0
KLT-016689,SUP-119,Carrier,0
KLT-016690,SUP-087,WH-01,0
KLT-016691,SUP-063,Supplier,0
KLT-016692,SUP-101,WH-02,0
KLT-016693,SUP-147,WH-01,0
KLT-016694,SUP-131,Supplier,0
KLT-016695,SUP-162,Carrier,0
KLT-016696,SUP-111,Carrier,0
KLT-016697,SUP-145,Supplier,0
KLT-016698,SUP-175,WH-01,0
KLT-016699,SUP-107,Carrier,0
KLT-016700,SUP-101,Supplier,0
KLT-016701,SUP-077,Carrier,0
KLT-016702,SUP-111,WH-01,0
KLT-016703,SUP-036,WH-01,0
KLT-016704,SUP-071,WH-02,0
KLT-016705,SUP-062,Supplier,0
KLT-016706,SUP-133,WH-01,0
KLT-016707,SUP-149,WH-02,0
KLT-016708,SUP-146,WH-02,0
KLT-016709,SUP-036,Carrier,0
KLT-016710,SUP-021,Carrier,0
KLT-016711,SUP-129,Carrier,0
KLT-016712,SUP-169,Carrier,0
KLT-016713,SUP-067,Carrier,0
KLT-016714,SUP-071,WH-01,0
KLT-016715,SUP-093,WH-01,0
KLT-016716,SUP-197,Supplier,0
KLT-016717,SUP-031,WH-01,0
KLT-016718,SUP-027,WH-01,0
KLT-016719,SUP-049,Supplier,0
KLT-016720,SUP-174,WH-01,0
KLT-016721,SUP-067,WH-02,0
KLT-016722,SUP-116,WH-01,0
KLT-016723,SUP-156,Carrier,0
KLT-016724,SUP-059,WH-01,0
KLT-016725,SUP-041,WH-02,0
KLT-016726,SUP-078,WH-02,0
KLT-016727,SUP-039,WH-02,0
KLT-016728,SUP-142,WH-02,0
KLT-016729,SUP-185,Carrier,0
KLT-016730,SUP-193,WH-01,0
KLT-016731,SUP-059,WH-01,0
KLT-016732,SUP-121,WH-01,0
KLT-016733,SUP-072,Supplier,0
KLT-016734,SUP-104,WH-02,0
KLT-016735,SUP-143,Carrier,0
KLT-016736,SUP-101,WH-01,0
KLT-016737,SUP-053,Carrier,0
KLT-016738,SUP-058,Carrier,0
KLT-016739,SUP-120,WH-02,0
KLT-016740,SUP-039,Supplier,0
KLT-016741,SUP-161,Carrier,0
KLT-016742,SUP-144,WH-01,0
KLT-016743,SUP-104,WH-02,0
KLT-016744,SUP-087,Supplier,0
KLT-016745,SUP-117,WH-02,0
KLT-016746,SUP-146,Carrier,0
KLT-016747,SUP-025,WH-02,0
KLT-016748,SUP-048,WH-02,0
KLT-016749,SUP-191,WH-01,0
KLT-016750,SUP-183,WH-02,0
KLT-016751,SUP-036,WH-02,0
KLT-016752,SUP-013,Carrier,0
KLT-016753,SUP-161,Carrier,0
KLT-016754,SUP-144,WH-02,0
KLT-016755,SUP-077,WH-02,0
KLT-016756,SUP-061,Supplier,0
KLT-016757,SUP-059,Carrier,0
KLT-016758,SUP-161,Carrier,0
KLT-016759,SUP-156,WH-01,0
KLT-016760,SUP-072,Supplier,0
KLT-016761,SUP-053,WH-01,0
KLT-016762,SUP-114,Supplier,0
KLT-016763,SUP-126,WH-01,0
KLT-016764,SUP-041,WH-01,0
KLT-016765,SUP-086,Supplier,0
KLT-016766,SUP-003,WH-01,0
KLT-016767,SUP-194,Carrier,0
KLT-016768,SUP-043,Supplier,0
KLT-016769,SUP-174,WH-02,0
KLT-016770,SUP-042,WH-01,0
KLT-016771,SUP-130,WH-01,0
KLT-016772,SUP-163,Carrier,0
KLT-016773,SUP-118,Supplier,0
KLT-016774,SUP-144,Supplier,0
KLT-016775,SUP-066,Supplier,0
KLT-016776,SUP-058,WH-02,0
KLT-016777,SUP-030,Carrier,0
KLT-016778,SUP-085,WH-02,0
KLT-016779,SUP-069,WH-01,0
KLT-016780,SUP-058,WH-02,0
KLT-016781,SUP-014,Carrier,0
KLT-016782,SUP-104,WH-01,0
KLT-016783,SUP-199,WH-01,0
KLT-016784,SUP-062,Carrier,0
KLT-016785,SUP-091,WH-02,0
KLT-016786,SUP-081,Carrier,0
KLT-016787,SUP-073,WH-02,0
KLT-016788,SUP-130,Supplier,0
KLT-016789,SUP-056,WH-01,0
KLT-016790,SUP-158,Supplier,0
KLT-016791,SUP-088,Supplier,0
KLT-016792,SUP-123,WH-02,0
KLT-016793,SUP-192,WH-02,0
KLT-016794,SUP-188,WH-01,0
KLT-016795,SUP-098,Carrier,0
KLT-016796,SUP-180,WH-01,0
KLT-016797,SUP-103,WH-02,0
KLT-016798,SUP-011,WH-02,0
KLT-016799,SUP-198,Supplier,0
KLT-016800,SUP-093,Supplier,0
KLT-016801,SUP-051,WH-01,0
KLT-016802,SUP-141,Supplier,0
KLT-016803,SUP-054,Supplier,0
KLT-016804,SUP-028,Supplier,0
KLT-016805,SUP-138,WH-01,0
KLT-016806,SUP-014,WH-02,0
KLT-016807,SUP-046,WH-02,0
KLT-016808,SUP-075,WH-01,0
KLT-016809,SUP-117,Supplier,0
KLT-016810,SUP-130,WH-01,0
KLT-016811,SUP-144,WH-02,0
KLT-016812,SUP-043,Supplier,0
KLT-016813,SUP-131,Supplier,0
KLT-016814,SUP-177,Carrier,0
KLT-016815,SUP-156,Carrier,0
KLT-016816,SUP-034,Carrier,0
KLT-016817,SUP-034,WH-02,0
KLT-016818,SUP-103,WH-02,0
KLT-016819,SUP-015,Carrier,0
KLT-016820,SUP-188,WH-02,0
KLT-016821,SUP-173,Supplier,0
KLT-016822,SUP-080,Supplier,0
KLT-016823,SUP-077,WH-02,0
KLT-016824,SUP-125,Supplier,0
KLT-016825,SUP-081,WH-02,0
KLT-016826,SUP-143,Supplier,0
KLT-016827,SUP-043,Supplier,0
KLT-016828,SUP-199,Carrier,0
KLT-016829,SUP-038,Supplier,0
KLT-016830,SUP-012,WH-02,0
KLT-016831,SUP-068,Carrier,0
KLT-016832,SUP-137,WH-01,0
KLT-016833,SUP-173,WH-02,0
KLT-016834,SUP-061,Supplier,0
KLT-016835,SUP-189,WH-02,0
KLT-016836,SUP-152,WH-02,0
KLT-016837,SUP-011,Supplier,0
KLT-016838,SUP-148,Carrier,0
KLT-016839,SUP-014,WH-02,0
KLT-016840,SUP-088,WH-01,0
KLT-016841,SUP-167,WH-02,0
KLT-016842,SUP-198,WH-02,0
KLT-016843,SUP-051,WH-01,0
KLT-016844,SUP-082,Supplier,0
KLT-016845,SUP-037,WH-02,0
KLT-016846,SUP-196,WH-01,0
KLT-016847,SUP-135,Carrier,0
KLT-016848,SUP-023,Supplier,0
KLT-016849,SUP-100,WH-02,0
KLT-016850,SUP-004,WH-01,0
KLT-016851,SUP-081,Carrier,0
KLT-016852,SUP-165,Supplier,0
KLT-016853,SUP-137,WH-02,0
KLT-016854,SUP-080,Supplier,0
KLT-016855,SUP-181,WH-02,0
KLT-016856,SUP-124,WH-02,0
KLT-016857,SUP-198,WH-02,0
KLT-016858,SUP-021,WH-02,0
KLT-016859,SUP-142,Supplier,0
KLT-016860,SUP-118,WH-01,0
KLT-016861,SUP-135,WH-01,0
KLT-016862,SUP-162,Supplier,0
KLT-016863,SUP-193,Supplier,0
KLT-016864,SUP-196,WH-01,0
KLT-016865,SUP-028,Carrier,0
KLT-016866,SUP-105,WH-01,0
KLT-016867,SUP-188,WH-01,0
KLT-016868,SUP-045,Carrier,0
KLT-016869,SUP-032,Carrier,0
KLT-016870,SUP-039,WH-02,0
KLT-016871,SUP-163,WH-01,0
KLT-016872,SUP-195,Supplier,0
KLT-016873,SUP-018,Carrier,0
KLT-016874,SUP-137,WH-01,0
KLT-016875,SUP-145,Supplier,0
KLT-016876,SUP-097,Supplier,0
KLT-016877,SUP-009,Carrier,0
KLT-016878,SUP-179,WH-02,0
KLT-016879,SUP-011,Supplier,0
KLT-016880,SUP-042,Supplier,0
KLT-016881,SUP-084,WH-01,0
KLT-016882,SUP-197,WH-02,0
KLT-016883,SUP-069,WH-02,0
KLT-016884,SUP-006,WH-01,0
KLT-016885,SUP-135,WH-02,0
KLT-016886,SUP-038,Carrier,0
KLT-016887,SUP-027,Supplier,0
KLT-016888,SUP-179,Supplier,0
KLT-016889,SUP-036,WH-01,0
KLT-016890,SUP-190,WH-02,0
KLT-016891,SUP-110,WH-01,0
KLT-016892,SUP-084,WH-02,0
KLT-016893,SUP-162,Carrier,0
KLT-016894,SUP-053,Supplier,0
KLT-016895,SUP-049,Carrier,0
KLT-016896,SUP-005,Carrier,0
KLT-016897,SUP-177,Carrier,0
KLT-016898,SUP-005,WH-02,0
KLT-016899,SUP-117,Carrier,0
KLT-016900,SUP-179,Supplier,0
KLT-016901,SUP-115,WH-02,0
KLT-016902,SUP-171,Carrier,0
KLT-016903,SUP-087,Carrier,0
KLT-016904,SUP-072,Supplier,0
KLT-016905,SUP-076,WH-01,0
KLT-016906,SUP-041,Carrier,0
KLT-016907,SUP-152,Supplier,0
KLT-016908,SUP-117,WH-01,0
KLT-016909,SUP-166,Supplier,0
KLT-016910,SUP-029,Supplier,0
KLT-016911,SUP-135,WH-02,0
KLT-016912,SUP-062,Supplier,0
KLT-016913,SUP-168,WH-02,0
KLT-016914,SUP-082,WH-01,0
KLT-016915,SUP-089,Carrier,0
KLT-016916,SUP-178,WH-02,0
KLT-016917,SUP-019,WH-02,0
KLT-016918,SUP-161,Supplier,0
KLT-016919,SUP-020,Supplier,0
KLT-016920,SUP-108,WH-01,0
KLT-016921,SUP-197,WH-02,0
KLT-016922,SUP-084,Carrier,0
KLT-016923,SUP-081,Carrier,0
KLT-016924,SUP-120,WH-01,0
KLT-016925,SUP-181,WH-02,0
KLT-016926,SUP-158,Carrier,0
KLT-016927,SUP-181,Supplier,0
KLT-016928,SUP-054,WH-01,0
KLT-016929,SUP-186,Carrier,0
KLT-016930,SUP-196,Carrier,0
KLT-016931,SUP-134,Supplier,0
KLT-016932,SUP-185,Carrier,0
KLT-016933,SUP-033,WH-01,0
KLT-016934,SUP-189,WH-01,0
KLT-016935,SUP-115,WH-02,0
KLT-016936,SUP-122,WH-02,0
KLT-016937,SUP-045,Supplier,0
KLT-016938,SUP-181,WH-02,0
KLT-016939,SUP-065,WH-01,0
KLT-016940,SUP-045,Carrier,0
KLT-016941,SUP-182,Supplier,0
KLT-016942,SUP-055,Supplier,0
KLT-016943,SUP-006,WH-01,0
KLT-016944,SUP-185,WH-02,0
KLT-016945,SUP-013,WH-02,0
KLT-016946,SUP-010,Supplier,0
KLT-016947,SUP-102,WH-02,0
KLT-016948,SUP-014,WH-02,0
KLT-016949,SUP-091,WH-02,0
KLT-016950,SUP-110,WH-02,0
KLT-016951,SUP-180,Carrier,0
KLT-016952,SUP-040,Supplier,0
KLT-016953,SUP-089,WH-01,0
KLT-016954,SUP-104,WH-01,0
KLT-016955,SUP-132,WH-01,0
KLT-016956,SUP-019,WH-02,0
KLT-016957,SUP-008,Carrier,0
KLT-016958,SUP-096,Carrier,0
KLT-016959,SUP-170,WH-01,0
KLT-016960,SUP-043,WH-01,0
KLT-016961,SUP-196,WH-02,0
KLT-016962,SUP-055,Carrier,0
KLT-016963,SUP-105,Supplier,0
KLT-016964,SUP-170,WH-01,0
KLT-016965,SUP-114,Supplier,0
KLT-016966,SUP-194,Carrier,0
KLT-016967,SUP-196,Supplier,0
KLT-016968,SUP-017,WH-02,0
KLT-016969,SUP-129,WH-02,0
KLT-016970,SUP-144,WH-01,0
KLT-016971,SUP-162,Supplier,0
KLT-016972,SUP-168,WH-01,0
KLT-016973,SUP-092,Supplier,0
KLT-016974,SUP-170,Supplier,0
KLT-016975,SUP-178,Carrier,0
KLT-016976,SUP-093,WH-02,0
KLT-016977,SUP-039,Carrier,0
KLT-016978,SUP-071,WH-01,0
KLT-016979,SUP-114,Supplier,0
KLT-016980,SUP-076,Supplier,0
KLT-016981,SUP-156,WH-01,0
KLT-016982,SUP-061,Carrier,0
KLT-016983,SUP-139,Supplier,0
KLT-016984,SUP-003,Carrier,0
KLT-016985,SUP-167,WH-02,0
KLT-016986,SUP-150,WH-01,0
KLT-016987,SUP-166,Carrier,0
KLT-016988,SUP-043,Supplier,0
KLT-016989,SUP-081,Carrier,0
KLT-016990,SUP-067,WH-02,0
KLT-016991,SUP-106,WH-02,0
KLT-016992,SUP-132,Supplier,0
KLT-016993,SUP-027,Carrier,0
KLT-016994,SUP-074,Carrier,0
KLT-016995,SUP-080,Carrier,0
KLT-016996,SUP-106,WH-01,0
KLT-016997,SUP-046,Carrier,0
KLT-016998,SUP-043,Supplier,0
KLT-016999,SUP-104,Carrier,0
KLT-017000,SUP-089,WH-02,0
KLT-017001,SUP-085,WH-02,0
KLT-017002,SUP-005,WH-02,0
KLT-017003,SUP-003,WH-02,0
KLT-017004,SUP-083,Supplier,0
KLT-017005,SUP-021,Carrier,0
KLT-017006,SUP-157,Supplier,0
KLT-017007,SUP-028,Supplier,0
KLT-017008,SUP-022,Supplier,0
KLT-017009,SUP-154,WH-02,0
KLT-017010,SUP-003,WH-02,0
KLT-017011,SUP-089,Supplier,0
KLT-017012,SUP-075,WH-02,0
KLT-017013,SUP-143,Carrier,0
KLT-017014,SUP-178,Carrier,0
KLT-017015,SUP-128,WH-02,0
KLT-017016,SUP-176,WH-02,0
KLT-017017,SUP-098,WH-02,0
KLT-017018,SUP-006,WH-01,0
KLT-017019,SUP-170,WH-02,0
KLT-017020,SUP-198,WH-01,0
KLT-017021,SUP-157,WH-01,0
KLT-017022,SUP-069,Carrier,0
KLT-017023,SUP-068,Supplier,0
KLT-017024,SUP-036,WH-02,0
KLT-017025,SUP-018,WH-01,0
KLT-017026,SUP-168,Carrier,0
KLT-017027,SUP-025,Carrier,0
KLT-017028,SUP-163,WH-02,0
KLT-017029,SUP-040,WH-02,0
KLT-017030,SUP-042,Supplier,0
KLT-017031,SUP-020,Supplier,0
KLT-017032,SUP-019,WH-02,0
KLT-017033,SUP-121,Supplier,0
KLT-017034,SUP-011,Carrier,0
KLT-017035,SUP-135,WH-02,0
KLT-017036,SUP-134,Supplier,0
KLT-017037,SUP-029,WH-01,0
KLT-017038,SUP-018,WH-02,0
KLT-017039,SUP-114,Supplier,0
KLT-017040,SUP-106,WH-01,0
KLT-017041,SUP-132,Carrier,0
KLT-017042,SUP-042,Carrier,0
KLT-017043,SUP-128,Carrier,0
KLT-017044,SUP-070,WH-02,0
KLT-017045,SUP-086,Carrier,0
KLT-017046,SUP-169,Supplier,0
KLT-017047,SUP-004,WH-01,0
KLT-017048,SUP-169,Carrier,0
KLT-017049,SUP-122,Carrier,0
KLT-017050,SUP-024,Supplier,0
KLT-017051,SUP-172,Supplier,0
KLT-017052,SUP-027,Supplier,0
KLT-017053,SUP-042,Carrier,0
KLT-017054,SUP-165,WH-02,0
KLT-017055,SUP-019,WH-01,0
KLT-017056,SUP-158,WH-02,0
KLT-017057,SUP-120,Carrier,0
KLT-017058,SUP-148,WH-01,0
KLT-017059,SUP-048,WH-02,0
KLT-017060,SUP-127,Carrier,0
KLT-017061,SUP-031,Carrier,0
KLT-017062,SUP-189,Carrier,0
KLT-017063,SUP-104,WH-01,0
KLT-017064,SUP-025,WH-02,0
KLT-017065,SUP-095,Carrier,0
KLT-017066,SUP-049,Carrier,0
KLT-017067,SUP-183,WH-01,0
KLT-017068,SUP-137,WH-01,0
KLT-017069,SUP-043,WH-02,0
KLT-017070,SUP-082,WH-01,0
KLT-017071,SUP-079,Carrier,0
KLT-017072,SUP-165,Carrier,0
KLT-017073,SUP-118,Carrier,0
KLT-017074,SUP-074,WH-01,0
KLT-017075,SUP-031,WH-02,0
KLT-017076,SUP-064,Supplier,0
KLT-017077,SUP-136,Supplier,0
KLT-017078,SUP-167,WH-01,0
KLT-017079,SUP-038,Carrier,0
KLT-017080,SUP-176,WH-01,0
KLT-017081,SUP-085,WH-02,0
KLT-017082,SUP-032,WH-01,0
KLT-017083,SUP-118,Carrier,0
KLT-017084,SUP-020,WH-02,0
KLT-017085,SUP-076,Carrier,0
KLT-017086,SUP-024,Supplier,0
KLT-017087,SUP-080,WH-02,0
KLT-017088,SUP-196,Supplier,0
KLT-017089,SUP-108,Carrier,0
KLT-017090,SUP-103,WH-02,0
KLT-017091,SUP-167,WH-01,0
KLT-017092,SUP-157,Carrier,0
KLT-017093,SUP-148,Supplier,0
KLT-017094,SUP-191,Carrier,0
KLT-017095,SUP-055,Supplier,0
KLT-017096,SUP-060,WH-01,0
KLT-017097,SUP-170,WH-01,0
KLT-017098,SUP-181,Supplier,0
KLT-017099,SUP-019,WH-01,0
KLT-017100,SUP-072,WH-01,0
KLT-017101,SUP-169,WH-01,0
KLT-017102,SUP-122,Carrier,0
KLT-017103,SUP-072,Supplier,0
KLT-017104,SUP-191,WH-01,0
KLT-017105,SUP-198,WH-01,0
KLT-017106,SUP-165,WH-02,0
KLT-017107,SUP-087,Supplier,0
KLT-017108,SUP-007,WH-01,0
KLT-017109,SUP-022,Supplier,0
KLT-017110,SUP-092,WH-01,0
KLT-017111,SUP-062,WH-01,0
KLT-017112,SUP-147,WH-01,0
KLT-017113,SUP-039,WH-02,0
KLT-017114,SUP-140,Supplier,0
KLT-017115,SUP-134,Carrier,0
KLT-017116,SUP-004,Supplier,0
KLT-017117,SUP-174,Supplier,0
KLT-017118,SUP-138,Carrier,0
KLT-017119,SUP-003,WH-02,0
KLT-017120,SUP-186,Supplier,0
KLT-017121,SUP-035,Carrier,0
KLT-017122,SUP-108,Supplier,0
KLT-017123,SUP-037,Supplier,0
KLT-017124,SUP-144,Carrier,0
KLT-017125,SUP-146,WH-02,0
KLT-017126,SUP-039,WH-02,0
KLT-017127,SUP-079,Supplier,0
KLT-017128,SUP-016,WH-02,0
KLT-017129,SUP-018,WH-01,0
KLT-017130,SUP-130,WH-02,0
KLT-017131,SUP-032,WH-02,0
KLT-017132,SUP-064,Supplier,0
KLT-017133,SUP-041,WH-02,0
KLT-017134,SUP-123,WH-01,0
KLT-017135,SUP-083,WH-02,0
KLT-017136,SUP-099,WH-01,0
KLT-017137,SUP-022,WH-02,0
KLT-017138,SUP-002,Supplier,0
KLT-017139,SUP-002,Carrier,0
KLT-017140,SUP-119,WH-01,0
KLT-017141,SUP-106,Supplier,0
KLT-017142,SUP-048,WH-02,0
KLT-017143,SUP-159,WH-01,0
KLT-017144,SUP-199,WH-02,0
KLT-017145,SUP-071,Carrier,0
KLT-017146,SUP-116,WH-02,0
KLT-017147,SUP-100,WH-01,0
KLT-017148,SUP-075,WH-01,0
KLT-017149,SUP-058,WH-02,0
KLT-017150,SUP-200,WH-02,0
KLT-017151,SUP-173,Supplier,0
KLT-017152,SUP-108,WH-01,0
KLT-017153,SUP-068,WH-02,0
KLT-017154,SUP-139,Carrier,0
KLT-017155,SUP-186,Carrier,0
KLT-017156,SUP-038,Supplier,0
KLT-017157,SUP-030,Supplier,0
KLT-017158,SUP-049,Carrier,0
KLT-017159,SUP-024,Carrier,0
KLT-017160,SUP-120,Carrier,0
KLT-017161,SUP-092,WH-02,0
KLT-017162,SUP-027,WH-02,0
KLT-017163,SUP-010,WH-02,0
KLT-017164,SUP-091,Supplier,0
KLT-017165,SUP-082,WH-01,0
KLT-017166,SUP-118,Carrier,0
KLT-017167,SUP-106,WH-02,0
KLT-017168,SUP-108,WH-02,0
KLT-017169,SUP-141,WH-01,0
KLT-017170,SUP-026,Carrier,0
KLT-017171,SUP-083,Carrier,0
KLT-017172,SUP-038,Supplier,0
KLT-017173,SUP-013,WH-01,0
KLT-017174,SUP-041,Carrier,0
KLT-017175,SUP-092,Carrier,0
KLT-017176,SUP-022,WH-01,0
KLT-017177,SUP-043,Carrier,0
KLT-017178,SUP-134,WH-01,0
KLT-017179,SUP-133,WH-02,0
KLT-017180,SUP-058,WH-02,0
KLT-017181,SUP-080,Supplier,0
KLT-017182,SUP-136,WH-01,0
KLT-017183,SUP-104,WH-01,0
KLT-017184,SUP-043,Carrier,0
KLT-017185,SUP-052,Carrier,0
KLT-017186,SUP-099,WH-01,0
KLT-017187,SUP-166,Supplier,0
KLT-017188,SUP-034,Carrier,0
KLT-017189,SUP-044,WH-01,0
KLT-017190,SUP-142,Supplier,0
KLT-017191,SUP-132,WH-02,0
KLT-017192,SUP-164,WH-01,0
KLT-017193,SUP-036,WH-01,0
KLT-017194,SUP-154,Supplier,0
KLT-017195,SUP-183,WH-02,0
KLT-017196,SUP-033,Carrier,62
KLT-017197,SUP-029,Supplier,0
KLT-017198,SUP-197,Supplier,0
KLT-017199,SUP-009,Carrier,0
KLT-017200,SUP-094,WH-01,0
KLT-017201,SUP-199,WH-01,0
KLT-017202,SUP-095,Carrier,0
KLT-017203,SUP-017,WH-01,0
KLT-017204,SUP-097,Supplier,0
KLT-017205,SUP-132,WH-01,0
KLT-017206,SUP-114,Supplier,0
KLT-017207,SUP-043,Supplier,0
KLT-017208,SUP-038,WH-01,0
KLT-017209,SUP-126,Supplier,0
KLT-017210,SUP-062,WH-01,0
KLT-017211,SUP-011,Supplier,0
KLT-017212,SUP-063,Supplier,0
KLT-017213,SUP-168,Supplier,0
KLT-017214,SUP-112,WH-02,0
KLT-017215,SUP-064,Carrier,0
KLT-017216,SUP-016,Carrier,0
KLT-017217,SUP-089,WH-01,0
KLT-017218,SUP-047,Supplier,0
KLT-017219,SUP-094,WH-02,0
KLT-017220,SUP-149,Supplier,0
KLT-017221,SUP-075,WH-02,0
KLT-017222,SUP-170,WH-02,0
KLT-017223,SUP-043,WH-02,0
KLT-017224,SUP-110,WH-02,0
KLT-017225,SUP-071,Carrier,0
KLT-017226,SUP-136,Supplier,0
KLT-017227,SUP-073,WH-02,0
KLT-017228,SUP-127,WH-02,0
KLT-017229,SUP-154,WH-02,0
KLT-017230,SUP-034,Supplier,0
KLT-017231,SUP-184,Supplier,0
KLT-017232,SUP-022,Supplier,0
KLT-017233,SUP-062,WH-01,0
KLT-017234,SUP-012,Supplier,0
KLT-017235,SUP-143,Supplier,0
KLT-017236,SUP-155,Supplier,0
KLT-017237,SUP-186,Carrier,0
KLT-017238,SUP-064,Supplier,0
KLT-017239,SUP-092,WH-02,0
KLT-017240,SUP-175,Carrier,0
KLT-017241,SUP-059,WH-01,0
KLT-017242,SUP-128,WH-02,0
KLT-017243,SUP-188,Carrier,0
KLT-017244,SUP-200,WH-01,0
KLT-017245,SUP-069,WH-01,0
KLT-017246,SUP-136,WH-02,0
KLT-017247,SUP-062,WH-01,0
KLT-017248,SUP-185,WH-02,0
KLT-017249,SUP-126,WH-02,0
KLT-017250,SUP-110,WH-01,0
KLT-017251,SUP-059,WH-02,0
KLT-017252,SUP-193,WH-02,0
KLT-017253,SUP-047,WH-02,0
KLT-017254,SUP-182,Carrier,0
KLT-017255,SUP-101,Supplier,0
KLT-017256,SUP-145,Supplier,0
KLT-017257,SUP-181,WH-01,0
KLT-017258,SUP-035,Supplier,0
KLT-017259,SUP-054,Carrier,0
KLT-017260,SUP-096,WH-01,0
KLT-017261,SUP-140,WH-01,0
KLT-017262,SUP-074,Carrier,0
KLT-017263,SUP-051,Supplier,0
KLT-017264,SUP-005,Supplier,0
KLT-017265,SUP-013,Carrier,0
KLT-017266,SUP-166,Supplier,0
KLT-017267,SUP-047,WH-01,0
KLT-017268,SUP-200,Carrier,0
KLT-017269,SUP-119,Carrier,0
KLT-017270,SUP-097,Carrier,0
KLT-017271,SUP-150,WH-01,0
KLT-017272,SUP-144,WH-02,0
KLT-017273,SUP-057,Supplier,0
KLT-017274,SUP-029,WH-01,0
KLT-017275,SUP-179,Supplier,0
KLT-017276,SUP-139,Carrier,0
KLT-017277,SUP-020,Carrier,0
KLT-017278,SUP-071,WH-01,0
KLT-017279,SUP-151,WH-02,0
KLT-017280,SUP-050,Supplier,0
KLT-017281,SUP-038,WH-01,0
KLT-017282,SUP-097,Carrier,0
KLT-017283,SUP-040,WH-02,0
KLT-017284,SUP-145,WH-02,0
KLT-017285,SUP-140,WH-02,0
KLT-017286,SUP-130,Carrier,0
KLT-017287,SUP-169,WH-02,0
KLT-017288,SUP-022,WH-02,0
KLT-017289,SUP-046,Supplier,0
KLT-017290,SUP-190,WH-01,0
KLT-017291,SUP-151,Supplier,0
KLT-017292,SUP-114,WH-02,0
KLT-017293,SUP-144,WH-02,0
KLT-017294,SUP-065,WH-01,0
KLT-017295,SUP-190,Supplier,0
KLT-017296,SUP-009,WH-02,0
KLT-017297,SUP-159,WH-02,0
KLT-017298,SUP-135,WH-02,0
KLT-017299,SUP-192,Carrier,0
KLT-017300,SUP-031,WH-02,0
KLT-017301,SUP-078,Carrier,0
KLT-017302,SUP-149,WH-02,0
KLT-017303,SUP-004,WH-01,0
KLT-017304,SUP-200,Carrier,0
KLT-017305,SUP-192,Supplier,0
KLT-017306,SUP-072,Carrier,0
KLT-017307,SUP-180,Supplier,0
KLT-017308,SUP-026,WH-02,0
KLT-017309,SUP-006,Carrier,0
KLT-017310,SUP-165,Supplier,0
KLT-017311,SUP-096,WH-01,0
KLT-017312,SUP-104,Carrier,0
KLT-017313,SUP-074,WH-01,0
KLT-017314,SUP-049,WH-02,0
KLT-017315,SUP-199,WH-02,0
KLT-017316,SUP-070,WH-02,0
KLT-017317,SUP-033,Carrier,0
KLT-017318,SUP-113,Supplier,0
KLT-017319,SUP-190,WH-02,0
KLT-017320,SUP-113,Carrier,0
KLT-017321,SUP-094,WH-02,0
KLT-017322,SUP-045,Supplier,0
KLT-017323,SUP-098,Supplier,0
KLT-017324,SUP-175,Carrier,0
KLT-017325,SUP-192,Supplier,0
KLT-017326,SUP-044,WH-01,0
KLT-017327,SUP-045,WH-01,0
KLT-017328,SUP-019,Carrier,0
KLT-017329,SUP-099,Supplier,0
KLT-017330,SUP-027,Carrier,0
KLT-017331,SUP-166,Carrier,0
KLT-017332,SUP-095,WH-02,0
KLT-017333,SUP-029,Carrier,0
KLT-017334,SUP-021,Carrier,0
KLT-017335,SUP-163,Carrier,0
KLT-017336,SUP-037,WH-01,0
KLT-017337,SUP-009,Supplier,0
KLT-017338,SUP-127,Supplier,0
KLT-017339,SUP-152,Supplier,0
KLT-017340,SUP-140,Carrier,0
KLT-017341,SUP-016,WH-02,0
KLT-017342,SUP-062,Supplier,0
KLT-017343,SUP-024,WH-01,0
KLT-017344,SUP-079,Supplier,0
KLT-017345,SUP-051,WH-01,0
KLT-017346,SUP-161,WH-02,0
KLT-017347,SUP-005,WH-01,0
KLT-017348,SUP-167,WH-01,0
KLT-017349,SUP-048,Supplier,0
KLT-017350,SUP-019,Carrier,0
KLT-017351,SUP-093,WH-01,0
KLT-017352,SUP-033,WH-02,0
KLT-017353,SUP-132,WH-01,0
KLT-017354,SUP-163,Carrier,0
KLT-017355,SUP-115,WH-01,0
KLT-017356,SUP-007,WH-01,0
KLT-017357,SUP-185,Carrier,0
KLT-017358,SUP-129,Carrier,0
KLT-017359,SUP-181,Carrier,0
KLT-017360,SUP-118,WH-01,0
KLT-017361,SUP-129,WH-01,0
KLT-017362,SUP-115,WH-01,0
KLT-017363,SUP-185,WH-01,0
KLT-017364,SUP-152,WH-01,0
KLT-017365,SUP-060,WH-02,0
KLT-017366,SUP-130,WH-01,0
KLT-017367,SUP-104,WH-01,0
KLT-017368,SUP-080,WH-02,0
KLT-017369,SUP-089,Carrier,0
KLT-017370,SUP-135,WH-01,0
KLT-017371,SUP-136,WH-02,0
KLT-017372,SUP-095,Carrier,0
KLT-017373,SUP-073,Carrier,0
KLT-017374,SUP-101,WH-02,0
KLT-017375,SUP-083,WH-01,0
KLT-017376,SUP-188,Carrier,0
KLT-017377,SUP-101,WH-02,0
KLT-017378,SUP-162,Carrier,0
KLT-017379,SUP-182,WH-02,0
KLT-017380,SUP-088,Supplier,0
KLT-017381,SUP-172,WH-02,0
KLT-017382,SUP-024,Supplier,0
KLT-017383,SUP-167,Supplier,0
KLT-017384,SUP-117,WH-01,0
KLT-017385,SUP-087,WH-01,0
KLT-017386,SUP-200,Carrier,0
KLT-017387,SUP-121,Supplier,0
KLT-017388,SUP-059,WH-01,0
KLT-017389,SUP-191,Supplier,0
KLT-017390,SUP-012,WH-02,0
KLT-017391,SUP-169,WH-02,0
KLT-017392,SUP-131,Supplier,0
KLT-017393,SUP-129,Supplier,0
KLT-017394,SUP-021,WH-02,0
KLT-017395,SUP-059,WH-02,0
KLT-017396,SUP-111,Supplier,0
KLT-017397,SUP-141,Supplier,0
KLT-017398,SUP-084,WH-02,0
KLT-017399,SUP-154,Carrier,0
KLT-017400,SUP-108,Carrier,0
KLT-017401,SUP-153,WH-01,0
KLT-017402,SUP-070,Supplier,0
KLT-017403,SUP-190,Carrier,0
KLT-017404,SUP-116,WH-02,0
KLT-017405,SUP-126,WH-01,0
KLT-017406,SUP-164,WH-01,0
KLT-017407,SUP-165,Supplier,0
KLT-017408,SUP-049,Carrier,0
KLT-017409,SUP-156,Supplier,0
KLT-017410,SUP-018,Carrier,0
KLT-017411,SUP-138,Carrier,0
KLT-017412,SUP-157,WH-02,0
KLT-017413,SUP-036,WH-02,0
KLT-017414,SUP-188,Carrier,0
KLT-017415,SUP-085,WH-01,0
KLT-017416,SUP-080,WH-01,0
KLT-017417,SUP-020,WH-02,0
KLT-017418,SUP-034,Carrier,0
KLT-017419,SUP-102,Carrier,0
KLT-017420,SUP-019,Carrier,0
KLT-017421,SUP-159,WH-02,0
KLT-017422,SUP-096,Supplier,0
KLT-017423,SUP-020,Supplier,0
KLT-017424,SUP-177,WH-02,0
KLT-017425,SUP-107,Carrier,0
KLT-017426,SUP-075,Supplier,0
KLT-017427,SUP-183,WH-01,0
KLT-017428,SUP-093,Carrier,0
KLT-017429,SUP-094,Supplier,0
KLT-017430,SUP-164,WH-01,0
KLT-017431,SUP-011,Carrier,0
KLT-017432,SUP-163,WH-01,0
KLT-017433,SUP-135,Carrier,0
KLT-017434,SUP-032,WH-02,0
KLT-017435,SUP-176,WH-02,0
KLT-017436,SUP-113,Carrier,0
KLT-017437,SUP-158,Supplier,0
KLT-017438,SUP-126,WH-02,0
KLT-017439,SUP-104,WH-02,0
KLT-017440,SUP-054,WH-01,0
KLT-017441,SUP-144,WH-01,0
KLT-017442,SUP-182,WH-01,0
KLT-017443,SUP-003,WH-02,0
KLT-017444,SUP-049,Supplier,0
KLT-017445,SUP-190,Supplier,0
KLT-017446,SUP-111,WH-01,0
KLT-017447,SUP-095,Supplier,0
KLT-017448,SUP-130,Carrier,0
KLT-017449,SUP-068,WH-02,0
KLT-017450,SUP-156,Carrier,0
KLT-017451,SUP-026,WH-01,0
KLT-017452,SUP-095,Carrier,0
KLT-017453,SUP-038,Supplier,0
KLT-017454,SUP-083,WH-02,0
KLT-017455,SUP-044,WH-01,0
KLT-017456,SUP-120,Carrier,0
KLT-017457,SUP-154,WH-02,0
KLT-017458,SUP-056,WH-01,0
KLT-017459,SUP-186,WH-01,0
KLT-017460,SUP-028,Supplier,0
KLT-017461,SUP-096,Supplier,0
KLT-017462,SUP-121,WH-01,0
KLT-017463,SUP-147,Supplier,0
KLT-017464,SUP-045,Carrier,0
KLT-017465,SUP-185,Supplier,0
KLT-017466,SUP-160,Supplier,0
KLT-017467,SUP-027,WH-01,0
KLT-017468,SUP-156,WH-01,0
KLT-017469,SUP-051,Supplier,0
KLT-017470,SUP-101,WH-01,0
KLT-017471,SUP-139,WH-01,0
KLT-017472,SUP-145,WH-01,0
KLT-017473,SUP-069,Supplier,0
KLT-017474,SUP-181,Carrier,0
KLT-017475,SUP-050,Supplier,0
KLT-017476,SUP-133,WH-01,0
KLT-017477,SUP-053,Carrier,0
KLT-017478,SUP-005,Supplier,0
KLT-017479,SUP-148,Carrier,0
KLT-017480,SUP-174,Supplier,0
KLT-017481,SUP-090,Supplier,0
KLT-017482,SUP-143,WH-02,0
KLT-017483,SUP-080,Supplier,0
KLT-017484,SUP-187,WH-01,0
KLT-017485,SUP-048,Carrier,0
KLT-017486,SUP-016,Supplier,0
KLT-017487,SUP-130,WH-02,0
KLT-017488,SUP-188,WH-02,0
KLT-017489,SUP-039,Supplier,0
KLT-017490,SUP-122,Carrier,0
KLT-017491,SUP-194,Carrier,0
KLT-017492,SUP-167,WH-02,0
KLT-017493,SUP-195,Carrier,0
KLT-017494,SUP-131,Carrier,0
KLT-017495,SUP-119,Carrier,0
KLT-017496,SUP-065,WH-01,0
KLT-017497,SUP-046,WH-01,0
KLT-017498,SUP-106,WH-01,0
KLT-017499,SUP-059,Carrier,0
KLT-017500,SUP-141,WH-01,0
KLT-017501,SUP-194,WH-01,0
KLT-017502,SUP-116,WH-02,0
KLT-017503,SUP-070,Supplier,0
KLT-017504,SUP-093,WH-02,0
KLT-017505,SUP-197,Supplier,0
KLT-017506,SUP-194,Supplier,0
KLT-017507,SUP-189,Supplier,0
KLT-017508,SUP-142,Carrier,0
KLT-017509,SUP-189,Supplier,0
KLT-017510,SUP-115,WH-02,0
KLT-017511,SUP-096,Supplier,0
KLT-017512,SUP-041,Supplier,0
KLT-017513,SUP-052,Supplier,0
KLT-017514,SUP-017,WH-02,0
KLT-017515,SUP-180,Supplier,0
KLT-017516,SUP-106,WH-01,0
KLT-017517,SUP-159,WH-01,0
KLT-017518,SUP-181,WH-01,0
KLT-017519,SUP-087,Supplier,0
KLT-017520,SUP-154,Supplier,0
KLT-017521,SUP-162,WH-02,0
KLT-017522,SUP-144,WH-01,0
KLT-017523,SUP-101,WH-02,0
KLT-017524,SUP-090,Carrier,0
KLT-017525,SUP-089,WH-02,0
KLT-017526,SUP-026,WH-02,0
KLT-017527,SUP-042,Supplier,0
KLT-017528,SUP-085,WH-01,0
KLT-017529,SUP-001,Supplier,0
KLT-017530,SUP-197,WH-02,0
KLT-017531,SUP-094,Carrier,0
KLT-017532,SUP-072,WH-02,0
KLT-017533,SUP-033,Carrier,0
KLT-017534,SUP-148,WH-02,0
KLT-017535,SUP-181,Supplier,0
KLT-017536,SUP-149,WH-02,0
KLT-017537,SUP-076,Carrier,0
KLT-017538,SUP-080,Supplier,0
KLT-017539,SUP-134,WH-01,0
KLT-017540,SUP-023,Supplier,0
KLT-017541,SUP-095,Carrier,47
KLT-017542,SUP-157,Supplier,0
KLT-017543,SUP-015,Supplier,0
KLT-017544,SUP-074,WH-02,0
KLT-017545,SUP-073,Carrier,0
KLT-017546,SUP-097,Carrier,0
KLT-017547,SUP-141,Supplier,0
KLT-017548,SUP-050,Carrier,0
KLT-017549,SUP-084,Supplier,0
KLT-017550,SUP-178,Carrier,0
KLT-017551,SUP-113,Carrier,0
KLT-017552,SUP-135,Supplier,0
KLT-017553,SUP-173,WH-01,0
KLT-017554,SUP-047,WH-02,0
KLT-017555,SUP-143,Supplier,0
KLT-017556,SUP-106,Carrier,0
KLT-017557,SUP-116,WH-01,0
KLT-017558,SUP-173,Carrier,0
KLT-017559,SUP-078,WH-01,0
KLT-017560,SUP-087,WH-01,0
KLT-017561,SUP-044,Carrier,0
KLT-017562,SUP-182,Supplier,0
KLT-017563,SUP-168,Carrier,0
KLT-017564,SUP-147,WH-02,0
KLT-017565,SUP-140,WH-02,0
KLT-017566,SUP-065,WH-02,0
KLT-017567,SUP-003,Supplier,0
KLT-017568,SUP-051,WH-02,0
KLT-017569,SUP-145,WH-02,0
KLT-017570,SUP-013,Carrier,0
KLT-017571,SUP-112,WH-02,0
KLT-017572,SUP-077,WH-01,0
KLT-017573,SUP-182,WH-01,0
KLT-017574,SUP-143,Supplier,0
KLT-017575,SUP-018,WH-01,0
KLT-017576,SUP-131,Supplier,0
KLT-017577,SUP-057,WH-01,0
KLT-017578,SUP-028,Supplier,0
KLT-017579,SUP-046,WH-01,0
KLT-017580,SUP-140,Carrier,0
KLT-017581,SUP-199,Supplier,0
KLT-017582,SUP-028,WH-02,0
KLT-017583,SUP-173,WH-01,0
KLT-017584,SUP-054,Carrier,0
KLT-017585,SUP-155,WH-02,0
KLT-017586,SUP-002,WH-02,0
KLT-017587,SUP-075,WH-01,0
KLT-017588,SUP-031,WH-01,0
KLT-017589,SUP-016,Carrier,0
KLT-017590,SUP-093,WH-01,0
KLT-017591,SUP-149,WH-02,0
KLT-017592,SUP-092,WH-01,0
KLT-017593,SUP-193,Carrier,0
KLT-017594,SUP-186,Carrier,0
KLT-017595,SUP-035,Carrier,0
KLT-017596,SUP-110,WH-01,0
KLT-017597,SUP-197,Supplier,0
KLT-017598,SUP-016,WH-02,0
KLT-017599,SUP-010,WH-01,0
KLT-017600,SUP-022,Carrier,0
KLT-017601,SUP-188,Supplier,0
KLT-017602,SUP-070,Supplier,0
KLT-017603,SUP-007,WH-01,0
KLT-017604,SUP-006,Supplier,0
KLT-017605,SUP-158,WH-01,0
KLT-017606,SUP-056,WH-02,0
KLT-017607,SUP-091,WH-02,0
KLT-017608,SUP-014,WH-02,0
KLT-017609,SUP-196,WH-01,0
KLT-017610,SUP-133,WH-02,0
KLT-017611,SUP-146,WH-02,0
KLT-017612,SUP-092,Carrier,0
KLT-017613,SUP-023,WH-02,0
KLT-017614,SUP-059,WH-02,0
KLT-017615,SUP-089,WH-02,0
KLT-017616,SUP-196,WH-01,0
KLT-017617,SUP-007,Supplier,0
KLT-017618,SUP-044,Carrier,0
KLT-017619,SUP-038,WH-01,0
KLT-017620,SUP-022,Supplier,0
KLT-017621,SUP-142,WH-02,0
KLT-017622,SUP-107,WH-02,0
KLT-017623,SUP-030,Supplier,0
KLT-017624,SUP-163,WH-02,0
KLT-017625,SUP-091,Supplier,0
KLT-017626,SUP-130,Supplier,0
KLT-017627,SUP-167,WH-02,0
KLT-017628,SUP-111,Carrier,0
KLT-017629,SUP-153,Carrier,0
KLT-017630,SUP-042,Supplier,0
KLT-017631,SUP-082,Supplier,0
KLT-017632,SUP-093,WH-01,0
KLT-017633,SUP-183,Carrier,0
KLT-017634,SUP-113,Supplier,0
KLT-017635,SUP-164,Carrier,0
KLT-017636,SUP-175,WH-02,0
KLT-017637,SUP-152,WH-02,0
KLT-017638,SUP-096,Supplier,0
KLT-017639,SUP-188,Carrier,0
KLT-017640,SUP-130,Carrier,0
KLT-017641,SUP-056,Carrier,0
KLT-017642,SUP-116,Carrier,0
KLT-017643,SUP-134,Supplier,0
KLT-017644,SUP-087,WH-02,0
KLT-017645,SUP-191,Supplier,0
KLT-017646,SUP-080,Supplier,0
KLT-017647,SUP-110,Supplier,0
KLT-017648,SUP-149,WH-02,0
KLT-017649,SUP-025,WH-02,0
KLT-017650,SUP-025,Carrier,0
KLT-017651,SUP-008,Supplier,0
KLT-017652,SUP-142,WH-01,0
KLT-017653,SUP-023,WH-02,0
KLT-017654,SUP-051,Carrier,0
KLT-017655,SUP-176,WH-02,0
KLT-017656,SUP-115,WH-02,0
KLT-017657,SUP-180,Carrier,0
KLT-017658,SUP-116,Supplier,0
KLT-017659,SUP-092,WH-01,0
KLT-017660,SUP-118,Supplier,0
KLT-017661,SUP-125,WH-02,0
KLT-017662,SUP-109,WH-01,0
KLT-017663,SUP-192,WH-01,0
KLT-017664,SUP-024,Carrier,0
KLT-017665,SUP-103,WH-01,0
KLT-017666,SUP-182,Supplier,0
KLT-017667,SUP-094,Carrier,0
KLT-017668,SUP-032,WH-02,0
KLT-017669,SUP-181,Supplier,0
KLT-017670,SUP-171,Supplier,0
KLT-017671,SUP-162,WH-02,0
KLT-017672,SUP-130,WH-01,0
KLT-017673,SUP-164,WH-02,0
KLT-017674,SUP-055,Supplier,0
KLT-017675,SUP-161,WH-02,0
KLT-017676,SUP-173,Supplier,0
KLT-017677,SUP-200,WH-01,0
KLT-017678,SUP-102,WH-01,0
KLT-017679,SUP-127,Carrier,0
KLT-017680,SUP-139,Carrier,0
KLT-017681,SUP-097,Supplier,0
KLT-017682,SUP-147,Carrier,0
KLT-017683,SUP-169,Carrier,0
KLT-017684,SUP-078,WH-01,0
KLT-017685,SUP-085,WH-01,0
KLT-017686,SUP-077,WH-01,0
KLT-017687,SUP-128,WH-02,0
KLT-017688,SUP-174,Carrier,0
KLT-017689,SUP-115,WH-02,0
KLT-017690,SUP-090,Supplier,0
KLT-017691,SUP-179,WH-01,0
KLT-017692,SUP-131,WH-02,0
KLT-017693,SUP-089,WH-01,0
KLT-017694,SUP-119,Carrier,0
KLT-017695,SUP-028,WH-01,0
KLT-017696,SUP-176,WH-01,0
KLT-017697,SUP-093,WH-02,0
KLT-017698,SUP-092,WH-01,0
KLT-017699,SUP-012,WH-02,0
KLT-017700,SUP-044,Carrier,0
KLT-017701,SUP-046,Carrier,0
KLT-017702,SUP-033,WH-02,0
KLT-017703,SUP-108,WH-01,0
KLT-017704,SUP-183,WH-02,0
KLT-017705,SUP-042,Supplier,0
KLT-017706,SUP-074,Carrier,0
KLT-017707,SUP-178,WH-02,0
KLT-017708,SUP-136,Supplier,0
KLT-017709,SUP-104,Carrier,0
KLT-017710,SUP-061,WH-01,0
KLT-017711,SUP-110,Carrier,0
KLT-017712,SUP-003,WH-02,0
KLT-017713,SUP-200,Supplier,0
KLT-017714,SUP-032,Supplier,0
KLT-017715,SUP-115,WH-01,0
KLT-017716,SUP-058,WH-01,0
KLT-017717,SUP-179,Supplier,0
KLT-017718,SUP-192,Carrier,0
KLT-017719,SUP-049,WH-02,0
KLT-017720,SUP-091,WH-02,0
KLT-017721,SUP-067,WH-01,0
KLT-017722,SUP-021,WH-01,0
KLT-017723,SUP-055,Supplier,0
KLT-017724,SUP-012,Carrier,0
KLT-017725,SUP-076,Supplier,0
KLT-017726,SUP-117,WH-01,0
KLT-017727,SUP-150,WH-02,0
KLT-017728,SUP-187,Supplier,0
KLT-017729,SUP-096,WH-01,0
KLT-017730,SUP-089,Carrier,0
KLT-017731,SUP-162,Carrier,0
KLT-017732,SUP-107,WH-01,0
KLT-017733,SUP-127,Carrier,0
KLT-017734,SUP-109,Carrier,0
KLT-017735,SUP-056,WH-02,0
KLT-017736,SUP-071,WH-01,0
KLT-017737,SUP-074,WH-02,0
KLT-017738,SUP-024,WH-02,0
KLT-017739,SUP-073,WH-02,0
KLT-017740,SUP-122,Carrier,0
KLT-017741,SUP-115,Supplier,0
KLT-017742,SUP-052,WH-02,0
KLT-017743,SUP-199,WH-01,0
KLT-017744,SUP-036,WH-02,0
KLT-017745,SUP-042,WH-02,0
KLT-017746,SUP-114,WH-02,0
KLT-017747,SUP-118,Supplier,0
KLT-017748,SUP-129,WH-02,0
KLT-017749,SUP-020,WH-02,0
KLT-017750,SUP-111,Supplier,0
KLT-017751,SUP-021,Carrier,0
KLT-017752,SUP-102,Carrier,0
KLT-017753,SUP-101,Supplier,0
KLT-017754,SUP-191,Carrier,0
KLT-017755,SUP-077,Carrier,0
KLT-017756,SUP-174,WH-02,0
KLT-017757,SUP-182,WH-02,0
KLT-017758,SUP-058,Supplier,0
KLT-017759,SUP-019,Supplier,0
KLT-017760,SUP-046,Supplier,0
KLT-017761,SUP-014,Supplier,0
KLT-017762,SUP-061,WH-02,0
KLT-017763,SUP-060,Carrier,0
KLT-017764,SUP-016,WH-02,0
KLT-017765,SUP-087,WH-01,0
KLT-017766,SUP-185,Supplier,0
KLT-017767,SUP-051,WH-01,0
KLT-017768,SUP-006,Carrier,0
KLT-017769,SUP-093,WH-01,0
KLT-017770,SUP-035,WH-01,0
KLT-017771,SUP-011,Supplier,0
KLT-017772,SUP-184,Carrier,0
KLT-017773,SUP-183,Supplier,0
KLT-017774,SUP-021,WH-02,0
KLT-017775,SUP-039,WH-02,0
KLT-017776,SUP-196,Supplier,0
KLT-017777,SUP-054,WH-01,0
KLT-017778,SUP-041,WH-01,0
KLT-017779,SUP-124,WH-01,0
KLT-017780,SUP-051,Carrier,0
KLT-017781,SUP-190,WH-01,0
KLT-017782,SUP-184,Supplier,0
KLT-017783,SUP-184,WH-01,0
KLT-017784,SUP-039,Supplier,0
KLT-017785,SUP-171,Carrier,0
KLT-017786,SUP-169,WH-02,0
KLT-017787,SUP-073,Supplier,0
KLT-017788,SUP-036,Supplier,0
KLT-017789,SUP-114,Supplier,0
KLT-017790,SUP-152,WH-02,0
KLT-017791,SUP-013,WH-01,0
KLT-017792,SUP-100,Supplier,0
KLT-017793,SUP-009,Supplier,0
KLT-017794,SUP-127,WH-02,0
KLT-017795,SUP-026,Carrier,0
KLT-017796,SUP-024,WH-01,0
KLT-017797,SUP-141,WH-02,0
KLT-017798,SUP-072,Supplier,0
KLT-017799,SUP-019,Supplier,0
KLT-017800,SUP-119,WH-01,0
KLT-017801,SUP-043,WH-01,0
KLT-017802,SUP-129,WH-01,0
KLT-017803,SUP-181,Carrier,0
KLT-017804,SUP-124,WH-01,0
KLT-017805,SUP-184,WH-02,0
KLT-017806,SUP-093,Supplier,0
KLT-017807,SUP-148,Carrier,0
KLT-017808,SUP-032,Supplier,0
KLT-017809,SUP-119,Carrier,0
KLT-017810,SUP-151,WH-01,0
KLT-017811,SUP-151,WH-01,0
KLT-017812,SUP-028,WH-02,0
KLT-017813,SUP-158,WH-01,0
KLT-017814,SUP-020,WH-02,0
KLT-017815,SUP-047,Supplier,0
KLT-017816,SUP-012,WH-02,0
KLT-017817,SUP-147,WH-02,0
KLT-017818,SUP-011,WH-01,0
KLT-017819,SUP-118,WH-01,0
KLT-017820,SUP-080,WH-02,0
KLT-017821,SUP-062,WH-02,0
KLT-017822,SUP-162,Carrier,0
KLT-017823,SUP-053,WH-02,0
KLT-017824,SUP-166,Carrier,0
KLT-017825,SUP-006,WH-01,0
KLT-017826,SUP-061,WH-02,0
KLT-017827,SUP-034,WH-02,0
KLT-017828,SUP-099,WH-01,0
KLT-017829,SUP-003,Supplier,0
KLT-017830,SUP-039,Supplier,0
KLT-017831,SUP-035,WH-01,0
KLT-017832,SUP-003,WH-01,0
KLT-017833,SUP-186,Supplier,0
KLT-017834,SUP-012,WH-01,0
KLT-017835,SUP-128,Carrier,0
KLT-017836,SUP-088,Supplier,0
KLT-017837,SUP-046,Supplier,0
KLT-017838,SUP-120,WH-02,0
KLT-017839,SUP-131,WH-02,0
KLT-017840,SUP-146,WH-02,0
KLT-017841,SUP-078,WH-01,0
KLT-017842,SUP-097,WH-02,0
KLT-017843,SUP-170,Carrier,0
KLT-017844,SUP-082,Carrier,0
KLT-017845,SUP-004,WH-01,0
KLT-017846,SUP-040,WH-01,0
KLT-017847,SUP-119,Carrier,0
KLT-017848,SUP-053,Supplier,0
KLT-017849,SUP-132,WH-02,0
KLT-017850,SUP-191,WH-02,0
KLT-017851,SUP-122,Carrier,0
KLT-017852,SUP-180,WH-02,0
KLT-017853,SUP-072,WH-02,0
KLT-017854,SUP-026,Supplier,0
KLT-017855,SUP-184,WH-01,0
KLT-017856,SUP-117,Supplier,0
KLT-017857,SUP-058,Supplier,0
KLT-017858,SUP-112,Supplier,0
KLT-017859,SUP-075,WH-02,0
KLT-017860,SUP-029,Carrier,0
KLT-017861,SUP-144,Carrier,0
KLT-017862,SUP-163,Supplier,0
KLT-017863,SUP-024,WH-01,0
KLT-017864,SUP-062,Carrier,0
KLT-017865,SUP-036,Supplier,0
KLT-017866,SUP-134,Carrier,0
KLT-017867,SUP-067,WH-02,0
KLT-017868,SUP-060,Supplier,0
KLT-017869,SUP-116,Carrier,0
KLT-017870,SUP-179,WH-01,0
KLT-017871,SUP-091,Carrier,0
KLT-017872,SUP-002,Carrier,0
KLT-017873,SUP-181,Carrier,0
KLT-017874,SUP-159,Supplier,0
KLT-017875,SUP-135,Carrier,0
KLT-017876,SUP-156,WH-01,0
KLT-017877,SUP-053,Supplier,0
KLT-017878,SUP-056,WH-02,0
KLT-017879,SUP-046,Carrier,0
KLT-017880,SUP-110,Supplier,0
KLT-017881,SUP-103,Carrier,0
KLT-017882,SUP-174,WH-02,0
KLT-017883,SUP-002,Supplier,44
KLT-017884,SUP-008,WH-02,0
KLT-017885,SUP-016,WH-01,0
KLT-017886,SUP-040,WH-02,0
KLT-017887,SUP-162,Supplier,0
KLT-017888,SUP-069,WH-01,0
KLT-017889,SUP-018,Supplier,0
KLT-017890,SUP-109,Carrier,0
KLT-017891,SUP-031,WH-01,0
KLT-017892,SUP-010,WH-02,0
KLT-017893,SUP-058,WH-01,0
KLT-017894,SUP-116,WH-02,0
KLT-017895,SUP-117,Carrier,0
KLT-017896,SUP-188,Carrier,0
KLT-017897,SUP-082,WH-01,0
KLT-017898,SUP-084,WH-01,0
KLT-017899,SUP-192,WH-02,0
KLT-017900,SUP-072,WH-01,0
KLT-017901,SUP-050,WH-02,0
KLT-017902,SUP-078,Supplier,0
KLT-017903,SUP-109,Supplier,0
KLT-017904,SUP-152,WH-01,0
KLT-017905,SUP-114,WH-02,0
KLT-017906,SUP-176,Supplier,0
KLT-017907,SUP-043,WH-01,0
KLT-017908,SUP-077,Supplier,0
KLT-017909,SUP-061,WH-02,0
KLT-017910,SUP-057,Carrier,0
KLT-017911,SUP-031,Supplier,0
KLT-017912,SUP-088,Carrier,0
KLT-017913,SUP-093,Carrier,0
KLT-017914,SUP-064,WH-02,0
KLT-017915,SUP-177,Carrier,0
KLT-017916,SUP-035,WH-01,0
KLT-017917,SUP-007,WH-01,0
KLT-017918,SUP-176,Supplier,0
KLT-017919,SUP-062,WH-01,0
KLT-017920,SUP-182,WH-01,0
KLT-017921,SUP-079,Supplier,0
KLT-017922,SUP-035,Carrier,0
KLT-017923,SUP-140,WH-02,0
KLT-017924,SUP-143,Supplier,0
KLT-017925,SUP-053,WH-01,0
KLT-017926,SUP-143,WH-02,0
KLT-017927,SUP-026,Supplier,0
KLT-017928,SUP-188,WH-02,0
KLT-017929,SUP-014,Supplier,0
KLT-017930,SUP-006,Carrier,0
KLT-017931,SUP-172,WH-01,0
KLT-017932,SUP-166,Carrier,0
KLT-017933,SUP-133,WH-02,0
KLT-017934,SUP-011,WH-01,0
KLT-017935,SUP-065,WH-02,0
KLT-017936,SUP-049,WH-02,0
KLT-017937,SUP-178,WH-01,0
KLT-017938,SUP-138,Supplier,0
KLT-017939,SUP-163,Supplier,0
KLT-017940,SUP-057,Carrier,0
KLT-017941,SUP-197,Carrier,0
KLT-017942,SUP-128,WH-01,0
KLT-017943,SUP-136,Carrier,0
KLT-017944,SUP-057,Carrier,0
KLT-017945,SUP-067,Carrier,0
KLT-017946,SUP-010,WH-02,0
KLT-017947,SUP-106,Supplier,0
KLT-017948,SUP-133,WH-01,0
KLT-017949,SUP-146,WH-01,0
KLT-017950,SUP-181,Carrier,0
KLT-017951,SUP-023,Supplier,0
KLT-017952,SUP-015,Supplier,0
KLT-017953,SUP-018,Carrier,0
KLT-017954,SUP-192,Carrier,0
KLT-017955,SUP-059,Supplier,0
KLT-017956,SUP-039,Carrier,0
KLT-017957,SUP-134,WH-01,0
KLT-017958,SUP-078,Carrier,0
KLT-017959,SUP-016,Carrier,0
KLT-017960,SUP-171,WH-01,0
KLT-017961,SUP-177,Carrier,0
KLT-017962,SUP-119,WH-01,0
KLT-017963,SUP-168,WH-02,0
KLT-017964,SUP-012,WH-02,0
KLT-017965,SUP-039,WH-02,0
KLT-017966,SUP-153,Carrier,0
KLT-017967,SUP-157,WH-01,0
KLT-017968,SUP-053,Supplier,0
KLT-017969,SUP-132,Supplier,0
KLT-017970,SUP-019,WH-02,0
KLT-017971,SUP-147,Carrier,0
KLT-017972,SUP-070,Carrier,0
KLT-017973,SUP-189,WH-01,53
KLT-017974,SUP-172,WH-01,0
KLT-017975,SUP-137,Carrier,0
KLT-017976,SUP-174,Supplier,0
KLT-017977,SUP-089,WH-02,0
KLT-017978,SUP-072,WH-02,0
KLT-017979,SUP-032,WH-01,0
KLT-017980,SUP-008,Carrier,0
KLT-017981,SUP-194,WH-02,0
KLT-017982,SUP-009,WH-02,0
KLT-017983,SUP-166,WH-01,0
KLT-017984,SUP-096,Carrier,0
KLT-017985,SUP-064,Supplier,0
KLT-017986,SUP-109,WH-01,0
KLT-017987,SUP-156,WH-01,0
KLT-017988,SUP-160,WH-01,0
KLT-017989,SUP-081,Supplier,0
KLT-017990,SUP-200,Supplier,0
KLT-017991,SUP-048,WH-02,0
KLT-017992,SUP-190,WH-02,0
KLT-017993,SUP-144,Carrier,0
KLT-017994,SUP-004,Supplier,0
KLT-017995,SUP-082,Carrier,0
KLT-017996,SUP-195,WH-01,0
KLT-017997,SUP-073,Supplier,0
KLT-017998,SUP-115,WH-01,0
KLT-017999,SUP-146,WH-02,0
KLT-018000,SUP-112,WH-02,0
KLT-018001,SUP-053,Supplier,0
KLT-018002,SUP-200,Supplier,0
KLT-018003,SUP-030,WH-01,0
KLT-018004,SUP-023,WH-01,0
KLT-018005,SUP-039,Carrier,0
KLT-018006,SUP-138,Supplier,0
KLT-018007,SUP-038,Carrier,0
KLT-018008,SUP-104,Carrier,0
KLT-018009,SUP-195,WH-01,0
KLT-018010,SUP-196,WH-01,0
KLT-018011,SUP-136,WH-02,0
KLT-018012,SUP-017,Carrier,0
KLT-018013,SUP-020,Supplier,0
KLT-018014,SUP-025,WH-02,0
KLT-018015,SUP-012,WH-01,0
KLT-018016,SUP-049,Carrier,0
KLT-018017,SUP-152,WH-02,0
KLT-018018,SUP-002,WH-01,0
KLT-018019,SUP-006,WH-01,0
KLT-018020,SUP-042,WH-01,0
KLT-018021,SUP-045,Supplier,0
KLT-018022,SUP-001,Carrier,0
KLT-018023,SUP-064,WH-02,0
KLT-018024,SUP-028,WH-01,0
KLT-018025,SUP-143,WH-01,0
KLT-018026,SUP-010,WH-02,0
KLT-018027,SUP-050,WH-02,0
KLT-018028,SUP-040,WH-02,0
KLT-018029,SUP-085,Carrier,0
KLT-018030,SUP-090,Carrier,0
KLT-018031,SUP-078,WH-02,0
KLT-018032,SUP-127,WH-02,0
KLT-018033,SUP-191,WH-02,0
KLT-018034,SUP-196,Carrier,0
KLT-018035,SUP-049,Supplier,0
KLT-018036,SUP-060,WH-02,0
KLT-018037,SUP-182,WH-02,0
KLT-018038,SUP-105,Supplier,0
KLT-018039,SUP-149,WH-01,0
KLT-018040,SUP-182,WH-02,0
KLT-018041,SUP-084,WH-01,0
KLT-018042,SUP-098,WH-01,0
KLT-018043,SUP-116,Supplier,0
KLT-018044,SUP-060,WH-02,0
KLT-018045,SUP-024,WH-01,0
KLT-018046,SUP-069,Supplier,0
KLT-018047,SUP-110,Supplier,0
KLT-018048,SUP-156,Supplier,0
KLT-018049,SUP-089,WH-01,0
KLT-018050,SUP-167,Supplier,0
KLT-018051,SUP-054,WH-02,0
KLT-018052,SUP-035,WH-01,0
KLT-018053,SUP-038,WH-02,0
KLT-018054,SUP-027,WH-02,0
KLT-018055,SUP-073,Supplier,0
KLT-018056,SUP-022,WH-02,0
KLT-018057,SUP-170,WH-02,0
KLT-018058,SUP-016,Carrier,0
KLT-018059,SUP-013,Carrier,0
KLT-018060,SUP-111,WH-02,0
KLT-018061,SUP-016,Carrier,0
KLT-018062,SUP-081,Supplier,0
KLT-018063,SUP-103,WH-01,0
KLT-018064,SUP-154,WH-02,0
KLT-018065,SUP-093,Carrier,0
KLT-018066,SUP-108,Carrier,0
KLT-018067,SUP-062,WH-02,0
KLT-018068,SUP-142,WH-02,0
KLT-018069,SUP-174,WH-02,0
KLT-018070,SUP-017,WH-02,0
KLT-018071,SUP-090,Supplier,0
KLT-018072,SUP-174,WH-01,0
KLT-018073,SUP-019,Supplier,0
KLT-018074,SUP-198,Carrier,39
KLT-018075,SUP-070,WH-01,0
KLT-018076,SUP-138,Supplier,0
KLT-018077,SUP-183,Carrier,0
KLT-018078,SUP-087,WH-02,0
KLT-018079,SUP-020,Carrier,0
KLT-018080,SUP-027,Supplier,0
KLT-018081,SUP-145,WH-01,0
KLT-018082,SUP-104,Carrier,0
KLT-018083,SUP-085,Supplier,0
KLT-018084,SUP-013,WH-02,0
KLT-018085,SUP-056,WH-02,0
KLT-018086,SUP-081,WH-01,0
KLT-018087,SUP-017,WH-02,0
KLT-018088,SUP-019,Carrier,0
KLT-018089,SUP-013,Carrier,0
KLT-018090,SUP-151,Carrier,0
KLT-018091,SUP-189,Supplier,0
KLT-018092,SUP-052,WH-02,0
KLT-018093,SUP-150,WH-02,0
KLT-018094,SUP-071,Supplier,0
KLT-018095,SUP-200,WH-02,0
KLT-018096,SUP-027,Carrier,0
KLT-018097,SUP-182,Supplier,0
KLT-018098,SUP-112,WH-01,0
KLT-018099,SUP-026,WH-02,0
KLT-018100,SUP-012,Supplier,0
KLT-018101,SUP-023,Supplier,0
KLT-018102,SUP-145,WH-02,0
KLT-018103,SUP-162,Supplier,0
KLT-018104,SUP-104,Carrier,0
KLT-018105,SUP-183,WH-01,0
KLT-018106,SUP-055,Supplier,0
KLT-018107,SUP-158,WH-01,0
KLT-018108,SUP-055,Supplier,0
KLT-018109,SUP-042,Carrier,0
KLT-018110,SUP-020,WH-02,0
KLT-018111,SUP-173,WH-02,0
KLT-018112,SUP-141,Supplier,0
KLT-018113,SUP-019,Supplier,0
KLT-018114,SUP-073,Supplier,0
KLT-018115,SUP-130,WH-01,0
KLT-018116,SUP-016,WH-02,0
KLT-018117,SUP-122,Carrier,0
KLT-018118,SUP-092,WH-02,0
KLT-018119,SUP-002,Supplier,0
KLT-018120,SUP-166,Carrier,0
KLT-018121,SUP-011,Carrier,0
KLT-018122,SUP-009,WH-01,0
KLT-018123,SUP-129,WH-01,0
KLT-018124,SUP-115,Supplier,0
KLT-018125,SUP-078,WH-02,0
KLT-018126,SUP-056,Carrier,0
KLT-018127,SUP-006,Carrier,60
KLT-018128,SUP-194,Supplier,0
KLT-018129,SUP-004,Carrier,0
KLT-018130,SUP-038,WH-01,0
KLT-018131,SUP-189,WH-02,0
KLT-018132,SUP-077,Carrier,0
KLT-018133,SUP-154,WH-01,0
KLT-018134,SUP-062,Supplier,0
KLT-018135,SUP-159,WH-01,0
KLT-018136,SUP-058,Carrier,0
KLT-018137,SUP-077,WH-02,0
KLT-018138,SUP-159,WH-01,0
KLT-018139,SUP-165,WH-01,0
KLT-018140,SUP-017,WH-01,0
KLT-018141,SUP-084,Carrier,0
KLT-018142,SUP-127,Carrier,0
KLT-018143,SUP-089,WH-01,0
KLT-018144,SUP-134,Supplier,0
KLT-018145,SUP-067,WH-02,0
KLT-018146,SUP-068,Carrier,0
KLT-018147,SUP-130,Carrier,0
KLT-018148,SUP-059,WH-01,0
KLT-018149,SUP-180,Carrier,0
KLT-018150,SUP-041,WH-02,0
KLT-018151,SUP-119,WH-01,0
KLT-018152,SUP-049,WH-01,0
KLT-018153,SUP-005,Supplier,0
KLT-018154,SUP-184,WH-01,0
KLT-018155,SUP-002,Supplier,0
KLT-018156,SUP-058,WH-02,0
KLT-018157,SUP-169,Supplier,0
KLT-018158,SUP-184,Carrier,0
KLT-018159,SUP-147,Supplier,0
KLT-018160,SUP-139,Supplier,0
KLT-018161,SUP-070,WH-01,0
KLT-018162,SUP-109,Supplier,0
KLT-018163,SUP-112,Supplier,0
KLT-018164,SUP-090,Carrier,0
KLT-018165,SUP-116,Carrier,0
KLT-018166,SUP-136,WH-02,0
KLT-018167,SUP-122,Supplier,0
KLT-018168,SUP-196,Supplier,0
KLT-018169,SUP-045,WH-02,0
KLT-018170,SUP-096,Carrier,0
KLT-018171,SUP-102,WH-01,0
KLT-018172,SUP-122,Carrier,0
KLT-018173,SUP-097,Supplier,0
KLT-018174,SUP-062,WH-02,0
KLT-018175,SUP-099,WH-02,0
KLT-018176,SUP-143,WH-01,0
KLT-018177,SUP-038,Carrier,0
KLT-018178,SUP-090,Supplier,0
KLT-018179,SUP-149,Supplier,0
KLT-018180,SUP-189,WH-01,0
KLT-018181,SUP-034,Carrier,0
KLT-018182,SUP-137,Carrier,0
KLT-018183,SUP-042,WH-02,0
KLT-018184,SUP-094,WH-02,0
KLT-018185,SUP-091,Carrier,0
KLT-018186,SUP-020,Carrier,0
KLT-018187,SUP-072,WH-01,0
KLT-018188,SUP-185,WH-02,0
KLT-018189,SUP-116,Carrier,0
KLT-018190,SUP-057,WH-01,0
KLT-018191,SUP-135,WH-02,0
KLT-018192,SUP-066,Supplier,0
KLT-018193,SUP-079,WH-01,0
KLT-018194,SUP-174,WH-02,0
KLT-018195,SUP-186,Carrier,0
KLT-018196,SUP-098,Carrier,0
KLT-018197,SUP-151,WH-02,0
KLT-018198,SUP-061,WH-01,0
KLT-018199,SUP-119,Carrier,0
KLT-018200,SUP-123,Carrier,0
KLT-018201,SUP-167,Carrier,0
KLT-018202,SUP-020,WH-02,0
KLT-018203,SUP-139,Carrier,0
KLT-018204,SUP-197,WH-02,0
KLT-018205,SUP-063,Supplier,0
KLT-018206,SUP-156,Supplier,0
KLT-018207,SUP-061,WH-02,0
KLT-018208,SUP-087,WH-01,0
KLT-018209,SUP-071,Carrier,0
KLT-018210,SUP-053,Supplier,0
KLT-018211,SUP-038,WH-02,0
KLT-018212,SUP-042,Carrier,0
KLT-018213,SUP-067,Carrier,0
KLT-018214,SUP-062,Carrier,0
KLT-018215,SUP-030,WH-01,0
KLT-018216,SUP-134,WH-01,0
KLT-018217,SUP-088,WH-02,0
KLT-018218,SUP-102,WH-02,0
KLT-018219,SUP-042,WH-02,0
KLT-018220,SUP-002,WH-02,0
KLT-018221,SUP-034,Supplier,0
KLT-018222,SUP-186,WH-02,0
KLT-018223,SUP-046,Carrier,0
KLT-018224,SUP-113,WH-02,0
KLT-018225,SUP-115,WH-01,0
KLT-018226,SUP-098,WH-01,0
KLT-018227,SUP-023,Supplier,0
KLT-018228,SUP-177,Carrier,0
KLT-018229,SUP-082,Supplier,0
KLT-018230,SUP-147,Supplier,0
KLT-018231,SUP-090,WH-02,0
KLT-018232,SUP-164,Supplier,0
KLT-018233,SUP-090,WH-01,0
KLT-018234,SUP-013,WH-02,0
KLT-018235,SUP-030,Carrier,0
KLT-018236,SUP-158,WH-02,0
KLT-018237,SUP-041,WH-01,0
KLT-018238,SUP-153,Supplier,0
KLT-018239,SUP-175,Carrier,0
KLT-018240,SUP-082,Carrier,0
KLT-018241,SUP-069,WH-01,0
KLT-018242,SUP-053,Carrier,0
KLT-018243,SUP-146,Carrier,0
KLT-018244,SUP-176,WH-02,0
KLT-018245,SUP-094,Supplier,0
KLT-018246,SUP-185,Supplier,0
KLT-018247,SUP-133,WH-02,0
KLT-018248,SUP-067,WH-02,0
KLT-018249,SUP-028,WH-02,0
KLT-018250,SUP-086,Carrier,0
KLT-018251,SUP-076,WH-01,0
KLT-018252,SUP-141,WH-02,0
KLT-018253,SUP-146,WH-01,0
KLT-018254,SUP-131,Supplier,0
KLT-018255,SUP-170,Supplier,0
KLT-018256,SUP-014,Supplier,0
KLT-018257,SUP-168,Carrier,0
KLT-018258,SUP-076,WH-01,0
KLT-018259,SUP-055,Supplier,0
KLT-018260,SUP-074,WH-02,0
KLT-018261,SUP-027,Carrier,0
KLT-018262,SUP-013,WH-02,0
KLT-018263,SUP-110,Carrier,0
KLT-018264,SUP-082,WH-02,0
KLT-018265,SUP-171,Supplier,0
KLT-018266,SUP-151,WH-02,0
KLT-018267,SUP-121,Carrier,0
KLT-018268,SUP-060,Supplier,0
KLT-018269,SUP-160,Supplier,0
KLT-018270,SUP-074,WH-01,0
KLT-018271,SUP-028,WH-02,0
KLT-018272,SUP-127,Carrier,0
KLT-018273,SUP-179,WH-01,0
KLT-018274,SUP-044,Supplier,0
KLT-018275,SUP-096,WH-01,0
KLT-018276,SUP-054,Supplier,0
KLT-018277,SUP-185,Supplier,0
KLT-018278,SUP-112,Carrier,0
KLT-018279,SUP-116,WH-02,0
KLT-018280,SUP-011,Carrier,0
KLT-018281,SUP-107,Carrier,0
KLT-018282,SUP-009,WH-01,0
KLT-018283,SUP-172,WH-02,0
KLT-018284,SUP-067,WH-01,0
KLT-018285,SUP-172,Carrier,0
KLT-018286,SUP-112,WH-01,0
KLT-018287,SUP-045,Carrier,0
KLT-018288,SUP-198,WH-01,0
KLT-018289,SUP-035,Supplier,0
KLT-018290,SUP-125,WH-02,0
KLT-018291,SUP-145,WH-02,0
KLT-018292,SUP-171,Carrier,0
KLT-018293,SUP-121,Carrier,0
KLT-018294,SUP-181,Supplier,0
KLT-018295,SUP-131,WH-02,0
KLT-018296,SUP-200,WH-01,0
KLT-018297,SUP-023,WH-02,0
KLT-018298,SUP-140,WH-01,0
KLT-018299,SUP-104,Supplier,0
KLT-018300,SUP-119,Supplier,0
KLT-018301,SUP-084,WH-02,0
KLT-018302,SUP-099,Supplier,0
KLT-018303,SUP-064,WH-01,0
KLT-018304,SUP-062,WH-02,0
KLT-018305,SUP-159,Supplier,0
KLT-018306,SUP-047,WH-02,0
KLT-018307,SUP-175,WH-01,0
KLT-018308,SUP-121,WH-02,0
KLT-018309,SUP-057,Supplier,0
KLT-018310,SUP-051,WH-01,0
KLT-018311,SUP-046,Carrier,0
KLT-018312,SUP-130,Supplier,0
KLT-018313,SUP-192,WH-01,0
KLT-018314,SUP-004,Supplier,0
KLT-018315,SUP-008,Supplier,0
KLT-018316,SUP-126,WH-01,0
KLT-018317,SUP-186,Carrier,0
KLT-018318,SUP-176,WH-01,0
KLT-018319,SUP-042,WH-02,0
KLT-018320,SUP-053,WH-02,0
KLT-018321,SUP-181,Carrier,0
KLT-018322,SUP-093,WH-01,0
KLT-018323,SUP-036,Supplier,0
KLT-018324,SUP-011,WH-01,0
KLT-018325,SUP-185,Carrier,0
KLT-018326,SUP-106,Supplier,0
KLT-018327,SUP-180,WH-01,0
KLT-018328,SUP-008,WH-01,0
KLT-018329,SUP-121,Supplier,0
KLT-018330,SUP-131,WH-01,0
KLT-018331,SUP-135,Supplier,0
KLT-018332,SUP-178,Carrier,0
KLT-018333,SUP-117,WH-02,0
KLT-018334,SUP-003,WH-02,0
KLT-018335,SUP-021,WH-01,0
KLT-018336,SUP-008,WH-02,0
KLT-018337,SUP-071,WH-02,0
KLT-018338,SUP-182,Carrier,0
KLT-018339,SUP-039,Carrier,0
KLT-018340,SUP-041,WH-01,0
KLT-018341,SUP-126,Supplier,0
KLT-018342,SUP-053,WH-02,0
KLT-018343,SUP-117,WH-02,0
KLT-018344,SUP-133,Supplier,0
KLT-018345,SUP-017,Supplier,0
KLT-018346,SUP-119,WH-02,0
KLT-018347,SUP-118,Carrier,0
KLT-018348,SUP-083,Supplier,0
KLT-018349,SUP-015,Supplier,0
KLT-018350,SUP-061,Supplier,0
KLT-018351,SUP-099,WH-01,0
KLT-018352,SUP-126,Supplier,0
KLT-018353,SUP-122,WH-02,0
KLT-018354,SUP-175,Supplier,0
KLT-018355,SUP-092,WH-02,0
KLT-018356,SUP-194,WH-01,0
KLT-018357,SUP-049,WH-02,0
KLT-018358,SUP-142,Supplier,0
KLT-018359,SUP-049,WH-02,0
KLT-018360,SUP-181,WH-02,0
KLT-018361,SUP-037,WH-02,0
KLT-018362,SUP-068,Supplier,0
KLT-018363,SUP-171,WH-02,0
KLT-018364,SUP-008,WH-02,0
KLT-018365,SUP-117,Carrier,0
KLT-018366,SUP-177,WH-01,0
KLT-018367,SUP-121,Supplier,0
KLT-018368,SUP-055,WH-02,0
KLT-018369,SUP-174,WH-02,0
KLT-018370,SUP-114,WH-02,0
KLT-018371,SUP-050,Supplier,0
KLT-018372,SUP-126,Supplier,0
KLT-018373,SUP-134,WH-02,0
KLT-018374,SUP-154,WH-01,0
KLT-018375,SUP-152,Supplier,0
KLT-018376,SUP-147,WH-01,0
KLT-018377,SUP-168,Carrier,0
KLT-018378,SUP-123,Carrier,0
KLT-018379,SUP-199,Carrier,0
KLT-018380,SUP-081,Supplier,0
KLT-018381,SUP-186,Supplier,0
KLT-018382,SUP-141,Carrier,0
KLT-018383,SUP-127,WH-01,0
KLT-018384,SUP-148,Carrier,0
KLT-018385,SUP-129,Supplier,0
KLT-018386,SUP-125,Carrier,0
KLT-018387,SUP-105,WH-02,0
KLT-018388,SUP-120,WH-01,0
KLT-018389,SUP-127,Supplier,0
KLT-018390,SUP-183,Supplier,0
KLT-018391,SUP-144,WH-02,0
KLT-018392,SUP-038,Supplier,0
KLT-018393,SUP-159,Supplier,0
KLT-018394,SUP-106,WH-02,0
KLT-018395,SUP-074,Supplier,0
KLT-018396,SUP-180,WH-02,0
KLT-018397,SUP-077,WH-01,0
KLT-018398,SUP-097,Supplier,0
KLT-018399,SUP-168,Supplier,0
KLT-018400,SUP-092,Carrier,0
KLT-018401,SUP-113,WH-01,0
KLT-018402,SUP-181,WH-02,0
KLT-018403,SUP-011,Supplier,0
KLT-018404,SUP-036,Carrier,0
KLT-018405,SUP-053,WH-01,0
KLT-018406,SUP-100,Carrier,0
KLT-018407,SUP-177,Supplier,0
KLT-018408,SUP-011,WH-02,0
KLT-018409,SUP-086,WH-01,0
KLT-018410,SUP-128,Supplier,0
KLT-018411,SUP-160,WH-01,0
KLT-018412,SUP-094,WH-02,0
KLT-018413,SUP-199,WH-02,0
KLT-018414,SUP-133,WH-01,0
KLT-018415,SUP-193,Supplier,0
KLT-018416,SUP-134,Supplier,0
KLT-018417,SUP-115,WH-01,0
KLT-018418,SUP-015,WH-01,0
KLT-018419,SUP-137,Supplier,0
KLT-018420,SUP-118,Carrier,0
KLT-018421,SUP-166,WH-02,0
KLT-018422,SUP-079,WH-02,0
KLT-018423,SUP-137,Supplier,0
KLT-018424,SUP-001,WH-02,0
KLT-018425,SUP-164,Carrier,0
KLT-018426,SUP-014,Carrier,0
KLT-018427,SUP-042,Carrier,0
KLT-018428,SUP-123,Supplier,0
KLT-018429,SUP-053,Supplier,0
KLT-018430,SUP-158,Supplier,0
KLT-018431,SUP-108,WH-01,0
KLT-018432,SUP-084,WH-02,0
KLT-018433,SUP-178,WH-01,0
KLT-018434,SUP-095,Supplier,0
KLT-018435,SUP-175,Supplier,0
KLT-018436,SUP-141,Carrier,0
KLT-018437,SUP-029,Supplier,0
KLT-018438,SUP-137,WH-02,0
KLT-018439,SUP-054,WH-01,0
KLT-018440,SUP-153,Supplier,0
KLT-018441,SUP-096,WH-01,0
KLT-018442,SUP-029,WH-01,0
KLT-018443,SUP-092,WH-02,0
KLT-018444,SUP-053,Supplier,0
KLT-018445,SUP-128,Carrier,0
KLT-018446,SUP-010,WH-02,0
KLT-018447,SUP-063,WH-01,0
KLT-018448,SUP-123,Supplier,0
KLT-018449,SUP-080,Supplier,0
KLT-018450,SUP-034,Supplier,0
KLT-018451,SUP-076,Supplier,0
KLT-018452,SUP-158,WH-01,0
KLT-018453,SUP-128,Carrier,0
KLT-018454,SUP-150,WH-02,0
KLT-018455,SUP-131,Supplier,0
KLT-018456,SUP-177,Supplier,0
KLT-018457,SUP-073,WH-02,0
KLT-018458,SUP-004,WH-01,0
KLT-018459,SUP-136,Carrier,0
KLT-018460,SUP-041,Carrier,0
KLT-018461,SUP-058,WH-02,0
KLT-018462,SUP-101,WH-01,0
KLT-018463,SUP-158,Supplier,0
KLT-018464,SUP-143,WH-02,0
KLT-018465,SUP-135,WH-02,0
KLT-018466,SUP-161,Supplier,0
KLT-018467,SUP-128,Supplier,0
KLT-018468,SUP-154,WH-02,0
KLT-018469,SUP-056,WH-01,0
KLT-018470,SUP-188,WH-01,0
KLT-018471,SUP-132,WH-02,0
KLT-018472,SUP-109,Supplier,0
KLT-018473,SUP-105,WH-01,0
KLT-018474,SUP-142,WH-01,0
KLT-018475,SUP-003,WH-01,0
KLT-018476,SUP-187,Carrier,0
KLT-018477,SUP-182,Supplier,0
KLT-018478,SUP-128,WH-01,0
KLT-018479,SUP-165,Carrier,0
KLT-018480,SUP-082,WH-02,0
KLT-018481,SUP-124,WH-02,0
KLT-018482,SUP-020,WH-01,0
KLT-018483,SUP-182,WH-02,0
KLT-018484,SUP-161,WH-01,0
KLT-018485,SUP-096,Supplier,0
KLT-018486,SUP-093,WH-02,0
KLT-018487,SUP-069,Carrier,0
KLT-018488,SUP-187,Carrier,0
KLT-018489,SUP-176,WH-01,0
KLT-018490,SUP-061,Carrier,0
KLT-018491,SUP-096,WH-02,0
KLT-018492,SUP-148,Supplier,0
KLT-018493,SUP-164,Carrier,0
KLT-018494,SUP-099,WH-02,0
KLT-018495,SUP-199,Carrier,0
KLT-018496,SUP-186,WH-02,0
KLT-018497,SUP-176,Supplier,0
KLT-018498,SUP-010,Supplier,0
KLT-018499,SUP-024,WH-01,0
KLT-018500,SUP-187,WH-01,0
KLT-018501,SUP-096,Carrier,0
KLT-018502,SUP-030,WH-02,0
KLT-018503,SUP-009,WH-01,0
KLT-018504,SUP-195,Supplier,0
KLT-018505,SUP-195,Carrier,0
KLT-018506,SUP-172,Supplier,0
KLT-018507,SUP-191,WH-01,0
KLT-018508,SUP-029,Supplier,0
KLT-018509,SUP-134,WH-02,0
KLT-018510,SUP-004,Supplier,0
KLT-018511,SUP-068,WH-01,0
KLT-018512,SUP-122,Carrier,0
KLT-018513,SUP-107,Carrier,0
KLT-018514,SUP-104,WH-01,0
KLT-018515,SUP-082,Supplier,0
KLT-018516,SUP-195,WH-01,0
KLT-018517,SUP-093,WH-01,0
KLT-018518,SUP-032,WH-02,0
KLT-018519,SUP-080,Supplier,0
KLT-018520,SUP-053,Supplier,0
KLT-018521,SUP-024,Supplier,0
KLT-018522,SUP-010,Carrier,0
KLT-018523,SUP-109,Supplier,0
KLT-018524,SUP-141,Supplier,0
KLT-018525,SUP-013,Carrier,0
KLT-018526,SUP-179,Supplier,0
KLT-018527,SUP-146,WH-02,0
KLT-018528,SUP-183,WH-01,0
KLT-018529,SUP-028,Carrier,0
KLT-018530,SUP-160,Carrier,0
KLT-018531,SUP-125,Carrier,0
KLT-018532,SUP-048,WH-01,0
KLT-018533,SUP-120,WH-02,0
KLT-018534,SUP-149,WH-02,0
KLT-018535,SUP-168,WH-01,0
KLT-018536,SUP-151,WH-02,0
KLT-018537,SUP-053,WH-02,0
KLT-018538,SUP-122,Supplier,0
KLT-018539,SUP-105,Carrier,0
KLT-018540,SUP-148,Carrier,0
KLT-018541,SUP-041,Carrier,0
KLT-018542,SUP-106,WH-01,0
KLT-018543,SUP-143,WH-02,0
KLT-018544,SUP-173,Carrier,0
KLT-018545,SUP-121,Carrier,0
KLT-018546,SUP-145,Supplier,0
KLT-018547,SUP-059,Supplier,0
KLT-018548,SUP-170,WH-01,0
KLT-018549,SUP-023,Supplier,0
KLT-018550,SUP-133,Supplier,0
KLT-018551,SUP-145,Carrier,0
KLT-018552,SUP-091,WH-01,0
KLT-018553,SUP-114,Supplier,0
KLT-018554,SUP-131,WH-01,0
KLT-018555,SUP-024,Supplier,0
KLT-018556,SUP-104,WH-01,0
KLT-018557,SUP-012,WH-01,0
KLT-018558,SUP-157,WH-01,0
KLT-018559,SUP-092,Carrier,0
KLT-018560,SUP-012,Carrier,0
KLT-018561,SUP-077,WH-02,0
KLT-018562,SUP-086,Supplier,0
KLT-018563,SUP-004,WH-02,0
KLT-018564,SUP-168,Supplier,0
KLT-018565,SUP-056,WH-02,0
KLT-018566,SUP-032,WH-02,0
KLT-018567,SUP-005,Supplier,0
KLT-018568,SUP-091,WH-01,0
KLT-018569,SUP-141,Carrier,0
KLT-018570,SUP-117,Carrier,0
KLT-018571,SUP-117,WH-01,0
KLT-018572,SUP-052,WH-01,0
KLT-018573,SUP-144,WH-01,0
KLT-018574,SUP-032,Supplier,0
KLT-018575,SUP-098,WH-02,0
KLT-018576,SUP-001,Supplier,0
KLT-018577,SUP-135,WH-02,0
KLT-018578,SUP-066,Carrier,0
KLT-018579,SUP-105,WH-02,0
KLT-018580,SUP-032,Carrier,0
KLT-018581,SUP-062,Supplier,0
KLT-018582,SUP-170,WH-01,0
KLT-018583,SUP-146,Carrier,0
KLT-018584,SUP-175,WH-01,0
KLT-018585,SUP-053,WH-02,0
KLT-018586,SUP-054,Supplier,0
KLT-018587,SUP-075,Supplier,0
KLT-018588,SUP-182,WH-01,0
KLT-018589,SUP-018,WH-01,0
KLT-018590,SUP-176,Supplier,0
KLT-018591,SUP-093,Supplier,0
KLT-018592,SUP-132,Carrier,0
KLT-018593,SUP-156,WH-02,0
KLT-018594,SUP-081,WH-02,0
KLT-018595,SUP-192,Supplier,0
KLT-018596,SUP-081,WH-01,0
KLT-018597,SUP-190,Carrier,0
KLT-018598,SUP-067,WH-01,0
KLT-018599,SUP-118,Supplier,0
KLT-018600,SUP-075,WH-02,0
KLT-018601,SUP-034,Carrier,0
KLT-018602,SUP-017,Carrier,0
KLT-018603,SUP-050,Supplier,0
KLT-018604,SUP-008,Carrier,0
KLT-018605,SUP-122,Supplier,0
KLT-018606,SUP-032,WH-02,0
KLT-018607,SUP-041,Supplier,0
KLT-018608,SUP-104,Supplier,0
KLT-018609,SUP-062,WH-02,0
KLT-018610,SUP-146,Supplier,0
KLT-018611,SUP-027,Supplier,0
KLT-018612,SUP-060,WH-02,0
KLT-018613,SUP-022,WH-01,0
KLT-018614,SUP-023,Supplier,0
KLT-018615,SUP-132,WH-02,0
KLT-018616,SUP-115,Supplier,0
KLT-018617,SUP-163,Carrier,0
KLT-018618,SUP-078,WH-02,0
KLT-018619,SUP-115,Supplier,0
KLT-018620,SUP-075,Supplier,0
KLT-018621,SUP-099,Supplier,0
KLT-018622,SUP-102,Supplier,0
KLT-018623,SUP-059,WH-01,0
KLT-018624,SUP-056,Carrier,0
KLT-018625,SUP-011,WH-02,0
KLT-018626,SUP-094,Carrier,0
KLT-018627,SUP-073,Supplier,0
KLT-018628,SUP-168,Carrier,0
KLT-018629,SUP-012,Carrier,0
KLT-018630,SUP-022,WH-02,0
KLT-018631,SUP-192,Supplier,0
KLT-018632,SUP-103,Supplier,0
KLT-018633,SUP-177,Carrier,0
KLT-018634,SUP-015,WH-02,0
KLT-018635,SUP-045,WH-01,0
KLT-018636,SUP-014,WH-01,0
KLT-018637,SUP-199,Supplier,0
KLT-018638,SUP-066,WH-02,0
KLT-018639,SUP-056,Carrier,0
KLT-018640,SUP-051,WH-02,0
KLT-018641,SUP-099,Supplier,0
KLT-018642,SUP-087,Supplier,0
KLT-018643,SUP-074,WH-02,0
KLT-018644,SUP-134,WH-01,0
KLT-018645,SUP-160,Supplier,0
KLT-018646,SUP-022,WH-02,0
KLT-018647,SUP-190,WH-01,0
KLT-018648,SUP-040,Carrier,0
KLT-018649,SUP-163,WH-02,0
KLT-018650,SUP-173,Supplier,0
KLT-018651,SUP-107,WH-02,0
KLT-018652,SUP-027,Supplier,0
KLT-018653,SUP-123,Carrier,0
KLT-018654,SUP-023,Carrier,0
KLT-018655,SUP-159,WH-01,0
KLT-018656,SUP-134,Supplier,0
KLT-018657,SUP-124,Carrier,0
KLT-018658,SUP-184,Carrier,0
KLT-018659,SUP-080,Carrier,0
KLT-018660,SUP-099,WH-01,0
KLT-018661,SUP-197,WH-01,0
KLT-018662,SUP-002,Carrier,0
KLT-018663,SUP-063,WH-01,0
KLT-018664,SUP-017,Carrier,0
KLT-018665,SUP-104,WH-01,0
KLT-018666,SUP-081,Supplier,0
KLT-018667,SUP-077,WH-01,0
KLT-018668,SUP-159,Carrier,0
KLT-018669,SUP-140,Carrier,0
KLT-018670,SUP-145,Supplier,0
KLT-018671,SUP-150,Carrier,0
KLT-018672,SUP-139,Carrier,0
KLT-018673,SUP-198,Carrier,0
KLT-018674,SUP-057,WH-01,0
KLT-018675,SUP-106,WH-01,0
KLT-018676,SUP-006,Carrier,0
KLT-018677,SUP-099,WH-01,0
KLT-018678,SUP-068,Carrier,0
KLT-018679,SUP-132,Supplier,0
KLT-018680,SUP-115,Supplier,0
KLT-018681,SUP-148,WH-02,0
KLT-018682,SUP-081,Supplier,0
KLT-018683,SUP-193,WH-02,0
KLT-018684,SUP-062,Carrier,0
KLT-018685,SUP-170,Supplier,0
KLT-018686,SUP-078,Carrier,0
KLT-018687,SUP-037,Supplier,0
KLT-018688,SUP-003,Supplier,0
KLT-018689,SUP-102,WH-01,0
KLT-018690,SUP-123,Supplier,0
KLT-018691,SUP-104,Carrier,0
KLT-018692,SUP-106,WH-02,0
KLT-018693,SUP-167,Supplier,0
KLT-018694,SUP-027,WH-01,0
KLT-018695,SUP-200,WH-01,0
KLT-018696,SUP-031,Supplier,0
KLT-018697,SUP-067,Carrier,0
KLT-018698,SUP-158,WH-02,0
KLT-018699,SUP-129,Supplier,0
KLT-018700,SUP-078,Supplier,0
KLT-018701,SUP-121,WH-02,0
KLT-018702,SUP-126,WH-01,0
KLT-018703,SUP-072,WH-01,0
KLT-018704,SUP-069,WH-02,0
KLT-018705,SUP-004,Supplier,0
KLT-018706,SUP-146,WH-01,0
KLT-018707,SUP-187,WH-01,0
KLT-018708,SUP-136,WH-01,0
KLT-018709,SUP-023,Supplier,0
KLT-018710,SUP-065,Carrier,0
KLT-018711,SUP-188,WH-02,0
KLT-018712,SUP-038,WH-01,0
KLT-018713,SUP-113,Carrier,0
KLT-018714,SUP-112,Supplier,0
KLT-018715,SUP-194,Carrier,0
KLT-018716,SUP-167,WH-02,0
KLT-018717,SUP-085,WH-01,0
KLT-018718,SUP-165,Supplier,0
KLT-018719,SUP-128,WH-01,0
KLT-018720,SUP-135,WH-01,0
KLT-018721,SUP-046,Supplier,0
KLT-018722,SUP-015,Carrier,0
KLT-018723,SUP-079,Carrier,0
KLT-018724,SUP-104,Carrier,0
KLT-018725,SUP-186,Supplier,0
KLT-018726,SUP-100,WH-02,0
KLT-018727,SUP-094,Carrier,0
KLT-018728,SUP-018,WH-01,0
KLT-018729,SUP-167,Supplier,0
KLT-018730,SUP-192,WH-02,0
KLT-018731,SUP-151,Carrier,0
KLT-018732,SUP-139,Carrier,0
KLT-018733,SUP-183,WH-02,0
KLT-018734,SUP-182,WH-02,0
KLT-018735,SUP-121,Supplier,0
KLT-018736,SUP-119,WH-01,0
KLT-018737,SUP-022,WH-02,0
KLT-018738,SUP-170,WH-01,0
KLT-018739,SUP-029,WH-02,0
KLT-018740,SUP-129,WH-02,0
KLT-018741,SUP-161,Supplier,0
KLT-018742,SUP-146,WH-01,0
KLT-018743,SUP-092,WH-02,0
KLT-018744,SUP-037,WH-01,0
KLT-018745,SUP-158,WH-01,0
KLT-018746,SUP-053,Supplier,0
KLT-018747,SUP-186,WH-02,0
KLT-018748,SUP-187,Supplier,0
KLT-018749,SUP-102,Supplier,0
KLT-018750,SUP-021,WH-01,0
KLT-018751,SUP-181,WH-01,0
KLT-018752,SUP-068,Supplier,0
KLT-018753,SUP-182,WH-02,0
KLT-018754,SUP-138,WH-02,0
KLT-018755,SUP-063,WH-02,0
KLT-018756,SUP-159,WH-02,0
KLT-018757,SUP-026,WH-01,0
KLT-018758,SUP-197,WH-02,0
KLT-018759,SUP-127,Supplier,0
KLT-018760,SUP-035,Carrier,0
KLT-018761,SUP-059,WH-01,0
KLT-018762,SUP-010,Supplier,0
KLT-018763,SUP-092,Carrier,0
KLT-018764,SUP-135,WH-01,0
KLT-018765,SUP-110,WH-01,0
KLT-018766,SUP-029,WH-02,0
KLT-018767,SUP-016,Carrier,0
KLT-018768,SUP-125,WH-01,0
KLT-018769,SUP-007,WH-02,0
KLT-018770,SUP-106,WH-01,0
KLT-018771,SUP-105,Carrier,0
KLT-018772,SUP-137,Supplier,0
KLT-018773,SUP-046,Supplier,0
KLT-018774,SUP-139,WH-01,0
KLT-018775,SUP-178,Supplier,0
KLT-018776,SUP-060,Supplier,0
KLT-018777,SUP-057,WH-02,0
KLT-018778,SUP-181,Carrier,0
KLT-018779,SUP-099,Carrier,0
KLT-018780,SUP-179,Supplier,0
KLT-018781,SUP-117,Carrier,0
KLT-018782,SUP-124,Supplier,0
KLT-018783,SUP-075,Supplier,0
KLT-018784,SUP-056,Carrier,0
KLT-018785,SUP-092,Carrier,0
KLT-018786,SUP-133,WH-02,0
KLT-018787,SUP-185,WH-01,0
KLT-018788,SUP-073,Carrier,0
KLT-018789,SUP-022,Carrier,0
KLT-018790,SUP-193,WH-01,0
KLT-018791,SUP-125,WH-01,0
KLT-018792,SUP-173,WH-02,0
KLT-018793,SUP-171,WH-02,0
KLT-018794,SUP-017,Carrier,0
KLT-018795,SUP-187,Carrier,0
KLT-018796,SUP-058,WH-02,0
KLT-018797,SUP-117,WH-02,0
KLT-018798,SUP-076,Carrier,0
KLT-018799,SUP-144,Supplier,0
KLT-018800,SUP-111,WH-02,0
KLT-018801,SUP-050,Supplier,0
KLT-018802,SUP-171,Carrier,0
KLT-018803,SUP-027,Carrier,0
KLT-018804,SUP-052,WH-01,0
KLT-018805,SUP-182,Supplier,0
KLT-018806,SUP-081,Carrier,0
KLT-018807,SUP-166,WH-02,0
KLT-018808,SUP-087,WH-02,0
KLT-018809,SUP-013,Supplier,0
KLT-018810,SUP-065,WH-02,0
KLT-018811,SUP-154,WH-01,0
KLT-018812,SUP-200,Carrier,0
KLT-018813,SUP-140,Supplier,0
KLT-018814,SUP-018,Supplier,0
KLT-018815,SUP-007,WH-01,0
KLT-018816,SUP-022,WH-01,0
KLT-018817,SUP-048,Carrier,0
KLT-018818,SUP-066,WH-02,0
KLT-018819,SUP-063,WH-02,0
KLT-018820,SUP-197,WH-01,0
KLT-018821,SUP-093,Carrier,0
KLT-018822,SUP-088,Carrier,0
KLT-018823,SUP-120,Carrier,0
KLT-018824,SUP-105,Supplier,0
KLT-018825,SUP-042,WH-02,0
KLT-018826,SUP-148,WH-01,0
KLT-018827,SUP-047,WH-01,0
KLT-018828,SUP-107,Supplier,0
KLT-018829,SUP-155,WH-01,0
KLT-018830,SUP-089,WH-02,0
KLT-018831,SUP-072,Carrier,0
KLT-018832,SUP-040,Supplier,0
KLT-018833,SUP-031,WH-01,0
KLT-018834,SUP-048,Carrier,0
KLT-018835,SUP-105,Supplier,0
KLT-018836,SUP-176,WH-01,0
KLT-018837,SUP-116,Carrier,0
KLT-018838,SUP-037,WH-01,0
KLT-018839,SUP-171,WH-01,0
KLT-018840,SUP-122,Carrier,0
KLT-018841,SUP-097,Supplier,0
KLT-018842,SUP-044,WH-01,0
KLT-018843,SUP-172,WH-01,0
KLT-018844,SUP-078,Carrier,0
KLT-018845,SUP-014,Carrier,0
KLT-018846,SUP-034,WH-02,0
KLT-018847,SUP-130,Carrier,0
KLT-018848,SUP-160,WH-02,0
KLT-018849,SUP-056,WH-01,0
KLT-018850,SUP-175,Supplier,0
KLT-018851,SUP-076,Supplier,0
KLT-018852,SUP-144,Supplier,0
KLT-018853,SUP-035,WH-02,0
KLT-018854,SUP-175,Supplier,0
KLT-018855,SUP-068,Supplier,0
KLT-018856,SUP-137,Supplier,0
KLT-018857,SUP-091,WH-01,0
KLT-018858,SUP-001,WH-02,0
KLT-018859,SUP-155,WH-02,0
KLT-018860,SUP-090,WH-02,0
KLT-018861,SUP-029,Supplier,0
KLT-018862,SUP-174,Carrier,0
KLT-018863,SUP-105,Carrier,0
KLT-018864,SUP-126,Carrier,0
KLT-018865,SUP-133,WH-01,0
KLT-018866,SUP-143,WH-02,0
KLT-018867,SUP-046,Carrier,0
KLT-018868,SUP-010,Carrier,0
KLT-018869,SUP-012,WH-01,0
KLT-018870,SUP-099,WH-02,0
KLT-018871,SUP-052,Carrier,0
KLT-018872,SUP-014,Carrier,0
KLT-018873,SUP-144,WH-01,0
KLT-018874,SUP-192,WH-01,0
KLT-018875,SUP-187,WH-02,0
KLT-018876,SUP-026,WH-01,0
KLT-018877,SUP-158,WH-02,0
KLT-018878,SUP-083,Carrier,0
KLT-018879,SUP-046,WH-01,0
KLT-018880,SUP-081,WH-02,0
KLT-018881,SUP-172,Supplier,0
KLT-018882,SUP-051,WH-01,0
KLT-018883,SUP-176,Supplier,0
KLT-018884,SUP-190,Carrier,0
KLT-018885,SUP-114,Supplier,0
KLT-018886,SUP-103,WH-02,0
KLT-018887,SUP-093,WH-02,0
KLT-018888,SUP-103,WH-02,0
KLT-018889,SUP-109,Carrier,0
KLT-018890,SUP-091,WH-01,0
KLT-018891,SUP-115,WH-01,0
KLT-018892,SUP-094,Carrier,0
KLT-018893,SUP-098,WH-02,0
KLT-018894,SUP-022,Supplier,0
KLT-018895,SUP-034,Carrier,0
KLT-018896,SUP-176,Supplier,0
KLT-018897,SUP-101,Carrier,0
KLT-018898,SUP-062,WH-01,0
KLT-018899,SUP-070,WH-02,0
KLT-018900,SUP-128,WH-01,0
KLT-018901,SUP-147,Carrier,0
KLT-018902,SUP-159,Supplier,0
KLT-018903,SUP-090,WH-01,0
KLT-018904,SUP-167,WH-02,0
KLT-018905,SUP-016,Carrier,0
KLT-018906,SUP-030,WH-01,0
KLT-018907,SUP-073,Carrier,0
KLT-018908,SUP-030,WH-02,0
KLT-018909,SUP-051,WH-02,0
KLT-018910,SUP-104,WH-01,0
KLT-018911,SUP-079,WH-01,0
KLT-018912,SUP-164,WH-01,0
KLT-018913,SUP-018,Supplier,0
KLT-018914,SUP-120,WH-01,0
KLT-018915,SUP-083,Supplier,0
KLT-018916,SUP-005,Carrier,0
KLT-018917,SUP-144,WH-02,0
KLT-018918,SUP-178,WH-01,0
KLT-018919,SUP-136,Supplier,0
KLT-018920,SUP-069,WH-01,0
KLT-018921,SUP-036,WH-01,0
KLT-018922,SUP-139,Supplier,0
KLT-018923,SUP-032,Carrier,0
KLT-018924,SUP-131,WH-01,0
KLT-018925,SUP-165,Supplier,0
KLT-018926,SUP-192,WH-01,0
KLT-018927,SUP-110,Carrier,0
KLT-018928,SUP-107,WH-02,0
KLT-018929,SUP-059,Supplier,0
KLT-018930,SUP-183,WH-01,0
KLT-018931,SUP-168,Supplier,0
KLT-018932,SUP-075,WH-01,0
KLT-018933,SUP-068,WH-02,0
KLT-018934,SUP-044,Carrier,0
KLT-018935,SUP-170,WH-01,0
KLT-018936,SUP-008,WH-02,0
KLT-018937,SUP-116,WH-01,0
KLT-018938,SUP-044,WH-02,0
KLT-018939,SUP-050,WH-01,0
KLT-018940,SUP-072,WH-01,0
KLT-018941,SUP-170,WH-01,0
KLT-018942,SUP-153,Carrier,0
KLT-018943,SUP-089,WH-02,0
KLT-018944,SUP-104,Supplier,0
KLT-018945,SUP-195,Supplier,0
KLT-018946,SUP-043,Carrier,0
KLT-018947,SUP-169,WH-02,0
KLT-018948,SUP-069,WH-01,0
KLT-018949,SUP-179,Supplier,0
KLT-018950,SUP-069,Supplier,0
KLT-018951,SUP-021,WH-01,0
KLT-018952,SUP-200,WH-01,0
KLT-018953,SUP-095,WH-02,0
KLT-018954,SUP-183,WH-02,0
KLT-018955,SUP-193,WH-01,0
KLT-018956,SUP-074,Supplier,0
KLT-018957,SUP-159,Carrier,0
KLT-018958,SUP-188,Supplier,0
KLT-018959,SUP-134,Carrier,0
KLT-018960,SUP-012,Carrier,0
KLT-018961,SUP-194,Supplier,0
KLT-018962,SUP-077,WH-02,0
KLT-018963,SUP-104,Supplier,0
KLT-018964,SUP-157,Supplier,0
KLT-018965,SUP-066,WH-01,0
KLT-018966,SUP-137,Supplier,0
KLT-018967,SUP-034,Carrier,0
KLT-018968,SUP-171,WH-02,0
KLT-018969,SUP-151,Supplier,0
KLT-018970,SUP-101,WH-01,0
KLT-018971,SUP-171,Carrier,0
KLT-018972,SUP-060,Carrier,0
KLT-018973,SUP-095,Supplier,0
KLT-018974,SUP-053,Supplier,0
KLT-018975,SUP-136,Carrier,0
KLT-018976,SUP-066,WH-01,0
KLT-018977,SUP-109,WH-02,0
KLT-018978,SUP-182,WH-02,0
KLT-018979,SUP-182,Carrier,0
KLT-018980,SUP-020,WH-01,0
KLT-018981,SUP-103,Carrier,0
KLT-018982,SUP-057,Supplier,0
KLT-018983,SUP-071,Supplier,0
KLT-018984,SUP-188,WH-01,0
KLT-018985,SUP-063,Carrier,0
KLT-018986,SUP-163,WH-02,0
KLT-018987,SUP-030,Supplier,0
KLT-018988,SUP-032,Carrier,0
KLT-018989,SUP-121,WH-01,0
KLT-018990,SUP-108,Supplier,0
KLT-018991,SUP-030,Carrier,0
KLT-018992,SUP-070,WH-01,0
KLT-018993,SUP-028,Carrier,0
KLT-018994,SUP-002,Supplier,0
KLT-018995,SUP-198,WH-02,0
KLT-018996,SUP-179,WH-01,0
KLT-018997,SUP-168,WH-02,0
KLT-018998,SUP-070,WH-01,0
KLT-018999,SUP-082,WH-02,0
KLT-019000,SUP-183,Carrier,0
KLT-019001,SUP-183,Supplier,0
KLT-019002,SUP-009,Supplier,0
KLT-019003,SUP-025,Supplier,0
KLT-019004,SUP-024,Supplier,0
KLT-019005,SUP-141,Supplier,0
KLT-019006,SUP-135,WH-02,0
KLT-019007,SUP-012,WH-02,0
KLT-019008,SUP-145,WH-02,0
KLT-019009,SUP-132,Carrier,0
KLT-019010,SUP-101,Supplier,0
KLT-019011,SUP-145,WH-02,0
KLT-019012,SUP-159,WH-02,0
KLT-019013,SUP-056,Carrier,0
KLT-019014,SUP-007,WH-02,0
KLT-019015,SUP-138,WH-01,0
KLT-019016,SUP-072,Supplier,0
KLT-019017,SUP-111,Carrier,0
KLT-019018,SUP-162,Supplier,0
KLT-019019,SUP-099,Supplier,0
KLT-019020,SUP-112,Carrier,0
KLT-019021,SUP-177,Supplier,0
KLT-019022,SUP-002,WH-01,0
KLT-019023,SUP-128,WH-02,0
KLT-019024,SUP-146,WH-02,0
KLT-019025,SUP-166,WH-01,0
KLT-019026,SUP-048,WH-01,0
KLT-019027,SUP-058,Supplier,0
KLT-019028,SUP-090,Supplier,0
KLT-019029,SUP-120,Carrier,0
KLT-019030,SUP-178,Carrier,0
KLT-019031,SUP-079,Supplier,0
KLT-019032,SUP-117,Supplier,0
KLT-019033,SUP-176,Supplier,0
KLT-019034,SUP-018,Carrier,0
KLT-019035,SUP-093,Carrier,0
KLT-019036,SUP-075,Carrier,0
KLT-019037,SUP-034,Carrier,0
KLT-019038,SUP-092,WH-01,0
KLT-019039,SUP-134,Supplier,0
KLT-019040,SUP-092,WH-02,0
KLT-019041,SUP-169,WH-01,0
KLT-019042,SUP-142,WH-01,0
KLT-019043,SUP-145,Supplier,0
KLT-019044,SUP-166,WH-02,0
KLT-019045,SUP-085,WH-02,0
KLT-019046,SUP-191,Supplier,0
KLT-019047,SUP-074,WH-02,0
KLT-019048,SUP-065,WH-01,0
KLT-019049,SUP-136,Supplier,0
KLT-019050,SUP-069,WH-02,0
KLT-019051,SUP-004,Supplier,0
KLT-019052,SUP-103,WH-02,0
KLT-019053,SUP-111,Supplier,0
KLT-019054,SUP-003,Supplier,0
KLT-019055,SUP-010,WH-01,0
KLT-019056,SUP-068,WH-01,0
KLT-019057,SUP-046,WH-02,0
KLT-019058,SUP-070,WH-02,0
KLT-019059,SUP-125,Carrier,0
KLT-019060,SUP-022,Carrier,0
KLT-019061,SUP-054,Carrier,0
KLT-019062,SUP-180,WH-01,0
KLT-019063,SUP-169,WH-02,0
KLT-019064,SUP-142,WH-01,0
KLT-019065,SUP-066,Supplier,0
KLT-019066,SUP-096,Carrier,0
KLT-019067,SUP-131,WH-01,0
KLT-019068,SUP-115,Carrier,0
KLT-019069,SUP-081,Carrier,0
KLT-019070,SUP-105,Carrier,0
KLT-019071,SUP-180,Supplier,0
KLT-019072,SUP-080,Supplier,0
KLT-019073,SUP-166,WH-02,0
KLT-019074,SUP-084,WH-01,0
KLT-019075,SUP-164,WH-02,0
KLT-019076,SUP-012,Carrier,0
KLT-019077,SUP-081,Supplier,0
KLT-019078,SUP-112,WH-02,0
KLT-019079,SUP-107,Supplier,0
KLT-019080,SUP-080,WH-01,0
KLT-019081,SUP-150,WH-01,0
KLT-019082,SUP-135,WH-02,0
KLT-019083,SUP-065,WH-01,0
KLT-019084,SUP-103,Supplier,0
KLT-019085,SUP-172,Carrier,0
KLT-019086,SUP-075,WH-01,0
KLT-019087,SUP-022,Carrier,0
KLT-019088,SUP-144,Carrier,0
KLT-019089,SUP-129,WH-02,0
KLT-019090,SUP-050,WH-02,0
KLT-019091,SUP-165,Carrier,0
KLT-019092,SUP-183,WH-01,0
KLT-019093,SUP-147,WH-02,0
KLT-019094,SUP-034,WH-02,0
KLT-019095,SUP-171,Supplier,0
KLT-019096,SUP-179,WH-02,0
KLT-019097,SUP-083,Carrier,0
KLT-019098,SUP-032,Carrier,0
KLT-019099,SUP-152,Carrier,0
KLT-019100,SUP-158,WH-02,0
KLT-019101,SUP-071,Carrier,0
KLT-019102,SUP-185,Carrier,0
KLT-019103,SUP-094,WH-01,0
KLT-019104,SUP-151,Carrier,0
KLT-019105,SUP-167,Supplier,0
KLT-019106,SUP-027,WH-02,0
KLT-019107,SUP-077,Supplier,0
KLT-019108,SUP-028,WH-02,0
KLT-019109,SUP-092,Carrier,0
KLT-019110,SUP-128,WH-02,0
KLT-019111,SUP-098,WH-01,0
KLT-019112,SUP-188,Carrier,0
KLT-019113,SUP-013,WH-02,0
KLT-019114,SUP-128,WH-02,0
KLT-019115,SUP-106,Carrier,0
KLT-019116,SUP-091,WH-01,0
KLT-019117,SUP-172,WH-01,0
KLT-019118,SUP-085,Carrier,0
KLT-019119,SUP-081,Carrier,0
KLT-019120,SUP-066,WH-01,0
KLT-019121,SUP-003,WH-02,0
KLT-019122,SUP-077,Supplier,0
KLT-019123,SUP-198,Supplier,0
KLT-019124,SUP-144,WH-02,0
KLT-019125,SUP-063,WH-02,0
KLT-019126,SUP-019,WH-01,0
KLT-019127,SUP-173,WH-02,0
KLT-019128,SUP-177,WH-02,0
KLT-019129,SUP-112,WH-01,0
KLT-019130,SUP-127,Supplier,0
KLT-019131,SUP-090,Carrier,0
KLT-019132,SUP-200,Carrier,0
KLT-019133,SUP-058,WH-02,0
KLT-019134,SUP-005,WH-01,0
KLT-019135,SUP-160,Supplier,0
KLT-019136,SUP-148,Carrier,0
KLT-019137,SUP-174,WH-02,0
KLT-019138,SUP-090,Carrier,0
KLT-019139,SUP-170,Carrier,0
KLT-019140,SUP-028,Carrier,0
KLT-019141,SUP-070,WH-01,0
KLT-019142,SUP-192,Carrier,0
KLT-019143,SUP-030,Carrier,0
KLT-019144,SUP-035,Supplier,0
KLT-019145,SUP-088,WH-02,0
KLT-019146,SUP-186,Carrier,0
KLT-019147,SUP-111,WH-01,0
KLT-019148,SUP-116,Carrier,0
KLT-019149,SUP-098,WH-02,0
KLT-019150,SUP-160,Carrier,0
KLT-019151,SUP-135,WH-02,0
KLT-019152,SUP-200,Carrier,0
KLT-019153,SUP-171,Carrier,0
KLT-019154,SUP-114,WH-02,0
KLT-019155,SUP-174,WH-02,0
KLT-019156,SUP-153,WH-02,0
KLT-019157,SUP-039,WH-01,0
KLT-019158,SUP-124,WH-02,0
KLT-019159,SUP-151,WH-02,0
KLT-019160,SUP-124,WH-02,0
KLT-019161,SUP-008,WH-02,0
KLT-019162,SUP-072,WH-01,0
KLT-019163,SUP-194,Supplier,0
KLT-019164,SUP-171,Supplier,0
KLT-019165,SUP-166,Supplier,0
KLT-019166,SUP-063,Supplier,0
KLT-019167,SUP-166,Carrier,0
KLT-019168,SUP-093,Carrier,0
KLT-019169,SUP-178,WH-01,0
KLT-019170,SUP-173,Supplier,0
KLT-019171,SUP-027,WH-02,0
KLT-019172,SUP-195,WH-02,0
KLT-019173,SUP-148,WH-02,0
KLT-019174,SUP-157,Carrier,0
KLT-019175,SUP-045,Supplier,0
KLT-019176,SUP-041,WH-02,0
KLT-019177,SUP-137,Supplier,0
KLT-019178,SUP-138,Supplier,0
KLT-019179,SUP-022,Supplier,0
KLT-019180,SUP-184,Carrier,0
KLT-019181,SUP-040,Supplier,0
KLT-019182,SUP-027,WH-01,0
KLT-019183,SUP-115,Carrier,0
KLT-019184,SUP-157,Supplier,0
KLT-019185,SUP-018,Carrier,0
KLT-019186,SUP-091,WH-01,0
KLT-019187,SUP-129,WH-01,0
KLT-019188,SUP-107,WH-02,0
KLT-019189,SUP-078,Supplier,0
KLT-019190,SUP-003,Supplier,0
KLT-019191,SUP-008,WH-02,0
KLT-019192,SUP-005,Carrier,0
KLT-019193,SUP-062,WH-02,0
KLT-019194,SUP-055,Supplier,0
KLT-019195,SUP-028,Supplier,0
KLT-019196,SUP-180,Supplier,0
KLT-019197,SUP-154,WH-02,0
KLT-019198,SUP-169,WH-02,0
KLT-019199,SUP-001,Supplier,0
KLT-019200,SUP-068,WH-01,0
KLT-019201,SUP-172,Carrier,0
KLT-019202,SUP-136,Supplier,0
KLT-019203,SUP-142,Supplier,0
KLT-019204,SUP-118,Carrier,0
KLT-019205,SUP-170,Supplier,0
KLT-019206,SUP-070,Carrier,0
KLT-019207,SUP-158,Carrier,0
KLT-019208,SUP-126,WH-01,0
KLT-019209,SUP-115,WH-02,0
KLT-019210,SUP-100,Supplier,0
KLT-019211,SUP-180,WH-02,0
KLT-019212,SUP-141,Supplier,0
KLT-019213,SUP-054,WH-02,0
KLT-019214,SUP-115,Supplier,0
KLT-019215,SUP-070,Supplier,0
KLT-019216,SUP-175,WH-02,0
KLT-019217,SUP-125,Supplier,0
KLT-019218,SUP-190,WH-02,0
KLT-019219,SUP-169,Supplier,0
KLT-019220,SUP-169,WH-01,0
KLT-019221,SUP-095,WH-02,0
KLT-019222,SUP-190,WH-02,0
KLT-019223,SUP-037,WH-01,0
KLT-019224,SUP-087,Carrier,0
KLT-019225,SUP-061,Supplier,0
KLT-019226,SUP-180,Supplier,0
KLT-019227,SUP-064,WH-01,0
KLT-019228,SUP-047,WH-01,0
KLT-019229,SUP-180,WH-02,0
KLT-019230,SUP-179,Supplier,0
KLT-019231,SUP-195,WH-01,0
KLT-019232,SUP-171,WH-01,0
KLT-019233,SUP-039,Carrier,0
KLT-019234,SUP-147,Supplier,0
KLT-019235,SUP-064,WH-01,0
KLT-019236,SUP-130,WH-02,0
KLT-019237,SUP-089,Carrier,0
KLT-019238,SUP-119,WH-02,0
KLT-019239,SUP-094,Carrier,0
KLT-019240,SUP-057,Carrier,0
KLT-019241,SUP-065,Supplier,0
KLT-019242,SUP-081,Carrier,0
KLT-019243,SUP-127,Supplier,0
KLT-019244,SUP-085,Supplier,0
KLT-019245,SUP-026,Supplier,0
KLT-019246,SUP-042,WH-01,0
KLT-019247,SUP-166,Carrier,0
KLT-019248,SUP-189,Carrier,0
KLT-019249,SUP-120,WH-02,0
KLT-019250,SUP-071,WH-01,0
KLT-019251,SUP-193,WH-01,0
KLT-019252,SUP-168,WH-02,0
KLT-019253,SUP-160,WH-02,0
KLT-019254,SUP-038,WH-01,0
KLT-019255,SUP-110,Supplier,0
KLT-019256,SUP-139,WH-02,0
KLT-019257,SUP-107,WH-02,0
KLT-019258,SUP-056,WH-02,0
KLT-019259,SUP-142,WH-01,0
KLT-019260,SUP-156,WH-02,0
KLT-019261,SUP-009,WH-01,0
KLT-019262,SUP-065,Supplier,0
KLT-019263,SUP-164,WH-01,0
KLT-019264,SUP-131,WH-01,0
KLT-019265,SUP-076,Supplier,0
KLT-019266,SUP-181,WH-01,0
KLT-019267,SUP-178,WH-01,0
KLT-019268,SUP-100,WH-02,0
KLT-019269,SUP-193,WH-02,0
KLT-019270,SUP-002,Supplier,0
KLT-019271,SUP-140,Carrier,0
KLT-019272,SUP-131,WH-01,0
KLT-019273,SUP-112,Supplier,0
KLT-019274,SUP-053,Supplier,0
KLT-019275,SUP-007,Carrier,0
KLT-019276,SUP-023,WH-01,0
KLT-019277,SUP-138,Carrier,0
KLT-019278,SUP-025,WH-01,0
KLT-019279,SUP-064,WH-01,0
KLT-019280,SUP-183,WH-02,0
KLT-019281,SUP-047,Carrier,0
KLT-019282,SUP-199,WH-01,0
KLT-019283,SUP-164,WH-02,0
KLT-019284,SUP-137,Carrier,0
KLT-019285,SUP-090,WH-02,0
KLT-019286,SUP-144,WH-01,0
KLT-019287,SUP-101,Supplier,0
KLT-019288,SUP-134,Supplier,0
KLT-019289,SUP-179,Supplier,0
KLT-019290,SUP-098,Supplier,0
KLT-019291,SUP-087,Carrier,0
KLT-019292,SUP-187,Carrier,0
KLT-019293,SUP-162,WH-02,0
KLT-019294,SUP-095,WH-02,0
KLT-019295,SUP-097,Carrier,0
KLT-019296,SUP-191,WH-01,0
KLT-019297,SUP-093,Carrier,0
KLT-019298,SUP-044,WH-01,0
KLT-019299,SUP-051,Supplier,0
KLT-019300,SUP-008,Carrier,0
KLT-019301,SUP-077,Carrier,0
KLT-019302,SUP-178,Supplier,0
KLT-019303,SUP-135,WH-02,0
KLT-019304,SUP-097,WH-01,0
KLT-019305,SUP-138,WH-01,0
KLT-019306,SUP-169,Supplier,0
KLT-019307,SUP-188,Carrier,0
KLT-019308,SUP-084,Supplier,0
KLT-019309,SUP-005,WH-01,0
KLT-019310,SUP-034,WH-02,0
KLT-019311,SUP-066,WH-01,0
KLT-019312,SUP-157,Supplier,0
KLT-019313,SUP-016,WH-02,0
KLT-019314,SUP-071,WH-01,0
KLT-019315,SUP-075,Carrier,0
KLT-019316,SUP-122,WH-02,0
KLT-019317,SUP-191,WH-02,0
KLT-019318,SUP-122,WH-01,0
KLT-019319,SUP-155,Carrier,0
KLT-019320,SUP-119,WH-02,0
KLT-019321,SUP-085,Carrier,0
KLT-019322,SUP-113,Supplier,0
KLT-019323,SUP-118,Carrier,0
KLT-019324,SUP-070,Supplier,0
KLT-019325,SUP-107,Supplier,0
KLT-019326,SUP-191,Supplier,0
KLT-019327,SUP-045,Carrier,0
KLT-019328,SUP-053,Carrier,0
KLT-019329,SUP-023,WH-02,0
KLT-019330,SUP-030,Supplier,0
KLT-019331,SUP-178,Carrier,0
KLT-019332,SUP-111,WH-01,0
KLT-019333,SUP-109,Supplier,0
KLT-019334,SUP-172,Supplier,0
KLT-019335,SUP-161,WH-02,0
KLT-019336,SUP-106,WH-02,0
KLT-019337,SUP-189,WH-01,0
KLT-019338,SUP-145,WH-01,0
KLT-019339,SUP-136,WH-01,0
KLT-019340,SUP-115,Supplier,0
KLT-019341,SUP-041,Carrier,0
KLT-019342,SUP-125,Supplier,0
KLT-019343,SUP-118,WH-01,0
KLT-019344,SUP-141,Carrier,0
KLT-019345,SUP-021,Supplier,0
KLT-019346,SUP-154,WH-02,0
KLT-019347,SUP-142,WH-02,0
KLT-019348,SUP-194,Carrier,0
KLT-019349,SUP-031,Supplier,0
KLT-019350,SUP-173,WH-02,0
KLT-019351,SUP-125,Supplier,0
KLT-019352,SUP-117,Carrier,0
KLT-019353,SUP-084,WH-02,0
KLT-019354,SUP-026,WH-01,0
KLT-019355,SUP-054,Supplier,0
KLT-019356,SUP-008,Supplier,0
KLT-019357,SUP-108,WH-02,0
KLT-019358,SUP-176,Supplier,0
KLT-019359,SUP-161,WH-02,0
KLT-019360,SUP-136,Supplier,0
KLT-019361,SUP-200,Carrier,0
KLT-019362,SUP-166,Supplier,0
KLT-019363,SUP-163,WH-01,0
KLT-019364,SUP-191,WH-02,0
KLT-019365,SUP-099,Carrier,0
KLT-019366,SUP-086,Carrier,0
KLT-019367,SUP-127,Carrier,0
KLT-019368,SUP-120,Carrier,0
KLT-019369,SUP-020,Carrier,0
KLT-019370,SUP-075,WH-02,0
KLT-019371,SUP-158,Supplier,0
KLT-019372,SUP-065,WH-02,0
KLT-019373,SUP-035,WH-01,0
KLT-019374,SUP-045,WH-02,0
KLT-019375,SUP-080,Carrier,0
KLT-019376,SUP-066,WH-02,0
KLT-019377,SUP-042,Carrier,0
KLT-019378,SUP-146,Supplier,0
KLT-019379,SUP-172,Carrier,0
KLT-019380,SUP-056,WH-01,0
KLT-019381,SUP-080,WH-01,0
KLT-019382,SUP-012,Carrier,0
KLT-019383,SUP-147,WH-02,0
KLT-019384,SUP-059,Supplier,0
KLT-019385,SUP-049,WH-01,0
KLT-019386,SUP-071,WH-01,0
KLT-019387,SUP-176,WH-01,0
KLT-019388,SUP-045,Supplier,0
KLT-019389,SUP-025,WH-01,0
KLT-019390,SUP-162,WH-02,0
KLT-019391,SUP-193,WH-01,0
KLT-019392,SUP-012,WH-02,0
KLT-019393,SUP-067,WH-02,0
KLT-019394,SUP-152,WH-02,0
KLT-019395,SUP-189,WH-02,0
KLT-019396,SUP-040,Supplier,0
KLT-019397,SUP-106,WH-01,0
KLT-019398,SUP-116,Carrier,0
KLT-019399,SUP-096,WH-02,0
KLT-019400,SUP-068,Carrier,0
KLT-019401,SUP-041,Carrier,0
KLT-019402,SUP-087,WH-02,0
KLT-019403,SUP-075,WH-01,0
KLT-019404,SUP-172,Supplier,0
KLT-019405,SUP-030,Carrier,0
KLT-019406,SUP-196,WH-01,0
KLT-019407,SUP-092,WH-02,0
KLT-019408,SUP-034,WH-01,0
KLT-019409,SUP-004,WH-01,0
KLT-019410,SUP-150,Supplier,0
KLT-019411,SUP-102,WH-02,0
KLT-019412,SUP-175,Carrier,0
KLT-019413,SUP-177,Carrier,0
KLT-019414,SUP-119,Supplier,0
KLT-019415,SUP-107,Carrier,0
KLT-019416,SUP-180,Supplier,0
KLT-019417,SUP-066,Supplier,0
KLT-019418,SUP-015,WH-02,0
KLT-019419,SUP-097,WH-01,0
KLT-019420,SUP-147,Carrier,0
KLT-019421,SUP-173,Supplier,0
KLT-019422,SUP-138,Supplier,0
KLT-019423,SUP-113,WH-01,0
KLT-019424,SUP-178,WH-02,0
KLT-019425,SUP-100,WH-01,0
KLT-019426,SUP-122,Carrier,0
KLT-019427,SUP-077,Carrier,0
KLT-019428,SUP-192,Supplier,0
KLT-019429,SUP-134,WH-02,0
KLT-019430,SUP-125,Carrier,0
KLT-019431,SUP-020,WH-02,0
KLT-019432,SUP-130,WH-01,0
KLT-019433,SUP-153,Carrier,0
KLT-019434,SUP-015,Carrier,0
KLT-019435,SUP-176,Supplier,0
KLT-019436,SUP-187,WH-02,0
KLT-019437,SUP-103,Carrier,0
KLT-019438,SUP-038,Carrier,0
KLT-019439,SUP-030,Supplier,0
KLT-019440,SUP-186,Carrier,0
KLT-019441,SUP-120,WH-01,0
KLT-019442,SUP-144,WH-01,0
KLT-019443,SUP-158,WH-02,0
KLT-019444,SUP-128,WH-01,0
KLT-019445,SUP-025,WH-01,0
KLT-019446,SUP-077,WH-01,0
KLT-019447,SUP-162,WH-02,0
KLT-019448,SUP-123,Supplier,0
KLT-019449,SUP-019,WH-01,0
KLT-019450,SUP-130,WH-01,0
KLT-019451,SUP-153,WH-01,0
KLT-019452,SUP-197,WH-01,0
KLT-019453,SUP-049,WH-01,0
KLT-019454,SUP-152,Supplier,0
KLT-019455,SUP-111,WH-01,0
KLT-019456,SUP-187,Carrier,0
KLT-019457,SUP-044,WH-02,0
KLT-019458,SUP-004,Carrier,0
KLT-019459,SUP-019,WH-02,0
KLT-019460,SUP-180,Carrier,0
KLT-019461,SUP-199,WH-02,0
KLT-019462,SUP-076,WH-02,0
KLT-019463,SUP-030,WH-02,0
KLT-019464,SUP-108,Supplier,0
KLT-019465,SUP-068,Supplier,0
KLT-019466,SUP-152,Carrier,0
KLT-019467,SUP-081,WH-01,0
KLT-019468,SUP-150,Carrier,0
KLT-019469,SUP-025,WH-02,0
KLT-019470,SUP-006,Carrier,0
KLT-019471,SUP-072,WH-02,0
KLT-019472,SUP-100,Carrier,0
KLT-019473,SUP-150,WH-02,0
KLT-019474,SUP-054,WH-01,0
KLT-019475,SUP-078,Supplier,0
KLT-019476,SUP-003,WH-01,0
KLT-019477,SUP-124,WH-02,0
KLT-019478,SUP-192,Supplier,0
KLT-019479,SUP-093,Supplier,0
KLT-019480,SUP-152,WH-02,0
KLT-019481,SUP-008,WH-02,0
KLT-019482,SUP-063,WH-02,0
KLT-019483,SUP-075,WH-01,0
KLT-019484,SUP-179,Supplier,0
KLT-019485,SUP-026,Supplier,0
KLT-019486,SUP-018,Carrier,0
KLT-019487,SUP-004,Carrier,0
KLT-019488,SUP-098,Supplier,0
KLT-019489,SUP-120,WH-02,0
KLT-019490,SUP-150,WH-01,0
KLT-019491,SUP-142,Carrier,0
KLT-019492,SUP-037,Supplier,0
KLT-019493,SUP-098,WH-02,0
KLT-019494,SUP-039,Carrier,0
KLT-019495,SUP-017,WH-01,0
KLT-019496,SUP-085,Supplier,0
KLT-019497,SUP-176,Supplier,0
KLT-019498,SUP-122,WH-01,0
KLT-019499,SUP-069,Carrier,0
KLT-019500,SUP-165,WH-02,0
KLT-019501,SUP-170,Carrier,0
KLT-019502,SUP-190,WH-01,0
KLT-019503,SUP-044,Supplier,0
KLT-019504,SUP-098,WH-02,0
KLT-019505,SUP-176,Supplier,0
KLT-019506,SUP-155,Supplier,0
KLT-019507,SUP-018,Supplier,0
KLT-019508,SUP-131,Carrier,0
KLT-019509,SUP-071,WH-02,0
KLT-019510,SUP-001,WH-02,0
KLT-019511,SUP-170,Supplier,0
KLT-019512,SUP-148,Supplier,0
KLT-019513,SUP-159,Carrier,0
KLT-019514,SUP-021,Carrier,0
KLT-019515,SUP-151,Carrier,0
KLT-019516,SUP-107,WH-02,0
KLT-019517,SUP-162,WH-01,0
KLT-019518,SUP-018,Supplier,0
KLT-019519,SUP-059,WH-02,0
KLT-019520,SUP-192,WH-01,0
KLT-019521,SUP-166,Supplier,0
KLT-019522,SUP-135,Supplier,0
KLT-019523,SUP-030,Supplier,0
KLT-019524,SUP-068,WH-02,0
KLT-019525,SUP-121,Supplier,0
KLT-019526,SUP-097,Carrier,0
KLT-019527,SUP-174,Carrier,0
KLT-019528,SUP-016,Carrier,0
KLT-019529,SUP-096,WH-01,0
KLT-019530,SUP-199,WH-02,0
KLT-019531,SUP-034,Carrier,0
KLT-019532,SUP-199,WH-01,0
KLT-019533,SUP-200,Carrier,0
KLT-019534,SUP-163,Carrier,0
KLT-019535,SUP-085,Carrier,0
KLT-019536,SUP-122,Carrier,0
KLT-019537,SUP-113,WH-01,0
KLT-019538,SUP-009,WH-01,0
KLT-019539,SUP-077,WH-02,0
KLT-019540,SUP-179,Supplier,0
KLT-019541,SUP-187,Carrier,0
KLT-019542,SUP-139,Supplier,0
KLT-019543,SUP-068,WH-01,0
KLT-019544,SUP-112,Supplier,0
KLT-019545,SUP-102,WH-02,0
KLT-019546,SUP-186,Carrier,0
KLT-019547,SUP-097,WH-02,0
KLT-019548,SUP-061,Supplier,0
KLT-019549,SUP-076,Supplier,0
KLT-019550,SUP-181,WH-02,0
KLT-019551,SUP-198,Carrier,0
KLT-019552,SUP-119,WH-01,0
KLT-019553,SUP-111,Carrier,0
KLT-019554,SUP-031,Carrier,0
KLT-019555,SUP-057,Supplier,0
KLT-019556,SUP-056,Carrier,0
KLT-019557,SUP-191,WH-02,0
KLT-019558,SUP-161,Supplier,0
KLT-019559,SUP-060,WH-01,0
KLT-019560,SUP-086,WH-02,0
KLT-019561,SUP-148,WH-01,0
KLT-019562,SUP-082,Carrier,0
KLT-019563,SUP-088,Supplier,0
KLT-019564,SUP-052,WH-02,0
KLT-019565,SUP-004,WH-02,0
KLT-019566,SUP-188,Supplier,0
KLT-019567,SUP-135,Supplier,0
KLT-019568,SUP-162,WH-02,0
KLT-019569,SUP-025,WH-01,0
KLT-019570,SUP-192,WH-02,0
KLT-019571,SUP-046,Supplier,0
KLT-019572,SUP-120,Carrier,0
KLT-019573,SUP-143,WH-01,0
KLT-019574,SUP-047,Supplier,0
KLT-019575,SUP-023,Supplier,0
KLT-019576,SUP-043,Supplier,0
KLT-019577,SUP-151,WH-01,0
KLT-019578,SUP-107,WH-02,0
KLT-019579,SUP-120,WH-02,0
KLT-019580,SUP-087,Carrier,0
KLT-019581,SUP-031,WH-02,0
KLT-019582,SUP-077,Supplier,0
KLT-019583,SUP-044,Carrier,0
KLT-019584,SUP-155,Carrier,0
KLT-019585,SUP-115,WH-02,0
KLT-019586,SUP-099,Supplier,0
KLT-019587,SUP-145,Carrier,0
KLT-019588,SUP-173,Carrier,0
KLT-019589,SUP-057,Supplier,0
KLT-019590,SUP-144,Carrier,0
KLT-019591,SUP-018,Carrier,0
KLT-019592,SUP-197,Carrier,0
KLT-019593,SUP-068,WH-01,0
KLT-019594,SUP-149,WH-02,0
KLT-019595,SUP-008,WH-01,0
KLT-019596,SUP-071,Supplier,0
KLT-019597,SUP-149,Carrier,0
KLT-019598,SUP-002,Carrier,0
KLT-019599,SUP-191,WH-01,0
KLT-019600,SUP-181,Supplier,0
KLT-019601,SUP-152,WH-01,0
KLT-019602,SUP-044,WH-01,0
KLT-019603,SUP-055,Carrier,0
KLT-019604,SUP-135,WH-02,0
KLT-019605,SUP-199,Carrier,0
KLT-019606,SUP-082,WH-01,0
KLT-019607,SUP-104,WH-01,0
KLT-019608,SUP-143,WH-02,0
KLT-019609,SUP-178,Supplier,0
KLT-019610,SUP-021,WH-01,0
KLT-019611,SUP-055,Supplier,0
KLT-019612,SUP-037,Carrier,0
KLT-019613,SUP-099,WH-02,0
KLT-019614,SUP-019,Supplier,0
KLT-019615,SUP-065,WH-02,0
KLT-019616,SUP-088,Supplier,0
KLT-019617,SUP-189,Carrier,0
KLT-019618,SUP-154,Supplier,0
KLT-019619,SUP-091,WH-01,0
KLT-019620,SUP-112,Supplier,0
KLT-019621,SUP-076,Supplier,0
KLT-019622,SUP-077,Carrier,0
KLT-019623,SUP-170,WH-02,0
KLT-019624,SUP-007,Supplier,0
KLT-019625,SUP-039,WH-02,0
KLT-019626,SUP-178,Supplier,0
KLT-019627,SUP-009,WH-02,0
KLT-019628,SUP-045,Supplier,0
KLT-019629,SUP-081,WH-01,0
KLT-019630,SUP-187,WH-02,0
KLT-019631,SUP-085,WH-02,0
KLT-019632,SUP-102,Supplier,0
KLT-019633,SUP-129,WH-02,0
KLT-019634,SUP-079,WH-02,0
KLT-019635,SUP-179,Supplier,0
KLT-019636,SUP-101,Supplier,0
KLT-019637,SUP-108,Supplier,0
KLT-019638,SUP-142,Carrier,0
KLT-019639,SUP-194,WH-02,0
KLT-019640,SUP-157,Supplier,0
KLT-019641,SUP-113,Carrier,0
KLT-019642,SUP-111,WH-01,0
KLT-019643,SUP-023,WH-01,0
KLT-019644,SUP-065,Supplier,0
KLT-019645,SUP-135,Supplier,0
KLT-019646,SUP-049,Supplier,0
KLT-019647,SUP-118,Supplier,0
KLT-019648,SUP-160,WH-01,0
KLT-019649,SUP-090,Carrier,0
KLT-019650,SUP-194,Carrier,0
KLT-019651,SUP-052,WH-02,0
KLT-019652,SUP-004,Carrier,0
KLT-019653,SUP-056,WH-02,0
KLT-019654,SUP-178,Carrier,0
KLT-019655,SUP-121,Supplier,0
KLT-019656,SUP-169,Supplier,0
KLT-019657,SUP-047,Carrier,0
KLT-019658,SUP-140,WH-02,0
KLT-019659,SUP-043,Supplier,0
KLT-019660,SUP-096,WH-01,0
KLT-019661,SUP-137,Supplier,0
KLT-019662,SUP-003,Carrier,0
KLT-019663,SUP-075,Supplier,0
KLT-019664,SUP-121,WH-02,0
KLT-019665,SUP-011,WH-02,0
KLT-019666,SUP-112,WH-02,0
KLT-019667,SUP-157,WH-01,0
KLT-019668,SUP-072,Supplier,0
KLT-019669,SUP-039,Supplier,0
KLT-019670,SUP-102,Supplier,0
KLT-019671,SUP-146,Carrier,0
KLT-019672,SUP-168,Supplier,0
KLT-019673,SUP-045,WH-02,0
KLT-019674,SUP-011,Carrier,0
KLT-019675,SUP-069,WH-01,0
KLT-019676,SUP-103,Supplier,0
KLT-019677,SUP-069,WH-02,0
KLT-019678,SUP-105,Supplier,0
KLT-019679,SUP-178,Carrier,0
KLT-019680,SUP-183,Carrier,0
KLT-019681,SUP-054,WH-02,0
KLT-019682,SUP-071,Carrier,0
KLT-019683,SUP-149,WH-02,0
KLT-019684,SUP-148,Supplier,0
KLT-019685,SUP-016,WH-01,0
KLT-019686,SUP-165,WH-02,0
KLT-019687,SUP-162,Supplier,0
KLT-019688,SUP-189,WH-02,0
KLT-019689,SUP-023,WH-01,0
KLT-019690,SUP-128,WH-01,0
KLT-019691,SUP-089,WH-01,0
KLT-019692,SUP-103,WH-02,0
KLT-019693,SUP-163,Carrier,0
KLT-019694,SUP-186,Carrier,0
KLT-019695,SUP-167,WH-02,0
KLT-019696,SUP-056,Carrier,0
KLT-019697,SUP-009,Supplier,0
KLT-019698,SUP-178,WH-02,0
KLT-019699,SUP-031,Carrier,0
KLT-019700,SUP-010,Supplier,0
KLT-019701,SUP-143,WH-02,0
KLT-019702,SUP-091,WH-02,0
KLT-019703,SUP-024,Supplier,0
KLT-019704,SUP-091,WH-02,0
KLT-019705,SUP-123,WH-02,0
KLT-019706,SUP-105,Supplier,0
KLT-019707,SUP-119,WH-01,0
KLT-019708,SUP-066,Supplier,0
KLT-019709,SUP-048,WH-02,0
KLT-019710,SUP-115,WH-01,0
KLT-019711,SUP-166,Supplier,0
KLT-019712,SUP-071,Carrier,0
KLT-019713,SUP-057,Carrier,0
KLT-019714,SUP-173,WH-01,0
KLT-019715,SUP-058,WH-01,0
KLT-019716,SUP-066,WH-01,0
KLT-019717,SUP-031,Carrier,0
KLT-019718,SUP-144,Carrier,0
KLT-019719,SUP-145,WH-02,0
KLT-019720,SUP-049,Supplier,0
KLT-019721,SUP-013,WH-02,0
KLT-019722,SUP-134,Supplier,0
KLT-019723,SUP-174,Supplier,0
KLT-019724,SUP-156,Carrier,0
KLT-019725,SUP-014,Carrier,0
KLT-019726,SUP-106,WH-01,0
KLT-019727,SUP-159,WH-02,0
KLT-019728,SUP-156,Supplier,0
KLT-019729,SUP-140,Carrier,0
KLT-019730,SUP-112,Carrier,0
KLT-019731,SUP-030,Supplier,0
KLT-019732,SUP-163,WH-01,0
KLT-019733,SUP-126,Supplier,0
KLT-019734,SUP-200,Carrier,0
KLT-019735,SUP-153,WH-02,0
KLT-019736,SUP-160,Carrier,0
KLT-019737,SUP-150,WH-02,0
KLT-019738,SUP-113,WH-01,0
KLT-019739,SUP-159,Supplier,0
KLT-019740,SUP-136,Carrier,0
KLT-019741,SUP-132,Supplier,0
KLT-019742,SUP-146,WH-02,0
KLT-019743,SUP-051,Carrier,0
KLT-019744,SUP-066,WH-02,0
KLT-019745,SUP-082,WH-01,0
KLT-019746,SUP-065,Supplier,0
KLT-019747,SUP-144,WH-01,0
KLT-019748,SUP-155,WH-01,0
KLT-019749,SUP-086,Supplier,0
KLT-019750,SUP-148,Carrier,0
KLT-019751,SUP-119,Carrier,0
KLT-019752,SUP-073,WH-02,0
KLT-019753,SUP-086,WH-01,0
KLT-019754,SUP-005,Supplier,0
KLT-019755,SUP-051,WH-02,0
KLT-019756,SUP-194,Supplier,0
KLT-019757,SUP-086,WH-01,0
KLT-019758,SUP-129,Supplier,0
KLT-019759,SUP-058,Carrier,0
KLT-019760,SUP-017,WH-02,0
KLT-019761,SUP-022,Supplier,0
KLT-019762,SUP-018,Supplier,0
KLT-019763,SUP-119,WH-01,0
KLT-019764,SUP-123,WH-02,0
KLT-019765,SUP-093,Carrier,0
KLT-019766,SUP-172,Supplier,0
KLT-019767,SUP-129,Supplier,0
KLT-019768,SUP-147,Supplier,0
KLT-019769,SUP-075,Supplier,0
KLT-019770,SUP-156,Carrier,0
KLT-019771,SUP-182,WH-01,0
KLT-019772,SUP-100,WH-02,0
KLT-019773,SUP-042,Carrier,0
KLT-019774,SUP-112,WH-02,0
KLT-019775,SUP-113,Supplier,0
KLT-019776,SUP-191,WH-02,0
KLT-019777,SUP-190,WH-01,0
KLT-019778,SUP-111,Supplier,0
KLT-019779,SUP-197,Supplier,0
KLT-019780,SUP-083,WH-02,0
KLT-019781,SUP-196,Supplier,0
KLT-019782,SUP-144,WH-01,0
KLT-019783,SUP-111,WH-01,0
KLT-019784,SUP-064,WH-02,0
KLT-019785,SUP-082,Supplier,0
KLT-019786,SUP-175,Supplier,0
KLT-019787,SUP-128,WH-02,0
KLT-019788,SUP-174,WH-02,0
KLT-019789,SUP-085,Supplier,0
KLT-019790,SUP-113,Carrier,0
KLT-019791,SUP-163,WH-02,0
KLT-019792,SUP-090,Carrier,0
KLT-019793,SUP-153,Supplier,0
KLT-019794,SUP-190,WH-02,0
KLT-019795,SUP-079,WH-02,0
KLT-019796,SUP-024,WH-02,0
KLT-019797,SUP-073,WH-02,0
KLT-019798,SUP-157,Carrier,0
KLT-019799,SUP-093,WH-02,0
KLT-019800,SUP-152,Supplier,0
KLT-019801,SUP-002,WH-01,0
KLT-019802,SUP-076,WH-02,0
KLT-019803,SUP-005,Carrier,0
KLT-019804,SUP-084,WH-02,0
KLT-019805,SUP-066,Supplier,0
KLT-019806,SUP-125,WH-01,0
KLT-019807,SUP-140,WH-01,0
KLT-019808,SUP-140,WH-02,0
KLT-019809,SUP-111,WH-01,0
KLT-019810,SUP-039,Supplier,0
KLT-019811,SUP-020,Supplier,0
KLT-019812,SUP-066,Carrier,0
KLT-019813,SUP-083,Carrier,0
KLT-019814,SUP-078,WH-02,0
KLT-019815,SUP-199,WH-01,0
KLT-019816,SUP-170,Supplier,0
KLT-019817,SUP-087,WH-02,0
KLT-019818,SUP-001,Carrier,0
KLT-019819,SUP-150,WH-02,0
KLT-019820,SUP-087,WH-01,0
KLT-019821,SUP-054,WH-01,0
KLT-019822,SUP-040,WH-01,0
KLT-019823,SUP-035,Supplier,0
KLT-019824,SUP-089,WH-02,0
KLT-019825,SUP-172,WH-02,0
KLT-019826,SUP-009,WH-02,0
KLT-019827,SUP-078,Supplier,0
KLT-019828,SUP-001,WH-01,0
KLT-019829,SUP-018,WH-02,0
KLT-019830,SUP-070,WH-02,0
KLT-019831,SUP-100,Carrier,0
KLT-019832,SUP-013,Supplier,0
KLT-019833,SUP-041,Carrier,0
KLT-019834,SUP-022,WH-01,0
KLT-019835,SUP-067,WH-01,0
KLT-019836,SUP-040,Carrier,0
KLT-019837,SUP-117,WH-01,0
KLT-019838,SUP-126,Carrier,0
KLT-019839,SUP-135,WH-01,0
KLT-019840,SUP-117,WH-01,0
KLT-019841,SUP-056,Supplier,0
KLT-019842,SUP-181,WH-02,0
KLT-019843,SUP-158,Carrier,0
KLT-019844,SUP-032,Carrier,0
KLT-019845,SUP-048,WH-02,0
KLT-019846,SUP-098,Carrier,0
KLT-019847,SUP-123,Supplier,0
KLT-019848,SUP-183,WH-02,0
KLT-019849,SUP-101,WH-02,0
KLT-019850,SUP-033,WH-02,0
KLT-019851,SUP-058,WH-02,0
KLT-019852,SUP-030,WH-01,0
KLT-019853,SUP-044,WH-01,0
KLT-019854,SUP-012,Supplier,0
KLT-019855,SUP-004,Carrier,0
KLT-019856,SUP-074,Carrier,0
KLT-019857,SUP-027,Carrier,0
KLT-019858,SUP-118,WH-02,0
KLT-019859,SUP-039,WH-02,0
KLT-019860,SUP-038,WH-02,0
KLT-019861,SUP-175,WH-01,0
KLT-019862,SUP-128,WH-01,0
KLT-019863,SUP-029,WH-01,0
KLT-019864,SUP-066,WH-02,0
KLT-019865,SUP-056,Supplier,0
KLT-019866,SUP-104,WH-01,0
KLT-019867,SUP-062,Supplier,0
KLT-019868,SUP-081,WH-01,0
KLT-019869,SUP-015,Supplier,0
KLT-019870,SUP-007,Carrier,0
KLT-019871,SUP-040,Supplier,0
KLT-019872,SUP-033,WH-01,0
KLT-019873,SUP-012,WH-01,0
KLT-019874,SUP-183,WH-02,0
KLT-019875,SUP-058,WH-02,0
KLT-019876,SUP-034,Supplier,0
KLT-019877,SUP-024,Supplier,0
KLT-019878,SUP-016,WH-01,0
KLT-019879,SUP-055,WH-02,0
KLT-019880,SUP-158,Supplier,0
KLT-019881,SUP-145,Supplier,0
KLT-019882,SUP-019,WH-01,0
KLT-019883,SUP-069,Carrier,0
KLT-019884,SUP-137,WH-02,0
KLT-019885,SUP-030,WH-01,0
KLT-019886,SUP-162,WH-01,0
KLT-019887,SUP-042,WH-01,0
KLT-019888,SUP-066,WH-02,0
KLT-019889,SUP-070,WH-01,0
KLT-019890,SUP-146,Carrier,0
KLT-019891,SUP-072,Carrier,0
KLT-019892,SUP-124,WH-01,0
KLT-019893,SUP-096,WH-02,0
KLT-019894,SUP-145,Supplier,0
KLT-019895,SUP-105,Supplier,0
KLT-019896,SUP-180,Carrier,0
KLT-019897,SUP-073,Supplier,0
KLT-019898,SUP-128,WH-01,0
KLT-019899,SUP-129,Carrier,0
KLT-019900,SUP-048,WH-02,0
KLT-019901,SUP-119,WH-01,0
KLT-019902,SUP-126,Supplier,0
KLT-019903,SUP-030,WH-01,0
KLT-019904,SUP-185,Supplier,0
KLT-019905,SUP-003,WH-01,0
KLT-019906,SUP-050,Supplier,0
KLT-019907,SUP-187,WH-02,0
KLT-019908,SUP-059,WH-01,0
KLT-019909,SUP-008,Supplier,0
KLT-019910,SUP-023,WH-01,0
KLT-019911,SUP-105,Carrier,0
KLT-019912,SUP-178,WH-01,0
KLT-019913,SUP-170,Supplier,0
KLT-019914,SUP-074,WH-02,0
KLT-019915,SUP-119,WH-01,0
KLT-019916,SUP-090,WH-01,0
KLT-019917,SUP-011,WH-02,0
KLT-019918,SUP-116,WH-02,0
KLT-019919,SUP-152,Carrier,0
KLT-019920,SUP-130,Carrier,0
KLT-019921,SUP-080,WH-02,0
KLT-019922,SUP-061,Carrier,0
KLT-019923,SUP-104,Carrier,0
KLT-019924,SUP-141,WH-01,0
KLT-019925,SUP-024,WH-01,0
KLT-019926,SUP-017,WH-01,0
KLT-019927,SUP-049,Supplier,0
KLT-019928,SUP-195,Carrier,0
KLT-019929,SUP-139,WH-01,0
KLT-019930,SUP-165,WH-01,0
KLT-019931,SUP-074,WH-01,0
KLT-019932,SUP-053,WH-01,0
KLT-019933,SUP-052,Supplier,0
KLT-019934,SUP-102,WH-01,0
KLT-019935,SUP-157,Carrier,0
KLT-019936,SUP-144,Carrier,0
KLT-019937,SUP-024,Carrier,0
KLT-019938,SUP-005,WH-02,0
KLT-019939,SUP-163,Supplier,0
KLT-019940,SUP-049,WH-01,0
KLT-019941,SUP-116,Supplier,0
KLT-019942,SUP-052,Supplier,0
KLT-019943,SUP-028,WH-02,0
KLT-019944,SUP-197,WH-02,0
KLT-019945,SUP-180,Carrier,0
KLT-019946,SUP-037,Supplier,0
KLT-019947,SUP-025,WH-01,56
KLT-019948,SUP-064,Carrier,0
KLT-019949,SUP-032,WH-02,0
KLT-019950,SUP-006,Carrier,0
KLT-019951,SUP-100,WH-02,0
KLT-019952,SUP-029,Carrier,0
KLT-019953,SUP-081,WH-01,0
KLT-019954,SUP-071,Supplier,0
KLT-019955,SUP-184,WH-01,0
KLT-019956,SUP-103,Supplier,0
KLT-019957,SUP-130,WH-01,0
KLT-019958,SUP-070,Supplier,0
KLT-019959,SUP-192,WH-01,0
KLT-019960,SUP-017,Supplier,0
KLT-019961,SUP-116,Carrier,0
KLT-019962,SUP-086,Carrier,0
KLT-019963,SUP-096,WH-01,0
KLT-019964,SUP-020,Supplier,0
KLT-019965,SUP-091,WH-01,0
KLT-019966,SUP-085,WH-01,0
KLT-019967,SUP-019,Carrier,0
KLT-019968,SUP-045,WH-01,0
KLT-019969,SUP-186,Supplier,0
KLT-019970,SUP-199,WH-02,0
KLT-019971,SUP-140,WH-01,0
KLT-019972,SUP-182,Carrier,0
KLT-019973,SUP-047,WH-01,0
KLT-019974,SUP-056,WH-02,0
KLT-019975,SUP-011,WH-01,0
KLT-019976,SUP-052,Supplier,0
KLT-019977,SUP-149,WH-01,0
KLT-019978,SUP-007,WH-01,0
KLT-019979,SUP-079,WH-01,0
KLT-019980,SUP-168,Supplier,0
KLT-019981,SUP-112,WH-02,0
KLT-019982,SUP-123,WH-01,0
KLT-019983,SUP-174,WH-01,0
KLT-019984,SUP-159,WH-01,0
KLT-019985,SUP-179,WH-01,0
KLT-019986,SUP-099,WH-02,0
KLT-019987,SUP-103,WH-01,0
KLT-019988,SUP-199,WH-02,0
KLT-019989,SUP-001,Supplier,0
KLT-019990,SUP-135,WH-02,0
KLT-019991,SUP-031,WH-01,0
KLT-019992,SUP-069,Supplier,0
KLT-019993,SUP-092,WH-02,0
KLT-019994,SUP-200,Supplier,0
KLT-019995,SUP-069,WH-02,0
KLT-019996,SUP-116,WH-01,0
KLT-019997,SUP-130,WH-01,0
KLT-019998,SUP-066,Carrier,0
KLT-019999,SUP-100,WH-02,0
KLT-020000,SUP-057,WH-02,0
