id,supplier,sku,expected_qty,received_qty,expected_date,warehouse,quality_status
PO-000001,SUP-013,PO-2732-2372,616,615,2026-07-20,WH-01,accepted
PO-000002,SUP-121,IN-8343-2622,475,801,2026-07-06,WH-02,partial
PO-000003,SUP-114,EL-2098-3564,389,80,2026-07-20,WH-01,pending
PO-000004,SUP-174,EL-8203-1028,799,746,2026-08-06,WH-01,partial
PO-000005,SUP-121,EL-3570-3115,631,266,2026-07-15,WH-02,partial
PO-000006,SUP-123,CH-2974-4127,753,379,2026-07-31,WH-02,pending
PO-000007,SUP-013,EL-5714-4139,341,935,2026-07-26,WH-02,partial
PO-000008,SUP-198,FL-3912-424,530,802,2026-07-16,WH-02,partial
PO-000009,SUP-159,PO-5602-312,435,146,2026-07-25,WH-01,accepted
PO-000010,SUP-038,PO-3606-4697,501,173,2026-07-24,WH-01,accepted
PO-000011,SUP-057,FL-8001-2974,533,787,2026-08-03,WH-02,accepted
PO-000012,SUP-094,CH-8226-002,739,792,2026-07-13,WH-02,accepted
PO-000013,SUP-176,PO-1274-4178,71,884,2026-08-04,WH-02,accepted
PO-000014,SUP-043,PO-3418-2013,867,194,2026-07-07,WH-02,partial
PO-000015,SUP-052,EL-1852-3018,622,246,2026-07-07,WH-02,partial
PO-000016,SUP-072,CH-1509-2044,680,513,2026-07-12,WH-01,pending
PO-000017,SUP-109,IN-4977-1955,507,554,2026-08-03,WH-02,partial
PO-000018,SUP-075,PO-7313-730,599,760,2026-07-08,WH-01,accepted
PO-000019,SUP-173,CH-1270-346,994,526,2026-07-21,WH-02,accepted
PO-000020,SUP-005,PO-2386-3813,732,585,2026-07-30,WH-02,partial
PO-000021,SUP-052,CH-2777-1909,824,910,2026-07-13,WH-01,partial
PO-000022,SUP-160,EL-3003-1850,599,478,2026-07-11,WH-02,pending
PO-000023,SUP-185,IN-8200-1263,149,612,2026-07-16,WH-02,accepted
PO-000024,SUP-117,FL-7595-2149,110,265,2026-07-26,WH-02,accepted
PO-000025,SUP-171,PO-9835-4396,593,672,2026-07-21,WH-02,pending
PO-000026,SUP-131,EL-8139-1755,271,302,2026-07-26,WH-01,partial
PO-000027,SUP-107,PO-6993-4214,219,338,2026-07-08,WH-01,pending
PO-000028,SUP-103,PO-8933-2337,455,112,2026-08-06,WH-01,accepted
PO-000029,SUP-130,FL-1228-3258,317,997,2026-07-21,WH-02,pending
PO-000030,SUP-066,EL-8867-2942,275,270,2026-08-07,WH-01,partial
PO-000031,SUP-147,EL-6901-3429,506,562,2026-07-29,WH-02,accepted
PO-000032,SUP-022,FL-5439-2319,345,635,2026-07-06,WH-02,accepted
PO-000033,SUP-179,IN-6813-1870,698,618,2026-07-14,WH-02,accepted
PO-000034,SUP-007,CH-5770-3895,890,463,2026-08-07,WH-01,accepted
PO-000035,SUP-147,IN-4451-276,157,387,2026-07-20,WH-01,accepted
PO-000036,SUP-111,CH-3606-1788,477,138,2026-07-07,WH-02,accepted
PO-000037,SUP-106,CH-6771-068,894,861,2026-07-17,WH-01,accepted
PO-000038,SUP-046,FL-5108-3013,640,310,2026-08-04,WH-01,partial
PO-000039,SUP-113,EL-6387-145,703,92,2026-08-05,WH-01,accepted
PO-000040,SUP-135,IN-5486-2531,729,783,2026-08-02,WH-01,accepted
PO-000041,SUP-185,FL-1796-2511,257,976,2026-07-11,WH-02,accepted
PO-000042,SUP-013,EL-4694-1638,477,123,2026-07-14,WH-01,pending
PO-000043,SUP-051,IN-8098-398,291,634,2026-08-03,WH-02,accepted
PO-000044,SUP-099,FL-8160-4556,856,819,2026-07-26,WH-02,partial
PO-000045,SUP-025,FL-4624-1389,708,390,2026-07-23,WH-02,partial
PO-000046,SUP-164,PO-3213-1526,885,767,2026-08-07,WH-02,accepted
PO-000047,SUP-137,FL-4560-3213,874,969,2026-07-30,WH-02,accepted
PO-000048,SUP-014,IN-7813-2219,700,536,2026-08-05,WH-02,accepted
PO-000049,SUP-169,CH-2730-4134,990,393,2026-07-30,WH-01,partial
PO-000050,SUP-020,EL-3338-3766,418,312,2026-07-22,WH-02,accepted
PO-000051,SUP-067,CH-7935-4628,616,451,2026-07-31,WH-01,accepted
PO-000052,SUP-165,IN-1532-4207,256,465,2026-08-02,WH-02,partial
PO-000053,SUP-147,CH-4279-1583,210,1000,2026-07-06,WH-01,accepted
PO-000054,SUP-084,CH-1483-3065,760,872,2026-08-06,WH-01,partial
PO-000055,SUP-125,FL-8643-3047,584,452,2026-07-20,WH-01,accepted
PO-000056,SUP-026,FL-1044-3106,199,440,2026-07-21,WH-01,pending
PO-000057,SUP-159,EL-4951-204,687,581,2026-08-01,WH-01,accepted
PO-000058,SUP-195,FL-9085-3174,852,735,2026-07-15,WH-01,pending
PO-000059,SUP-002,CH-5163-3924,469,683,2026-07-11,WH-02,partial
PO-000060,SUP-081,CH-9154-1697,760,620,2026-07-12,WH-02,pending
PO-000061,SUP-074,FL-8901-2649,99,783,2026-08-04,WH-01,accepted
PO-000062,SUP-056,IN-3411-2668,979,913,2026-07-17,WH-02,accepted
PO-000063,SUP-052,EL-3240-297,65,94,2026-07-17,WH-01,accepted
PO-000064,SUP-014,CH-7917-2110,231,959,2026-07-22,WH-02,pending
PO-000065,SUP-041,CH-8446-3509,546,767,2026-07-15,WH-01,pending
PO-000066,SUP-132,PO-9829-4136,390,285,2026-07-14,WH-02,partial
PO-000067,SUP-161,FL-2898-2553,610,161,2026-08-03,WH-01,partial
PO-000068,SUP-158,PO-5357-3304,113,588,2026-07-08,WH-02,accepted
PO-000069,SUP-139,EL-9685-2034,617,695,2026-07-12,WH-02,pending
PO-000070,SUP-172,FL-1796-2511,573,523,2026-07-06,WH-02,partial
PO-000071,SUP-145,FL-7185-247,913,624,2026-07-16,WH-01,partial
PO-000072,SUP-194,PO-1451-4637,189,615,2026-07-06,WH-01,pending
PO-000073,SUP-121,CH-1232-1829,843,42,2026-07-13,WH-02,pending
PO-000074,SUP-160,PO-2735-4344,528,817,2026-07-04,WH-01,accepted
PO-000075,SUP-001,EL-7854-3235,452,482,2026-07-30,WH-02,accepted
PO-000076,SUP-173,IN-2688-2539,208,128,2026-07-04,WH-02,accepted
PO-000077,SUP-192,IN-5553-1859,268,335,2026-08-01,WH-01,accepted
PO-000078,SUP-150,PO-7172-4159,818,57,2026-07-16,WH-02,partial
PO-000079,SUP-055,IN-2809-2370,739,700,2026-07-28,WH-01,accepted
PO-000080,SUP-083,EL-6373-1831,334,48,2026-07-24,WH-01,accepted
PO-000081,SUP-130,PO-8858-1209,242,337,2026-07-09,WH-02,accepted
PO-000082,SUP-042,PO-5673-3999,661,887,2026-07-12,WH-01,pending
PO-000083,SUP-112,EL-5691-256,276,936,2026-07-10,WH-02,pending
PO-000084,SUP-192,EL-8849-2743,797,410,2026-07-29,WH-01,accepted
PO-000085,SUP-196,FL-1527-1016,972,607,2026-07-30,WH-02,accepted
PO-000086,SUP-163,IN-3292-2527,284,952,2026-07-29,WH-01,partial
PO-000087,SUP-127,FL-9843-020,622,424,2026-07-07,WH-01,pending
PO-000088,SUP-104,IN-5161-4163,724,409,2026-07-08,WH-02,accepted
PO-000089,SUP-191,FL-7163-2489,260,847,2026-07-24,WH-01,pending
PO-000090,SUP-044,EL-4633-1397,613,603,2026-08-04,WH-02,partial
PO-000091,SUP-088,CH-5787-3415,856,275,2026-07-30,WH-01,accepted
PO-000092,SUP-148,CH-6662-2971,179,406,2026-07-14,WH-01,accepted
PO-000093,SUP-108,CH-3278-4650,896,303,2026-07-20,WH-01,partial
PO-000094,SUP-037,EL-5692-3003,59,105,2026-07-27,WH-01,pending
PO-000095,SUP-048,CH-6771-068,905,691,2026-07-24,WH-02,accepted
PO-000096,SUP-038,FL-6795-1229,871,140,2026-07-12,WH-02,partial
PO-000097,SUP-160,CH-8852-4353,253,270,2026-07-19,WH-01,partial
PO-000098,SUP-156,IN-2513-2416,156,792,2026-08-01,WH-01,pending
PO-000099,SUP-149,CH-6737-3083,668,283,2026-08-01,WH-02,partial
PO-000100,SUP-022,FL-4258-4095,834,868,2026-07-24,WH-02,accepted
PO-000101,SUP-100,EL-2717-1064,96,590,2026-07-10,WH-01,partial
PO-000102,SUP-109,PO-5543-1343,335,152,2026-07-25,WH-01,accepted
PO-000103,SUP-052,CH-8138-568,333,347,2026-07-22,WH-01,partial
PO-000104,SUP-058,FL-2852-1213,139,782,2026-07-16,WH-02,pending
PO-000105,SUP-112,EL-8999-1284,901,383,2026-07-14,WH-01,accepted
PO-000106,SUP-193,EL-4972-2317,228,709,2026-08-06,WH-01,partial
PO-000107,SUP-132,IN-7673-1752,208,236,2026-08-04,WH-01,partial
PO-000108,SUP-146,IN-2887-3017,336,992,2026-07-19,WH-02,accepted
PO-000109,SUP-042,CH-9697-290,255,244,2026-08-07,WH-02,partial
PO-000110,SUP-161,PO-9631-2358,51,545,2026-07-30,WH-01,accepted
PO-000111,SUP-099,IN-4357-1120,279,722,2026-07-28,WH-02,pending
PO-000112,SUP-119,CH-6365-886,769,383,2026-07-14,WH-02,accepted
PO-000113,SUP-086,FL-9499-3621,495,297,2026-08-02,WH-02,pending
PO-000114,SUP-146,CH-9395-3177,592,112,2026-07-15,WH-02,pending
PO-000115,SUP-040,EL-1683-4514,408,473,2026-08-02,WH-02,partial
PO-000116,SUP-092,PO-7461-3023,132,155,2026-08-06,WH-02,partial
PO-000117,SUP-018,PO-3144-3544,307,739,2026-07-13,WH-02,accepted
PO-000118,SUP-038,CH-9369-500,801,147,2026-07-13,WH-01,accepted
PO-000119,SUP-116,PO-2580-2269,365,606,2026-07-20,WH-02,partial
PO-000120,SUP-082,EL-4082-2390,370,720,2026-07-09,WH-02,accepted
PO-000121,SUP-198,FL-3983-403,874,104,2026-07-14,WH-01,accepted
PO-000122,SUP-123,EL-9440-1352,523,525,2026-07-30,WH-02,partial
PO-000123,SUP-021,EL-8262-1276,740,81,2026-07-28,WH-01,pending
PO-000124,SUP-101,IN-5095-2457,840,312,2026-08-07,WH-01,partial
PO-000125,SUP-195,PO-5349-055,527,854,2026-07-26,WH-01,pending
PO-000126,SUP-130,CH-8654-799,151,85,2026-07-09,WH-01,accepted
PO-000127,SUP-055,CH-1276-669,788,279,2026-07-30,WH-02,accepted
PO-000128,SUP-002,CH-1976-2334,708,64,2026-07-22,WH-01,accepted
PO-000129,SUP-008,EL-3384-4881,663,438,2026-07-21,WH-01,accepted
PO-000130,SUP-141,FL-8263-2841,51,229,2026-08-03,WH-01,accepted
PO-000131,SUP-116,EL-5053-3180,116,854,2026-07-14,WH-02,partial
PO-000132,SUP-003,EL-7808-2672,342,549,2026-08-06,WH-02,accepted
PO-000133,SUP-114,IN-2142-448,506,486,2026-07-04,WH-02,accepted
PO-000134,SUP-140,EL-4815-872,345,459,2026-07-10,WH-01,pending
PO-000135,SUP-025,IN-4309-3577,115,919,2026-07-07,WH-02,partial
PO-000136,SUP-046,FL-3103-602,396,598,2026-07-05,WH-02,accepted
PO-000137,SUP-027,CH-5041-1549,404,320,2026-07-15,WH-02,accepted
PO-000138,SUP-030,EL-5672-4827,172,586,2026-08-07,WH-02,accepted
PO-000139,SUP-072,CH-3559-2878,796,467,2026-07-18,WH-01,partial
PO-000140,SUP-038,IN-8509-1072,957,995,2026-07-17,WH-01,partial
PO-000141,SUP-010,PO-9781-3641,414,834,2026-08-06,WH-02,pending
PO-000142,SUP-155,PO-2893-1923,164,708,2026-07-15,WH-02,accepted
PO-000143,SUP-043,FL-3247-831,336,962,2026-07-17,WH-01,partial
PO-000144,SUP-107,IN-3760-1303,832,307,2026-07-15,WH-01,accepted
PO-000145,SUP-186,IN-9767-289,809,738,2026-07-19,WH-01,partial
PO-000146,SUP-113,CH-6081-4470,114,297,2026-07-26,WH-01,accepted
PO-000147,SUP-089,FL-7697-3449,835,817,2026-07-22,WH-02,pending
PO-000148,SUP-182,PO-7870-4145,464,654,2026-07-20,WH-01,partial
PO-000149,SUP-137,EL-9953-2552,469,55,2026-07-06,WH-02,accepted
PO-000150,SUP-119,IN-7266-2602,814,872,2026-07-06,WH-01,partial
PO-000151,SUP-051,EL-9551-2887,337,786,2026-07-20,WH-02,accepted
PO-000152,SUP-044,FL-9952-3610,162,678,2026-08-01,WH-02,accepted
PO-000153,SUP-141,EL-7158-880,914,819,2026-07-28,WH-02,accepted
PO-000154,SUP-174,FL-1953-2417,547,262,2026-07-10,WH-01,partial
PO-000155,SUP-156,CH-3164-4050,243,689,2026-07-28,WH-02,accepted
PO-000156,SUP-190,CH-9331-2705,125,878,2026-07-16,WH-01,pending
PO-000157,SUP-039,EL-9225-4210,403,680,2026-07-31,WH-02,pending
PO-000158,SUP-132,PO-4099-2505,571,129,2026-07-12,WH-01,partial
PO-000159,SUP-110,EL-5573-3348,169,466,2026-07-27,WH-01,accepted
PO-000160,SUP-046,IN-7837-1940,178,586,2026-08-06,WH-02,pending
PO-000161,SUP-020,EL-9804-1190,321,345,2026-07-18,WH-01,accepted
PO-000162,SUP-013,CH-7670-2679,149,948,2026-07-05,WH-02,partial
PO-000163,SUP-029,FL-4624-1389,902,269,2026-07-24,WH-01,partial
PO-000164,SUP-092,FL-8977-4402,329,629,2026-07-15,WH-01,pending
PO-000165,SUP-109,CH-8022-937,940,668,2026-07-16,WH-02,pending
PO-000166,SUP-200,FL-6314-1253,126,249,2026-08-07,WH-01,accepted
PO-000167,SUP-142,CH-1612-3317,577,821,2026-07-30,WH-02,accepted
PO-000168,SUP-182,PO-2439-2007,144,910,2026-08-03,WH-01,partial
PO-000169,SUP-110,IN-7459-1888,687,457,2026-07-23,WH-02,accepted
PO-000170,SUP-161,EL-1135-2303,916,972,2026-07-29,WH-01,accepted
PO-000171,SUP-017,CH-2069-492,449,785,2026-07-15,WH-02,accepted
PO-000172,SUP-079,EL-4039-802,953,140,2026-08-07,WH-01,pending
PO-000173,SUP-087,CH-1742-3935,203,663,2026-07-24,WH-01,pending
PO-000174,SUP-108,IN-6496-3703,274,196,2026-07-19,WH-02,accepted
PO-000175,SUP-135,EL-4453-4035,829,879,2026-07-21,WH-02,accepted
PO-000176,SUP-041,EL-8780-074,323,957,2026-07-08,WH-02,pending
PO-000177,SUP-058,PO-5882-3490,361,252,2026-07-29,WH-01,accepted
PO-000178,SUP-200,IN-7467-4596,307,361,2026-08-01,WH-02,accepted
PO-000179,SUP-071,CH-7925-468,235,348,2026-07-22,WH-02,partial
PO-000180,SUP-052,CH-1341-2065,496,103,2026-07-26,WH-02,pending
PO-000181,SUP-144,PO-2503-351,940,997,2026-07-25,WH-02,partial
PO-000182,SUP-143,CH-7792-4423,137,840,2026-07-19,WH-01,accepted
PO-000183,SUP-129,PO-7543-4008,453,568,2026-07-28,WH-01,accepted
PO-000184,SUP-131,EL-8861-3406,324,751,2026-07-11,WH-02,accepted
PO-000185,SUP-005,PO-8076-1807,336,991,2026-07-24,WH-02,pending
PO-000186,SUP-155,EL-4432-3469,497,285,2026-07-07,WH-01,accepted
PO-000187,SUP-112,IN-5440-3704,840,927,2026-08-04,WH-01,pending
PO-000188,SUP-117,EL-8426-2955,241,149,2026-07-11,WH-02,accepted
PO-000189,SUP-158,IN-5278-4833,727,530,2026-07-05,WH-02,accepted
PO-000190,SUP-023,CH-3935-2087,390,155,2026-07-19,WH-01,accepted
PO-000191,SUP-034,FL-9648-938,660,872,2026-08-04,WH-01,accepted
PO-000192,SUP-174,CH-5845-4245,95,503,2026-07-15,WH-01,accepted
PO-000193,SUP-072,FL-8990-2242,172,703,2026-07-13,WH-02,accepted
PO-000194,SUP-158,CH-1483-3065,924,418,2026-07-08,WH-02,accepted
PO-000195,SUP-051,FL-4325-2832,586,197,2026-07-11,WH-02,accepted
PO-000196,SUP-152,EL-2230-127,705,932,2026-08-07,WH-01,accepted
PO-000197,SUP-094,PO-6712-2615,400,795,2026-07-13,WH-02,pending
PO-000198,SUP-015,PO-3144-3544,621,942,2026-07-26,WH-02,accepted
PO-000199,SUP-152,FL-7731-408,960,971,2026-07-07,WH-01,pending
PO-000200,SUP-176,EL-8458-1726,55,387,2026-08-06,WH-02,pending
PO-000201,SUP-195,EL-5037-4475,746,788,2026-07-20,WH-01,accepted
PO-000202,SUP-067,PO-9285-3763,860,362,2026-07-10,WH-02,accepted
PO-000203,SUP-142,EL-6043-2235,311,135,2026-08-05,WH-01,pending
PO-000204,SUP-095,PO-1274-4178,954,739,2026-08-07,WH-01,pending
PO-000205,SUP-027,IN-3886-1367,562,908,2026-07-24,WH-01,accepted
PO-000206,SUP-160,IN-9376-1825,850,856,2026-07-22,WH-01,pending
PO-000207,SUP-132,EL-4115-1568,333,131,2026-07-12,WH-02,accepted
PO-000208,SUP-001,EL-6151-3953,981,144,2026-07-23,WH-02,pending
PO-000209,SUP-183,FL-7350-3247,708,670,2026-07-14,WH-01,accepted
PO-000210,SUP-084,CH-4867-2111,403,105,2026-07-23,WH-02,pending
PO-000211,SUP-097,EL-8504-610,488,55,2026-07-25,WH-02,pending
PO-000212,SUP-084,FL-7441-3110,577,349,2026-07-18,WH-02,partial
PO-000213,SUP-047,IN-5596-1680,522,967,2026-08-07,WH-01,accepted
PO-000214,SUP-130,EL-3100-4113,437,427,2026-08-04,WH-02,accepted
PO-000215,SUP-006,FL-7160-456,460,98,2026-07-14,WH-02,partial
PO-000216,SUP-037,IN-8912-4844,79,988,2026-07-22,WH-02,accepted
PO-000217,SUP-003,PO-6726-3653,905,212,2026-08-06,WH-02,pending
PO-000218,SUP-189,FL-4749-1333,525,425,2026-07-06,WH-01,accepted
PO-000219,SUP-137,EL-4858-2445,854,939,2026-07-30,WH-02,pending
PO-000220,SUP-087,EL-2077-3920,763,622,2026-07-08,WH-02,pending
PO-000221,SUP-024,FL-4793-3404,341,824,2026-07-16,WH-01,accepted
PO-000222,SUP-149,CH-1600-1647,149,517,2026-07-07,WH-01,pending
PO-000223,SUP-183,EL-7218-2302,327,471,2026-07-11,WH-02,pending
PO-000224,SUP-144,FL-3775-3068,823,756,2026-08-03,WH-01,partial
PO-000225,SUP-146,EL-7362-1659,420,473,2026-08-03,WH-02,partial
PO-000226,SUP-042,IN-7459-1888,322,992,2026-07-23,WH-02,accepted
PO-000227,SUP-056,EL-3488-2123,733,936,2026-07-06,WH-02,accepted
PO-000228,SUP-101,IN-1565-2835,932,872,2026-07-31,WH-02,accepted
PO-000229,SUP-155,PO-9922-3898,789,324,2026-07-19,WH-01,accepted
PO-000230,SUP-052,EL-8451-2020,110,123,2026-07-04,WH-02,accepted
PO-000231,SUP-044,PO-2360-3170,748,80,2026-07-31,WH-02,accepted
PO-000232,SUP-015,CH-2777-1909,636,563,2026-07-08,WH-01,accepted
PO-000233,SUP-180,EL-6752-4256,361,349,2026-07-16,WH-02,partial
PO-000234,SUP-038,EL-5773-1795,516,885,2026-08-02,WH-02,partial
PO-000235,SUP-191,PO-2669-3294,961,431,2026-07-23,WH-02,accepted
PO-000236,SUP-131,IN-5200-4863,975,39,2026-08-01,WH-02,accepted
PO-000237,SUP-133,PO-2249-2693,989,985,2026-07-22,WH-02,accepted
PO-000238,SUP-083,EL-7059-1097,453,357,2026-07-31,WH-02,accepted
PO-000239,SUP-126,EL-8762-365,132,220,2026-07-16,WH-02,pending
PO-000240,SUP-161,PO-2779-2521,189,415,2026-08-04,WH-02,pending
PO-000241,SUP-005,CH-6551-2446,949,477,2026-07-10,WH-02,pending
PO-000242,SUP-194,CH-1646-698,567,99,2026-08-03,WH-02,pending
PO-000243,SUP-080,PO-9902-2684,302,620,2026-08-07,WH-02,accepted
PO-000244,SUP-138,EL-8903-4289,119,834,2026-08-07,WH-01,accepted
PO-000245,SUP-071,FL-9961-2019,722,223,2026-07-09,WH-01,pending
PO-000246,SUP-159,CH-9715-2774,583,332,2026-07-20,WH-01,partial
PO-000247,SUP-189,EL-7158-880,794,567,2026-08-01,WH-01,accepted
PO-000248,SUP-080,IN-7419-1957,844,136,2026-07-19,WH-02,pending
PO-000249,SUP-099,FL-3509-324,947,60,2026-07-06,WH-02,accepted
PO-000250,SUP-020,FL-9728-4618,492,445,2026-07-12,WH-02,accepted
PO-000251,SUP-013,CH-7137-4431,987,596,2026-07-21,WH-02,partial
PO-000252,SUP-096,EL-3643-117,931,527,2026-07-25,WH-01,pending
PO-000253,SUP-055,IN-1399-2459,491,460,2026-07-11,WH-02,accepted
PO-000254,SUP-029,EL-6557-2300,220,937,2026-07-22,WH-01,accepted
PO-000255,SUP-093,EL-2111-3077,661,664,2026-07-24,WH-02,accepted
PO-000256,SUP-164,EL-3044-1147,856,692,2026-07-18,WH-01,accepted
PO-000257,SUP-194,PO-5476-2209,802,358,2026-07-19,WH-01,accepted
PO-000258,SUP-173,FL-4823-226,879,722,2026-07-04,WH-02,pending
PO-000259,SUP-014,IN-5463-2616,357,888,2026-07-13,WH-02,accepted
PO-000260,SUP-121,FL-7779-3440,571,876,2026-07-08,WH-02,pending
PO-000261,SUP-025,CH-9708-1044,225,185,2026-07-09,WH-02,accepted
PO-000262,SUP-188,EL-6626-1106,630,776,2026-08-06,WH-01,accepted
PO-000263,SUP-194,FL-4210-2912,404,124,2026-07-08,WH-02,partial
PO-000264,SUP-020,FL-9503-4855,547,733,2026-07-06,WH-01,partial
PO-000265,SUP-035,EL-4620-3497,296,955,2026-07-23,WH-01,partial
PO-000266,SUP-008,PO-8398-2344,102,43,2026-07-18,WH-01,partial
PO-000267,SUP-193,EL-6682-3769,509,426,2026-08-01,WH-01,pending
PO-000268,SUP-018,FL-4947-2584,754,552,2026-07-07,WH-02,pending
PO-000269,SUP-123,IN-2762-1021,371,769,2026-08-01,WH-01,partial
PO-000270,SUP-015,FL-5463-1668,122,660,2026-07-29,WH-02,accepted
PO-000271,SUP-101,EL-3227-4791,657,383,2026-07-29,WH-02,accepted
PO-000272,SUP-047,FL-7580-3218,592,891,2026-07-13,WH-02,partial
PO-000273,SUP-033,EL-1627-1520,248,381,2026-07-15,WH-01,partial
PO-000274,SUP-196,FL-8360-3697,685,529,2026-07-17,WH-01,accepted
PO-000275,SUP-126,CH-7536-2275,301,789,2026-07-15,WH-02,accepted
PO-000276,SUP-189,PO-8528-3252,886,39,2026-07-05,WH-01,pending
PO-000277,SUP-135,IN-6043-1257,819,227,2026-07-13,WH-02,partial
PO-000278,SUP-007,EL-5458-4941,610,649,2026-07-06,WH-02,accepted
PO-000279,SUP-068,PO-4535-1578,842,908,2026-07-07,WH-01,partial
PO-000280,SUP-117,PO-2381-2469,140,130,2026-07-31,WH-02,pending
PO-000281,SUP-113,CH-3148-3749,431,762,2026-07-08,WH-01,accepted
PO-000282,SUP-009,CH-6022-1388,420,826,2026-07-30,WH-01,accepted
PO-000283,SUP-043,IN-5055-1082,971,763,2026-07-30,WH-02,accepted
PO-000284,SUP-027,PO-3693-4597,794,101,2026-07-05,WH-02,accepted
PO-000285,SUP-169,FL-2928-1238,667,936,2026-07-09,WH-01,pending
PO-000286,SUP-131,CH-7820-2291,597,442,2026-07-18,WH-02,accepted
PO-000287,SUP-133,EL-2496-1075,221,721,2026-07-06,WH-02,partial
PO-000288,SUP-148,IN-8893-1299,72,410,2026-07-26,WH-01,partial
PO-000289,SUP-111,IN-3702-2166,354,834,2026-07-07,WH-01,accepted
PO-000290,SUP-096,CH-6649-1722,970,820,2026-08-03,WH-02,accepted
PO-000291,SUP-190,CH-9227-3972,865,422,2026-07-18,WH-02,partial
PO-000292,SUP-134,CH-3487-4221,421,83,2026-07-26,WH-01,accepted
PO-000293,SUP-081,EL-3213-4232,681,844,2026-07-16,WH-02,accepted
PO-000294,SUP-181,IN-5440-3704,911,353,2026-07-04,WH-01,accepted
PO-000295,SUP-009,IN-8758-446,379,56,2026-07-26,WH-01,accepted
PO-000296,SUP-104,PO-9132-4939,75,313,2026-07-15,WH-02,partial
PO-000297,SUP-088,FL-9072-202,817,220,2026-08-07,WH-01,accepted
PO-000298,SUP-027,IN-7094-2895,952,854,2026-08-03,WH-01,accepted
PO-000299,SUP-002,EL-6710-3784,351,724,2026-07-07,WH-02,accepted
PO-000300,SUP-163,PO-7753-2129,381,631,2026-07-06,WH-02,partial
PO-000301,SUP-078,PO-6997-2935,899,767,2026-07-04,WH-02,partial
PO-000302,SUP-035,IN-5529-548,312,199,2026-07-05,WH-02,pending
PO-000303,SUP-137,PO-6889-2331,233,852,2026-07-28,WH-01,accepted
PO-000304,SUP-016,CH-5129-3515,236,696,2026-07-13,WH-02,accepted
PO-000305,SUP-072,IN-9918-2828,475,529,2026-08-06,WH-01,accepted
PO-000306,SUP-160,CH-4221-4822,78,862,2026-07-21,WH-01,accepted
PO-000307,SUP-166,IN-4712-4891,525,654,2026-08-05,WH-01,accepted
PO-000308,SUP-058,IN-9323-2430,641,309,2026-07-18,WH-02,accepted
PO-000309,SUP-056,IN-5734-943,604,125,2026-07-11,WH-01,pending
PO-000310,SUP-131,EL-8920-3706,55,151,2026-07-30,WH-02,accepted
PO-000311,SUP-034,PO-9547-4308,438,719,2026-07-18,WH-02,partial
PO-000312,SUP-143,IN-6973-1057,795,726,2026-07-11,WH-01,partial
PO-000313,SUP-200,CH-4900-1310,427,196,2026-07-11,WH-02,pending
PO-000314,SUP-200,EL-8730-4785,74,848,2026-08-01,WH-02,partial
PO-000315,SUP-013,FL-3247-831,115,908,2026-07-13,WH-01,accepted
PO-000316,SUP-065,FL-7155-1216,862,269,2026-08-07,WH-02,accepted
PO-000317,SUP-084,EL-9682-463,865,491,2026-07-24,WH-02,pending
PO-000318,SUP-151,CH-2755-032,382,625,2026-07-22,WH-02,pending
PO-000319,SUP-002,FL-3912-424,946,376,2026-07-10,WH-02,accepted
PO-000320,SUP-057,CH-9918-4271,611,758,2026-07-31,WH-02,partial
PO-000321,SUP-015,PO-8212-2528,674,182,2026-08-01,WH-02,accepted
PO-000322,SUP-120,FL-4144-124,669,120,2026-08-01,WH-02,accepted
PO-000323,SUP-063,IN-4031-2873,400,395,2026-07-17,WH-01,pending
PO-000324,SUP-134,CH-5732-862,557,916,2026-07-12,WH-02,partial
PO-000325,SUP-050,FL-7746-3357,76,553,2026-07-09,WH-02,accepted
PO-000326,SUP-021,EL-1468-3710,541,538,2026-07-13,WH-02,partial
PO-000327,SUP-036,EL-1246-2624,937,368,2026-07-22,WH-02,accepted
PO-000328,SUP-067,IN-9471-2776,856,929,2026-07-24,WH-01,pending
PO-000329,SUP-126,FL-7956-1629,265,205,2026-08-04,WH-02,accepted
PO-000330,SUP-056,IN-2958-1034,779,997,2026-07-27,WH-02,accepted
PO-000331,SUP-171,PO-4142-671,469,694,2026-07-20,WH-01,accepted
PO-000332,SUP-097,IN-1957-1834,989,174,2026-07-14,WH-01,pending
PO-000333,SUP-099,IN-9454-4720,959,843,2026-07-17,WH-01,accepted
PO-000334,SUP-062,EL-9706-953,150,961,2026-07-17,WH-02,accepted
PO-000335,SUP-055,FL-5733-4749,427,762,2026-08-01,WH-02,pending
PO-000336,SUP-132,IN-3031-980,560,317,2026-07-16,WH-02,accepted
PO-000337,SUP-036,CH-6658-1121,891,744,2026-07-12,WH-01,pending
PO-000338,SUP-052,IN-5164-2657,496,252,2026-07-05,WH-01,accepted
PO-000339,SUP-088,PO-1952-3010,606,539,2026-07-12,WH-01,partial
PO-000340,SUP-022,PO-2023-2637,160,235,2026-07-28,WH-02,accepted
PO-000341,SUP-050,CH-9763-1288,779,274,2026-07-20,WH-01,accepted
PO-000342,SUP-024,EL-3970-1721,711,271,2026-07-30,WH-01,pending
PO-000343,SUP-031,CH-9605-541,68,675,2026-07-27,WH-02,accepted
PO-000344,SUP-159,CH-6629-743,154,355,2026-07-06,WH-02,pending
PO-000345,SUP-074,FL-6193-3396,526,459,2026-08-04,WH-02,pending
PO-000346,SUP-118,IN-6621-1999,347,901,2026-07-19,WH-01,accepted
PO-000347,SUP-105,FL-9304-2346,681,358,2026-07-19,WH-01,pending
PO-000348,SUP-011,FL-3750-246,223,333,2026-07-25,WH-01,accepted
PO-000349,SUP-093,EL-2494-3080,919,719,2026-07-13,WH-02,pending
PO-000350,SUP-054,IN-9080-486,455,853,2026-07-23,WH-02,partial
PO-000351,SUP-120,FL-2942-1202,581,244,2026-07-05,WH-01,pending
PO-000352,SUP-021,EL-4249-1648,97,683,2026-07-31,WH-02,accepted
PO-000353,SUP-027,IN-5138-4884,302,352,2026-07-20,WH-01,accepted
PO-000354,SUP-184,IN-4174-2384,934,152,2026-07-26,WH-01,partial
PO-000355,SUP-036,PO-4283-2161,682,334,2026-07-25,WH-01,partial
PO-000356,SUP-062,IN-4174-2384,188,801,2026-07-16,WH-01,partial
PO-000357,SUP-161,FL-2648-3959,671,346,2026-07-07,WH-02,accepted
PO-000358,SUP-187,CH-9244-2387,420,199,2026-07-10,WH-02,accepted
PO-000359,SUP-019,CH-3089-3143,184,612,2026-08-05,WH-01,pending
PO-000360,SUP-006,CH-1571-3452,834,849,2026-07-08,WH-02,accepted
PO-000361,SUP-127,EL-1376-232,592,816,2026-07-19,WH-02,pending
PO-000362,SUP-183,FL-5639-832,393,931,2026-08-01,WH-01,accepted
PO-000363,SUP-004,PO-2825-828,657,526,2026-07-24,WH-01,partial
PO-000364,SUP-175,EL-7788-4926,391,168,2026-07-16,WH-01,pending
PO-000365,SUP-156,PO-4535-1578,93,618,2026-07-29,WH-02,pending
PO-000366,SUP-084,PO-3267-3957,126,663,2026-07-18,WH-02,accepted
PO-000367,SUP-070,PO-3270-4660,531,692,2026-07-17,WH-01,accepted
PO-000368,SUP-140,IN-3822-1994,845,981,2026-07-08,WH-02,accepted
PO-000369,SUP-013,FL-4956-1023,896,146,2026-07-19,WH-02,accepted
PO-000370,SUP-182,PO-8659-3352,938,137,2026-07-22,WH-01,partial
PO-000371,SUP-183,CH-7989-231,76,555,2026-07-05,WH-01,accepted
PO-000372,SUP-143,PO-4513-3790,409,406,2026-07-31,WH-02,accepted
PO-000373,SUP-056,FL-5772-999,909,179,2026-08-06,WH-02,partial
PO-000374,SUP-081,CH-7422-1603,154,849,2026-07-18,WH-01,accepted
PO-000375,SUP-200,IN-6509-857,696,471,2026-07-23,WH-02,pending
PO-000376,SUP-078,EL-7904-1409,273,885,2026-07-24,WH-01,accepted
PO-000377,SUP-156,CH-2430-1402,962,999,2026-07-28,WH-02,partial
PO-000378,SUP-163,CH-5500-1737,622,316,2026-08-03,WH-02,pending
PO-000379,SUP-128,EL-4485-4225,198,917,2026-07-19,WH-01,accepted
PO-000380,SUP-049,FL-8074-4766,621,243,2026-07-26,WH-02,accepted
PO-000381,SUP-155,PO-2315-2762,815,696,2026-07-11,WH-01,partial
PO-000382,SUP-006,FL-4176-4943,882,489,2026-07-29,WH-01,accepted
PO-000383,SUP-142,CH-2600-2473,1000,648,2026-08-06,WH-01,partial
PO-000384,SUP-175,FL-6633-2227,915,166,2026-07-26,WH-02,pending
PO-000385,SUP-072,FL-6570-1746,341,358,2026-07-22,WH-01,partial
PO-000386,SUP-129,CH-2806-4610,403,463,2026-07-30,WH-01,partial
PO-000387,SUP-135,FL-2607-414,821,186,2026-07-07,WH-01,partial
PO-000388,SUP-053,FL-7606-1685,301,586,2026-07-26,WH-02,partial
PO-000389,SUP-139,PO-5669-1536,820,740,2026-07-30,WH-02,pending
PO-000390,SUP-179,FL-6140-1363,798,199,2026-07-23,WH-02,pending
PO-000391,SUP-041,PO-5049-1269,709,253,2026-08-03,WH-02,pending
PO-000392,SUP-085,IN-1774-966,459,403,2026-07-14,WH-02,accepted
PO-000393,SUP-076,CH-3174-2662,545,514,2026-08-06,WH-02,accepted
PO-000394,SUP-076,FL-9740-2881,155,160,2026-07-27,WH-02,accepted
PO-000395,SUP-129,FL-5610-4496,438,618,2026-07-09,WH-02,pending
PO-000396,SUP-186,CH-4919-1713,141,720,2026-07-31,WH-02,partial
PO-000397,SUP-185,CH-3028-4582,816,744,2026-07-07,WH-01,pending
PO-000398,SUP-132,PO-5685-954,563,852,2026-07-30,WH-02,accepted
PO-000399,SUP-066,FL-7841-3659,555,918,2026-07-11,WH-02,pending
PO-000400,SUP-133,IN-7676-447,61,142,2026-07-20,WH-01,accepted
PO-000401,SUP-050,CH-4510-638,740,966,2026-07-08,WH-02,accepted
PO-000402,SUP-020,CH-5861-4901,134,728,2026-07-23,WH-01,partial
PO-000403,SUP-161,EL-2424-812,801,389,2026-07-04,WH-01,accepted
PO-000404,SUP-004,PO-6802-1164,393,500,2026-07-20,WH-01,pending
PO-000405,SUP-114,PO-8973-2547,117,887,2026-08-04,WH-01,accepted
PO-000406,SUP-008,PO-8212-2528,863,905,2026-07-15,WH-01,accepted
PO-000407,SUP-148,FL-4859-2232,300,701,2026-07-27,WH-01,pending
PO-000408,SUP-055,CH-5600-2522,727,55,2026-07-16,WH-02,accepted
PO-000409,SUP-133,FL-7905-1892,373,262,2026-07-12,WH-02,pending
PO-000410,SUP-078,IN-1597-1867,364,909,2026-07-19,WH-01,accepted
PO-000411,SUP-155,CH-2902-3839,117,450,2026-07-13,WH-02,accepted
PO-000412,SUP-057,IN-1449-213,366,168,2026-07-16,WH-02,accepted
PO-000413,SUP-163,CH-9331-2705,610,543,2026-07-23,WH-01,accepted
PO-000414,SUP-064,FL-7926-3846,842,226,2026-07-13,WH-02,accepted
PO-000415,SUP-171,IN-2260-1223,877,74,2026-08-03,WH-02,partial
PO-000416,SUP-061,IN-3472-2580,194,45,2026-07-18,WH-01,partial
PO-000417,SUP-011,EL-1415-705,593,391,2026-08-06,WH-01,accepted
PO-000418,SUP-184,FL-7171-2279,852,489,2026-07-22,WH-02,accepted
PO-000419,SUP-111,CH-9829-4974,765,356,2026-07-21,WH-01,pending
PO-000420,SUP-137,IN-5225-639,200,87,2026-07-30,WH-01,partial
PO-000421,SUP-118,PO-8398-2344,637,994,2026-07-11,WH-01,accepted
PO-000422,SUP-041,IN-9938-3545,849,970,2026-07-10,WH-01,accepted
PO-000423,SUP-022,CH-1335-3838,263,146,2026-07-15,WH-02,accepted
PO-000424,SUP-096,PO-6304-1081,239,584,2026-08-06,WH-01,pending
PO-000425,SUP-141,EL-9918-865,368,850,2026-07-30,WH-02,accepted
PO-000426,SUP-004,IN-1003-4287,851,248,2026-07-26,WH-01,partial
PO-000427,SUP-119,FL-8773-1122,292,433,2026-07-16,WH-02,pending
PO-000428,SUP-078,IN-2765-4037,482,282,2026-07-27,WH-02,partial
PO-000429,SUP-139,IN-6998-4105,200,376,2026-07-18,WH-02,partial
PO-000430,SUP-058,FL-8394-1413,551,339,2026-07-20,WH-01,partial
PO-000431,SUP-198,CH-1171-2674,692,639,2026-07-19,WH-02,accepted
PO-000432,SUP-136,FL-6425-1828,824,791,2026-07-24,WH-01,partial
PO-000433,SUP-074,PO-5991-1282,922,312,2026-07-05,WH-02,partial
PO-000434,SUP-026,FL-5810-4760,129,123,2026-07-06,WH-01,accepted
PO-000435,SUP-116,FL-8203-1058,719,630,2026-07-22,WH-01,accepted
PO-000436,SUP-022,IN-8321-3154,358,231,2026-08-05,WH-01,accepted
PO-000437,SUP-109,IN-4434-3132,554,992,2026-07-04,WH-02,partial
PO-000438,SUP-111,FL-5663-1860,69,577,2026-08-05,WH-02,partial
PO-000439,SUP-199,CH-2948-2735,873,109,2026-07-20,WH-01,partial
PO-000440,SUP-193,IN-5529-548,653,705,2026-07-28,WH-02,accepted
PO-000441,SUP-049,PO-5444-2022,492,220,2026-07-15,WH-01,accepted
PO-000442,SUP-047,EL-5873-2204,115,831,2026-07-29,WH-01,partial
PO-000443,SUP-024,FL-7076-304,52,616,2026-07-30,WH-01,accepted
PO-000444,SUP-105,EL-7788-4926,951,545,2026-07-10,WH-01,pending
PO-000445,SUP-176,FL-6275-278,662,649,2026-07-29,WH-01,accepted
PO-000446,SUP-103,PO-3112-1812,235,612,2026-08-03,WH-02,accepted
PO-000447,SUP-140,PO-2983-1656,490,759,2026-07-14,WH-01,accepted
PO-000448,SUP-020,PO-5462-3535,681,765,2026-07-07,WH-01,partial
PO-000449,SUP-119,FL-8267-977,932,202,2026-07-10,WH-01,accepted
PO-000450,SUP-063,FL-8213-411,622,471,2026-07-19,WH-01,accepted
PO-000451,SUP-043,FL-9824-2790,479,791,2026-07-13,WH-01,accepted
PO-000452,SUP-115,FL-3972-1488,129,602,2026-08-03,WH-01,pending
PO-000453,SUP-050,IN-8167-3731,326,694,2026-07-28,WH-01,accepted
PO-000454,SUP-102,PO-3058-3368,670,467,2026-07-27,WH-01,accepted
PO-000455,SUP-075,FL-8976-2093,338,722,2026-07-09,WH-02,pending
PO-000456,SUP-171,FL-1026-2388,742,171,2026-07-19,WH-01,pending
PO-000457,SUP-132,EL-8969-3414,500,47,2026-07-14,WH-02,partial
PO-000458,SUP-074,IN-8589-2401,884,399,2026-08-07,WH-01,pending
PO-000459,SUP-108,EL-5798-1130,660,845,2026-07-29,WH-01,partial
PO-000460,SUP-126,FL-3775-3068,529,564,2026-07-21,WH-01,accepted
PO-000461,SUP-177,IN-5320-2888,114,624,2026-07-31,WH-01,partial
PO-000462,SUP-098,PO-3567-2061,773,364,2026-07-15,WH-01,partial
PO-000463,SUP-098,EL-1376-409,977,130,2026-07-29,WH-02,pending
PO-000464,SUP-196,CH-8208-934,231,788,2026-07-27,WH-01,accepted
PO-000465,SUP-075,PO-8461-1635,194,349,2026-07-25,WH-02,pending
PO-000466,SUP-150,IN-4198-1031,223,497,2026-07-24,WH-02,partial
PO-000467,SUP-060,EL-1258-2075,376,371,2026-07-12,WH-02,accepted
PO-000468,SUP-023,PO-5486-1770,554,333,2026-07-15,WH-02,accepted
PO-000469,SUP-158,EL-6814-4374,760,725,2026-07-28,WH-02,pending
PO-000470,SUP-108,EL-4526-1709,425,475,2026-07-18,WH-01,pending
PO-000471,SUP-177,PO-8647-4853,264,927,2026-07-23,WH-01,partial
PO-000472,SUP-051,IN-6751-3586,568,86,2026-07-10,WH-02,accepted
PO-000473,SUP-005,PO-4987-928,235,838,2026-08-02,WH-02,accepted
PO-000474,SUP-066,FL-3783-2586,283,894,2026-07-12,WH-02,partial
PO-000475,SUP-169,IN-4091-1292,795,866,2026-07-08,WH-01,pending
PO-000476,SUP-024,FL-4176-4943,793,839,2026-07-05,WH-02,pending
PO-000477,SUP-052,CH-1600-1647,961,778,2026-07-31,WH-02,accepted
PO-000478,SUP-148,PO-3909-2930,658,213,2026-07-08,WH-02,accepted
PO-000479,SUP-173,PO-3016-1663,385,368,2026-07-29,WH-02,partial
PO-000480,SUP-073,EL-8401-3038,439,456,2026-07-13,WH-01,accepted
PO-000481,SUP-133,IN-6517-1882,759,398,2026-08-02,WH-01,accepted
PO-000482,SUP-193,FL-6980-1854,580,262,2026-07-21,WH-02,accepted
PO-000483,SUP-043,CH-1253-4600,565,978,2026-08-03,WH-01,partial
PO-000484,SUP-068,CH-3047-2350,663,382,2026-07-26,WH-02,partial
PO-000485,SUP-111,FL-7683-3522,62,338,2026-07-10,WH-01,accepted
PO-000486,SUP-103,EL-7481-4669,957,704,2026-07-16,WH-01,accepted
PO-000487,SUP-093,FL-2212-4925,451,543,2026-08-06,WH-02,pending
PO-000488,SUP-051,PO-4066-3943,441,177,2026-07-23,WH-01,accepted
PO-000489,SUP-098,IN-8634-3128,584,819,2026-08-03,WH-02,accepted
PO-000490,SUP-061,EL-1290-592,619,41,2026-08-06,WH-01,accepted
PO-000491,SUP-200,CH-8993-1586,924,919,2026-07-25,WH-01,partial
PO-000492,SUP-124,PO-1707-3192,828,110,2026-07-07,WH-01,partial
PO-000493,SUP-078,EL-8566-3384,363,995,2026-07-30,WH-02,accepted
PO-000494,SUP-195,IN-5138-4884,242,128,2026-07-06,WH-02,pending
PO-000495,SUP-063,FL-3036-2053,285,997,2026-07-29,WH-01,partial
PO-000496,SUP-098,EL-7552-4197,138,546,2026-07-11,WH-01,pending
PO-000497,SUP-179,FL-4319-2324,149,107,2026-07-18,WH-01,accepted
PO-000498,SUP-067,CH-8466-3970,526,495,2026-07-15,WH-02,partial
PO-000499,SUP-158,PO-6413-644,802,741,2026-08-06,WH-02,accepted
PO-000500,SUP-068,CH-8591-835,60,671,2026-07-15,WH-02,accepted
PO-000501,SUP-065,PO-3418-2013,509,350,2026-07-27,WH-01,accepted
PO-000502,SUP-129,IN-9287-3715,371,909,2026-07-29,WH-02,accepted
PO-000503,SUP-075,FL-2316-1032,320,682,2026-08-02,WH-01,partial
PO-000504,SUP-069,PO-2093-1471,756,484,2026-08-04,WH-02,pending
PO-000505,SUP-175,PO-7539-2991,609,457,2026-07-07,WH-01,accepted
PO-000506,SUP-064,CH-5617-1175,706,583,2026-07-26,WH-02,accepted
PO-000507,SUP-117,PO-1640-2420,556,752,2026-07-16,WH-01,partial
PO-000508,SUP-137,IN-5952-4400,956,436,2026-07-31,WH-01,accepted
PO-000509,SUP-101,IN-6109-242,971,768,2026-07-15,WH-01,pending
PO-000510,SUP-111,CH-4039-4299,992,851,2026-07-22,WH-01,partial
PO-000511,SUP-047,PO-8900-2650,355,974,2026-07-30,WH-01,pending
PO-000512,SUP-111,PO-4513-3790,641,156,2026-07-26,WH-02,partial
PO-000513,SUP-066,EL-8645-4043,595,585,2026-07-31,WH-01,pending
PO-000514,SUP-133,PO-6561-4523,953,357,2026-07-28,WH-02,accepted
PO-000515,SUP-103,IN-7581-978,465,184,2026-07-10,WH-01,pending
PO-000516,SUP-196,PO-4690-4288,641,934,2026-08-06,WH-02,partial
PO-000517,SUP-179,PO-7628-1537,316,48,2026-07-11,WH-02,accepted
PO-000518,SUP-089,CH-4837-2035,245,428,2026-07-15,WH-02,accepted
PO-000519,SUP-109,FL-3853-3257,524,130,2026-07-22,WH-01,accepted
PO-000520,SUP-094,PO-2211-2641,919,289,2026-07-06,WH-02,accepted
PO-000521,SUP-034,EL-4552-1256,399,979,2026-07-19,WH-01,accepted
PO-000522,SUP-033,CH-4204-2109,428,882,2026-07-10,WH-02,partial
PO-000523,SUP-121,PO-7715-3906,515,63,2026-07-31,WH-01,accepted
PO-000524,SUP-008,IN-8321-3154,138,860,2026-07-23,WH-01,accepted
PO-000525,SUP-194,PO-8490-2373,502,762,2026-07-19,WH-01,accepted
PO-000526,SUP-076,FL-9630-4090,579,923,2026-07-10,WH-02,accepted
PO-000527,SUP-045,PO-4203-1878,498,262,2026-07-30,WH-02,accepted
PO-000528,SUP-180,PO-8609-527,461,869,2026-07-21,WH-02,pending
PO-000529,SUP-169,PO-5623-3239,406,329,2026-07-27,WH-01,accepted
PO-000530,SUP-080,IN-6568-2856,247,536,2026-07-23,WH-01,pending
PO-000531,SUP-189,PO-8149-4629,182,731,2026-07-20,WH-01,partial
PO-000532,SUP-133,CH-6662-2971,455,479,2026-07-23,WH-01,accepted
PO-000533,SUP-153,IN-4636-1539,744,282,2026-07-19,WH-01,accepted
PO-000534,SUP-008,IN-8313-2187,740,694,2026-07-18,WH-01,accepted
PO-000535,SUP-138,IN-1382-1179,630,164,2026-07-29,WH-02,pending
PO-000536,SUP-132,CH-1407-057,659,899,2026-07-24,WH-01,pending
PO-000537,SUP-153,EL-9682-463,706,200,2026-07-09,WH-02,partial
PO-000538,SUP-095,EL-2810-4466,427,826,2026-07-10,WH-01,accepted
PO-000539,SUP-137,PO-3414-514,210,187,2026-07-28,WH-02,accepted
PO-000540,SUP-048,IN-9632-2551,679,588,2026-07-26,WH-02,accepted
PO-000541,SUP-138,PO-5462-3535,68,148,2026-07-20,WH-02,accepted
PO-000542,SUP-049,PO-6682-3316,884,41,2026-07-06,WH-02,pending
PO-000543,SUP-061,FL-2601-2876,87,968,2026-08-03,WH-01,accepted
PO-000544,SUP-082,EL-9153-2792,141,757,2026-07-06,WH-02,pending
PO-000545,SUP-013,PO-5160-3300,222,727,2026-07-13,WH-02,pending
PO-000546,SUP-103,FL-5101-2732,715,375,2026-08-02,WH-01,pending
PO-000547,SUP-137,IN-2617-3242,736,342,2026-08-06,WH-01,partial
PO-000548,SUP-048,IN-2285-3756,474,182,2026-07-06,WH-02,accepted
PO-000549,SUP-100,CH-3932-043,193,909,2026-07-25,WH-01,accepted
PO-000550,SUP-007,FL-8547-4270,617,759,2026-07-19,WH-01,pending
PO-000551,SUP-010,PO-9174-3033,296,637,2026-07-27,WH-01,pending
PO-000552,SUP-076,EL-4358-3394,181,410,2026-07-04,WH-01,partial
PO-000553,SUP-186,CH-3729-2988,653,500,2026-07-14,WH-01,partial
PO-000554,SUP-183,EL-6017-2979,66,862,2026-07-27,WH-02,partial
PO-000555,SUP-010,CH-8482-4089,675,944,2026-07-28,WH-02,accepted
PO-000556,SUP-051,CH-5403-1249,909,743,2026-07-25,WH-01,pending
PO-000557,SUP-131,PO-6058-4110,638,281,2026-07-12,WH-01,pending
PO-000558,SUP-190,PO-7392-2371,317,293,2026-08-04,WH-02,pending
PO-000559,SUP-038,IN-3598-3243,320,939,2026-07-06,WH-02,partial
PO-000560,SUP-144,FL-5150-599,559,361,2026-07-27,WH-01,accepted
PO-000561,SUP-064,EL-5146-2464,429,371,2026-07-19,WH-01,partial
PO-000562,SUP-058,FL-6140-1363,247,955,2026-07-14,WH-02,partial
PO-000563,SUP-193,IN-6351-2391,53,795,2026-08-04,WH-01,accepted
PO-000564,SUP-040,EL-2485-3435,304,448,2026-07-09,WH-02,accepted
PO-000565,SUP-171,FL-6676-2574,149,684,2026-07-31,WH-02,accepted
PO-000566,SUP-196,EL-3494-4902,137,685,2026-08-02,WH-02,accepted
PO-000567,SUP-100,IN-1796-2559,213,221,2026-08-07,WH-02,partial
PO-000568,SUP-035,FL-9044-4730,788,804,2026-07-15,WH-02,partial
PO-000569,SUP-044,EL-1152-3955,510,142,2026-08-05,WH-02,accepted
PO-000570,SUP-053,CH-6970-496,270,773,2026-07-10,WH-01,partial
PO-000571,SUP-009,CH-7485-970,194,780,2026-08-02,WH-02,accepted
PO-000572,SUP-154,CH-2806-4610,149,86,2026-07-14,WH-01,accepted
PO-000573,SUP-026,PO-4030-1558,643,219,2026-07-05,WH-01,partial
PO-000574,SUP-100,PO-6853-1379,818,836,2026-07-04,WH-02,pending
PO-000575,SUP-116,EL-4547-4265,314,162,2026-07-14,WH-02,accepted
PO-000576,SUP-045,CH-9918-4271,674,882,2026-07-27,WH-02,partial
PO-000577,SUP-087,IN-2516-3872,247,229,2026-08-07,WH-01,pending
PO-000578,SUP-191,FL-5783-2517,516,919,2026-07-16,WH-01,accepted
PO-000579,SUP-137,EL-7363-1671,899,778,2026-07-18,WH-02,accepted
PO-000580,SUP-168,IN-7501-2994,831,668,2026-07-13,WH-01,accepted
PO-000581,SUP-130,IN-8118-1655,487,93,2026-08-01,WH-01,accepted
PO-000582,SUP-043,IN-1707-2549,383,912,2026-07-22,WH-01,pending
PO-000583,SUP-136,CH-9211-2134,93,137,2026-07-10,WH-01,accepted
PO-000584,SUP-001,IN-9707-3131,721,208,2026-08-06,WH-01,partial
PO-000585,SUP-106,EL-1685-1741,67,928,2026-07-28,WH-01,pending
PO-000586,SUP-193,FL-9210-1682,67,195,2026-07-09,WH-02,pending
PO-000587,SUP-167,FL-9499-3621,469,449,2026-07-30,WH-01,accepted
PO-000588,SUP-084,CH-7756-1200,610,867,2026-07-27,WH-01,pending
PO-000589,SUP-102,EL-1689-4006,461,414,2026-07-20,WH-01,accepted
PO-000590,SUP-002,EL-8394-2587,217,581,2026-07-22,WH-02,partial
PO-000591,SUP-066,PO-6877-1966,800,408,2026-07-16,WH-01,pending
PO-000592,SUP-041,CH-9999-2870,606,804,2026-07-06,WH-01,pending
PO-000593,SUP-159,EL-8324-3692,98,952,2026-07-26,WH-02,pending
PO-000594,SUP-030,EL-9642-2143,371,260,2026-07-07,WH-01,partial
PO-000595,SUP-127,FL-5856-3772,330,829,2026-07-21,WH-01,accepted
PO-000596,SUP-141,PO-1028-2086,734,187,2026-07-17,WH-02,accepted
PO-000597,SUP-156,FL-2115-558,424,940,2026-07-21,WH-01,accepted
PO-000598,SUP-138,EL-9180-1541,487,338,2026-07-13,WH-01,accepted
PO-000599,SUP-194,CH-4348-995,254,942,2026-07-26,WH-01,accepted
PO-000600,SUP-075,CH-9840-3136,962,277,2026-07-11,WH-01,accepted
PO-000601,SUP-185,EL-8440-3311,91,66,2026-07-19,WH-02,accepted
PO-000602,SUP-109,CH-6373-2750,488,919,2026-07-15,WH-01,pending
PO-000603,SUP-168,PO-1534-1178,925,298,2026-07-17,WH-01,partial
PO-000604,SUP-103,CH-6081-4470,200,716,2026-07-07,WH-01,accepted
PO-000605,SUP-150,PO-4535-1578,740,241,2026-07-22,WH-01,pending
PO-000606,SUP-073,PO-7415-2067,629,397,2026-07-15,WH-02,accepted
PO-000607,SUP-034,IN-2194-657,638,979,2026-07-10,WH-02,pending
PO-000608,SUP-061,EL-5706-4345,401,893,2026-07-07,WH-01,partial
PO-000609,SUP-089,EL-5685-1262,176,537,2026-07-14,WH-02,pending
PO-000610,SUP-151,EL-4751-1289,700,752,2026-07-20,WH-01,accepted
PO-000611,SUP-086,FL-2409-4633,141,323,2026-08-04,WH-01,partial
PO-000612,SUP-012,EL-1097-623,595,819,2026-08-05,WH-02,accepted
PO-000613,SUP-003,CH-5710-1440,84,357,2026-08-04,WH-01,accepted
PO-000614,SUP-140,IN-1565-2835,158,446,2026-07-10,WH-01,accepted
PO-000615,SUP-180,PO-1390-720,56,565,2026-07-04,WH-02,pending
PO-000616,SUP-103,EL-5544-1255,274,490,2026-07-26,WH-01,accepted
PO-000617,SUP-188,PO-4253-1783,580,991,2026-08-02,WH-01,partial
PO-000618,SUP-164,PO-5602-312,785,920,2026-07-31,WH-02,pending
PO-000619,SUP-034,IN-3587-1862,770,292,2026-07-31,WH-02,partial
PO-000620,SUP-004,PO-9700-4360,160,411,2026-07-16,WH-02,pending
PO-000621,SUP-072,IN-1707-2549,682,777,2026-07-24,WH-01,accepted
PO-000622,SUP-168,IN-3933-4533,645,332,2026-07-11,WH-02,accepted
PO-000623,SUP-027,CH-6577-932,165,388,2026-07-05,WH-01,accepted
PO-000624,SUP-100,CH-8118-973,102,993,2026-08-05,WH-01,pending
PO-000625,SUP-065,IN-5362-3644,56,184,2026-08-07,WH-01,pending
PO-000626,SUP-112,PO-4224-1027,955,443,2026-07-09,WH-01,accepted
PO-000627,SUP-082,IN-2750-3885,148,244,2026-07-19,WH-02,accepted
PO-000628,SUP-169,EL-8262-1276,628,995,2026-07-18,WH-02,partial
PO-000629,SUP-037,PO-2702-3458,53,99,2026-08-06,WH-02,accepted
PO-000630,SUP-088,PO-6547-4014,599,299,2026-07-22,WH-02,partial
PO-000631,SUP-183,PO-1922-2963,550,981,2026-07-17,WH-01,accepted
PO-000632,SUP-146,IN-5370-4762,814,772,2026-07-15,WH-02,accepted
PO-000633,SUP-045,IN-4574-2072,137,851,2026-07-18,WH-01,partial
PO-000634,SUP-058,FL-9628-2476,695,459,2026-07-31,WH-02,partial
PO-000635,SUP-082,FL-8066-866,499,801,2026-08-02,WH-02,accepted
PO-000636,SUP-009,IN-3633-501,780,924,2026-08-02,WH-01,accepted
PO-000637,SUP-106,IN-2617-3242,863,476,2026-07-18,WH-01,partial
PO-000638,SUP-105,PO-9798-846,496,507,2026-07-13,WH-01,partial
PO-000639,SUP-165,EL-5603-4806,337,42,2026-07-28,WH-02,accepted
PO-000640,SUP-179,PO-3620-3783,630,399,2026-07-20,WH-01,accepted
PO-000641,SUP-034,EL-9574-2796,769,196,2026-07-28,WH-02,pending
PO-000642,SUP-038,CH-8931-1946,381,884,2026-07-06,WH-02,accepted
PO-000643,SUP-173,IN-2776-1601,899,728,2026-07-16,WH-02,accepted
PO-000644,SUP-098,IN-1909-744,247,587,2026-07-09,WH-02,accepted
PO-000645,SUP-084,CH-4425-2981,807,696,2026-07-05,WH-02,accepted
PO-000646,SUP-112,IN-1199-4858,752,776,2026-07-22,WH-01,pending
PO-000647,SUP-088,PO-3937-4989,416,628,2026-07-05,WH-02,accepted
PO-000648,SUP-003,IN-6587-1972,472,65,2026-07-26,WH-02,pending
PO-000649,SUP-120,IN-2750-3885,237,257,2026-07-07,WH-02,pending
PO-000650,SUP-073,FL-8203-1058,56,679,2026-07-21,WH-01,accepted
PO-000651,SUP-033,IN-9265-119,433,576,2026-07-23,WH-02,accepted
PO-000652,SUP-011,PO-8239-1610,596,415,2026-07-08,WH-01,accepted
PO-000653,SUP-061,CH-1101-4859,655,131,2026-07-24,WH-01,accepted
PO-000654,SUP-025,PO-9736-3871,812,295,2026-07-16,WH-01,partial
PO-000655,SUP-199,CH-6479-2845,242,593,2026-07-22,WH-02,accepted
PO-000656,SUP-162,CH-2040-4645,289,416,2026-08-03,WH-01,accepted
PO-000657,SUP-138,EL-3702-631,619,224,2026-07-18,WH-01,pending
PO-000658,SUP-135,IN-6006-048,459,643,2026-07-18,WH-01,partial
PO-000659,SUP-144,PO-5882-3490,683,913,2026-07-27,WH-02,accepted
PO-000660,SUP-158,IN-8200-1263,746,116,2026-07-08,WH-01,accepted
PO-000661,SUP-075,EL-4741-4384,483,167,2026-07-23,WH-02,accepted
PO-000662,SUP-093,FL-4126-3162,767,912,2026-07-31,WH-01,pending
PO-000663,SUP-054,EL-7015-1474,594,183,2026-08-07,WH-02,partial
PO-000664,SUP-112,IN-9877-1728,440,68,2026-07-25,WH-01,pending
PO-000665,SUP-023,CH-6170-924,177,560,2026-07-14,WH-01,pending
PO-000666,SUP-031,EL-8895-3891,525,48,2026-07-12,WH-01,accepted
PO-000667,SUP-110,CH-1146-4640,180,369,2026-07-12,WH-02,accepted
PO-000668,SUP-017,IN-2194-076,341,369,2026-07-13,WH-01,accepted
PO-000669,SUP-007,CH-4911-3369,989,854,2026-07-14,WH-01,pending
PO-000670,SUP-056,EL-5458-4941,916,560,2026-07-28,WH-02,partial
PO-000671,SUP-197,CH-8957-085,353,292,2026-07-17,WH-02,accepted
PO-000672,SUP-177,FL-4781-1197,924,692,2026-07-14,WH-02,accepted
PO-000673,SUP-189,IN-9423-1145,850,878,2026-07-09,WH-01,accepted
PO-000674,SUP-049,PO-3295-4548,817,165,2026-07-24,WH-01,accepted
PO-000675,SUP-097,PO-1640-2420,966,530,2026-08-03,WH-01,accepted
PO-000676,SUP-011,EL-4719-2389,194,752,2026-07-15,WH-01,pending
PO-000677,SUP-097,CH-9028-4036,160,517,2026-07-24,WH-01,partial
PO-000678,SUP-090,CH-3051-533,645,640,2026-07-19,WH-01,pending
PO-000679,SUP-150,EL-1084-4570,53,394,2026-07-09,WH-01,accepted
PO-000680,SUP-094,FL-7731-408,256,94,2026-07-25,WH-02,accepted
PO-000681,SUP-109,IN-5600-3944,798,889,2026-08-07,WH-02,accepted
PO-000682,SUP-162,CH-9021-1315,306,213,2026-07-20,WH-02,pending
PO-000683,SUP-045,CH-4900-1310,402,648,2026-07-19,WH-02,pending
PO-000684,SUP-181,PO-1433-440,602,532,2026-07-07,WH-02,pending
PO-000685,SUP-056,CH-3029-2194,341,619,2026-08-01,WH-01,partial
PO-000686,SUP-091,FL-9061-2028,889,459,2026-07-19,WH-01,accepted
PO-000687,SUP-183,CH-8511-2356,540,319,2026-07-10,WH-02,accepted
PO-000688,SUP-183,CH-9338-4066,421,808,2026-08-06,WH-02,pending
PO-000689,SUP-085,EL-2914-622,594,647,2026-07-20,WH-01,accepted
PO-000690,SUP-128,FL-7441-3110,192,868,2026-07-05,WH-02,accepted
PO-000691,SUP-122,PO-8397-001,672,272,2026-08-07,WH-01,accepted
PO-000692,SUP-049,CH-6264-1538,941,396,2026-07-06,WH-01,accepted
PO-000693,SUP-008,EL-1700-3290,127,518,2026-07-25,WH-02,accepted
PO-000694,SUP-112,FL-3855-3799,199,231,2026-07-04,WH-02,partial
PO-000695,SUP-115,EL-9735-699,654,505,2026-07-12,WH-02,accepted
PO-000696,SUP-110,FL-3028-4847,439,38,2026-07-12,WH-02,accepted
PO-000697,SUP-061,CH-3502-1338,63,647,2026-07-31,WH-01,accepted
PO-000698,SUP-099,CH-3302-4031,573,127,2026-07-16,WH-02,pending
PO-000699,SUP-048,FL-1178-1506,125,909,2026-07-15,WH-02,pending
PO-000700,SUP-130,CH-2635-1451,406,250,2026-07-18,WH-01,partial
PO-000701,SUP-037,PO-1595-1632,982,960,2026-07-25,WH-01,accepted
PO-000702,SUP-120,EL-8961-1201,874,932,2026-07-26,WH-02,pending
PO-000703,SUP-110,PO-6148-343,133,570,2026-07-10,WH-01,pending
PO-000704,SUP-132,EL-1418-1719,155,488,2026-07-19,WH-02,pending
PO-000705,SUP-011,PO-3426-901,978,382,2026-07-07,WH-02,partial
PO-000706,SUP-150,IN-4069-4377,666,403,2026-08-01,WH-02,pending
PO-000707,SUP-195,IN-5405-4616,580,715,2026-08-06,WH-02,accepted
PO-000708,SUP-018,IN-6998-4105,436,848,2026-07-17,WH-02,accepted
PO-000709,SUP-079,IN-7126-716,311,201,2026-07-19,WH-01,accepted
PO-000710,SUP-112,EL-7022-058,447,649,2026-07-21,WH-01,accepted
PO-000711,SUP-039,PO-7672-2060,576,699,2026-07-10,WH-01,pending
PO-000712,SUP-041,FL-7415-2582,124,296,2026-07-10,WH-02,partial
PO-000713,SUP-063,IN-7074-2294,716,646,2026-07-23,WH-02,accepted
PO-000714,SUP-002,CH-7121-2970,487,880,2026-07-06,WH-01,partial
PO-000715,SUP-101,PO-9594-3634,437,548,2026-07-28,WH-01,partial
PO-000716,SUP-187,EL-5919-1112,141,433,2026-07-10,WH-02,partial
PO-000717,SUP-036,EL-9153-2792,657,792,2026-07-09,WH-02,partial
PO-000718,SUP-037,CH-1118-713,167,687,2026-07-15,WH-02,accepted
PO-000719,SUP-116,FL-5597-2698,798,672,2026-08-05,WH-01,pending
PO-000720,SUP-054,EL-5482-095,834,526,2026-07-17,WH-01,accepted
PO-000721,SUP-023,IN-7414-729,231,960,2026-07-13,WH-02,pending
PO-000722,SUP-075,CH-5988-3343,662,200,2026-07-18,WH-02,pending
PO-000723,SUP-066,EL-9895-1026,487,508,2026-07-10,WH-02,partial
PO-000724,SUP-131,CH-1513-3220,849,81,2026-07-11,WH-01,accepted
PO-000725,SUP-015,EL-7817-2364,772,110,2026-07-26,WH-02,accepted
PO-000726,SUP-067,EL-1093-1588,432,275,2026-07-26,WH-01,accepted
PO-000727,SUP-171,IN-7615-4340,390,85,2026-07-15,WH-02,accepted
PO-000728,SUP-197,CH-4348-995,880,680,2026-07-25,WH-01,partial
PO-000729,SUP-112,EL-1177-2901,479,532,2026-07-20,WH-01,partial
PO-000730,SUP-153,PO-2360-3170,232,387,2026-07-09,WH-01,pending
PO-000731,SUP-019,EL-5352-2536,921,753,2026-07-27,WH-02,accepted
PO-000732,SUP-133,PO-6137-4940,528,135,2026-07-19,WH-02,accepted
PO-000733,SUP-197,EL-5798-1130,702,811,2026-07-07,WH-01,accepted
PO-000734,SUP-134,FL-1081-4617,260,459,2026-07-24,WH-02,pending
PO-000735,SUP-085,CH-8620-2798,941,156,2026-08-07,WH-01,accepted
PO-000736,SUP-194,PO-4320-4376,298,310,2026-07-18,WH-02,accepted
PO-000737,SUP-016,FL-5597-2698,990,56,2026-07-17,WH-02,accepted
PO-000738,SUP-080,CH-1169-598,252,753,2026-07-08,WH-02,partial
PO-000739,SUP-075,EL-2495-3454,687,869,2026-07-09,WH-01,partial
PO-000740,SUP-022,FL-5847-1251,617,811,2026-07-09,WH-02,pending
PO-000741,SUP-034,EL-8173-4318,379,36,2026-07-15,WH-02,partial
PO-000742,SUP-180,CH-7353-244,108,712,2026-07-22,WH-02,accepted
PO-000743,SUP-133,EL-1468-2085,648,794,2026-07-28,WH-01,accepted
PO-000744,SUP-137,FL-5374-459,644,36,2026-07-31,WH-02,partial
PO-000745,SUP-172,IN-8318-1138,391,468,2026-07-25,WH-01,partial
PO-000746,SUP-069,IN-3772-1434,263,965,2026-08-02,WH-01,partial
PO-000747,SUP-030,FL-4192-2050,610,181,2026-08-02,WH-01,accepted
PO-000748,SUP-142,EL-6401-425,422,569,2026-07-15,WH-01,pending
PO-000749,SUP-045,PO-7806-2481,618,208,2026-08-02,WH-02,partial
PO-000750,SUP-084,EL-4078-4892,442,77,2026-07-31,WH-02,accepted
PO-000751,SUP-185,PO-7573-2133,650,673,2026-07-05,WH-02,accepted
PO-000752,SUP-078,EL-6086-2170,804,336,2026-07-29,WH-02,accepted
PO-000753,SUP-107,FL-5391-693,504,971,2026-07-13,WH-01,accepted
PO-000754,SUP-013,IN-4031-2873,591,936,2026-07-20,WH-01,pending
PO-000755,SUP-128,EL-6006-2911,721,39,2026-07-08,WH-01,pending
PO-000756,SUP-115,PO-1707-3192,405,593,2026-07-17,WH-02,accepted
PO-000757,SUP-003,FL-5280-182,682,981,2026-07-08,WH-01,accepted
PO-000758,SUP-187,CH-4084-2079,648,801,2026-07-10,WH-02,accepted
PO-000759,SUP-001,PO-7192-2623,273,849,2026-07-10,WH-02,partial
PO-000760,SUP-073,EL-9642-2143,812,244,2026-07-10,WH-01,accepted
PO-000761,SUP-060,CH-9719-582,967,998,2026-07-14,WH-01,accepted
PO-000762,SUP-135,EL-1250-2753,275,977,2026-07-27,WH-01,accepted
PO-000763,SUP-115,CH-8189-1155,812,673,2026-07-16,WH-02,accepted
PO-000764,SUP-152,EL-4881-379,258,388,2026-07-27,WH-01,partial
PO-000765,SUP-051,PO-4030-1558,201,969,2026-07-26,WH-02,accepted
PO-000766,SUP-102,EL-4229-3928,921,861,2026-07-22,WH-01,pending
PO-000767,SUP-195,FL-3704-4220,859,677,2026-07-20,WH-02,pending
PO-000768,SUP-195,CH-7183-4413,511,710,2026-08-07,WH-01,accepted
PO-000769,SUP-125,EL-4061-3714,608,155,2026-07-11,WH-02,partial
PO-000770,SUP-021,CH-3333-2169,555,81,2026-08-07,WH-02,pending
PO-000771,SUP-039,EL-7081-1904,938,433,2026-07-10,WH-01,accepted
PO-000772,SUP-160,IN-8216-1772,798,591,2026-08-02,WH-01,pending
PO-000773,SUP-118,PO-7962-4661,520,620,2026-07-15,WH-02,pending
PO-000774,SUP-113,FL-6863-767,367,328,2026-07-26,WH-02,pending
PO-000775,SUP-047,CH-2916-3797,668,697,2026-08-07,WH-01,accepted
PO-000776,SUP-178,EL-9058-2711,291,674,2026-07-25,WH-01,partial
PO-000777,SUP-048,PO-9826-2978,895,174,2026-07-29,WH-01,accepted
PO-000778,SUP-066,IN-7695-1566,468,940,2026-07-16,WH-01,partial
PO-000779,SUP-038,EL-8324-3692,800,165,2026-07-06,WH-01,pending
PO-000780,SUP-185,FL-1132-2556,333,57,2026-07-08,WH-02,accepted
PO-000781,SUP-014,FL-6738-3133,510,550,2026-07-20,WH-02,pending
PO-000782,SUP-171,FL-4525-2164,187,213,2026-07-11,WH-01,partial
PO-000783,SUP-055,CH-5750-3067,410,942,2026-07-27,WH-02,partial
PO-000784,SUP-019,EL-9499-1835,366,444,2026-07-29,WH-01,accepted
PO-000785,SUP-116,CH-8433-3504,240,963,2026-07-23,WH-02,pending
PO-000786,SUP-179,IN-4853-1531,489,844,2026-07-08,WH-02,accepted
PO-000787,SUP-088,CH-7998-1751,839,968,2026-07-11,WH-02,accepted
PO-000788,SUP-004,EL-2797-039,672,663,2026-07-10,WH-02,partial
PO-000789,SUP-124,IN-1532-4207,304,732,2026-07-24,WH-02,partial
PO-000790,SUP-200,IN-6985-3004,636,725,2026-07-20,WH-01,accepted
PO-000791,SUP-128,FL-5292-1025,984,903,2026-08-04,WH-02,pending
PO-000792,SUP-111,EL-3946-3321,934,797,2026-07-11,WH-02,pending
PO-000793,SUP-142,CH-5580-4255,239,570,2026-07-29,WH-01,pending
PO-000794,SUP-107,PO-7229-4293,518,441,2026-07-26,WH-01,accepted
PO-000795,SUP-098,IN-2704-3397,512,569,2026-07-24,WH-02,partial
PO-000796,SUP-039,EL-4751-1289,242,235,2026-07-22,WH-01,accepted
PO-000797,SUP-051,PO-6826-2368,289,962,2026-07-25,WH-02,pending
PO-000798,SUP-055,FL-3257-3584,290,532,2026-07-26,WH-01,accepted
PO-000799,SUP-045,FL-4926-203,511,240,2026-07-09,WH-01,accepted
PO-000800,SUP-179,PO-6075-461,250,631,2026-07-23,WH-01,accepted
PO-000801,SUP-030,CH-6302-063,368,957,2026-07-29,WH-02,accepted
PO-000802,SUP-114,CH-6738-4189,391,321,2026-07-09,WH-02,accepted
PO-000803,SUP-157,FL-5527-4965,59,732,2026-07-08,WH-01,partial
PO-000804,SUP-122,IN-1071-4824,800,723,2026-07-17,WH-01,accepted
PO-000805,SUP-003,EL-5641-2286,92,710,2026-07-06,WH-01,accepted
PO-000806,SUP-107,PO-9837-4119,640,325,2026-07-15,WH-01,partial
PO-000807,SUP-140,EL-5034-2610,943,246,2026-07-27,WH-01,pending
PO-000808,SUP-168,CH-8413-3600,581,300,2026-07-13,WH-01,pending
PO-000809,SUP-079,CH-3099-2733,600,242,2026-08-06,WH-01,partial
PO-000810,SUP-137,IN-9287-3715,707,900,2026-07-22,WH-01,partial
PO-000811,SUP-175,CH-9744-2226,446,229,2026-08-02,WH-02,partial
PO-000812,SUP-165,PO-1147-1780,516,285,2026-07-13,WH-02,accepted
PO-000813,SUP-170,PO-8275-1099,208,269,2026-07-25,WH-02,accepted
PO-000814,SUP-086,FL-7906-1943,274,723,2026-07-24,WH-02,pending
PO-000815,SUP-191,IN-9842-4367,264,538,2026-07-27,WH-02,accepted
PO-000816,SUP-111,IN-7553-809,720,956,2026-08-07,WH-01,partial
PO-000817,SUP-158,FL-5024-3917,672,459,2026-07-14,WH-02,partial
PO-000818,SUP-167,FL-5479-4950,280,706,2026-07-19,WH-01,accepted
PO-000819,SUP-177,PO-5511-4457,275,413,2026-07-21,WH-02,partial
PO-000820,SUP-173,EL-5596-4179,351,560,2026-07-31,WH-01,partial
PO-000821,SUP-166,FL-6761-3134,664,679,2026-07-29,WH-02,partial
PO-000822,SUP-073,PO-1442-2479,904,231,2026-07-17,WH-02,partial
PO-000823,SUP-006,FL-5391-693,983,569,2026-07-20,WH-02,accepted
PO-000824,SUP-014,FL-5865-4705,454,941,2026-08-02,WH-02,partial
PO-000825,SUP-175,FL-9210-1682,467,304,2026-07-26,WH-02,accepted
PO-000826,SUP-002,IN-1601-4212,944,328,2026-07-06,WH-01,pending
PO-000827,SUP-067,PO-7154-1354,897,591,2026-07-14,WH-02,accepted
PO-000828,SUP-023,PO-7517-4739,424,125,2026-08-04,WH-02,accepted
PO-000829,SUP-170,PO-9948-3755,812,409,2026-08-02,WH-01,partial
PO-000830,SUP-100,PO-7409-2839,993,620,2026-07-16,WH-02,pending
PO-000831,SUP-120,PO-9878-4408,255,259,2026-07-24,WH-02,accepted
PO-000832,SUP-078,CH-8993-1586,248,610,2026-07-18,WH-01,accepted
PO-000833,SUP-068,FL-8761-491,593,170,2026-07-24,WH-02,accepted
PO-000834,SUP-150,PO-8606-1821,532,897,2026-07-19,WH-01,accepted
PO-000835,SUP-196,CH-3147-3006,489,977,2026-07-27,WH-02,accepted
PO-000836,SUP-135,IN-2158-2741,565,222,2026-07-28,WH-02,pending
PO-000837,SUP-116,IN-8282-1459,644,418,2026-07-04,WH-02,accepted
PO-000838,SUP-066,PO-1124-4264,59,209,2026-07-27,WH-02,partial
PO-000839,SUP-011,CH-7509-452,679,586,2026-07-13,WH-01,partial
PO-000840,SUP-078,PO-2381-2469,978,644,2026-07-29,WH-02,partial
PO-000841,SUP-169,CH-2131-4745,445,175,2026-08-07,WH-01,pending
PO-000842,SUP-092,PO-7543-4008,937,353,2026-07-06,WH-01,accepted
PO-000843,SUP-053,FL-8612-4894,52,226,2026-07-08,WH-01,accepted
PO-000844,SUP-026,EL-2427-4572,114,717,2026-07-12,WH-01,pending
PO-000845,SUP-143,EL-7363-1671,89,597,2026-08-01,WH-01,accepted
PO-000846,SUP-053,CH-7979-4235,571,358,2026-07-30,WH-02,partial
PO-000847,SUP-065,EL-2592-1243,239,888,2026-07-24,WH-01,accepted
PO-000848,SUP-095,EL-5610-1280,841,457,2026-07-11,WH-01,partial
PO-000849,SUP-078,CH-4083-2495,161,890,2026-08-01,WH-02,accepted
PO-000850,SUP-051,IN-2581-1194,706,553,2026-07-15,WH-02,pending
PO-000851,SUP-031,IN-8440-4866,353,841,2026-07-29,WH-02,accepted
PO-000852,SUP-051,IN-2729-1819,270,176,2026-07-12,WH-01,accepted
PO-000853,SUP-149,FL-8889-1204,816,807,2026-08-05,WH-01,pending
PO-000854,SUP-116,PO-4127-1714,923,747,2026-08-01,WH-01,pending
PO-000855,SUP-008,PO-7419-4206,162,424,2026-08-07,WH-01,accepted
PO-000856,SUP-054,PO-6261-1428,392,111,2026-07-09,WH-02,accepted
PO-000857,SUP-047,EL-5930-1304,269,473,2026-07-06,WH-01,partial
PO-000858,SUP-150,CH-6162-3905,790,320,2026-07-06,WH-02,partial
PO-000859,SUP-085,PO-2315-2762,254,774,2026-07-06,WH-02,partial
PO-000860,SUP-103,IN-9454-4720,534,850,2026-07-05,WH-02,accepted
PO-000861,SUP-182,CH-3033-1791,995,269,2026-07-08,WH-02,accepted
PO-000862,SUP-018,CH-7121-2970,906,166,2026-07-04,WH-02,accepted
PO-000863,SUP-197,CH-1232-1829,518,853,2026-07-10,WH-02,accepted
PO-000864,SUP-076,PO-3190-221,320,289,2026-08-03,WH-02,partial
PO-000865,SUP-056,IN-5522-2195,902,453,2026-07-08,WH-01,accepted
PO-000866,SUP-092,FL-1213-3954,659,207,2026-07-28,WH-02,partial
PO-000867,SUP-194,CH-4425-1968,85,251,2026-07-14,WH-01,accepted
PO-000868,SUP-146,PO-8907-3365,487,567,2026-07-17,WH-02,accepted
PO-000869,SUP-111,IN-1300-1433,308,820,2026-07-10,WH-02,pending
PO-000870,SUP-065,FL-6201-2203,713,604,2026-07-25,WH-02,accepted
PO-000871,SUP-187,FL-9168-2009,108,566,2026-08-01,WH-01,partial
PO-000872,SUP-008,PO-5179-4980,353,684,2026-07-20,WH-02,partial
PO-000873,SUP-099,FL-5329-1543,995,59,2026-07-24,WH-01,pending
PO-000874,SUP-073,EL-4483-1140,133,183,2026-07-19,WH-02,partial
PO-000875,SUP-114,EL-6298-1846,298,222,2026-07-18,WH-01,pending
PO-000876,SUP-147,FL-2166-4919,553,686,2026-07-18,WH-02,partial
PO-000877,SUP-006,IN-2750-3885,428,292,2026-08-03,WH-02,partial
PO-000878,SUP-130,FL-7277-098,584,662,2026-07-27,WH-01,pending
PO-000879,SUP-125,PO-7426-475,244,280,2026-07-20,WH-01,partial
PO-000880,SUP-061,FL-9229-487,620,153,2026-07-18,WH-02,accepted
PO-000881,SUP-163,EL-7475-4063,294,287,2026-07-11,WH-02,pending
PO-000882,SUP-011,IN-2451-480,420,59,2026-07-18,WH-02,partial
PO-000883,SUP-133,CH-4178-091,342,584,2026-07-06,WH-01,partial
PO-000884,SUP-001,IN-1233-2253,283,380,2026-08-06,WH-02,partial
PO-000885,SUP-178,PO-9915-940,565,782,2026-07-19,WH-01,partial
PO-000886,SUP-115,FL-8213-411,235,302,2026-07-18,WH-01,pending
PO-000887,SUP-153,CH-5719-3232,949,458,2026-07-17,WH-01,accepted
PO-000888,SUP-163,IN-5064-3626,65,46,2026-07-26,WH-01,accepted
PO-000889,SUP-072,CH-1087-4890,180,289,2026-08-03,WH-02,pending
PO-000890,SUP-120,CH-6019-1806,643,314,2026-07-28,WH-01,accepted
PO-000891,SUP-067,IN-4886-637,294,379,2026-07-15,WH-02,accepted
PO-000892,SUP-135,IN-2532-2258,335,402,2026-07-09,WH-01,pending
PO-000893,SUP-024,PO-1041-3037,954,252,2026-07-09,WH-02,accepted
PO-000894,SUP-197,CH-5172-3070,360,105,2026-07-17,WH-02,accepted
PO-000895,SUP-125,FL-3704-4220,625,537,2026-08-04,WH-02,accepted
PO-000896,SUP-101,IN-3029-4339,158,880,2026-07-21,WH-01,accepted
PO-000897,SUP-044,EL-4781-3837,608,816,2026-08-05,WH-02,accepted
PO-000898,SUP-004,CH-8594-2318,287,226,2026-07-30,WH-02,pending
PO-000899,SUP-172,IN-8016-4007,938,131,2026-07-13,WH-01,accepted
PO-000900,SUP-077,IN-8136-4054,627,640,2026-07-29,WH-02,partial
PO-000901,SUP-028,IN-1480-902,279,340,2026-07-24,WH-01,pending
PO-000902,SUP-085,FL-6761-3134,898,623,2026-07-29,WH-01,partial
PO-000903,SUP-065,CH-1270-346,864,728,2026-07-09,WH-02,accepted
PO-000904,SUP-195,IN-1470-2312,439,163,2026-07-22,WH-02,accepted
PO-000905,SUP-102,PO-7571-3400,752,357,2026-07-20,WH-01,accepted
PO-000906,SUP-037,CH-9452-1981,604,860,2026-07-18,WH-01,partial
PO-000907,SUP-008,EL-5121-2583,906,941,2026-08-06,WH-01,accepted
PO-000908,SUP-066,IN-2158-2741,883,732,2026-07-18,WH-01,accepted
PO-000909,SUP-128,CH-1449-1954,804,58,2026-08-01,WH-01,accepted
PO-000910,SUP-147,CH-7509-2026,715,756,2026-08-04,WH-01,partial
PO-000911,SUP-031,CH-7885-2120,389,599,2026-07-14,WH-02,pending
PO-000912,SUP-096,EL-1620-2653,609,388,2026-07-11,WH-01,partial
PO-000913,SUP-013,CH-3735-2575,696,547,2026-07-15,WH-01,pending
PO-000914,SUP-181,PO-3620-3783,310,477,2026-07-31,WH-02,accepted
PO-000915,SUP-147,EL-7091-1415,600,473,2026-08-01,WH-01,accepted
PO-000916,SUP-146,IN-1521-3677,819,122,2026-07-28,WH-02,accepted
PO-000917,SUP-060,FL-4624-1389,378,259,2026-07-24,WH-01,partial
PO-000918,SUP-079,EL-3298-2039,423,61,2026-08-06,WH-01,accepted
PO-000919,SUP-154,IN-7739-4180,255,502,2026-07-27,WH-02,pending
PO-000920,SUP-014,CH-5003-3888,838,419,2026-07-20,WH-02,pending
PO-000921,SUP-165,CH-2591-4775,798,125,2026-07-14,WH-01,accepted
PO-000922,SUP-094,EL-2230-127,587,621,2026-07-04,WH-01,accepted
PO-000923,SUP-034,CH-9580-4051,311,902,2026-07-22,WH-02,accepted
PO-000924,SUP-099,EL-2027-4914,775,109,2026-07-31,WH-01,partial
PO-000925,SUP-056,FL-8074-4766,428,760,2026-07-21,WH-01,pending
PO-000926,SUP-071,PO-4124-2151,647,795,2026-07-07,WH-01,partial
PO-000927,SUP-067,FL-4823-226,63,468,2026-08-02,WH-02,accepted
PO-000928,SUP-122,PO-3122-3084,558,991,2026-08-02,WH-02,pending
PO-000929,SUP-160,CH-2596-156,439,774,2026-08-05,WH-01,accepted
PO-000930,SUP-134,FL-7713-987,988,79,2026-07-19,WH-01,accepted
PO-000931,SUP-050,IN-3365-1336,488,231,2026-08-06,WH-02,accepted
PO-000932,SUP-053,FL-9246-2886,910,983,2026-07-15,WH-02,partial
PO-000933,SUP-098,FL-5268-4535,302,1000,2026-08-04,WH-01,accepted
PO-000934,SUP-155,EL-6980-3524,533,649,2026-07-22,WH-02,accepted
PO-000935,SUP-194,IN-9342-4868,286,212,2026-07-10,WH-02,accepted
PO-000936,SUP-022,PO-8648-741,73,544,2026-07-17,WH-01,accepted
PO-000937,SUP-193,FL-8997-2998,715,140,2026-07-20,WH-01,pending
PO-000938,SUP-105,IN-3665-2524,454,76,2026-07-09,WH-02,accepted
PO-000939,SUP-156,PO-7250-1484,58,287,2026-07-04,WH-02,accepted
PO-000940,SUP-061,EL-8566-3384,444,860,2026-07-30,WH-01,accepted
PO-000941,SUP-125,IN-2488-2545,160,855,2026-07-26,WH-01,pending
PO-000942,SUP-001,FL-5879-3812,115,51,2026-07-05,WH-02,accepted
PO-000943,SUP-138,PO-3021-3149,590,303,2026-07-08,WH-02,accepted
PO-000944,SUP-194,FL-3550-3506,942,642,2026-08-05,WH-02,pending
PO-000945,SUP-182,PO-9918-3082,723,398,2026-07-30,WH-02,accepted
PO-000946,SUP-022,EL-1158-2811,776,177,2026-08-06,WH-02,pending
PO-000947,SUP-054,IN-4170-319,962,85,2026-08-07,WH-01,pending
PO-000948,SUP-154,PO-4425-516,159,271,2026-07-21,WH-01,pending
PO-000949,SUP-004,FL-4436-153,191,578,2026-07-21,WH-01,pending
PO-000950,SUP-095,CH-4867-2111,274,748,2026-07-04,WH-02,pending
PO-000951,SUP-118,EL-9765-2466,196,290,2026-07-16,WH-02,pending
PO-000952,SUP-099,CH-1742-3935,107,45,2026-08-01,WH-02,partial
PO-000953,SUP-157,EL-7737-2262,163,962,2026-07-20,WH-02,pending
PO-000954,SUP-052,CH-7756-1200,394,267,2026-07-05,WH-01,accepted
PO-000955,SUP-159,FL-9071-3581,773,382,2026-08-01,WH-02,accepted
PO-000956,SUP-143,FL-3828-4096,676,494,2026-07-26,WH-01,accepted
PO-000957,SUP-100,EL-6890-4690,976,662,2026-07-09,WH-01,accepted
PO-000958,SUP-193,CH-7171-430,831,428,2026-08-02,WH-02,pending
PO-000959,SUP-087,PO-8337-3978,739,156,2026-07-18,WH-02,pending
PO-000960,SUP-102,PO-3634-3485,338,772,2026-07-25,WH-02,accepted
PO-000961,SUP-078,FL-7106-413,113,464,2026-07-11,WH-01,accepted
PO-000962,SUP-005,FL-8657-3260,452,655,2026-07-12,WH-01,partial
PO-000963,SUP-104,FL-9003-742,984,126,2026-07-07,WH-01,partial
PO-000964,SUP-095,FL-1540-210,771,595,2026-07-22,WH-02,accepted
PO-000965,SUP-079,IN-5203-154,724,395,2026-08-02,WH-02,accepted
PO-000966,SUP-097,IN-1957-1834,738,202,2026-07-10,WH-02,accepted
PO-000967,SUP-185,FL-4650-763,827,244,2026-07-16,WH-02,accepted
PO-000968,SUP-172,EL-3193-412,75,848,2026-07-18,WH-02,accepted
PO-000969,SUP-088,PO-6375-3072,816,410,2026-07-19,WH-02,partial
PO-000970,SUP-150,FL-3681-1653,208,576,2026-08-02,WH-02,partial
PO-000971,SUP-184,IN-2276-4689,159,983,2026-07-07,WH-02,pending
PO-000972,SUP-078,PO-7760-4306,583,236,2026-08-04,WH-02,accepted
PO-000973,SUP-190,EL-8221-4769,867,365,2026-07-30,WH-02,pending
PO-000974,SUP-009,IN-4886-637,749,703,2026-08-04,WH-02,pending
PO-000975,SUP-063,FL-4577-230,980,712,2026-07-07,WH-02,partial
PO-000976,SUP-165,EL-6166-2182,979,488,2026-07-07,WH-02,accepted
PO-000977,SUP-007,PO-6617-1627,171,584,2026-07-20,WH-01,pending
PO-000978,SUP-024,EL-7125-3683,248,587,2026-07-06,WH-02,partial
PO-000979,SUP-062,FL-1312-1852,660,404,2026-07-05,WH-02,accepted
PO-000980,SUP-073,EL-6549-2804,689,176,2026-07-10,WH-01,pending
PO-000981,SUP-021,FL-7978-4244,300,161,2026-07-22,WH-01,accepted
PO-000982,SUP-187,FL-8178-171,541,597,2026-07-17,WH-02,partial
PO-000983,SUP-178,PO-6978-747,864,936,2026-07-28,WH-01,pending
PO-000984,SUP-142,IN-3059-1055,688,117,2026-07-15,WH-02,partial
PO-000985,SUP-182,EL-2867-292,721,453,2026-08-02,WH-02,accepted
PO-000986,SUP-121,CH-7040-2836,233,334,2026-07-28,WH-01,partial
PO-000987,SUP-157,CH-6365-886,191,252,2026-07-12,WH-01,pending
PO-000988,SUP-114,CH-3390-1486,783,625,2026-07-16,WH-01,pending
PO-000989,SUP-098,PO-9901-4788,708,457,2026-08-05,WH-01,partial
PO-000990,SUP-187,FL-2526-630,907,784,2026-07-11,WH-01,accepted
PO-000991,SUP-157,CH-1356-663,563,373,2026-07-17,WH-01,accepted
PO-000992,SUP-034,FL-2189-3767,250,860,2026-07-15,WH-01,accepted
PO-000993,SUP-084,CH-9964-2139,229,254,2026-08-07,WH-01,pending
PO-000994,SUP-098,FL-9211-4958,633,177,2026-07-09,WH-01,accepted
PO-000995,SUP-080,PO-6423-858,149,301,2026-07-22,WH-02,accepted
PO-000996,SUP-197,EL-1636-013,164,707,2026-07-05,WH-02,partial
PO-000997,SUP-104,EL-8394-2587,834,461,2026-07-23,WH-01,pending
PO-000998,SUP-072,CH-8993-1586,893,587,2026-07-12,WH-02,partial
PO-000999,SUP-048,FL-6159-1317,607,994,2026-08-06,WH-02,pending
PO-001000,SUP-156,PO-4012-3670,154,828,2026-08-03,WH-02,accepted
PO-001001,SUP-137,FL-3154-1466,333,492,2026-07-22,WH-01,accepted
PO-001002,SUP-029,EL-8451-2020,700,379,2026-08-07,WH-01,accepted
PO-001003,SUP-187,IN-7408-4435,628,384,2026-07-14,WH-02,accepted
PO-001004,SUP-160,IN-1278-1230,208,734,2026-07-19,WH-01,accepted
PO-001005,SUP-193,PO-4205-510,550,636,2026-07-28,WH-02,accepted
PO-001006,SUP-061,EL-7571-3086,179,609,2026-07-24,WH-02,partial
PO-001007,SUP-191,FL-1526-3548,847,973,2026-08-07,WH-01,accepted
PO-001008,SUP-094,FL-9346-3487,834,183,2026-07-12,WH-02,pending
PO-001009,SUP-154,IN-7068-877,347,892,2026-07-20,WH-01,accepted
PO-001010,SUP-030,FL-6734-4856,407,299,2026-07-07,WH-01,partial
PO-001011,SUP-071,IN-1286-2241,639,161,2026-08-02,WH-01,partial
PO-001012,SUP-186,FL-8657-3260,400,941,2026-07-16,WH-02,accepted
PO-001013,SUP-035,CH-1169-598,774,257,2026-08-01,WH-01,pending
PO-001014,SUP-059,CH-8469-234,456,822,2026-07-12,WH-02,accepted
PO-001015,SUP-143,FL-9107-2289,117,891,2026-07-11,WH-01,accepted
PO-001016,SUP-119,FL-2014-050,720,630,2026-07-27,WH-01,accepted
PO-001017,SUP-165,FL-3342-1293,607,117,2026-07-06,WH-02,accepted
PO-001018,SUP-176,PO-9594-3634,323,517,2026-07-09,WH-02,accepted
PO-001019,SUP-119,IN-3659-274,281,809,2026-07-20,WH-01,accepted
PO-001020,SUP-106,CH-9185-4979,656,123,2026-07-24,WH-02,pending
PO-001021,SUP-181,EL-7391-955,443,41,2026-07-20,WH-02,partial
PO-001022,SUP-046,PO-4124-2151,580,550,2026-07-14,WH-02,partial
PO-001023,SUP-084,FL-2189-3767,327,916,2026-07-23,WH-01,accepted
PO-001024,SUP-174,CH-3360-3421,313,231,2026-07-22,WH-02,accepted
PO-001025,SUP-107,FL-6246-1918,73,586,2026-07-28,WH-02,accepted
PO-001026,SUP-144,EL-1631-1861,988,556,2026-07-11,WH-01,accepted
PO-001027,SUP-017,CH-8865-750,476,717,2026-07-12,WH-02,pending
PO-001028,SUP-108,EL-5938-1275,229,552,2026-07-15,WH-02,accepted
PO-001029,SUP-007,FL-7875-3724,783,287,2026-07-23,WH-02,accepted
PO-001030,SUP-116,CH-9324-1574,900,311,2026-07-04,WH-02,pending
PO-001031,SUP-041,IN-8993-208,251,738,2026-07-18,WH-01,accepted
PO-001032,SUP-078,CH-7998-1751,632,818,2026-08-03,WH-02,pending
PO-001033,SUP-076,EL-4485-4225,123,976,2026-07-13,WH-01,pending
PO-001034,SUP-005,PO-9752-4263,54,245,2026-07-11,WH-02,partial
PO-001035,SUP-140,EL-8050-4934,338,759,2026-08-03,WH-01,pending
PO-001036,SUP-008,FL-5009-2220,664,585,2026-07-26,WH-01,accepted
PO-001037,SUP-074,PO-7904-092,109,39,2026-07-21,WH-01,accepted
PO-001038,SUP-130,PO-2211-2641,571,741,2026-07-05,WH-02,pending
PO-001039,SUP-144,EL-3782-4578,717,854,2026-07-24,WH-02,accepted
PO-001040,SUP-113,IN-8615-1067,929,973,2026-08-04,WH-01,partial
PO-001041,SUP-137,PO-4618-1748,786,523,2026-07-09,WH-01,accepted
PO-001042,SUP-147,CH-4986-2084,295,615,2026-07-25,WH-01,partial
PO-001043,SUP-162,CH-2702-4513,643,698,2026-07-21,WH-02,accepted
PO-001044,SUP-182,EL-1861-733,302,970,2026-08-05,WH-02,pending
PO-001045,SUP-092,PO-8139-1312,192,59,2026-07-08,WH-01,accepted
PO-001046,SUP-136,PO-6375-3072,192,969,2026-07-28,WH-01,partial
PO-001047,SUP-123,CH-8086-3514,281,446,2026-07-30,WH-02,pending
PO-001048,SUP-163,CH-3489-273,934,228,2026-07-23,WH-01,accepted
PO-001049,SUP-174,EL-4741-4384,980,244,2026-07-12,WH-02,partial
PO-001050,SUP-095,CH-9567-3816,856,577,2026-07-27,WH-02,accepted
PO-001051,SUP-051,CH-9448-3745,705,722,2026-07-23,WH-02,partial
PO-001052,SUP-136,IN-2710-3554,658,197,2026-08-04,WH-01,accepted
PO-001053,SUP-148,IN-8059-4609,796,157,2026-07-09,WH-02,partial
PO-001054,SUP-041,FL-1722-4795,292,865,2026-07-19,WH-02,pending
PO-001055,SUP-072,IN-7859-390,603,491,2026-07-22,WH-02,pending
PO-001056,SUP-021,CH-7792-4423,247,342,2026-08-06,WH-02,pending
PO-001057,SUP-174,CH-3189-4744,992,867,2026-07-11,WH-02,pending
PO-001058,SUP-023,IN-1830-3484,615,274,2026-07-06,WH-02,accepted
PO-001059,SUP-162,IN-3435-2201,526,980,2026-07-27,WH-02,pending
PO-001060,SUP-144,PO-4501-607,910,791,2026-08-03,WH-01,pending
PO-001061,SUP-112,EL-7511-4135,949,770,2026-07-16,WH-02,accepted
PO-001062,SUP-141,CH-9170-3679,884,991,2026-07-31,WH-02,accepted
PO-001063,SUP-144,EL-5365-1481,89,685,2026-07-31,WH-02,partial
PO-001064,SUP-107,CH-6105-1976,395,312,2026-07-16,WH-01,partial
PO-001065,SUP-056,FL-5733-4749,64,395,2026-07-07,WH-01,accepted
PO-001066,SUP-081,EL-2273-4663,89,849,2026-07-28,WH-02,accepted
PO-001067,SUP-135,PO-6665-2960,821,629,2026-07-14,WH-01,pending
PO-001068,SUP-143,IN-8602-3212,206,168,2026-07-26,WH-02,pending
PO-001069,SUP-155,IN-5600-3944,453,203,2026-07-13,WH-01,pending
PO-001070,SUP-060,IN-8835-4236,119,646,2026-07-27,WH-01,accepted
PO-001071,SUP-014,FL-7363-4335,239,426,2026-07-11,WH-01,partial
PO-001072,SUP-155,PO-3957-677,438,179,2026-08-07,WH-02,accepted
PO-001073,SUP-101,PO-6163-1399,847,741,2026-08-03,WH-02,partial
PO-001074,SUP-122,PO-3214-1222,807,399,2026-07-26,WH-01,accepted
PO-001075,SUP-111,IN-3565-2104,197,559,2026-07-05,WH-02,accepted
PO-001076,SUP-106,CH-7080-2142,663,446,2026-07-20,WH-02,accepted
PO-001077,SUP-015,PO-7704-2677,730,679,2026-07-05,WH-01,accepted
PO-001078,SUP-042,EL-1894-3453,416,211,2026-07-09,WH-02,accepted
PO-001079,SUP-067,CH-5667-2031,164,980,2026-08-01,WH-01,pending
PO-001080,SUP-023,EL-1215-4798,333,235,2026-08-03,WH-02,partial
PO-001081,SUP-165,EL-1572-815,281,733,2026-07-17,WH-02,pending
PO-001082,SUP-042,EL-3619-1273,319,992,2026-07-05,WH-02,partial
PO-001083,SUP-129,CH-2350-586,437,938,2026-07-17,WH-02,partial
PO-001084,SUP-060,IN-6477-4477,841,471,2026-07-23,WH-01,partial
PO-001085,SUP-003,EL-4287-2141,121,447,2026-07-07,WH-01,accepted
PO-001086,SUP-180,EL-4472-3672,549,55,2026-07-26,WH-02,pending
PO-001087,SUP-036,EL-2834-1736,972,627,2026-07-09,WH-01,accepted
PO-001088,SUP-002,PO-2451-144,939,632,2026-07-14,WH-01,accepted
PO-001089,SUP-150,CH-2086-3050,263,291,2026-07-09,WH-01,partial
PO-001090,SUP-120,PO-2633-4198,244,974,2026-07-27,WH-01,partial
PO-001091,SUP-022,CH-9690-3608,463,665,2026-07-05,WH-01,pending
PO-001092,SUP-163,PO-7806-2481,105,241,2026-07-10,WH-01,pending
PO-001093,SUP-129,FL-3578-4369,136,925,2026-07-05,WH-01,accepted
PO-001094,SUP-096,EL-3240-297,863,53,2026-07-20,WH-02,partial
PO-001095,SUP-165,EL-3345-2694,228,252,2026-07-17,WH-01,accepted
PO-001096,SUP-074,EL-8504-610,238,513,2026-08-01,WH-01,partial
PO-001097,SUP-192,PO-9524-1000,220,50,2026-07-05,WH-01,pending
PO-001098,SUP-060,IN-5356-3922,248,163,2026-08-01,WH-01,pending
PO-001099,SUP-124,PO-1595-1632,214,362,2026-07-30,WH-02,accepted
PO-001100,SUP-114,EL-1191-2480,96,923,2026-07-29,WH-02,accepted
PO-001101,SUP-037,CH-6083-102,734,889,2026-07-29,WH-01,accepted
PO-001102,SUP-171,FL-6230-4516,69,392,2026-08-07,WH-02,accepted
PO-001103,SUP-097,CH-8022-937,652,471,2026-07-24,WH-01,accepted
PO-001104,SUP-060,FL-9308-1590,790,545,2026-07-07,WH-02,accepted
PO-001105,SUP-080,CH-5751-4215,712,485,2026-07-17,WH-01,partial
PO-001106,SUP-066,CH-6120-1864,443,914,2026-07-22,WH-02,accepted
PO-001107,SUP-114,PO-9170-3828,426,780,2026-07-23,WH-02,partial
PO-001108,SUP-015,FL-9246-2886,648,744,2026-08-02,WH-02,pending
PO-001109,SUP-125,FL-9233-2478,726,651,2026-07-29,WH-01,partial
PO-001110,SUP-120,IN-3812-1242,59,707,2026-07-27,WH-02,pending
PO-001111,SUP-083,IN-8118-1655,244,40,2026-08-05,WH-02,pending
PO-001112,SUP-101,PO-7962-4661,602,241,2026-07-29,WH-01,accepted
PO-001113,SUP-147,PO-7154-1354,951,580,2026-08-03,WH-01,partial
PO-001114,SUP-062,CH-4038-772,818,243,2026-07-08,WH-01,pending
PO-001115,SUP-185,FL-7160-456,321,385,2026-07-06,WH-02,accepted
PO-001116,SUP-132,CH-1262-1427,139,756,2026-07-17,WH-02,accepted
PO-001117,SUP-178,CH-5955-4199,614,713,2026-07-06,WH-01,accepted
PO-001118,SUP-044,EL-9702-2555,125,148,2026-07-21,WH-02,accepted
PO-001119,SUP-005,IN-5048-168,295,167,2026-07-29,WH-01,partial
PO-001120,SUP-148,CH-8138-568,581,403,2026-08-04,WH-02,partial
PO-001121,SUP-180,EL-4419-3403,548,224,2026-07-10,WH-02,accepted
PO-001122,SUP-078,CH-9356-3412,303,329,2026-08-01,WH-01,accepted
PO-001123,SUP-114,EL-6713-1142,398,605,2026-07-31,WH-02,accepted
PO-001124,SUP-035,CH-6662-2971,975,769,2026-07-05,WH-02,accepted
PO-001125,SUP-017,EL-5062-1024,541,395,2026-07-18,WH-02,partial
PO-001126,SUP-066,IN-5030-2605,336,111,2026-08-02,WH-01,accepted
PO-001127,SUP-127,EL-2954-1334,204,391,2026-07-26,WH-01,accepted
PO-001128,SUP-126,FL-3654-2100,387,581,2026-08-01,WH-01,accepted
PO-001129,SUP-200,PO-3021-1039,311,775,2026-07-13,WH-02,accepted
PO-001130,SUP-099,FL-2128-3843,706,307,2026-07-31,WH-02,accepted
PO-001131,SUP-053,IN-5463-2616,338,980,2026-07-29,WH-02,accepted
PO-001132,SUP-105,EL-4393-303,971,573,2026-07-17,WH-01,accepted
PO-001133,SUP-119,PO-6331-2945,695,451,2026-07-27,WH-02,partial
PO-001134,SUP-179,FL-8930-4774,687,139,2026-07-09,WH-01,pending
PO-001135,SUP-122,IN-5880-551,827,366,2026-07-18,WH-02,pending
PO-001136,SUP-192,CH-7529-4412,777,784,2026-07-30,WH-01,accepted
PO-001137,SUP-193,EL-3860-4657,930,114,2026-07-12,WH-01,pending
PO-001138,SUP-080,IN-5343-573,888,304,2026-08-03,WH-02,partial
PO-001139,SUP-059,IN-8683-4407,177,79,2026-08-04,WH-01,accepted
PO-001140,SUP-062,CH-4344-1231,656,38,2026-07-13,WH-02,partial
PO-001141,SUP-175,EL-2525-2706,531,305,2026-07-14,WH-01,accepted
PO-001142,SUP-150,IN-8743-405,926,566,2026-08-07,WH-02,pending
PO-001143,SUP-097,IN-5278-4833,631,166,2026-07-31,WH-02,accepted
PO-001144,SUP-074,EL-3338-3766,555,36,2026-07-05,WH-02,partial
PO-001145,SUP-163,EL-3298-2039,894,395,2026-07-18,WH-01,accepted
PO-001146,SUP-049,EL-9546-4951,621,425,2026-07-24,WH-01,accepted
PO-001147,SUP-058,PO-5971-2259,944,178,2026-07-08,WH-02,partial
PO-001148,SUP-078,EL-7623-3179,896,658,2026-07-07,WH-01,partial
PO-001149,SUP-185,CH-7999-2632,835,273,2026-07-26,WH-02,pending
PO-001150,SUP-040,IN-7487-1218,247,371,2026-08-05,WH-02,pending
PO-001151,SUP-153,FL-7637-4743,974,53,2026-07-04,WH-02,pending
PO-001152,SUP-188,FL-9628-4233,316,274,2026-08-04,WH-02,partial
PO-001153,SUP-097,FL-2472-1692,847,909,2026-07-30,WH-02,accepted
PO-001154,SUP-047,EL-2734-4406,144,491,2026-07-29,WH-02,pending
PO-001155,SUP-015,FL-5391-693,734,256,2026-08-06,WH-02,accepted
PO-001156,SUP-189,CH-3049-3099,580,212,2026-08-07,WH-02,accepted
PO-001157,SUP-012,IN-5449-3207,718,124,2026-07-15,WH-01,accepted
PO-001158,SUP-181,IN-9922-4765,705,654,2026-07-19,WH-02,partial
PO-001159,SUP-192,PO-2060-1350,289,861,2026-08-06,WH-02,pending
PO-001160,SUP-170,PO-3281-1602,523,660,2026-07-25,WH-01,pending
PO-001161,SUP-186,CH-7353-244,588,417,2026-08-01,WH-01,accepted
PO-001162,SUP-030,CH-9718-2015,815,781,2026-07-05,WH-01,partial
PO-001163,SUP-191,EL-9225-1070,524,428,2026-08-01,WH-01,partial
PO-001164,SUP-183,PO-1307-1264,402,209,2026-07-19,WH-01,pending
PO-001165,SUP-058,IN-4400-3949,414,561,2026-07-12,WH-01,accepted
PO-001166,SUP-134,FL-4390-3995,169,819,2026-07-27,WH-02,pending
PO-001167,SUP-099,IN-7312-1357,759,339,2026-07-10,WH-02,accepted
PO-001168,SUP-161,IN-7470-2765,293,96,2026-07-04,WH-02,pending
PO-001169,SUP-115,PO-6757-4778,956,588,2026-07-11,WH-02,pending
PO-001170,SUP-042,EL-3839-205,385,338,2026-07-27,WH-01,accepted
PO-001171,SUP-121,CH-8756-3330,901,670,2026-08-05,WH-01,accepted
PO-001172,SUP-138,EL-5829-910,351,641,2026-07-10,WH-01,accepted
PO-001173,SUP-015,CH-8944-2683,876,734,2026-08-06,WH-02,pending
PO-001174,SUP-127,EL-2513-3602,960,471,2026-07-24,WH-01,partial
PO-001175,SUP-012,PO-9656-933,254,201,2026-07-16,WH-01,pending
PO-001176,SUP-187,IN-5085-1258,281,90,2026-07-21,WH-01,accepted
PO-001177,SUP-191,CH-7104-3286,725,329,2026-08-07,WH-02,accepted
PO-001178,SUP-177,CH-1983-1669,276,443,2026-07-14,WH-01,partial
PO-001179,SUP-139,FL-3767-1544,512,430,2026-07-16,WH-02,pending
PO-001180,SUP-165,FL-6116-3430,217,589,2026-08-02,WH-01,accepted
PO-001181,SUP-168,IN-7978-3874,572,614,2026-07-07,WH-01,pending
PO-001182,SUP-055,FL-2472-1692,248,585,2026-08-05,WH-01,pending
PO-001183,SUP-164,CH-1104-396,543,901,2026-07-16,WH-02,accepted
PO-001184,SUP-182,EL-4817-434,998,414,2026-07-10,WH-01,pending
PO-001185,SUP-115,PO-2381-2469,722,828,2026-08-01,WH-01,pending
PO-001186,SUP-080,IN-8659-512,989,55,2026-07-28,WH-02,pending
PO-001187,SUP-133,IN-4574-2072,637,748,2026-07-25,WH-02,accepted
PO-001188,SUP-071,IN-9850-3562,451,309,2026-07-17,WH-02,accepted
PO-001189,SUP-126,EL-6259-4453,719,545,2026-07-28,WH-01,accepted
PO-001190,SUP-119,CH-8689-3105,803,833,2026-08-06,WH-01,partial
PO-001191,SUP-178,CH-2157-612,647,171,2026-07-10,WH-02,pending
PO-001192,SUP-083,PO-5444-2022,341,88,2026-07-27,WH-02,accepted
PO-001193,SUP-056,CH-5786-1417,93,147,2026-07-27,WH-01,accepted
PO-001194,SUP-052,PO-8472-2727,862,872,2026-08-05,WH-02,pending
PO-001195,SUP-077,FL-2658-4810,915,132,2026-07-26,WH-02,accepted
PO-001196,SUP-089,FL-6246-1918,390,74,2026-08-02,WH-01,accepted
PO-001197,SUP-073,CH-2160-3226,571,175,2026-07-29,WH-01,accepted
PO-001198,SUP-120,PO-7940-499,812,869,2026-07-04,WH-02,accepted
PO-001199,SUP-013,EL-7808-2672,485,680,2026-08-06,WH-01,accepted
PO-001200,SUP-041,CH-8188-4644,289,360,2026-07-11,WH-02,pending
PO-001201,SUP-187,IN-7720-2786,711,120,2026-07-14,WH-02,partial
PO-001202,SUP-151,EL-8615-1657,577,155,2026-07-22,WH-01,pending
PO-001203,SUP-037,PO-6334-3526,916,123,2026-07-15,WH-01,accepted
PO-001204,SUP-017,FL-6441-2449,810,583,2026-07-06,WH-02,partial
PO-001205,SUP-091,CH-7345-4895,648,551,2026-08-05,WH-01,accepted
PO-001206,SUP-180,EL-5342-360,200,549,2026-07-11,WH-01,pending
PO-001207,SUP-145,PO-4276-2118,549,988,2026-07-31,WH-02,partial
PO-001208,SUP-059,PO-2857-3825,121,827,2026-07-27,WH-02,accepted
PO-001209,SUP-097,FL-3446-4964,836,351,2026-07-16,WH-02,pending
PO-001210,SUP-126,PO-8647-4853,944,977,2026-07-21,WH-02,accepted
PO-001211,SUP-069,EL-3598-4449,91,251,2026-07-24,WH-01,accepted
PO-001212,SUP-172,EL-9341-3968,132,708,2026-07-30,WH-01,pending
PO-001213,SUP-084,PO-4712-2744,784,499,2026-07-25,WH-02,pending
PO-001214,SUP-079,EL-1487-585,526,951,2026-07-24,WH-01,partial
PO-001215,SUP-104,CH-6577-932,647,709,2026-07-24,WH-02,partial
PO-001216,SUP-139,CH-5528-4488,345,827,2026-07-21,WH-01,accepted
PO-001217,SUP-133,FL-5108-3013,149,653,2026-07-11,WH-01,accepted
PO-001218,SUP-001,EL-9499-1835,623,182,2026-07-24,WH-01,pending
PO-001219,SUP-119,PO-6235-1922,790,135,2026-07-16,WH-02,pending
PO-001220,SUP-018,IN-9476-2783,226,201,2026-07-04,WH-01,pending
PO-001221,SUP-051,IN-8448-2871,343,87,2026-08-03,WH-02,accepted
PO-001222,SUP-008,FL-6496-438,107,856,2026-07-22,WH-01,pending
PO-001223,SUP-054,IN-9549-2471,60,353,2026-07-19,WH-02,accepted
PO-001224,SUP-114,IN-6294-2931,941,334,2026-07-27,WH-02,accepted
PO-001225,SUP-071,IN-3721-3662,215,808,2026-07-27,WH-01,accepted
PO-001226,SUP-002,IN-3031-980,371,981,2026-07-22,WH-01,partial
PO-001227,SUP-042,IN-7978-3874,282,539,2026-08-04,WH-01,partial
PO-001228,SUP-052,FL-9805-697,664,1000,2026-07-29,WH-01,accepted
PO-001229,SUP-016,EL-5922-4049,355,328,2026-08-05,WH-01,accepted
PO-001230,SUP-168,PO-3677-3842,471,542,2026-07-16,WH-02,partial
PO-001231,SUP-097,CH-8123-4486,590,958,2026-07-14,WH-01,accepted
PO-001232,SUP-052,EL-5559-494,272,159,2026-07-20,WH-02,partial
PO-001233,SUP-113,IN-1899-1332,688,544,2026-07-08,WH-02,partial
PO-001234,SUP-157,FL-9003-742,618,649,2026-07-21,WH-01,pending
PO-001235,SUP-053,IN-4514-1711,824,339,2026-07-06,WH-02,partial
PO-001236,SUP-108,EL-7788-4926,776,330,2026-07-27,WH-01,accepted
PO-001237,SUP-193,CH-3497-2342,790,470,2026-07-07,WH-01,pending
PO-001238,SUP-024,FL-9452-3939,602,282,2026-07-07,WH-01,accepted
PO-001239,SUP-098,IN-7391-787,682,765,2026-07-08,WH-01,pending
PO-001240,SUP-072,CH-3648-2785,789,568,2026-07-15,WH-01,accepted
PO-001241,SUP-051,CH-9736-2664,686,503,2026-08-03,WH-02,pending
PO-001242,SUP-007,IN-1150-4758,728,397,2026-07-06,WH-01,accepted
PO-001243,SUP-066,PO-8608-2898,589,790,2026-07-09,WH-01,pending
PO-001244,SUP-097,FL-5619-2803,82,303,2026-07-25,WH-02,accepted
PO-001245,SUP-094,CH-4535-1992,159,394,2026-08-05,WH-01,accepted
PO-001246,SUP-042,PO-3610-267,469,809,2026-07-23,WH-02,accepted
PO-001247,SUP-107,PO-2018-4253,182,148,2026-08-07,WH-02,partial
PO-001248,SUP-189,IN-5387-850,411,384,2026-07-20,WH-02,pending
PO-001249,SUP-199,EL-6654-4767,537,831,2026-07-06,WH-01,accepted
PO-001250,SUP-181,FL-5856-3772,78,155,2026-07-09,WH-02,accepted
PO-001251,SUP-111,FL-6098-601,709,945,2026-07-08,WH-02,pending
PO-001252,SUP-166,FL-6575-4372,651,302,2026-07-05,WH-01,accepted
PO-001253,SUP-001,IN-6487-107,378,139,2026-07-23,WH-02,partial
PO-001254,SUP-012,IN-1399-2459,423,222,2026-07-13,WH-02,accepted
PO-001255,SUP-194,FL-3985-3579,553,684,2026-07-08,WH-01,accepted
PO-001256,SUP-155,CH-6641-2296,870,589,2026-07-30,WH-02,pending
PO-001257,SUP-110,FL-9875-443,224,636,2026-07-26,WH-02,pending
PO-001258,SUP-007,EL-5042-1393,499,671,2026-07-11,WH-02,pending
PO-001259,SUP-150,IN-3170-2240,563,252,2026-07-09,WH-01,pending
PO-001260,SUP-036,IN-5582-4738,885,876,2026-07-14,WH-02,accepted
PO-001261,SUP-162,CH-3515-685,647,352,2026-07-21,WH-02,accepted
PO-001262,SUP-120,PO-8906-3532,939,398,2026-07-09,WH-01,accepted
PO-001263,SUP-132,EL-4298-3596,433,656,2026-08-06,WH-02,partial
PO-001264,SUP-147,PO-4958-997,67,813,2026-07-31,WH-02,partial
PO-001265,SUP-172,CH-7176-454,843,232,2026-08-02,WH-02,partial
PO-001266,SUP-112,EL-4091-3045,115,370,2026-07-14,WH-02,accepted
PO-001267,SUP-187,IN-3513-2865,682,191,2026-07-04,WH-02,accepted
PO-001268,SUP-147,FL-1142-084,272,119,2026-07-24,WH-01,accepted
PO-001269,SUP-185,EL-1487-585,970,778,2026-07-19,WH-02,partial
PO-001270,SUP-073,CH-5318-712,207,714,2026-07-26,WH-02,partial
PO-001271,SUP-066,PO-6326-2875,431,704,2026-07-09,WH-02,accepted
PO-001272,SUP-160,FL-7577-4333,339,606,2026-07-05,WH-01,accepted
PO-001273,SUP-002,PO-2808-3736,745,394,2026-07-07,WH-01,accepted
PO-001274,SUP-048,IN-9287-3715,102,938,2026-07-21,WH-02,partial
PO-001275,SUP-002,PO-8814-2461,728,394,2026-08-04,WH-02,partial
PO-001276,SUP-176,PO-6032-2529,102,307,2026-07-29,WH-01,pending
PO-001277,SUP-043,PO-7173-225,334,697,2026-08-06,WH-02,accepted
PO-001278,SUP-113,CH-3087-3107,851,877,2026-08-03,WH-01,partial
PO-001279,SUP-144,EL-4358-3394,758,611,2026-08-07,WH-01,accepted
PO-001280,SUP-046,FL-8254-1404,876,305,2026-07-25,WH-01,partial
PO-001281,SUP-074,PO-9673-2720,239,890,2026-07-05,WH-02,accepted
PO-001282,SUP-069,PO-3881-1203,158,171,2026-07-09,WH-02,pending
PO-001283,SUP-045,PO-1255-436,305,592,2026-07-12,WH-01,partial
PO-001284,SUP-064,CH-5528-4488,833,71,2026-08-05,WH-01,partial
PO-001285,SUP-002,EL-5700-419,676,312,2026-08-05,WH-02,partial
PO-001286,SUP-071,IN-7290-1261,168,47,2026-07-24,WH-02,partial
PO-001287,SUP-065,PO-2580-2269,117,838,2026-08-05,WH-02,accepted
PO-001288,SUP-150,PO-3381-3948,338,500,2026-08-05,WH-02,pending
PO-001289,SUP-059,IN-8814-3468,71,423,2026-07-20,WH-02,accepted
PO-001290,SUP-047,IN-1645-2569,871,573,2026-08-01,WH-02,accepted
PO-001291,SUP-090,CH-9829-4974,397,254,2026-07-29,WH-02,accepted
PO-001292,SUP-166,CH-7092-2181,523,778,2026-07-22,WH-02,pending
PO-001293,SUP-171,IN-2123-4733,483,862,2026-07-21,WH-02,accepted
PO-001294,SUP-082,PO-7531-1038,769,170,2026-07-22,WH-02,partial
PO-001295,SUP-106,CH-5945-3040,784,430,2026-07-25,WH-01,partial
PO-001296,SUP-172,IN-1764-3852,293,807,2026-07-31,WH-02,partial
PO-001297,SUP-110,PO-3288-1514,124,830,2026-07-30,WH-01,partial
PO-001298,SUP-082,CH-7257-3933,303,574,2026-07-17,WH-01,accepted
PO-001299,SUP-058,CH-7311-1801,493,545,2026-07-17,WH-01,accepted
PO-001300,SUP-067,EL-3141-1753,468,678,2026-07-08,WH-02,accepted
PO-001301,SUP-001,PO-2370-4155,910,343,2026-07-04,WH-01,accepted
PO-001302,SUP-181,FL-9356-4524,337,388,2026-07-09,WH-01,accepted
PO-001303,SUP-123,IN-3325-2148,649,283,2026-08-04,WH-02,accepted
PO-001304,SUP-078,FL-9841-3042,552,415,2026-08-07,WH-01,pending
PO-001305,SUP-120,CH-4361-3589,288,951,2026-07-23,WH-01,partial
PO-001306,SUP-066,EL-7886-2421,270,900,2026-07-09,WH-02,accepted
PO-001307,SUP-021,FL-3423-4678,198,926,2026-07-17,WH-02,partial
PO-001308,SUP-114,IN-8575-1564,611,885,2026-07-20,WH-02,accepted
PO-001309,SUP-018,CH-5197-4985,133,777,2026-07-12,WH-02,accepted
PO-001310,SUP-018,FL-8031-3960,328,590,2026-07-22,WH-02,accepted
PO-001311,SUP-143,EL-6314-2680,159,662,2026-07-16,WH-02,accepted
PO-001312,SUP-096,PO-8745-4763,995,235,2026-07-16,WH-01,accepted
PO-001313,SUP-128,EL-9817-1658,202,639,2026-08-07,WH-01,accepted
PO-001314,SUP-121,CH-3534-3819,312,445,2026-07-11,WH-01,accepted
PO-001315,SUP-072,CH-3349-3478,582,390,2026-08-02,WH-01,partial
PO-001316,SUP-019,FL-4525-2164,872,529,2026-07-21,WH-01,accepted
PO-001317,SUP-051,CH-9983-2915,652,991,2026-08-06,WH-01,accepted
PO-001318,SUP-128,FL-9740-2881,836,356,2026-07-31,WH-02,accepted
PO-001319,SUP-098,PO-1384-3353,201,840,2026-07-16,WH-01,accepted
PO-001320,SUP-134,EL-3920-4503,488,420,2026-07-21,WH-02,accepted
PO-001321,SUP-196,FL-4956-1023,960,561,2026-07-20,WH-01,accepted
PO-001322,SUP-009,EL-8134-2095,398,581,2026-07-30,WH-02,pending
PO-001323,SUP-130,EL-1404-3606,134,689,2026-07-19,WH-01,accepted
PO-001324,SUP-009,CH-2414-788,310,370,2026-07-28,WH-01,accepted
PO-001325,SUP-065,EL-6606-1214,199,875,2026-07-20,WH-02,pending
PO-001326,SUP-027,EL-9514-611,528,350,2026-07-18,WH-01,partial
PO-001327,SUP-153,PO-3957-677,439,361,2026-07-18,WH-02,accepted
PO-001328,SUP-155,EL-4822-552,944,119,2026-07-29,WH-02,pending
PO-001329,SUP-157,PO-3658-4642,713,407,2026-08-05,WH-01,accepted
PO-001330,SUP-035,EL-8418-1309,924,447,2026-07-30,WH-02,accepted
PO-001331,SUP-103,FL-1477-2795,382,380,2026-07-08,WH-01,pending
PO-001332,SUP-040,EL-7288-1093,871,59,2026-07-10,WH-02,partial
PO-001333,SUP-019,PO-2953-455,707,903,2026-07-12,WH-01,pending
PO-001334,SUP-034,CH-1335-3838,270,655,2026-07-29,WH-02,accepted
PO-001335,SUP-066,EL-5011-4484,500,591,2026-07-06,WH-01,accepted
PO-001336,SUP-044,EL-4423-2904,771,913,2026-08-07,WH-01,accepted
PO-001337,SUP-012,IN-2516-3872,555,290,2026-08-07,WH-01,partial
PO-001338,SUP-106,IN-6587-1972,861,984,2026-08-03,WH-01,partial
PO-001339,SUP-099,EL-6980-3524,498,526,2026-07-11,WH-02,partial
PO-001340,SUP-155,FL-4571-2070,841,37,2026-08-01,WH-01,accepted
PO-001341,SUP-084,IN-7395-652,699,202,2026-07-27,WH-02,accepted
PO-001342,SUP-009,EL-6763-3349,462,203,2026-07-07,WH-01,accepted
PO-001343,SUP-199,FL-5152-4185,932,410,2026-07-20,WH-02,partial
PO-001344,SUP-152,FL-5024-3917,914,36,2026-07-25,WH-02,partial
PO-001345,SUP-050,PO-3406-1322,322,241,2026-07-04,WH-01,pending
PO-001346,SUP-185,FL-1542-4626,463,840,2026-08-03,WH-01,pending
PO-001347,SUP-052,IN-5573-906,88,193,2026-07-25,WH-02,accepted
PO-001348,SUP-090,FL-4137-2094,940,330,2026-07-12,WH-02,accepted
PO-001349,SUP-132,FL-8612-4894,545,722,2026-08-02,WH-02,accepted
PO-001350,SUP-197,IN-6886-3236,784,900,2026-07-14,WH-02,accepted
PO-001351,SUP-141,EL-7589-728,565,329,2026-08-06,WH-01,accepted
PO-001352,SUP-200,CH-4002-3161,403,119,2026-08-05,WH-01,partial
PO-001353,SUP-117,CH-4981-4103,330,115,2026-07-22,WH-01,accepted
PO-001354,SUP-005,FL-7153-3563,441,888,2026-07-29,WH-01,pending
PO-001355,SUP-016,EL-9290-813,792,647,2026-07-07,WH-01,accepted
PO-001356,SUP-040,FL-3446-4964,341,822,2026-08-02,WH-01,accepted
PO-001357,SUP-167,PO-8719-4390,304,410,2026-08-01,WH-02,pending
PO-001358,SUP-176,CH-9605-541,484,898,2026-07-25,WH-02,accepted
PO-001359,SUP-107,EL-7125-3683,675,665,2026-07-09,WH-01,partial
PO-001360,SUP-034,EL-6449-2626,365,283,2026-07-09,WH-02,partial
PO-001361,SUP-176,IN-8239-1206,393,801,2026-07-28,WH-02,partial
PO-001362,SUP-057,PO-6160-963,736,426,2026-07-17,WH-01,pending
PO-001363,SUP-100,FL-7328-1855,562,326,2026-07-29,WH-02,pending
PO-001364,SUP-069,EL-2610-2454,642,369,2026-07-07,WH-02,partial
PO-001365,SUP-095,CH-1709-4742,967,128,2026-07-26,WH-01,partial
PO-001366,SUP-071,PO-5349-055,804,82,2026-07-12,WH-01,accepted
PO-001367,SUP-126,IN-8912-4844,844,74,2026-07-15,WH-02,pending
PO-001368,SUP-100,CH-2264-792,104,954,2026-07-16,WH-01,accepted
PO-001369,SUP-103,PO-2186-1129,181,398,2026-08-04,WH-01,accepted
PO-001370,SUP-064,FL-6687-2760,713,936,2026-07-06,WH-01,partial
PO-001371,SUP-200,PO-8505-4507,567,184,2026-07-24,WH-01,accepted
PO-001372,SUP-007,PO-3816-2969,662,642,2026-07-15,WH-02,partial
PO-001373,SUP-096,EL-5691-256,791,286,2026-07-05,WH-02,pending
PO-001374,SUP-008,CH-9236-2268,291,681,2026-08-05,WH-02,pending
PO-001375,SUP-163,PO-2232-1368,603,331,2026-07-18,WH-02,partial
PO-001376,SUP-044,EL-4918-2409,494,706,2026-07-04,WH-01,pending
PO-001377,SUP-004,IN-8676-1066,657,907,2026-07-13,WH-01,pending
PO-001378,SUP-136,CH-3534-3819,768,693,2026-07-29,WH-02,accepted
PO-001379,SUP-161,FL-8298-2763,983,152,2026-07-07,WH-01,pending
PO-001380,SUP-066,PO-8224-1984,826,783,2026-07-13,WH-01,accepted
PO-001381,SUP-096,CH-4602-1277,965,250,2026-07-16,WH-01,pending
PO-001382,SUP-057,IN-1597-1867,656,605,2026-07-21,WH-02,partial
PO-001383,SUP-091,PO-6058-4110,964,923,2026-07-24,WH-01,pending
PO-001384,SUP-178,FL-2222-2383,851,629,2026-07-07,WH-02,pending
PO-001385,SUP-161,IN-9828-1774,266,152,2026-07-21,WH-01,partial
PO-001386,SUP-190,CH-9666-4209,390,158,2026-07-10,WH-02,accepted
PO-001387,SUP-172,PO-7464-2594,805,348,2026-07-23,WH-01,partial
PO-001388,SUP-188,EL-1215-4798,322,444,2026-07-09,WH-02,pending
PO-001389,SUP-050,IN-8448-2871,818,69,2026-07-13,WH-02,accepted
PO-001390,SUP-050,PO-6875-4598,249,162,2026-08-05,WH-01,partial
PO-001391,SUP-126,IN-2194-657,625,275,2026-07-30,WH-01,accepted
PO-001392,SUP-120,FL-8997-2998,646,517,2026-07-19,WH-01,partial
PO-001393,SUP-177,EL-1920-1291,90,51,2026-07-17,WH-02,pending
PO-001394,SUP-194,FL-1552-3576,918,274,2026-07-22,WH-02,accepted
PO-001395,SUP-068,CH-8806-4138,220,681,2026-08-07,WH-02,accepted
PO-001396,SUP-053,IN-6287-1750,583,768,2026-08-07,WH-01,partial
PO-001397,SUP-134,EL-8426-2955,725,983,2026-07-18,WH-01,pending
PO-001398,SUP-088,IN-7068-877,226,430,2026-07-11,WH-02,accepted
PO-001399,SUP-135,IN-8799-706,92,995,2026-08-01,WH-02,pending
PO-001400,SUP-096,IN-1645-2569,695,273,2026-08-04,WH-02,accepted
PO-001401,SUP-069,FL-1985-4706,250,51,2026-07-30,WH-01,accepted
PO-001402,SUP-027,PO-1433-440,327,156,2026-07-15,WH-01,accepted
PO-001403,SUP-055,CH-6162-3905,582,858,2026-07-11,WH-01,accepted
PO-001404,SUP-008,FL-5347-3268,900,732,2026-08-04,WH-01,partial
PO-001405,SUP-199,CH-3049-3099,379,51,2026-07-10,WH-01,accepted
PO-001406,SUP-031,FL-4740-4157,57,201,2026-07-23,WH-02,accepted
PO-001407,SUP-154,CH-6479-2845,102,422,2026-07-20,WH-01,accepted
PO-001408,SUP-129,EL-9058-2711,878,318,2026-07-28,WH-01,pending
PO-001409,SUP-004,IN-8472-4480,985,264,2026-07-17,WH-01,accepted
PO-001410,SUP-012,PO-3864-1672,946,720,2026-07-18,WH-01,accepted
PO-001411,SUP-107,PO-7048-3007,634,793,2026-08-02,WH-01,accepted
PO-001412,SUP-165,IN-2827-4473,149,930,2026-08-04,WH-01,pending
PO-001413,SUP-087,PO-8191-1073,828,450,2026-07-10,WH-02,pending
PO-001414,SUP-074,IN-5323-2404,995,903,2026-07-10,WH-01,pending
PO-001415,SUP-008,EL-6224-1513,408,861,2026-07-25,WH-01,accepted
PO-001416,SUP-119,CH-7534-1152,988,910,2026-07-31,WH-02,partial
PO-001417,SUP-133,IN-7003-4756,374,696,2026-08-07,WH-02,accepted
PO-001418,SUP-013,EL-9642-4422,472,357,2026-07-12,WH-01,accepted
PO-001419,SUP-122,CH-3559-915,353,798,2026-07-21,WH-01,pending
PO-001420,SUP-111,CH-4510-638,242,163,2026-07-06,WH-01,partial
PO-001421,SUP-066,EL-2043-764,873,390,2026-07-28,WH-01,partial
PO-001422,SUP-098,CH-4868-1272,194,482,2026-07-04,WH-02,accepted
PO-001423,SUP-192,CH-3189-3423,762,874,2026-07-25,WH-01,pending
PO-001424,SUP-020,FL-7797-971,701,89,2026-07-11,WH-01,partial
PO-001425,SUP-012,FL-2999-189,461,313,2026-07-13,WH-01,accepted
PO-001426,SUP-002,CH-1977-1051,776,399,2026-08-06,WH-01,pending
PO-001427,SUP-138,PO-1622-3279,310,992,2026-08-07,WH-02,pending
PO-001428,SUP-007,CH-8373-1385,146,882,2026-07-24,WH-01,partial
PO-001429,SUP-018,CH-4053-2092,147,452,2026-07-06,WH-01,partial
PO-001430,SUP-122,IN-4142-1240,733,384,2026-07-12,WH-02,accepted
PO-001431,SUP-063,PO-4979-442,425,537,2026-08-04,WH-01,pending
PO-001432,SUP-142,EL-2837-4566,102,982,2026-07-21,WH-02,accepted
PO-001433,SUP-175,CH-9396-1542,996,969,2026-07-04,WH-02,accepted
PO-001434,SUP-042,IN-8041-4182,389,187,2026-08-05,WH-02,accepted
PO-001435,SUP-128,EL-7683-040,504,764,2026-07-07,WH-02,pending
PO-001436,SUP-067,FL-3555-2851,873,535,2026-07-19,WH-02,accepted
PO-001437,SUP-148,PO-1666-3773,295,696,2026-07-08,WH-02,pending
PO-001438,SUP-058,CH-9419-1473,584,656,2026-07-23,WH-02,pending
PO-001439,SUP-106,FL-6064-1281,281,538,2026-07-30,WH-01,accepted
PO-001440,SUP-020,EL-1994-2884,812,564,2026-07-28,WH-02,accepted
PO-001441,SUP-178,PO-6075-461,591,857,2026-07-23,WH-02,pending
PO-001442,SUP-088,CH-4850-4218,683,719,2026-07-29,WH-02,partial
PO-001443,SUP-165,CH-5344-3026,211,877,2026-07-06,WH-02,partial
PO-001444,SUP-100,CH-9419-1473,837,630,2026-07-04,WH-01,accepted
PO-001445,SUP-130,PO-3671-3399,849,959,2026-07-25,WH-02,pending
PO-001446,SUP-129,IN-4977-1955,923,334,2026-07-15,WH-01,accepted
PO-001447,SUP-140,EL-1951-3002,644,52,2026-07-10,WH-01,accepted
PO-001448,SUP-052,EL-6626-1106,679,812,2026-07-07,WH-01,accepted
PO-001449,SUP-070,FL-3446-4964,542,896,2026-08-02,WH-01,accepted
PO-001450,SUP-030,IN-3513-2865,880,56,2026-07-05,WH-02,pending
PO-001451,SUP-140,FL-4799-129,358,864,2026-07-09,WH-01,partial
PO-001452,SUP-168,IN-7775-2850,987,979,2026-07-08,WH-02,accepted
PO-001453,SUP-046,EL-8113-4887,382,666,2026-07-29,WH-02,accepted
PO-001454,SUP-153,FL-6954-3102,281,961,2026-07-30,WH-01,partial
PO-001455,SUP-161,PO-4665-4648,132,238,2026-07-16,WH-02,partial
PO-001456,SUP-148,PO-7879-3726,965,716,2026-07-15,WH-01,partial
PO-001457,SUP-148,CH-4073-2869,730,958,2026-08-07,WH-01,pending
PO-001458,SUP-104,FL-2607-414,518,441,2026-07-29,WH-01,accepted
PO-001459,SUP-198,PO-3881-1203,337,80,2026-08-01,WH-02,accepted
PO-001460,SUP-154,CH-2896-979,859,634,2026-07-08,WH-01,pending
PO-001461,SUP-175,PO-4383-658,212,888,2026-07-07,WH-02,partial
PO-001462,SUP-023,CH-7998-4936,92,593,2026-07-04,WH-01,partial
PO-001463,SUP-036,CH-2437-4148,320,484,2026-07-21,WH-01,accepted
PO-001464,SUP-160,EL-8566-4825,753,702,2026-08-06,WH-01,pending
PO-001465,SUP-020,EL-8645-4043,736,975,2026-07-13,WH-01,pending
PO-001466,SUP-115,FL-2898-2553,231,240,2026-07-12,WH-01,accepted
PO-001467,SUP-166,FL-2514-686,339,638,2026-08-02,WH-01,pending
PO-001468,SUP-169,PO-3886-654,494,854,2026-07-21,WH-02,partial
PO-001469,SUP-095,IN-8016-4007,82,87,2026-07-27,WH-01,accepted
PO-001470,SUP-040,IN-1382-1179,73,124,2026-07-14,WH-01,partial
PO-001471,SUP-167,CH-1370-1613,582,630,2026-08-07,WH-02,partial
PO-001472,SUP-186,FL-1556-4527,544,869,2026-07-12,WH-02,pending
PO-001473,SUP-050,PO-4449-927,408,385,2026-07-14,WH-01,partial
PO-001474,SUP-129,FL-2942-1202,320,235,2026-07-10,WH-02,partial
PO-001475,SUP-132,EL-4966-4842,874,199,2026-07-16,WH-02,accepted
PO-001476,SUP-068,IN-3576-3844,712,253,2026-07-17,WH-02,accepted
PO-001477,SUP-010,EL-5288-951,583,379,2026-07-04,WH-01,partial
PO-001478,SUP-023,EL-8173-4318,858,366,2026-07-13,WH-01,pending
PO-001479,SUP-060,EL-3055-649,171,411,2026-08-03,WH-02,partial
PO-001480,SUP-013,CH-7257-3933,989,888,2026-07-24,WH-02,pending
PO-001481,SUP-183,FL-4883-975,88,920,2026-07-04,WH-01,partial
PO-001482,SUP-100,FL-7042-2327,364,159,2026-07-28,WH-02,pending
PO-001483,SUP-135,PO-8907-3365,146,97,2026-07-08,WH-01,accepted
PO-001484,SUP-046,CH-1789-1911,908,839,2026-07-16,WH-01,partial
PO-001485,SUP-086,EL-9702-2555,208,416,2026-08-05,WH-02,partial
PO-001486,SUP-197,PO-9781-1826,229,767,2026-07-14,WH-02,pending
PO-001487,SUP-128,EL-5937-2719,919,454,2026-08-02,WH-01,accepted
PO-001488,SUP-059,PO-1040-4208,746,542,2026-07-21,WH-02,accepted
PO-001489,SUP-035,CH-8260-1715,802,984,2026-08-01,WH-01,partial
PO-001490,SUP-166,EL-5146-2464,556,522,2026-07-29,WH-01,partial
PO-001491,SUP-005,IN-5396-2158,860,832,2026-07-26,WH-02,accepted
PO-001492,SUP-131,EL-7601-1453,494,544,2026-07-29,WH-02,pending
PO-001493,SUP-104,CH-9170-3679,947,159,2026-07-24,WH-01,accepted
PO-001494,SUP-121,EL-3287-1532,840,446,2026-08-07,WH-01,accepted
PO-001495,SUP-096,IN-8343-4048,118,112,2026-07-27,WH-02,partial
PO-001496,SUP-062,FL-4291-3498,871,225,2026-07-14,WH-01,accepted
PO-001497,SUP-199,FL-6358-982,540,789,2026-07-11,WH-01,accepted
PO-001498,SUP-067,FL-5600-2928,306,639,2026-07-20,WH-02,accepted
PO-001499,SUP-186,CH-2053-497,657,371,2026-08-01,WH-02,partial
PO-001500,SUP-060,PO-6094-3370,960,74,2026-07-29,WH-02,accepted
PO-001501,SUP-164,IN-8634-3128,703,149,2026-08-02,WH-02,accepted
PO-001502,SUP-043,CH-5463-3595,309,76,2026-07-21,WH-02,pending
PO-001503,SUP-192,IN-5038-177,405,180,2026-08-01,WH-02,accepted
PO-001504,SUP-005,IN-1957-1834,139,988,2026-08-05,WH-02,partial
PO-001505,SUP-069,EL-7561-4601,60,183,2026-07-29,WH-01,accepted
PO-001506,SUP-191,EL-1224-648,585,398,2026-07-20,WH-01,accepted
PO-001507,SUP-101,EL-1497-1960,281,161,2026-07-17,WH-02,accepted
PO-001508,SUP-068,FL-5516-2756,163,431,2026-08-05,WH-01,accepted
PO-001509,SUP-050,PO-3332-2966,492,559,2026-07-19,WH-02,partial
PO-001510,SUP-021,EL-5573-3348,610,836,2026-08-04,WH-02,accepted
PO-001511,SUP-159,EL-1905-2807,754,990,2026-08-07,WH-02,pending
PO-001512,SUP-049,IN-2729-1819,344,444,2026-07-06,WH-02,accepted
PO-001513,SUP-180,PO-6624-1386,442,386,2026-07-08,WH-02,pending
PO-001514,SUP-053,FL-6496-438,223,348,2026-08-02,WH-02,partial
PO-001515,SUP-192,CH-8421-373,800,238,2026-07-14,WH-02,partial
PO-001516,SUP-066,EL-6107-3979,528,947,2026-07-31,WH-02,pending
PO-001517,SUP-127,FL-4300-464,511,183,2026-08-04,WH-01,partial
PO-001518,SUP-199,FL-8477-2248,968,239,2026-07-29,WH-01,accepted
PO-001519,SUP-158,CH-8090-3648,90,75,2026-07-25,WH-02,accepted
PO-001520,SUP-142,CH-6834-4168,126,607,2026-07-04,WH-01,accepted
PO-001521,SUP-140,PO-4127-1714,316,345,2026-07-06,WH-01,partial
PO-001522,SUP-162,CH-5275-1505,392,309,2026-08-07,WH-02,pending
PO-001523,SUP-089,CH-9605-541,135,315,2026-07-15,WH-02,partial
PO-001524,SUP-179,PO-8900-2650,749,153,2026-07-30,WH-02,pending
PO-001525,SUP-171,CH-5212-3135,970,697,2026-07-08,WH-01,partial
PO-001526,SUP-009,CH-2024-4555,452,737,2026-07-21,WH-02,partial
PO-001527,SUP-178,CH-5936-295,449,993,2026-07-09,WH-01,accepted
PO-001528,SUP-143,FL-2371-2924,987,880,2026-08-06,WH-01,accepted
PO-001529,SUP-105,EL-5952-532,236,107,2026-07-09,WH-02,accepted
PO-001530,SUP-137,FL-2648-2119,404,537,2026-08-02,WH-02,accepted
PO-001531,SUP-165,CH-4221-1325,242,959,2026-07-21,WH-01,pending
PO-001532,SUP-092,CH-4164-199,818,112,2026-07-12,WH-02,partial
PO-001533,SUP-156,FL-2785-2225,920,879,2026-07-26,WH-02,accepted
PO-001534,SUP-057,FL-7873-2444,715,950,2026-08-06,WH-01,partial
PO-001535,SUP-062,PO-5317-184,74,123,2026-07-21,WH-02,partial
PO-001536,SUP-039,IN-8232-4432,615,592,2026-07-20,WH-02,accepted
PO-001537,SUP-156,EL-8653-3921,863,672,2026-07-06,WH-01,accepted
PO-001538,SUP-093,PO-9598-3169,851,111,2026-07-16,WH-01,partial
PO-001539,SUP-154,IN-5278-4833,754,94,2026-07-04,WH-02,accepted
PO-001540,SUP-171,PO-6874-554,882,686,2026-07-21,WH-01,partial
PO-001541,SUP-144,EL-5034-2610,643,534,2026-07-11,WH-02,accepted
PO-001542,SUP-200,FL-1169-2905,134,535,2026-07-04,WH-02,pending
PO-001543,SUP-138,CH-8654-799,306,643,2026-07-13,WH-01,accepted
PO-001544,SUP-007,EL-7904-1409,97,834,2026-08-02,WH-01,pending
PO-001545,SUP-095,CH-2635-1451,713,241,2026-08-05,WH-01,accepted
PO-001546,SUP-078,FL-8167-4356,841,454,2026-08-05,WH-01,partial
PO-001547,SUP-056,IN-1537-418,662,243,2026-07-30,WH-01,accepted
PO-001548,SUP-019,EL-9999-059,748,46,2026-07-12,WH-01,pending
PO-001549,SUP-064,CH-2960-378,442,167,2026-08-05,WH-02,pending
PO-001550,SUP-092,CH-5126-1529,98,653,2026-07-08,WH-01,accepted
PO-001551,SUP-008,FL-5597-2698,588,542,2026-07-17,WH-01,accepted
PO-001552,SUP-111,CH-7213-2486,551,470,2026-07-07,WH-02,accepted
PO-001553,SUP-042,IN-5931-947,690,894,2026-07-21,WH-01,partial
PO-001554,SUP-008,CH-4221-1325,223,737,2026-07-21,WH-01,pending
PO-001555,SUP-097,EL-1448-401,177,675,2026-07-07,WH-01,accepted
PO-001556,SUP-180,EL-9980-3719,871,658,2026-07-19,WH-02,pending
PO-001557,SUP-179,PO-7573-2133,626,681,2026-07-12,WH-02,accepted
PO-001558,SUP-172,IN-1200-819,783,691,2026-07-26,WH-02,partial
PO-001559,SUP-064,FL-3453-3233,967,210,2026-07-21,WH-01,accepted
PO-001560,SUP-146,FL-3558-4184,179,707,2026-07-10,WH-02,accepted
PO-001561,SUP-125,EL-8895-3891,148,267,2026-07-12,WH-01,pending
PO-001562,SUP-088,FL-8055-3743,617,565,2026-07-14,WH-02,partial
PO-001563,SUP-167,IN-9376-1825,787,623,2026-08-02,WH-02,partial
PO-001564,SUP-003,EL-2937-1673,889,281,2026-08-04,WH-01,accepted
PO-001565,SUP-107,EL-2073-3901,53,665,2026-08-01,WH-01,accepted
PO-001566,SUP-092,CH-7325-4828,192,171,2026-07-22,WH-02,accepted
PO-001567,SUP-033,FL-4071-4584,721,393,2026-07-12,WH-02,pending
PO-001568,SUP-170,PO-3439-981,695,696,2026-07-22,WH-01,pending
PO-001569,SUP-152,PO-9440-1176,791,271,2026-07-08,WH-01,partial
PO-001570,SUP-181,CH-9766-1527,291,654,2026-07-07,WH-01,pending
PO-001571,SUP-159,CH-4824-3178,132,716,2026-08-02,WH-01,pending
PO-001572,SUP-132,PO-7464-2594,410,644,2026-07-29,WH-01,accepted
PO-001573,SUP-109,PO-4384-1424,54,688,2026-08-06,WH-02,partial
PO-001574,SUP-063,PO-4384-1424,701,190,2026-08-02,WH-02,accepted
PO-001575,SUP-015,IN-5589-333,884,881,2026-07-13,WH-02,accepted
PO-001576,SUP-030,EL-1090-1118,693,362,2026-07-24,WH-01,pending
PO-001577,SUP-088,PO-5445-4883,948,676,2026-08-02,WH-01,partial
PO-001578,SUP-078,FL-5101-2732,416,523,2026-07-09,WH-02,accepted
PO-001579,SUP-022,IN-2544-467,273,276,2026-07-27,WH-01,partial
PO-001580,SUP-136,CH-8192-1611,90,574,2026-07-13,WH-01,partial
PO-001581,SUP-049,CH-1656-3631,389,95,2026-07-04,WH-02,partial
PO-001582,SUP-095,IN-2732-4152,76,518,2026-07-31,WH-02,accepted
PO-001583,SUP-028,FL-4452-4064,418,58,2026-07-24,WH-01,accepted
PO-001584,SUP-009,FL-2879-1995,229,797,2026-07-21,WH-01,pending
PO-001585,SUP-132,PO-4747-994,103,874,2026-08-04,WH-02,pending
PO-001586,SUP-065,EL-4149-3477,651,286,2026-08-06,WH-02,pending
PO-001587,SUP-100,CH-6466-4526,911,445,2026-07-23,WH-01,accepted
PO-001588,SUP-061,EL-1679-3934,912,385,2026-07-07,WH-02,partial
PO-001589,SUP-123,IN-9908-320,846,447,2026-07-20,WH-02,pending
PO-001590,SUP-175,EL-7295-1496,590,958,2026-07-13,WH-01,pending
PO-001591,SUP-064,IN-7356-4160,656,423,2026-07-06,WH-02,accepted
PO-001592,SUP-104,EL-5829-910,320,261,2026-07-29,WH-02,accepted
PO-001593,SUP-012,EL-5732-1557,315,205,2026-07-15,WH-01,pending
PO-001594,SUP-020,IN-9508-645,724,964,2026-07-24,WH-02,partial
PO-001595,SUP-008,IN-9750-3381,403,974,2026-07-17,WH-02,pending
PO-001596,SUP-089,EL-5877-1435,979,933,2026-07-24,WH-02,accepted
PO-001597,SUP-129,PO-5882-3490,954,357,2026-07-22,WH-01,partial
PO-001598,SUP-179,FL-4614-4211,909,980,2026-07-31,WH-02,partial
PO-001599,SUP-016,PO-4190-2896,648,72,2026-07-16,WH-01,accepted
PO-001600,SUP-152,PO-1304-2670,908,742,2026-07-12,WH-02,pending
PO-001601,SUP-140,EL-7061-4808,378,70,2026-07-22,WH-01,partial
PO-001602,SUP-042,PO-2980-4872,397,601,2026-07-23,WH-02,pending
PO-001603,SUP-198,EL-5387-3518,181,520,2026-07-29,WH-02,accepted
PO-001604,SUP-156,FL-2066-3801,518,553,2026-07-21,WH-01,accepted
PO-001605,SUP-118,PO-5685-954,656,565,2026-07-24,WH-01,accepted
PO-001606,SUP-138,EL-4190-1824,607,930,2026-08-04,WH-01,accepted
PO-001607,SUP-069,FL-1953-2417,356,802,2026-07-30,WH-01,pending
PO-001608,SUP-059,FL-6368-1360,648,113,2026-07-28,WH-02,pending
PO-001609,SUP-010,CH-8192-1611,77,784,2026-07-24,WH-02,accepted
PO-001610,SUP-105,IN-8103-363,962,871,2026-07-24,WH-01,accepted
PO-001611,SUP-081,IN-2260-1223,984,313,2026-08-06,WH-01,accepted
PO-001612,SUP-163,CH-5334-3630,893,675,2026-07-18,WH-01,accepted
PO-001613,SUP-057,EL-8100-2361,901,932,2026-07-08,WH-02,pending
PO-001614,SUP-044,FL-8967-746,423,641,2026-07-30,WH-02,partial
PO-001615,SUP-151,CH-3047-2350,590,170,2026-07-05,WH-01,partial
PO-001616,SUP-146,PO-2729-908,503,819,2026-07-26,WH-01,accepted
PO-001617,SUP-180,CH-9338-4066,979,965,2026-07-30,WH-02,partial
PO-001618,SUP-142,CH-4837-2035,214,661,2026-07-31,WH-02,accepted
PO-001619,SUP-118,IN-7119-4983,201,164,2026-07-20,WH-02,pending
PO-001620,SUP-121,PO-6066-1431,782,401,2026-08-05,WH-02,accepted
PO-001621,SUP-006,PO-2890-038,327,227,2026-07-20,WH-01,accepted
PO-001622,SUP-015,EL-8762-365,127,390,2026-08-01,WH-01,accepted
PO-001623,SUP-145,IN-5734-1080,460,701,2026-07-21,WH-01,accepted
PO-001624,SUP-056,FL-7978-4244,504,319,2026-07-17,WH-02,accepted
PO-001625,SUP-160,EL-2513-3602,489,971,2026-08-05,WH-01,accepted
PO-001626,SUP-182,PO-9922-3898,277,81,2026-07-07,WH-02,accepted
PO-001627,SUP-019,PO-8196-2306,626,538,2026-07-27,WH-02,partial
PO-001628,SUP-129,EL-6416-4518,820,639,2026-08-01,WH-02,partial
PO-001629,SUP-200,IN-8475-2812,723,576,2026-07-12,WH-02,pending
PO-001630,SUP-103,EL-2578-2739,404,551,2026-07-14,WH-01,partial
PO-001631,SUP-134,EL-2388-2074,732,318,2026-07-29,WH-01,partial
PO-001632,SUP-044,CH-5056-334,126,975,2026-07-19,WH-02,pending
PO-001633,SUP-060,FL-1826-2823,917,80,2026-07-23,WH-01,partial
PO-001634,SUP-140,IN-6507-3851,84,580,2026-07-12,WH-02,pending
PO-001635,SUP-012,EL-1689-4006,675,427,2026-08-01,WH-02,pending
PO-001636,SUP-010,PO-4682-3119,585,733,2026-08-02,WH-02,pending
PO-001637,SUP-015,PO-1578-1873,682,412,2026-08-06,WH-02,pending
PO-001638,SUP-109,PO-6636-2821,114,726,2026-07-26,WH-02,pending
PO-001639,SUP-062,PO-6345-1307,89,323,2026-07-08,WH-01,accepted
PO-001640,SUP-162,EL-2572-3534,172,47,2026-07-11,WH-01,pending
PO-001641,SUP-115,IN-9208-1567,922,226,2026-07-25,WH-01,pending
PO-001642,SUP-089,IN-9549-2471,308,611,2026-07-31,WH-02,accepted
PO-001643,SUP-134,CH-4052-1724,155,352,2026-07-22,WH-02,pending
PO-001644,SUP-026,IN-9936-3735,669,643,2026-07-28,WH-02,pending
PO-001645,SUP-168,EL-1951-3002,560,869,2026-07-27,WH-02,accepted
PO-001646,SUP-135,PO-6072-3377,428,76,2026-07-09,WH-01,pending
PO-001647,SUP-036,CH-8237-3112,972,383,2026-07-04,WH-01,pending
PO-001648,SUP-136,CH-9965-1012,231,403,2026-07-24,WH-01,accepted
PO-001649,SUP-187,PO-4014-293,364,657,2026-07-21,WH-01,pending
PO-001650,SUP-159,FL-8930-4774,328,636,2026-07-10,WH-02,pending
PO-001651,SUP-044,EL-7926-3062,803,335,2026-07-22,WH-02,partial
PO-001652,SUP-063,PO-3439-981,354,116,2026-07-21,WH-01,accepted
PO-001653,SUP-131,CH-5218-1321,91,124,2026-08-01,WH-02,accepted
PO-001654,SUP-108,CH-8188-4644,418,942,2026-07-13,WH-01,pending
PO-001655,SUP-148,PO-3634-3485,173,732,2026-07-04,WH-01,pending
PO-001656,SUP-008,EL-3978-1330,427,344,2026-08-07,WH-02,accepted
PO-001657,SUP-107,FL-7695-099,905,474,2026-07-05,WH-01,accepted
PO-001658,SUP-154,IN-6786-088,616,84,2026-07-14,WH-02,pending
PO-001659,SUP-087,FL-9302-3274,895,107,2026-07-28,WH-02,accepted
PO-001660,SUP-051,PO-6259-4403,425,53,2026-07-25,WH-02,partial
PO-001661,SUP-026,PO-3108-1380,627,88,2026-07-04,WH-02,pending
PO-001662,SUP-082,IN-4130-4793,215,485,2026-07-21,WH-01,partial
PO-001663,SUP-056,FL-9503-4855,838,584,2026-07-13,WH-02,pending
PO-001664,SUP-098,CH-5844-1151,428,613,2026-07-18,WH-02,accepted
PO-001665,SUP-050,PO-3381-3948,554,176,2026-07-07,WH-01,accepted
PO-001666,SUP-117,EL-6318-836,447,720,2026-08-02,WH-02,accepted
PO-001667,SUP-091,IN-6291-3123,242,299,2026-07-22,WH-01,pending
PO-001668,SUP-106,PO-6313-3520,800,121,2026-07-16,WH-01,accepted
PO-001669,SUP-164,EL-4119-1501,173,366,2026-07-21,WH-02,pending
PO-001670,SUP-023,EL-7600-3643,911,179,2026-07-30,WH-01,partial
PO-001671,SUP-045,PO-9271-3997,629,610,2026-07-11,WH-01,pending
PO-001672,SUP-041,CH-7778-1733,877,696,2026-07-13,WH-02,accepted
PO-001673,SUP-150,IN-2194-657,522,917,2026-08-01,WH-02,accepted
PO-001674,SUP-129,IN-8753-3184,901,677,2026-08-02,WH-02,accepted
PO-001675,SUP-033,EL-2590-081,579,490,2026-07-09,WH-02,pending
PO-001676,SUP-103,EL-3952-3730,351,614,2026-07-14,WH-01,partial
PO-001677,SUP-176,IN-5472-2422,830,963,2026-07-08,WH-01,accepted
PO-001678,SUP-080,EL-4858-2445,866,163,2026-07-29,WH-02,accepted
PO-001679,SUP-107,IN-9372-1205,840,513,2026-07-19,WH-02,pending
PO-001680,SUP-090,PO-4023-540,947,833,2026-07-19,WH-02,pending
PO-001681,SUP-088,EL-5857-2729,589,85,2026-07-29,WH-02,accepted
PO-001682,SUP-105,IN-7049-4267,643,471,2026-07-26,WH-01,pending
PO-001683,SUP-046,CH-5992-3367,709,105,2026-07-16,WH-01,accepted
PO-001684,SUP-043,FL-7855-1793,618,739,2026-07-13,WH-01,accepted
PO-001685,SUP-131,EL-4249-1648,410,232,2026-07-15,WH-02,partial
PO-001686,SUP-184,FL-6230-4516,61,505,2026-07-23,WH-01,pending
PO-001687,SUP-165,PO-9409-3211,660,602,2026-07-10,WH-01,pending
PO-001688,SUP-093,IN-1416-368,730,393,2026-08-07,WH-01,accepted
PO-001689,SUP-048,IN-8136-4054,881,552,2026-07-20,WH-01,partial
PO-001690,SUP-047,FL-7746-3357,313,867,2026-07-08,WH-01,pending
PO-001691,SUP-050,CH-3654-3201,690,491,2026-08-07,WH-01,accepted
PO-001692,SUP-032,EL-2656-1469,432,120,2026-07-13,WH-02,accepted
PO-001693,SUP-185,FL-7956-1629,420,111,2026-07-28,WH-01,partial
PO-001694,SUP-175,CH-4681-2126,999,691,2026-07-22,WH-02,pending
PO-001695,SUP-041,PO-4030-1558,433,836,2026-07-27,WH-02,accepted
PO-001696,SUP-135,FL-5279-1916,480,274,2026-08-04,WH-01,pending
PO-001697,SUP-121,PO-2520-1446,411,706,2026-07-21,WH-02,accepted
PO-001698,SUP-042,IN-5400-3494,324,106,2026-07-10,WH-02,accepted
PO-001699,SUP-163,EL-2387-4607,724,653,2026-07-28,WH-01,accepted
PO-001700,SUP-149,PO-8965-2513,727,392,2026-08-04,WH-02,partial
PO-001701,SUP-181,FL-5996-4956,301,851,2026-07-25,WH-02,partial
PO-001702,SUP-183,PO-4545-1856,660,225,2026-07-26,WH-01,accepted
PO-001703,SUP-057,FL-8547-4270,181,562,2026-07-29,WH-01,accepted
PO-001704,SUP-032,PO-5669-1536,504,174,2026-07-08,WH-01,accepted
PO-001705,SUP-011,IN-7790-3016,148,825,2026-07-28,WH-02,accepted
PO-001706,SUP-114,EL-6318-836,669,198,2026-07-20,WH-02,accepted
PO-001707,SUP-057,CH-6251-266,674,594,2026-08-03,WH-02,partial
PO-001708,SUP-199,CH-6834-4168,388,966,2026-07-10,WH-01,partial
PO-001709,SUP-025,IN-4415-3129,713,227,2026-07-12,WH-01,pending
PO-001710,SUP-138,IN-1357-3308,352,178,2026-07-15,WH-01,partial
PO-001711,SUP-035,EL-9081-1010,605,825,2026-07-24,WH-01,accepted
PO-001712,SUP-195,PO-6199-258,844,810,2026-07-20,WH-02,pending
PO-001713,SUP-043,PO-1111-3613,738,637,2026-08-05,WH-01,accepted
PO-001714,SUP-008,IN-9258-3464,437,125,2026-08-07,WH-02,accepted
PO-001715,SUP-132,EL-4119-2374,958,111,2026-08-01,WH-01,partial
PO-001716,SUP-193,IN-3558-1533,921,144,2026-07-18,WH-02,partial
PO-001717,SUP-031,IN-9628-4358,743,107,2026-08-04,WH-01,accepted
PO-001718,SUP-030,IN-7395-652,344,293,2026-07-30,WH-02,accepted
PO-001719,SUP-032,FL-3264-3914,608,812,2026-07-25,WH-02,pending
PO-001720,SUP-165,EL-7589-728,713,131,2026-07-11,WH-01,accepted
PO-001721,SUP-020,EL-2251-1109,319,739,2026-07-21,WH-01,pending
PO-001722,SUP-033,FL-6237-1274,960,39,2026-08-05,WH-01,accepted
PO-001723,SUP-167,EL-3946-3321,91,277,2026-08-06,WH-02,accepted
PO-001724,SUP-007,FL-8820-3673,212,879,2026-08-01,WH-02,accepted
PO-001725,SUP-107,IN-3059-1055,982,942,2026-08-02,WH-01,partial
PO-001726,SUP-049,FL-1860-2025,342,847,2026-07-17,WH-01,partial
PO-001727,SUP-090,CH-3390-807,990,512,2026-07-29,WH-01,accepted
PO-001728,SUP-076,PO-4625-1170,209,485,2026-07-25,WH-02,partial
PO-001729,SUP-128,FL-5847-1251,998,851,2026-07-21,WH-01,accepted
PO-001730,SUP-141,CH-8180-1895,220,659,2026-07-31,WH-02,accepted
PO-001731,SUP-131,EL-3174-4595,155,85,2026-08-03,WH-01,accepted
PO-001732,SUP-036,EL-8262-1276,866,140,2026-08-05,WH-01,accepted
PO-001733,SUP-045,CH-7671-1510,672,871,2026-07-10,WH-01,accepted
PO-001734,SUP-157,CH-5179-4018,171,495,2026-07-27,WH-02,pending
PO-001735,SUP-024,PO-6643-236,638,96,2026-07-21,WH-01,pending
PO-001736,SUP-011,PO-7573-2133,706,837,2026-07-14,WH-01,accepted
PO-001737,SUP-093,FL-9938-4073,512,601,2026-07-26,WH-02,pending
PO-001738,SUP-175,PO-7390-370,904,711,2026-07-04,WH-02,partial
PO-001739,SUP-120,CH-1612-3317,557,332,2026-07-24,WH-01,accepted
PO-001740,SUP-188,EL-9942-1313,428,469,2026-07-28,WH-02,pending
PO-001741,SUP-031,EL-4396-163,158,465,2026-07-05,WH-02,pending
PO-001742,SUP-200,PO-4273-4364,443,300,2026-07-18,WH-01,accepted
PO-001743,SUP-159,IN-6507-3851,503,388,2026-07-06,WH-02,partial
PO-001744,SUP-076,FL-5928-1268,862,48,2026-07-06,WH-02,pending
PO-001745,SUP-180,CH-3722-3273,678,934,2026-07-24,WH-01,accepted
PO-001746,SUP-046,CH-4916-4627,79,877,2026-07-13,WH-01,accepted
PO-001747,SUP-046,FL-1904-250,148,635,2026-07-12,WH-01,accepted
PO-001748,SUP-073,EL-8299-4331,104,932,2026-07-15,WH-01,pending
PO-001749,SUP-183,FL-7695-099,842,286,2026-08-01,WH-02,pending
PO-001750,SUP-192,IN-3403-3892,206,742,2026-08-02,WH-01,pending
PO-001751,SUP-030,FL-4522-1804,890,437,2026-07-23,WH-01,accepted
PO-001752,SUP-002,PO-3295-4548,250,157,2026-07-30,WH-01,partial
PO-001753,SUP-079,EL-9971-1729,892,652,2026-07-13,WH-02,accepted
PO-001754,SUP-135,PO-1707-3192,713,818,2026-07-30,WH-02,accepted
PO-001755,SUP-162,CH-6927-4388,747,685,2026-07-08,WH-01,partial
PO-001756,SUP-055,IN-7197-061,368,958,2026-07-06,WH-01,partial
PO-001757,SUP-100,CH-1738-4282,930,771,2026-07-13,WH-02,pending
PO-001758,SUP-178,IN-8840-1308,580,65,2026-07-09,WH-01,pending
PO-001759,SUP-175,CH-7872-776,204,690,2026-07-21,WH-01,accepted
PO-001760,SUP-086,PO-9873-3796,276,474,2026-07-25,WH-02,partial
PO-001761,SUP-079,CH-8118-973,876,276,2026-07-25,WH-01,accepted
PO-001762,SUP-122,IN-6249-4851,794,898,2026-07-24,WH-02,accepted
PO-001763,SUP-178,EL-1415-705,286,36,2026-07-08,WH-02,partial
PO-001764,SUP-197,EL-2314-4814,102,977,2026-07-23,WH-01,pending
PO-001765,SUP-019,CH-7534-847,98,929,2026-08-07,WH-01,partial
PO-001766,SUP-161,IN-9922-4765,818,507,2026-07-24,WH-01,partial
PO-001767,SUP-149,FL-2066-3801,317,224,2026-07-11,WH-01,accepted
PO-001768,SUP-053,EL-8882-2652,167,468,2026-07-28,WH-01,accepted
PO-001769,SUP-135,FL-5601-4920,874,952,2026-07-09,WH-01,accepted
PO-001770,SUP-099,EL-2694-2689,241,528,2026-07-13,WH-01,partial
PO-001771,SUP-085,IN-5077-1279,404,839,2026-07-29,WH-02,accepted
PO-001772,SUP-057,FL-7551-4861,876,693,2026-08-01,WH-02,partial
PO-001773,SUP-142,FL-7978-4244,89,155,2026-07-08,WH-01,pending
PO-001774,SUP-061,PO-1416-998,791,554,2026-08-03,WH-01,accepted
PO-001775,SUP-195,CH-6296-4223,746,386,2026-07-25,WH-02,pending
PO-001776,SUP-008,CH-2644-287,326,377,2026-07-07,WH-02,accepted
PO-001777,SUP-112,PO-5971-2259,877,45,2026-07-30,WH-01,accepted
PO-001778,SUP-136,FL-2501-3098,700,829,2026-07-08,WH-02,accepted
PO-001779,SUP-125,CH-2075-1480,530,174,2026-07-10,WH-02,accepted
PO-001780,SUP-154,PO-8555-3266,237,685,2026-07-26,WH-02,pending
PO-001781,SUP-078,IN-3822-1994,740,452,2026-07-08,WH-01,partial
PO-001782,SUP-014,FL-4264-047,240,404,2026-07-22,WH-01,pending
PO-001783,SUP-072,EL-4293-4519,319,981,2026-07-19,WH-01,pending
PO-001784,SUP-026,IN-8117-3347,564,716,2026-07-17,WH-01,pending
PO-001785,SUP-124,EL-5641-2286,447,409,2026-07-27,WH-02,pending
PO-001786,SUP-045,CH-9803-640,609,661,2026-07-12,WH-02,partial
PO-001787,SUP-097,EL-1350-1432,880,656,2026-07-05,WH-02,partial
PO-001788,SUP-137,PO-4394-3541,385,741,2026-08-06,WH-01,partial
PO-001789,SUP-109,CH-8187-3817,186,658,2026-07-10,WH-02,partial
PO-001790,SUP-149,CH-3695-4144,538,890,2026-07-06,WH-01,accepted
PO-001791,SUP-147,PO-3658-4642,654,673,2026-08-01,WH-02,pending
PO-001792,SUP-068,CH-7906-2442,295,415,2026-07-08,WH-02,accepted
PO-001793,SUP-181,EL-4076-299,308,735,2026-07-13,WH-02,accepted
PO-001794,SUP-119,EL-8615-1657,812,686,2026-07-16,WH-01,accepted
PO-001795,SUP-184,FL-5336-2585,94,517,2026-07-13,WH-02,partial
PO-001796,SUP-014,CH-6081-4470,76,99,2026-07-14,WH-02,accepted
PO-001797,SUP-111,FL-5996-4956,519,928,2026-07-21,WH-02,pending
PO-001798,SUP-186,CH-8413-3600,660,623,2026-07-31,WH-02,pending
PO-001799,SUP-117,PO-4535-1578,596,92,2026-07-25,WH-01,accepted
PO-001800,SUP-095,CH-4828-3214,907,931,2026-07-24,WH-02,partial
PO-001801,SUP-171,FL-6633-2227,393,738,2026-08-06,WH-02,accepted
PO-001802,SUP-113,EL-2008-259,520,684,2026-08-01,WH-02,accepted
PO-001803,SUP-034,CH-8992-1851,685,613,2026-08-07,WH-01,accepted
PO-001804,SUP-044,PO-6331-2945,216,913,2026-07-25,WH-02,accepted
PO-001805,SUP-084,IN-3799-4888,952,431,2026-07-09,WH-02,partial
PO-001806,SUP-040,IN-5420-1764,122,685,2026-07-09,WH-01,accepted
PO-001807,SUP-184,IN-8004-4363,869,531,2026-07-28,WH-02,pending
PO-001808,SUP-091,EL-4772-692,335,873,2026-07-05,WH-01,partial
PO-001809,SUP-144,IN-1625-2174,622,837,2026-07-07,WH-01,partial
PO-001810,SUP-170,IN-8282-1459,598,591,2026-07-04,WH-01,accepted
PO-001811,SUP-129,EL-8199-2276,357,787,2026-07-31,WH-01,partial
PO-001812,SUP-121,CH-2401-2077,892,322,2026-07-07,WH-01,accepted
PO-001813,SUP-149,EL-2513-3602,172,979,2026-07-15,WH-01,partial
PO-001814,SUP-148,IN-2537-3094,354,395,2026-08-01,WH-02,accepted
PO-001815,SUP-039,FL-3707-162,847,52,2026-07-28,WH-01,partial
PO-001816,SUP-196,FL-6008-3358,887,882,2026-07-05,WH-01,partial
PO-001817,SUP-023,FL-4305-2343,702,503,2026-07-12,WH-01,partial
PO-001818,SUP-078,EL-2429-1030,535,256,2026-08-04,WH-01,partial
PO-001819,SUP-048,CH-8806-4138,325,874,2026-07-30,WH-02,partial
PO-001820,SUP-067,FL-5639-832,376,151,2026-07-16,WH-01,partial
PO-001821,SUP-075,IN-1775-313,461,514,2026-07-06,WH-02,accepted
PO-001822,SUP-038,EL-8254-579,463,527,2026-07-09,WH-02,accepted
PO-001823,SUP-155,IN-8429-3764,392,779,2026-07-12,WH-02,pending
PO-001824,SUP-014,EL-2574-2215,146,137,2026-07-12,WH-01,partial
PO-001825,SUP-074,EL-9765-2466,277,433,2026-07-25,WH-01,partial
PO-001826,SUP-094,CH-6872-1998,450,438,2026-07-28,WH-01,pending
PO-001827,SUP-106,CH-4683-3328,243,338,2026-08-06,WH-01,accepted
PO-001828,SUP-145,PO-2980-1477,895,108,2026-07-25,WH-02,accepted
PO-001829,SUP-025,EL-5860-4967,767,923,2026-08-05,WH-01,accepted
PO-001830,SUP-162,FL-7293-1794,852,835,2026-08-02,WH-02,partial
PO-001831,SUP-071,IN-4451-276,273,37,2026-08-03,WH-01,partial
PO-001832,SUP-011,EL-7170-4019,534,38,2026-07-27,WH-02,partial
PO-001833,SUP-083,FL-6064-1281,602,935,2026-07-18,WH-02,accepted
PO-001834,SUP-007,FL-9215-1492,937,300,2026-07-09,WH-02,partial
PO-001835,SUP-184,CH-3390-1486,791,773,2026-07-31,WH-01,pending
PO-001836,SUP-068,PO-3677-3842,182,331,2026-07-31,WH-01,accepted
PO-001837,SUP-014,CH-2165-3992,127,785,2026-07-20,WH-01,pending
PO-001838,SUP-075,EL-8113-4887,456,281,2026-07-11,WH-01,partial
PO-001839,SUP-076,EL-8268-2543,266,450,2026-07-10,WH-01,pending
PO-001840,SUP-171,FL-4799-129,476,394,2026-07-26,WH-02,accepted
PO-001841,SUP-051,FL-7996-4532,561,191,2026-07-19,WH-02,accepted
PO-001842,SUP-199,EL-3783-4534,104,273,2026-07-20,WH-02,accepted
PO-001843,SUP-094,CH-1101-094,285,811,2026-08-01,WH-02,accepted
PO-001844,SUP-001,CH-9338-4066,739,189,2026-07-28,WH-02,partial
PO-001845,SUP-002,FL-8967-746,72,45,2026-08-07,WH-02,pending
PO-001846,SUP-152,IN-2529-625,907,595,2026-07-30,WH-01,partial
PO-001847,SUP-139,FL-9285-1782,565,988,2026-07-04,WH-02,accepted
PO-001848,SUP-098,PO-1302-2055,722,69,2026-07-06,WH-02,accepted
PO-001849,SUP-067,EL-2043-1562,981,917,2026-07-28,WH-01,pending
PO-001850,SUP-116,EL-3636-3625,742,251,2026-07-13,WH-02,pending
PO-001851,SUP-096,EL-1361-1577,474,573,2026-07-20,WH-02,accepted
PO-001852,SUP-008,CH-5837-1462,615,134,2026-07-16,WH-01,accepted
PO-001853,SUP-039,CH-9211-2134,158,359,2026-07-10,WH-01,partial
PO-001854,SUP-079,CH-8208-934,68,363,2026-07-07,WH-02,accepted
PO-001855,SUP-139,CH-6512-2205,539,831,2026-07-20,WH-01,accepted
PO-001856,SUP-174,PO-9659-3880,782,240,2026-07-13,WH-02,pending
PO-001857,SUP-066,EL-6757-4588,870,589,2026-07-23,WH-02,partial
PO-001858,SUP-006,EL-6627-2938,412,796,2026-07-11,WH-01,accepted
PO-001859,SUP-181,IN-6251-2239,548,326,2026-08-01,WH-02,partial
PO-001860,SUP-094,FL-5847-1251,405,876,2026-07-12,WH-01,accepted
PO-001861,SUP-101,IN-7655-4820,940,940,2026-07-08,WH-02,accepted
PO-001862,SUP-094,FL-6039-3758,595,139,2026-07-12,WH-02,partial
PO-001863,SUP-002,CH-7171-430,523,613,2026-07-08,WH-02,accepted
PO-001864,SUP-071,PO-3261-4140,837,56,2026-07-08,WH-01,pending
PO-001865,SUP-143,PO-1397-1979,657,863,2026-07-16,WH-01,partial
PO-001866,SUP-183,EL-3771-1809,615,665,2026-08-06,WH-01,accepted
PO-001867,SUP-104,IN-5931-947,474,711,2026-07-16,WH-01,pending
PO-001868,SUP-005,EL-9646-1497,763,746,2026-07-04,WH-01,partial
PO-001869,SUP-145,PO-2503-351,397,472,2026-07-09,WH-02,accepted
PO-001870,SUP-094,CH-3285-1489,397,948,2026-07-30,WH-01,accepted
PO-001871,SUP-044,FL-9168-2009,635,409,2026-07-14,WH-02,pending
PO-001872,SUP-073,PO-5802-1225,651,734,2026-07-13,WH-01,pending
PO-001873,SUP-026,EL-2924-4963,76,509,2026-07-31,WH-02,pending
PO-001874,SUP-140,IN-8556-4425,611,271,2026-08-04,WH-01,accepted
PO-001875,SUP-173,IN-3695-4707,475,672,2026-08-06,WH-01,pending
PO-001876,SUP-157,FL-5505-4807,580,707,2026-07-14,WH-02,pending
PO-001877,SUP-196,CH-3729-2988,674,279,2026-07-04,WH-02,pending
PO-001878,SUP-180,EL-6750-4057,498,211,2026-07-19,WH-01,accepted
PO-001879,SUP-010,IN-2488-2545,423,94,2026-07-11,WH-02,accepted
PO-001880,SUP-117,IN-8158-3076,873,77,2026-07-31,WH-02,accepted
PO-001881,SUP-138,FL-1746-1085,532,61,2026-07-10,WH-02,accepted
PO-001882,SUP-123,IN-1047-161,952,748,2026-07-24,WH-01,partial
PO-001883,SUP-193,PO-8696-4229,252,855,2026-08-06,WH-01,pending
PO-001884,SUP-098,PO-3109-3727,723,840,2026-07-30,WH-01,accepted
PO-001885,SUP-123,FL-9657-2393,336,43,2026-07-04,WH-01,accepted
PO-001886,SUP-037,EL-8780-074,229,545,2026-07-09,WH-02,accepted
PO-001887,SUP-071,FL-9685-1932,312,972,2026-07-08,WH-02,accepted
PO-001888,SUP-071,FL-4313-1899,117,723,2026-07-27,WH-02,partial
PO-001889,SUP-022,FL-3715-542,700,582,2026-07-20,WH-01,accepted
PO-001890,SUP-054,CH-2857-4718,204,326,2026-07-16,WH-02,partial
PO-001891,SUP-177,EL-4039-802,596,806,2026-08-01,WH-01,pending
PO-001892,SUP-186,FL-9351-1569,780,295,2026-07-22,WH-01,pending
PO-001893,SUP-154,FL-3028-4847,516,877,2026-08-01,WH-01,accepted
PO-001894,SUP-064,PO-4763-3089,520,424,2026-07-16,WH-02,accepted
PO-001895,SUP-043,PO-9113-1300,864,623,2026-07-18,WH-02,partial
PO-001896,SUP-088,EL-5032-3219,650,599,2026-08-02,WH-02,accepted
PO-001897,SUP-185,EL-4370-307,739,663,2026-07-16,WH-01,accepted
PO-001898,SUP-092,CH-8208-934,331,638,2026-07-11,WH-01,pending
PO-001899,SUP-044,FL-8851-4857,306,234,2026-07-08,WH-01,partial
PO-001900,SUP-011,IN-3721-3662,873,634,2026-07-29,WH-01,pending
PO-001901,SUP-021,CH-4078-808,111,854,2026-07-22,WH-02,accepted
PO-001902,SUP-189,CH-1388-4982,141,570,2026-08-02,WH-02,pending
PO-001903,SUP-187,FL-1130-2064,437,499,2026-07-31,WH-01,accepted
PO-001904,SUP-085,CH-3169-4634,819,943,2026-08-02,WH-01,partial
PO-001905,SUP-044,IN-2379-1934,843,933,2026-07-09,WH-01,pending
PO-001906,SUP-184,FL-8559-1115,619,175,2026-07-16,WH-01,pending
PO-001907,SUP-014,PO-7587-1650,404,122,2026-07-25,WH-02,accepted
PO-001908,SUP-009,EL-5603-4806,788,367,2026-07-10,WH-02,accepted
PO-001909,SUP-005,IN-3965-591,519,544,2026-07-06,WH-01,accepted
PO-001910,SUP-160,CH-7780-1598,176,336,2026-07-25,WH-01,accepted
PO-001911,SUP-099,CH-7751-3261,866,524,2026-07-26,WH-01,accepted
PO-001912,SUP-025,IN-4373-3777,528,275,2026-07-15,WH-01,accepted
PO-001913,SUP-147,CH-2648-2715,565,935,2026-07-07,WH-01,partial
PO-001914,SUP-031,PO-9228-2475,209,575,2026-07-15,WH-02,pending
PO-001915,SUP-200,CH-4002-3161,233,569,2026-07-12,WH-01,accepted
PO-001916,SUP-180,PO-1846-1001,910,493,2026-07-09,WH-01,pending
PO-001917,SUP-045,CH-4302-3171,289,927,2026-07-10,WH-01,accepted
PO-001918,SUP-042,CH-9983-2915,673,376,2026-07-31,WH-02,accepted
PO-001919,SUP-192,PO-8933-2337,540,377,2026-08-07,WH-02,accepted
PO-001920,SUP-147,EL-3227-4791,742,454,2026-07-17,WH-02,accepted
PO-001921,SUP-135,CH-6340-4009,650,486,2026-07-23,WH-02,accepted
PO-001922,SUP-038,IN-3372-2288,101,289,2026-07-23,WH-02,accepted
PO-001923,SUP-115,EL-9954-882,512,926,2026-07-11,WH-01,accepted
PO-001924,SUP-064,PO-3016-1663,927,821,2026-07-29,WH-01,pending
PO-001925,SUP-089,EL-1404-3606,399,512,2026-08-06,WH-01,accepted
PO-001926,SUP-198,CH-7017-4346,718,930,2026-07-09,WH-01,accepted
PO-001927,SUP-028,CH-3549-2572,219,966,2026-08-07,WH-01,pending
PO-001928,SUP-100,CH-4285-3499,124,422,2026-07-29,WH-01,accepted
PO-001929,SUP-060,EL-6137-2357,501,854,2026-08-06,WH-02,accepted
PO-001930,SUP-088,IN-4736-3327,977,60,2026-07-22,WH-01,partial
PO-001931,SUP-008,PO-8159-613,450,676,2026-07-27,WH-01,accepted
PO-001932,SUP-084,CH-4425-1968,928,254,2026-07-25,WH-02,partial
PO-001933,SUP-057,CH-1646-698,464,243,2026-07-13,WH-02,partial
PO-001934,SUP-053,IN-4753-2563,370,50,2026-08-07,WH-01,accepted
PO-001935,SUP-125,IN-3903-3216,80,350,2026-08-03,WH-01,accepted
PO-001936,SUP-058,CH-1163-1418,121,289,2026-07-24,WH-02,accepted
PO-001937,SUP-076,EL-6910-3283,260,721,2026-07-13,WH-02,pending
PO-001938,SUP-073,IN-5169-1858,256,586,2026-07-15,WH-01,accepted
PO-001939,SUP-040,EL-5100-1545,407,304,2026-07-09,WH-02,accepted
PO-001940,SUP-152,FL-8087-193,681,551,2026-08-05,WH-02,accepted
PO-001941,SUP-091,EL-9661-1503,786,705,2026-08-02,WH-02,pending
PO-001942,SUP-049,CH-9763-1288,761,574,2026-07-04,WH-02,accepted
PO-001943,SUP-154,IN-6115-2782,502,443,2026-07-22,WH-02,accepted
PO-001944,SUP-068,FL-8467-633,443,936,2026-08-01,WH-01,partial
PO-001945,SUP-105,FL-9304-2346,385,258,2026-07-21,WH-02,accepted
PO-001946,SUP-135,EL-8890-4878,120,473,2026-07-25,WH-02,partial
PO-001947,SUP-170,CH-2440-676,466,949,2026-07-14,WH-01,accepted
PO-001948,SUP-027,IN-1698-3781,481,711,2026-07-13,WH-01,accepted
PO-001949,SUP-187,FL-3264-3914,744,569,2026-07-26,WH-02,accepted
PO-001950,SUP-194,IN-2393-2490,643,284,2026-07-18,WH-01,partial
PO-001951,SUP-063,EL-3702-631,843,579,2026-07-12,WH-02,pending
PO-001952,SUP-159,CH-3051-533,423,79,2026-07-24,WH-02,accepted
PO-001953,SUP-156,IN-2765-4037,300,243,2026-07-14,WH-02,partial
PO-001954,SUP-173,IN-8765-2644,733,150,2026-07-26,WH-01,accepted
PO-001955,SUP-188,IN-5600-3944,639,799,2026-07-27,WH-02,pending
PO-001956,SUP-119,EL-4983-4614,702,166,2026-08-05,WH-01,partial
PO-001957,SUP-083,PO-4501-607,561,872,2026-07-22,WH-01,accepted
PO-001958,SUP-056,PO-4712-2744,673,477,2026-07-30,WH-01,accepted
PO-001959,SUP-111,PO-5462-3535,993,687,2026-07-12,WH-02,pending
PO-001960,SUP-087,EL-7762-4101,297,808,2026-07-12,WH-01,partial
PO-001961,SUP-106,EL-7741-3635,797,75,2026-07-28,WH-01,partial
PO-001962,SUP-129,EL-3141-1753,666,422,2026-07-10,WH-02,pending
PO-001963,SUP-067,PO-4099-2505,372,563,2026-08-05,WH-01,partial
PO-001964,SUP-025,PO-3391-4812,582,54,2026-07-24,WH-02,pending
PO-001965,SUP-084,PO-8456-4870,163,913,2026-07-11,WH-01,pending
PO-001966,SUP-118,PO-7068-2411,527,786,2026-08-01,WH-01,pending
PO-001967,SUP-109,EL-4636-195,577,619,2026-07-18,WH-01,accepted
PO-001968,SUP-003,CH-2601-4530,578,752,2026-07-17,WH-01,partial
PO-001969,SUP-013,IN-8440-4866,579,248,2026-07-27,WH-02,pending
PO-001970,SUP-014,EL-2313-4693,236,252,2026-07-24,WH-02,accepted
PO-001971,SUP-170,FL-3462-1295,372,811,2026-07-19,WH-02,pending
PO-001972,SUP-021,FL-2126-3164,572,780,2026-07-21,WH-01,accepted
PO-001973,SUP-118,EL-6116-3486,443,813,2026-07-11,WH-02,pending
PO-001974,SUP-110,FL-7179-3402,832,854,2026-08-03,WH-02,pending
PO-001975,SUP-063,EL-8299-4331,747,772,2026-07-11,WH-02,partial
PO-001976,SUP-120,IN-7487-3224,950,651,2026-07-25,WH-02,pending
PO-001977,SUP-005,PO-1458-662,203,268,2026-07-29,WH-01,partial
PO-001978,SUP-105,IN-2810-1572,798,172,2026-07-06,WH-02,accepted
PO-001979,SUP-014,IN-5931-947,836,855,2026-07-11,WH-01,accepted
PO-001980,SUP-114,CH-7872-776,988,581,2026-07-25,WH-02,accepted
PO-001981,SUP-135,EL-7108-837,884,740,2026-07-12,WH-02,accepted
PO-001982,SUP-080,CH-6111-4058,293,239,2026-07-06,WH-02,partial
PO-001983,SUP-176,PO-9887-384,622,317,2026-08-07,WH-01,partial
PO-001984,SUP-068,PO-5997-3607,790,821,2026-07-23,WH-01,accepted
PO-001985,SUP-057,IN-3699-2281,542,430,2026-07-12,WH-02,pending
PO-001986,SUP-199,FL-1128-4247,891,701,2026-07-25,WH-02,partial
PO-001987,SUP-196,PO-4127-1714,529,461,2026-07-05,WH-02,pending
PO-001988,SUP-061,EL-6898-1270,169,278,2026-08-07,WH-02,pending
PO-001989,SUP-049,CH-4202-224,386,581,2026-08-02,WH-01,accepted
PO-001990,SUP-178,EL-6626-1106,443,569,2026-07-06,WH-02,accepted
PO-001991,SUP-115,PO-6913-2597,752,511,2026-07-06,WH-02,accepted
PO-001992,SUP-156,EL-7061-4808,783,495,2026-07-04,WH-02,pending
PO-001993,SUP-039,CH-1498-1561,615,815,2026-07-26,WH-02,pending
PO-001994,SUP-119,EL-6389-3462,506,876,2026-07-28,WH-02,pending
PO-001995,SUP-195,IN-8216-1772,862,565,2026-07-05,WH-02,accepted
PO-001996,SUP-004,EL-9845-2601,371,699,2026-07-14,WH-02,pending
PO-001997,SUP-052,IN-6287-1750,920,161,2026-08-05,WH-02,pending
PO-001998,SUP-047,IN-2751-2640,505,314,2026-07-21,WH-02,accepted
PO-001999,SUP-097,PO-4954-1355,150,706,2026-07-04,WH-02,accepted
PO-002000,SUP-020,IN-5214-3775,107,779,2026-07-21,WH-01,pending
