id,description,family,weight_kg,wms_weight_kg,erp_weight_kg,fitment_wms,fitment_erp,storage_class,hazmat,supplier,bin,bin_active,reorder_point,safety_stock
PO-6284-000,Clutch actuator Premium,Powertrain,13.19,13.19,13.19,LH,LH,ambient,False,SUP-139,A-12-08,True,68,51
PO-7532-001,Torque converter Premium,Powertrain,18.97,18.97,18.97,RH,RH,ambient,False,SUP-025,JIS-07-07,True,212,42
IN-5569-002,Wiring harness assembly JIS,Interior,1.38,1.38,1.38,LH,RH,ambient,False,SUP-011,Q-04-01,True,110,39
IN-5320-003,Door trim panel Premium,Interior,19.8,19.8,19.8,LH,LH,ambient,False,SUP-075,Q-04-03,True,188,34
EL-8474-004,Power distribution unit LH,Electronics,11.51,11.51,11.51,LH,LH,ambient,False,SUP-126,Q-04-13,True,132,62
PO-4674-005,Clutch actuator LH,Powertrain,12.92,12.92,12.92,RH,RH,ambient,False,SUP-166,B-07-16,True,126,88
FL-4966-006,Washer concentrate RH,Fluids,11.15,11.15,11.15,LH,LH,hazmat,False,SUP-200,B-07-02,True,208,74
IN-7513-007,Door trim panel RH,Interior,19.9,19.9,19.9,LH,LH,ambient,False,SUP-050,B-07-08,True,91,26
IN-9561-008,Seat rail RH,Interior,3.53,3.53,3.53,RH,RH,ambient,False,SUP-100,JIS-07-15,True,120,46
EL-9082-009,Radar sensor RH,Electronics,15.59,15.59,15.59,LH,LH,ambient,False,SUP-036,Q-04-15,True,144,69
EL-4428-010,Camera harness LH,Electronics,6.66,6.66,6.66,RH,RH,ambient,False,SUP-174,Q-04-10,True,113,75
PO-7479-011,Fuel rail Premium,Powertrain,9.77,9.77,9.77,LH,LH,ambient,False,SUP-092,JIS-07-06,True,94,42
CH-9944-012,Wheel carrier Premium,Chassis,6.98,6.98,6.98,LH,LH,ambient,False,SUP-101,Q-04-03,True,77,65
IN-1754-013,Wiring harness assembly LH,Interior,17.23,17.23,17.23,LH,LH,ambient,False,SUP-124,JIS-07-08,True,125,48
PO-2818-014,Torque converter Gen 2,Powertrain,14.46,14.46,14.46,RH,RH,ambient,False,SUP-078,B-07-15,True,174,37
CH-2813-015,Control arm Premium,Chassis,4.37,4.37,4.37,LH,LH,ambient,False,SUP-090,HZ-02-18,True,65,51
FL-1410-016,Brake fluid reservoir RH,Fluids,8.73,8.73,8.73,LH,LH,hazmat,False,SUP-012,B-07-07,True,80,64
IN-6907-017,Console module LH,Interior,6.57,6.57,6.57,RH,RH,ambient,False,SUP-100,B-07-03,True,68,56
EL-3494-018,ECU control module LH,Electronics,10.7,10.7,10.7,RH,RH,ambient,False,SUP-134,JIS-07-11,True,204,75
FL-8146-019,Coolant additive Gen 2,Fluids,24.28,24.28,24.28,LH,LH,hazmat,False,SUP-153,Q-04-03,True,132,79
CH-2927-020,Steering knuckle RH,Chassis,9.84,9.84,9.84,RH,RH,ambient,False,SUP-154,JIS-07-09,True,88,63
CH-2615-021,Wheel carrier Gen 2,Chassis,21.88,21.88,21.88,RH,RH,ambient,False,SUP-078,A-12-15,True,89,61
FL-9185-022,Washer concentrate RH,Fluids,18.7,18.7,18.7,LH,LH,ambient,False,SUP-014,Q-04-12,True,146,30
IN-8583-023,Seat rail RH,Interior,11.34,11.34,11.34,LH,LH,ambient,False,SUP-181,A-12-16,True,86,65
PO-5244-024,Gear selector Gen 2,Powertrain,13.83,13.83,13.83,LH,LH,ambient,False,SUP-009,HZ-02-10,True,212,57
IN-8326-025,Console module Gen 2,Interior,6.17,6.17,6.17,RH,RH,ambient,False,SUP-004,JIS-07-16,True,132,64
FL-9241-026,Washer concentrate Gen 2,Fluids,13.46,13.46,13.46,RH,RH,ambient,False,SUP-198,JIS-07-17,True,101,37
EL-2141-027,ECU control module Gen 2,Electronics,8.0,8.0,8.0,LH,LH,ambient,False,SUP-027,JIS-07-16,True,199,67
CH-4861-028,Control arm LH,Chassis,3.49,3.49,3.49,RH,RH,ambient,False,SUP-139,Q-04-09,True,214,67
FL-7975-029,Coolant additive RH,Fluids,0.87,0.87,0.87,RH,RH,ambient,True,SUP-180,HZ-02-16,True,79,60
EL-5549-030,Radar sensor RH,Electronics,18.95,18.95,18.95,RH,RH,ambient,False,SUP-101,A-12-02,True,147,65
PO-6785-031,Fuel rail RH,Powertrain,3.21,3.21,3.21,LH,LH,ambient,False,SUP-153,Q-04-07,True,168,87
IN-8510-032,Wiring harness assembly Premium,Interior,20.21,20.21,20.21,LH,LH,ambient,False,SUP-009,Q-04-03,True,172,43
PO-4680-033,Fuel rail Premium,Powertrain,22.09,22.09,22.09,LH,LH,ambient,False,SUP-112,JIS-07-01,True,198,51
EL-6478-034,Camera harness Gen 2,Electronics,16.41,16.41,16.41,RH,RH,ambient,False,SUP-170,JIS-07-08,True,203,45
IN-6352-035,Wiring harness assembly LH,Interior,7.02,7.02,7.02,LH,LH,ambient,False,SUP-026,A-12-02,True,148,53
EL-1389-036,ECU control module Premium,Electronics,20.83,20.83,20.83,RH,RH,ambient,False,SUP-085,JIS-07-05,True,186,44
CH-6715-037,Wheel carrier Gen 2,Chassis,12.4,12.4,12.4,RH,RH,ambient,False,SUP-032,Q-04-09,True,64,53
CH-5342-038,Control arm LH,Chassis,23.98,23.98,23.98,RH,RH,ambient,False,SUP-190,HZ-02-08,True,183,73
IN-9203-039,Seat rail LH,Interior,14.48,14.48,14.48,LH,LH,ambient,False,SUP-155,A-12-03,True,87,65
FL-7263-040,Coolant additive Gen 2,Fluids,6.75,6.75,6.75,RH,RH,ambient,False,SUP-146,Q-04-18,True,75,88
IN-3678-041,Wiring harness assembly Premium,Interior,8.32,8.32,8.32,LH,LH,ambient,False,SUP-020,HZ-02-03,True,84,82
IN-3294-042,Console module RH,Interior,0.67,0.67,0.67,RH,RH,ambient,False,SUP-060,B-07-05,True,94,90
PO-9142-043,Torque converter Premium,Powertrain,17.19,17.19,17.19,LH,LH,ambient,False,SUP-065,Q-04-14,True,78,44
IN-5323-044,Seat rail RH,Interior,9.1,9.1,9.1,LH,LH,ambient,False,SUP-176,JIS-07-17,True,196,36
FL-3404-045,Coolant additive Premium,Fluids,5.18,5.18,5.18,RH,RH,ambient,False,SUP-028,Q-04-08,True,187,40
CH-5559-046,Brake line manifold RH,Chassis,3.28,3.28,3.28,LH,LH,ambient,False,SUP-129,HZ-02-09,True,159,67
FL-7262-047,Brake fluid reservoir LH,Fluids,2.6,2.6,2.6,LH,LH,ambient,True,SUP-100,Q-04-09,True,167,59
FL-3915-048,Washer concentrate RH,Fluids,7.41,7.41,7.41,LH,LH,ambient,False,SUP-200,B-07-11,True,86,39
FL-8573-049,Washer concentrate Gen 2,Fluids,9.91,9.91,9.91,RH,RH,ambient,False,SUP-075,JIS-07-05,True,106,30
PO-1318-050,Torque converter Gen 2,Powertrain,8.69,8.69,8.69,LH,LH,ambient,False,SUP-066,JIS-07-12,True,85,38
PO-6267-051,Clutch actuator Gen 2,Powertrain,10.84,10.84,10.84,LH,LH,ambient,False,SUP-200,HZ-02-01,True,94,42
FL-5514-052,Sealant cartridge LH,Fluids,12.58,12.58,12.58,LH,LH,hazmat,False,SUP-112,B-07-18,True,165,83
CH-2051-053,Brake line manifold LH,Chassis,3.12,3.12,3.12,RH,RH,ambient,False,SUP-158,JIS-07-15,True,79,63
PO-3438-054,Fuel rail Gen 2,Powertrain,12.51,12.51,12.51,LH,LH,ambient,False,SUP-096,A-12-02,True,65,84
FL-1205-055,Washer concentrate LH,Fluids,3.41,3.41,3.41,RH,RH,ambient,True,SUP-081,B-07-02,True,75,86
PO-3047-056,Gear selector Gen 2,Powertrain,7.37,7.37,7.37,LH,LH,ambient,False,SUP-073,A-12-01,True,176,34
EL-2160-057,Camera harness Premium,Electronics,18.81,18.81,18.81,LH,LH,ambient,False,SUP-126,Q-04-14,True,145,50
FL-4223-058,Brake fluid reservoir Gen 2,Fluids,14.46,14.46,14.46,LH,LH,hazmat,False,SUP-122,Q-04-17,True,136,62
CH-3492-059,Brake line manifold Gen 2,Chassis,14.11,14.11,14.11,RH,RH,ambient,False,SUP-165,HZ-02-14,True,108,56
CH-5467-060,Steering knuckle Gen 2,Chassis,9.34,9.34,9.34,LH,LH,ambient,False,SUP-039,JIS-07-09,True,110,89
EL-2112-061,Power distribution unit Premium,Electronics,20.07,20.07,20.07,LH,LH,ambient,False,SUP-166,B-07-14,True,64,65
IN-7885-062,Door trim panel LH,Interior,16.59,16.59,16.59,RH,RH,ambient,False,SUP-022,JIS-07-02,True,98,64
IN-4526-063,Door trim panel RH,Interior,9.39,9.39,9.39,RH,RH,ambient,False,SUP-096,Q-04-08,True,72,75
FL-3006-064,Coolant additive Premium,Fluids,3.99,3.99,3.99,RH,RH,ambient,True,SUP-115,JIS-07-17,True,135,26
EL-7129-065,Power distribution unit LH,Electronics,20.63,20.63,20.63,RH,RH,ambient,False,SUP-098,A-12-08,True,173,89
PO-4326-066,Torque converter Premium,Powertrain,6.03,6.03,6.03,LH,LH,ambient,False,SUP-021,A-12-04,True,139,31
EL-9851-067,Radar sensor Premium,Electronics,17.33,17.33,17.33,LH,LH,ambient,False,SUP-035,A-12-12,True,120,67
EL-9984-068,ECU control module Gen 2,Electronics,4.04,4.04,4.04,RH,RH,ambient,False,SUP-145,A-12-08,True,86,53
PO-3792-069,Clutch actuator Premium,Powertrain,14.7,14.7,14.7,RH,RH,ambient,False,SUP-146,HZ-02-08,True,128,65
FL-2383-070,Coolant additive Premium,Fluids,15.7,15.7,15.7,RH,RH,ambient,True,SUP-164,A-12-09,True,187,46
FL-3145-071,Sealant cartridge Gen 2,Fluids,8.39,8.39,8.39,RH,RH,ambient,True,SUP-051,JIS-07-07,True,172,32
PO-7266-072,Clutch actuator Gen 2,Powertrain,14.75,14.75,14.75,RH,RH,ambient,False,SUP-081,B-07-15,True,220,56
CH-1172-073,Steering knuckle RH,Chassis,8.87,8.87,8.87,LH,LH,ambient,False,SUP-186,Q-04-18,True,94,74
FL-3718-074,Coolant additive RH,Fluids,10.55,10.55,10.55,LH,LH,ambient,False,SUP-013,JIS-07-02,True,173,80
IN-8919-075,Door trim panel RH,Interior,15.59,15.59,15.59,LH,LH,ambient,False,SUP-135,JIS-07-08,True,196,73
EL-2683-076,Power distribution unit Premium,Electronics,17.3,17.3,17.3,RH,RH,ambient,False,SUP-140,JIS-07-06,True,211,30
FL-2779-077,Coolant additive LH,Fluids,4.7,4.7,4.7,LH,LH,ambient,True,SUP-200,JIS-07-03,True,195,42
IN-6043-078,Door trim panel LH,Interior,11.57,11.57,11.57,RH,RH,ambient,False,SUP-094,A-12-09,True,164,30
IN-3087-079,Seat rail Premium,Interior,3.67,3.67,3.67,LH,LH,ambient,False,SUP-152,A-12-09,True,122,78
IN-4436-080,Wiring harness assembly LH,Interior,3.55,3.55,3.55,RH,RH,ambient,False,SUP-056,JIS-07-02,True,193,51
CH-2278-081,Steering knuckle LH,Chassis,3.65,3.65,3.65,RH,RH,ambient,False,SUP-104,Q-04-14,True,123,77
FL-3169-082,Sealant cartridge RH,Fluids,5.48,5.48,5.48,RH,RH,hazmat,True,SUP-008,A-12-02,True,206,44
CH-2049-083,Wheel carrier Gen 2,Chassis,16.76,16.76,16.76,RH,RH,ambient,False,SUP-054,A-12-17,True,84,53
PO-8307-084,Torque converter Premium,Powertrain,23.1,23.1,23.1,LH,LH,ambient,False,SUP-011,JIS-07-03,True,102,67
PO-3853-085,Clutch actuator RH,Powertrain,20.94,20.94,20.94,RH,RH,ambient,False,SUP-055,HZ-02-01,True,86,77
EL-1658-086,Power distribution unit LH,Electronics,22.53,22.53,22.53,LH,LH,ambient,False,SUP-127,Q-04-13,True,73,55
FL-6927-087,Washer concentrate Gen 2,Fluids,3.27,3.27,3.27,RH,RH,ambient,True,SUP-110,B-07-14,True,106,63
IN-7694-088,Console module RH,Interior,22.22,22.22,22.22,RH,RH,ambient,False,SUP-170,JIS-07-11,True,191,61
CH-7459-089,Brake line manifold Gen 2,Chassis,1.38,1.38,1.38,RH,RH,ambient,False,SUP-043,JIS-07-18,True,219,59
EL-2548-090,ECU control module Premium,Electronics,16.75,16.75,16.75,LH,LH,ambient,False,SUP-163,Q-04-01,True,174,31
PO-7553-091,Clutch actuator RH,Powertrain,1.54,1.54,1.54,LH,LH,ambient,False,SUP-039,Q-04-04,True,136,58
EL-6804-092,Radar sensor Gen 2,Electronics,11.88,11.88,11.88,RH,RH,ambient,False,SUP-135,Q-04-05,True,171,89
CH-1122-093,Brake line manifold Premium,Chassis,13.33,13.33,13.33,RH,RH,ambient,False,SUP-040,A-12-06,True,138,78
CH-5073-094,Wheel carrier LH,Chassis,12.67,12.67,12.67,RH,RH,ambient,False,SUP-152,HZ-02-13,True,125,65
CH-4934-095,Brake line manifold Gen 2,Chassis,16.75,16.75,16.75,LH,LH,ambient,False,SUP-083,B-07-02,True,97,41
FL-4642-096,Brake fluid reservoir LH,Fluids,16.06,16.06,16.06,RH,RH,ambient,False,SUP-144,Q-04-01,True,87,30
EL-3962-097,Power distribution unit RH,Electronics,19.93,19.93,19.93,RH,RH,ambient,False,SUP-094,Q-04-06,True,87,79
FL-2677-098,Brake fluid reservoir RH,Fluids,1.21,1.21,1.21,RH,RH,hazmat,True,SUP-170,B-07-02,True,158,57
EL-6950-099,Camera harness Premium,Electronics,9.41,9.41,9.41,RH,RH,ambient,False,SUP-167,HZ-02-18,True,76,46
EL-8482-100,Power distribution unit LH,Electronics,13.94,13.94,13.94,RH,RH,ambient,False,SUP-061,HZ-02-17,True,173,69
FL-5259-101,Brake fluid reservoir Premium,Fluids,21.98,21.98,21.98,LH,LH,ambient,False,SUP-035,Q-04-04,True,215,65
EL-2273-102,Power distribution unit Premium,Electronics,21.64,21.64,21.64,LH,LH,ambient,False,SUP-048,JIS-07-02,True,197,83
CH-2114-103,Steering knuckle RH,Chassis,19.83,19.83,19.83,LH,LH,ambient,False,SUP-178,HZ-02-14,True,218,44
PO-9154-104,Clutch actuator Premium,Powertrain,2.66,2.66,2.66,RH,RH,ambient,False,SUP-150,JIS-07-18,True,214,82
IN-9152-105,Seat rail LH,Interior,11.98,11.98,11.98,LH,LH,ambient,False,SUP-021,HZ-02-12,True,89,35
CH-9836-106,Control arm Premium,Chassis,8.31,8.31,8.31,RH,RH,ambient,False,SUP-103,HZ-02-18,True,208,77
CH-3631-107,Control arm Premium,Chassis,2.44,2.44,2.44,LH,LH,ambient,False,SUP-031,A-12-10,True,188,49
FL-3919-108,Washer concentrate Premium,Fluids,7.41,7.41,7.41,RH,RH,ambient,True,SUP-064,A-12-16,True,83,63
EL-7283-109,Camera harness Gen 2,Electronics,2.53,2.53,2.53,RH,RH,ambient,False,SUP-138,HZ-02-18,True,147,56
CH-1952-110,Control arm RH,Chassis,1.23,1.23,1.23,LH,LH,ambient,False,SUP-160,B-07-05,True,206,39
FL-7214-111,Sealant cartridge Gen 2,Fluids,2.85,2.85,2.85,RH,RH,ambient,True,SUP-072,JIS-07-11,True,128,83
CH-9608-112,Wheel carrier Premium,Chassis,16.07,16.07,16.07,RH,RH,ambient,False,SUP-144,JIS-07-18,True,180,73
EL-4210-113,Radar sensor Premium,Electronics,5.34,5.34,5.34,LH,LH,ambient,False,SUP-135,JIS-07-01,True,66,71
FL-5328-114,Sealant cartridge Gen 2,Fluids,22.13,22.13,22.13,RH,RH,ambient,True,SUP-044,B-07-16,True,97,42
PO-5513-115,Clutch actuator Premium,Powertrain,7.06,7.06,7.06,RH,RH,ambient,False,SUP-059,A-12-01,True,109,52
PO-7931-116,Gear selector Premium,Powertrain,5.55,5.55,5.55,RH,RH,ambient,False,SUP-105,Q-04-02,True,169,25
EL-5752-117,Power distribution unit LH,Electronics,20.25,20.25,20.25,RH,RH,ambient,False,SUP-139,A-12-06,True,192,27
PO-5219-118,Clutch actuator Gen 2,Powertrain,2.2,2.2,2.2,RH,RH,ambient,False,SUP-020,JIS-07-05,True,101,44
CH-2177-119,Brake line manifold RH,Chassis,17.46,17.46,17.46,LH,LH,ambient,False,SUP-188,A-12-16,True,180,82
EL-2107-120,Power distribution unit LH,Electronics,7.6,7.6,7.6,LH,LH,ambient,False,SUP-150,Q-04-12,True,137,79
EL-5077-121,ECU control module LH,Electronics,22.25,22.25,22.25,LH,LH,ambient,False,SUP-175,HZ-02-18,True,119,54
FL-2523-122,Washer concentrate RH,Fluids,5.26,5.26,5.26,RH,RH,hazmat,False,SUP-131,A-12-02,True,143,73
FL-3331-123,Coolant additive Gen 2,Fluids,16.15,16.15,16.15,LH,LH,hazmat,False,SUP-078,Q-04-12,True,180,68
IN-9104-124,Seat rail Gen 2,Interior,17.34,17.34,17.34,LH,LH,ambient,False,SUP-164,JIS-07-04,True,200,51
CH-8749-125,Steering knuckle RH,Chassis,2.51,2.51,2.51,RH,RH,ambient,False,SUP-015,JIS-07-07,True,217,70
EL-9091-126,ECU control module RH,Electronics,9.92,9.92,9.92,RH,RH,ambient,False,SUP-200,JIS-07-08,True,186,75
FL-1442-127,Sealant cartridge Premium,Fluids,10.48,10.48,10.48,RH,RH,ambient,False,SUP-041,A-12-14,True,143,67
FL-1186-128,Sealant cartridge Premium,Fluids,15.86,15.86,15.86,RH,RH,ambient,True,SUP-135,Q-04-05,True,202,68
IN-5967-129,Door trim panel Premium,Interior,0.89,0.89,0.89,RH,RH,ambient,False,SUP-064,Q-04-01,True,105,83
FL-1738-130,Brake fluid reservoir RH,Fluids,9.01,9.01,9.01,RH,RH,ambient,False,SUP-058,Q-04-02,True,123,44
CH-5046-131,Wheel carrier Gen 2,Chassis,14.43,14.43,14.43,RH,RH,ambient,False,SUP-098,Q-04-06,True,93,65
FL-8527-132,Coolant additive Premium,Fluids,13.58,13.58,13.58,RH,RH,hazmat,False,SUP-185,B-07-01,True,140,61
CH-2391-133,Control arm Premium,Chassis,0.9,0.9,0.9,LH,LH,ambient,False,SUP-095,Q-04-03,True,145,82
CH-4720-134,Brake line manifold LH,Chassis,12.04,12.04,12.04,LH,LH,ambient,False,SUP-091,Q-04-14,True,125,54
PO-6981-135,Fuel rail RH,Powertrain,9.44,9.44,9.44,RH,RH,ambient,False,SUP-079,Q-04-16,True,62,47
PO-5892-136,Gear selector Premium,Powertrain,22.11,22.11,22.11,LH,LH,ambient,False,SUP-057,Q-04-04,True,76,52
PO-1704-137,Clutch actuator Premium,Powertrain,15.26,15.26,15.26,RH,RH,ambient,False,SUP-193,JIS-07-10,True,218,39
PO-1869-138,Torque converter RH,Powertrain,13.22,13.22,13.22,RH,RH,ambient,False,SUP-138,B-07-16,True,116,44
FL-8725-139,Sealant cartridge Gen 2,Fluids,18.48,18.48,18.48,LH,LH,hazmat,False,SUP-146,B-07-16,True,194,69
PO-3736-140,Gear selector Gen 2,Powertrain,1.63,1.63,1.63,LH,LH,ambient,False,SUP-080,Q-04-12,True,151,84
IN-9552-141,Wiring harness assembly Premium,Interior,21.42,21.42,21.42,RH,RH,ambient,False,SUP-104,HZ-02-05,True,177,76
IN-8820-142,Wiring harness assembly RH,Interior,12.41,12.41,12.41,LH,LH,ambient,False,SUP-019,JIS-07-13,True,94,64
EL-1546-143,Camera harness RH,Electronics,3.89,3.89,3.89,LH,LH,ambient,False,SUP-139,Q-04-06,True,169,85
EL-2462-144,ECU control module Gen 2,Electronics,22.86,22.86,22.86,RH,RH,ambient,False,SUP-044,Q-04-03,True,175,25
EL-9907-145,ECU control module Premium,Electronics,12.88,12.88,12.88,LH,LH,ambient,False,SUP-179,A-12-01,True,209,47
FL-9282-146,Coolant additive Gen 2,Fluids,2.26,2.26,2.26,LH,LH,hazmat,False,SUP-191,HZ-02-14,True,134,76
EL-5833-147,Radar sensor Premium,Electronics,10.13,10.13,10.13,RH,RH,ambient,False,SUP-002,JIS-07-09,True,169,47
CH-7296-148,Wheel carrier Gen 2,Chassis,21.63,21.63,21.63,LH,LH,ambient,False,SUP-033,JIS-07-18,True,194,50
EL-4860-149,ECU control module RH,Electronics,19.05,19.05,19.05,LH,LH,ambient,False,SUP-014,B-07-16,True,82,65
FL-4626-150,Coolant additive Gen 2,Fluids,10.42,10.42,10.42,LH,LH,hazmat,False,SUP-142,JIS-07-18,True,61,83
PO-5414-151,Clutch actuator Premium,Powertrain,4.59,4.59,4.59,RH,RH,ambient,False,SUP-128,A-12-13,True,141,71
IN-3623-152,Wiring harness assembly Gen 2,Interior,20.53,20.53,20.53,RH,RH,ambient,False,SUP-021,Q-04-12,True,171,52
IN-7088-153,Door trim panel Premium,Interior,8.23,8.23,8.23,LH,LH,ambient,False,SUP-003,A-12-02,True,61,33
FL-5494-154,Sealant cartridge LH,Fluids,15.3,15.3,15.3,LH,LH,hazmat,True,SUP-039,HZ-02-09,True,126,25
FL-4179-155,Coolant additive RH,Fluids,17.18,17.18,17.18,RH,RH,ambient,False,SUP-123,A-12-01,True,195,65
IN-2902-156,Door trim panel Gen 2,Interior,3.72,3.72,3.72,RH,RH,ambient,False,SUP-136,HZ-02-10,True,186,45
CH-7690-157,Brake line manifold Gen 2,Chassis,13.79,13.79,13.79,RH,RH,ambient,False,SUP-170,Q-04-18,True,139,58
CH-8089-158,Brake line manifold LH,Chassis,14.99,14.99,14.99,LH,LH,ambient,False,SUP-130,Q-04-07,True,148,64
PO-8732-159,Gear selector LH,Powertrain,15.52,15.52,15.52,LH,LH,ambient,False,SUP-178,B-07-06,True,132,63
PO-6458-160,Fuel rail LH,Powertrain,17.03,17.03,17.03,LH,LH,ambient,False,SUP-183,B-07-12,True,140,72
CH-9235-161,Brake line manifold Gen 2,Chassis,7.73,7.73,7.73,LH,LH,ambient,False,SUP-027,A-12-10,True,61,25
IN-2307-162,Wiring harness assembly LH,Interior,20.2,20.2,20.2,LH,LH,ambient,False,SUP-011,Q-04-12,True,155,85
EL-1141-163,Radar sensor Premium,Electronics,2.99,2.99,2.99,LH,LH,ambient,False,SUP-030,JIS-07-15,True,204,62
EL-3266-164,Camera harness RH,Electronics,10.66,10.66,10.66,LH,LH,ambient,False,SUP-136,HZ-02-18,True,209,74
CH-4991-165,Steering knuckle Premium,Chassis,8.71,8.71,8.71,LH,LH,ambient,False,SUP-141,Q-04-06,True,180,45
PO-6321-166,Torque converter Gen 2,Powertrain,4.57,4.57,4.57,LH,LH,ambient,False,SUP-137,B-07-08,True,177,46
IN-7326-167,Seat rail Gen 2,Interior,14.77,14.77,14.77,RH,RH,ambient,False,SUP-095,JIS-07-13,True,143,42
IN-8347-168,Console module LH,Interior,9.31,9.31,9.31,RH,RH,ambient,False,SUP-048,A-12-14,True,91,30
FL-8578-169,Sealant cartridge Premium,Fluids,22.52,22.52,22.52,RH,RH,ambient,False,SUP-106,JIS-07-15,True,200,54
PO-2142-170,Fuel rail RH,Powertrain,0.99,0.99,0.99,LH,LH,ambient,False,SUP-080,B-07-05,True,89,30
EL-4138-171,ECU control module LH,Electronics,9.7,9.7,9.7,LH,LH,ambient,False,SUP-135,B-07-11,True,81,50
IN-5761-172,Wiring harness assembly LH,Interior,23.31,23.31,23.31,RH,RH,ambient,False,SUP-141,JIS-07-13,True,72,86
FL-1991-173,Brake fluid reservoir LH,Fluids,8.11,8.11,8.11,LH,LH,hazmat,False,SUP-194,B-07-07,True,130,48
FL-4152-174,Coolant additive Gen 2,Fluids,11.01,11.01,11.01,LH,LH,ambient,True,SUP-085,JIS-07-04,True,132,40
CH-4078-175,Control arm RH,Chassis,2.99,2.99,2.99,RH,RH,ambient,False,SUP-081,B-07-12,True,68,46
CH-1000-176,Control arm LH,Chassis,7.04,7.04,7.04,RH,RH,ambient,False,SUP-027,JIS-07-17,True,205,27
CH-6973-177,Steering knuckle Premium,Chassis,4.91,4.91,4.91,LH,LH,ambient,False,SUP-017,JIS-07-01,True,105,45
IN-8069-178,Wiring harness assembly Gen 2,Interior,20.97,20.97,20.97,RH,RH,ambient,False,SUP-018,B-07-11,True,103,72
FL-1964-179,Sealant cartridge RH,Fluids,1.17,1.17,1.17,LH,LH,ambient,False,SUP-115,Q-04-17,True,215,83
FL-8477-180,Coolant additive Premium,Fluids,13.68,13.68,13.68,RH,RH,ambient,False,SUP-001,B-07-11,True,90,49
PO-4071-181,Gear selector Premium,Powertrain,23.99,23.99,23.99,RH,RH,ambient,False,SUP-180,A-12-05,True,210,45
CH-2755-182,Control arm LH,Chassis,19.03,19.03,19.03,LH,LH,ambient,False,SUP-176,B-07-15,True,186,49
CH-4302-183,Steering knuckle LH,Chassis,22.92,22.92,22.92,LH,LH,ambient,False,SUP-048,HZ-02-13,True,176,59
PO-7181-184,Gear selector LH,Powertrain,3.79,3.79,3.79,LH,LH,ambient,False,SUP-036,HZ-02-10,True,134,49
EL-5684-185,Radar sensor LH,Electronics,16.2,16.2,16.2,RH,RH,ambient,False,SUP-038,A-12-04,True,219,40
EL-3673-186,Power distribution unit Premium,Electronics,14.1,14.1,14.1,LH,LH,ambient,False,SUP-010,HZ-02-14,True,180,27
PO-3208-187,Torque converter LH,Powertrain,10.32,10.32,10.32,LH,LH,ambient,False,SUP-129,JIS-07-02,True,84,25
CH-1321-188,Control arm LH,Chassis,23.92,23.92,23.92,LH,LH,ambient,False,SUP-037,A-12-18,True,73,69
PO-5591-189,Gear selector Gen 2,Powertrain,22.54,22.54,22.54,RH,RH,ambient,False,SUP-154,JIS-07-04,True,175,35
FL-6792-190,Washer concentrate LH,Fluids,18.16,18.16,18.16,LH,LH,ambient,True,SUP-090,B-07-12,True,150,50
CH-7687-191,Steering knuckle LH,Chassis,15.04,15.04,15.04,LH,LH,ambient,False,SUP-097,B-07-01,True,84,33
EL-4723-192,Camera harness Gen 2,Electronics,0.97,0.97,0.97,LH,LH,ambient,False,SUP-145,A-12-05,True,196,85
EL-5387-193,Camera harness LH,Electronics,6.82,6.82,6.82,RH,RH,ambient,False,SUP-001,Q-04-08,True,119,48
FL-5978-194,Washer concentrate Gen 2,Fluids,19.84,19.84,19.84,RH,RH,ambient,True,SUP-150,A-12-13,True,185,31
CH-7138-195,Steering knuckle Premium,Chassis,13.66,13.66,13.66,RH,RH,ambient,False,SUP-182,HZ-02-12,True,112,38
FL-8774-196,Coolant additive Premium,Fluids,22.56,22.56,22.56,RH,RH,ambient,True,SUP-051,Q-04-11,True,99,48
IN-5978-197,Seat rail Premium,Interior,12.09,12.09,12.09,LH,LH,ambient,False,SUP-005,JIS-07-10,True,189,75
PO-3369-198,Torque converter Gen 2,Powertrain,15.19,15.19,15.19,LH,LH,ambient,False,SUP-085,B-07-12,True,79,90
PO-4902-199,Fuel rail Premium,Powertrain,11.92,11.92,11.92,RH,RH,ambient,False,SUP-103,JIS-07-15,True,110,26
CH-8970-200,Wheel carrier Gen 2,Chassis,16.67,16.67,16.67,LH,LH,ambient,False,SUP-066,HZ-02-15,True,118,35
FL-7500-201,Coolant additive Gen 2,Fluids,0.55,0.55,0.55,LH,LH,hazmat,True,SUP-067,JIS-07-11,True,150,51
PO-4046-202,Torque converter RH,Powertrain,16.35,16.35,16.35,RH,RH,ambient,False,SUP-080,Q-04-09,True,112,68
EL-9598-203,Camera harness RH,Electronics,3.69,3.69,3.69,RH,RH,ambient,False,SUP-109,A-12-01,True,193,39
EL-2182-204,Radar sensor RH,Electronics,11.38,11.38,11.38,LH,LH,ambient,False,SUP-094,JIS-07-15,True,215,28
PO-8343-205,Torque converter RH,Powertrain,13.69,13.69,13.69,RH,RH,ambient,False,SUP-044,A-12-17,True,92,84
PO-5201-206,Gear selector RH,Powertrain,23.4,23.4,23.4,LH,LH,ambient,False,SUP-192,JIS-07-09,True,125,41
PO-4844-207,Torque converter Gen 2,Powertrain,8.09,8.09,8.09,LH,LH,ambient,False,SUP-160,HZ-02-04,True,67,37
EL-4150-208,Radar sensor LH,Electronics,18.25,18.25,18.25,LH,LH,ambient,False,SUP-190,B-07-05,True,86,58
PO-4833-209,Torque converter Gen 2,Powertrain,9.37,9.37,9.37,LH,LH,ambient,False,SUP-050,HZ-02-10,True,81,59
EL-2995-210,ECU control module LH,Electronics,21.31,21.31,21.31,LH,LH,ambient,False,SUP-179,Q-04-02,True,219,36
PO-3290-211,Clutch actuator Premium,Powertrain,24.33,24.33,24.33,RH,RH,ambient,False,SUP-045,A-12-10,True,94,33
IN-4741-212,Wiring harness assembly LH,Interior,12.21,12.21,12.21,RH,RH,ambient,False,SUP-026,JIS-07-14,True,71,42
CH-7943-213,Brake line manifold Premium,Chassis,24.36,24.36,24.36,LH,LH,ambient,False,SUP-094,B-07-16,True,144,89
CH-7799-214,Steering knuckle LH,Chassis,20.02,20.02,20.02,LH,LH,ambient,False,SUP-018,JIS-07-03,True,71,68
PO-9029-215,Gear selector Gen 2,Powertrain,14.22,14.22,14.22,RH,RH,ambient,False,SUP-059,HZ-02-13,True,132,34
CH-5820-216,Control arm RH,Chassis,11.13,11.13,11.13,RH,RH,ambient,False,SUP-177,HZ-02-11,True,129,65
EL-3631-217,Camera harness LH,Electronics,2.96,2.96,2.96,RH,RH,ambient,False,SUP-078,A-12-17,True,220,80
CH-4443-218,Brake line manifold Premium,Chassis,10.49,10.49,10.49,LH,LH,ambient,False,SUP-127,A-12-13,True,118,64
CH-3652-219,Brake line manifold LH,Chassis,21.59,21.59,21.59,LH,LH,ambient,False,SUP-117,A-12-15,True,161,58
EL-5531-220,ECU control module LH,Electronics,11.5,11.5,11.5,RH,RH,ambient,False,SUP-174,JIS-07-02,True,216,34
FL-8520-221,Coolant additive RH,Fluids,15.81,15.81,15.81,RH,RH,hazmat,False,SUP-029,B-07-18,True,122,66
FL-1121-222,Brake fluid reservoir Premium,Fluids,1.23,1.23,1.23,RH,RH,ambient,False,SUP-166,A-12-08,True,81,68
PO-5609-223,Gear selector Gen 2,Powertrain,15.96,15.96,15.96,LH,LH,ambient,False,SUP-090,B-07-02,True,145,62
PO-3522-224,Fuel rail Gen 2,Powertrain,18.21,18.21,18.21,RH,RH,ambient,False,SUP-147,A-12-16,True,108,86
FL-5401-225,Brake fluid reservoir LH,Fluids,20.03,20.03,20.03,LH,LH,ambient,False,SUP-084,Q-04-10,True,138,89
FL-3408-226,Brake fluid reservoir Gen 2,Fluids,5.25,5.25,5.25,LH,LH,ambient,True,SUP-187,B-07-01,True,180,56
FL-8820-227,Washer concentrate LH,Fluids,5.26,5.26,5.26,LH,LH,ambient,False,SUP-154,JIS-07-16,True,119,52
PO-1259-228,Fuel rail Gen 2,Powertrain,23.76,23.76,23.76,RH,RH,ambient,False,SUP-028,JIS-07-03,True,68,85
PO-6895-229,Fuel rail LH,Powertrain,1.49,1.49,1.49,LH,LH,ambient,False,SUP-003,B-07-13,True,121,72
CH-8945-230,Wheel carrier Gen 2,Chassis,1.43,1.43,1.43,LH,LH,ambient,False,SUP-156,A-12-15,True,181,28
EL-1205-231,ECU control module RH,Electronics,14.6,14.6,14.6,LH,LH,ambient,False,SUP-097,Q-04-06,True,121,43
EL-7638-232,ECU control module RH,Electronics,0.83,0.83,0.83,LH,LH,ambient,False,SUP-170,A-12-16,True,61,82
FL-2397-233,Sealant cartridge LH,Fluids,9.86,9.86,9.86,RH,RH,ambient,True,SUP-146,JIS-07-02,True,215,33
PO-1140-234,Clutch actuator Gen 2,Powertrain,19.09,19.09,19.09,RH,RH,ambient,False,SUP-127,A-12-08,True,204,89
FL-9864-235,Washer concentrate Gen 2,Fluids,23.61,23.61,23.61,RH,RH,ambient,True,SUP-179,HZ-02-18,True,145,78
EL-4630-236,Power distribution unit Gen 2,Electronics,16.7,16.7,16.7,RH,RH,ambient,False,SUP-157,B-07-03,True,66,29
PO-2479-237,Fuel rail LH,Powertrain,20.99,20.99,20.99,RH,RH,ambient,False,SUP-182,B-07-10,True,136,86
CH-7692-238,Control arm Gen 2,Chassis,24.16,24.16,24.16,LH,LH,ambient,False,SUP-191,JIS-07-18,True,142,30
FL-6056-239,Coolant additive Premium,Fluids,19.15,19.15,19.15,LH,LH,hazmat,False,SUP-146,A-12-14,True,141,78
FL-7018-240,Brake fluid reservoir Gen 2,Fluids,6.81,6.81,6.81,RH,RH,ambient,True,SUP-090,A-12-15,True,194,56
IN-5461-241,Door trim panel RH,Interior,6.2,6.2,6.2,RH,RH,ambient,False,SUP-021,A-12-07,True,212,35
FL-1617-242,Brake fluid reservoir LH,Fluids,15.99,15.99,15.99,RH,RH,ambient,False,SUP-134,A-12-04,True,179,78
FL-7390-243,Sealant cartridge RH,Fluids,15.85,15.85,15.85,LH,LH,ambient,True,SUP-036,A-12-16,True,85,28
IN-7616-244,Seat rail RH,Interior,21.2,21.2,21.2,RH,RH,ambient,False,SUP-195,JIS-07-05,True,87,54
FL-5402-245,Sealant cartridge Gen 2,Fluids,23.06,23.06,23.06,LH,LH,ambient,False,SUP-059,Q-04-04,True,210,83
FL-3493-246,Brake fluid reservoir Gen 2,Fluids,20.9,20.9,20.9,RH,RH,hazmat,True,SUP-041,B-07-08,True,95,76
EL-3627-247,Radar sensor LH,Electronics,12.06,12.06,12.06,RH,RH,ambient,False,SUP-143,B-07-11,True,183,62
FL-5645-248,Washer concentrate LH,Fluids,3.45,3.45,3.45,RH,RH,hazmat,False,SUP-039,HZ-02-05,True,81,31
FL-8589-249,Coolant additive RH,Fluids,18.03,18.03,18.03,LH,LH,ambient,False,SUP-105,Q-04-16,True,86,32
FL-5425-250,Coolant additive RH,Fluids,1.96,1.96,1.96,RH,RH,hazmat,False,SUP-019,B-07-04,True,190,68
IN-3090-251,Seat rail RH,Interior,22.2,22.2,22.2,RH,RH,ambient,False,SUP-130,Q-04-05,True,192,36
EL-1354-252,Radar sensor Gen 2,Electronics,0.93,0.93,0.93,LH,LH,ambient,False,SUP-079,HZ-02-06,True,213,87
CH-5801-253,Wheel carrier Premium,Chassis,10.91,10.91,10.91,RH,RH,ambient,False,SUP-096,A-12-04,True,169,51
IN-1252-254,Console module RH,Interior,20.22,20.22,20.22,RH,RH,ambient,False,SUP-194,Q-04-03,True,139,49
IN-8731-255,Door trim panel LH,Interior,11.76,11.76,11.76,LH,LH,ambient,False,SUP-019,Q-04-17,True,78,37
PO-6532-256,Gear selector Gen 2,Powertrain,14.12,14.12,14.12,RH,RH,ambient,False,SUP-159,A-12-08,True,111,58
EL-8973-257,Camera harness Premium,Electronics,10.94,10.94,10.94,LH,LH,ambient,False,SUP-035,JIS-07-12,True,98,34
FL-2150-258,Coolant additive Gen 2,Fluids,17.31,17.31,17.31,RH,RH,ambient,True,SUP-190,HZ-02-14,True,155,82
PO-2514-259,Clutch actuator Premium,Powertrain,10.28,10.28,10.28,RH,RH,ambient,False,SUP-187,Q-04-14,True,122,38
CH-3449-260,Steering knuckle Premium,Chassis,3.5,3.5,3.5,LH,LH,ambient,False,SUP-077,A-12-02,True,211,41
IN-7294-261,Seat rail Premium,Interior,15.86,15.86,15.86,LH,LH,ambient,False,SUP-177,HZ-02-05,True,149,90
CH-9751-262,Steering knuckle LH,Chassis,20.68,20.68,20.68,LH,LH,ambient,False,SUP-188,A-12-15,True,206,86
FL-5468-263,Washer concentrate LH,Fluids,5.63,5.63,5.63,LH,LH,hazmat,False,SUP-128,A-12-15,True,94,67
PO-2892-264,Torque converter RH,Powertrain,2.51,2.51,2.51,RH,RH,ambient,False,SUP-058,Q-04-17,True,206,66
FL-1590-265,Washer concentrate Premium,Fluids,20.63,20.63,20.63,LH,LH,hazmat,False,SUP-119,HZ-02-16,True,119,44
FL-7767-266,Coolant additive RH,Fluids,6.4,6.4,6.4,RH,RH,ambient,False,SUP-141,HZ-02-09,True,195,84
CH-8876-267,Wheel carrier RH,Chassis,19.23,19.23,19.23,LH,LH,ambient,False,SUP-145,Q-04-01,True,177,82
FL-3368-268,Sealant cartridge LH,Fluids,23.23,23.23,23.23,LH,LH,ambient,False,SUP-179,B-07-01,True,179,50
IN-2971-269,Console module RH,Interior,11.26,11.26,11.26,LH,LH,ambient,False,SUP-036,JIS-07-09,True,220,49
IN-9266-270,Door trim panel Gen 2,Interior,1.58,1.58,1.58,RH,RH,ambient,False,SUP-119,HZ-02-08,True,197,67
CH-7523-271,Brake line manifold Gen 2,Chassis,23.1,23.1,23.1,RH,RH,ambient,False,SUP-147,JIS-07-07,True,158,67
FL-2178-272,Coolant additive Premium,Fluids,10.37,10.37,10.37,LH,LH,ambient,False,SUP-171,A-12-13,True,67,25
IN-3637-273,Wiring harness assembly LH,Interior,1.11,1.11,1.11,RH,RH,ambient,False,SUP-003,A-12-08,True,159,69
EL-1075-274,Radar sensor RH,Electronics,13.38,13.38,13.38,RH,RH,ambient,False,SUP-172,Q-04-12,True,206,50
IN-3791-275,Wiring harness assembly Gen 2,Interior,22.23,22.23,22.23,RH,RH,ambient,False,SUP-171,JIS-07-14,True,186,27
CH-1684-276,Brake line manifold RH,Chassis,7.17,7.17,7.17,LH,LH,ambient,False,SUP-054,JIS-07-14,True,208,34
FL-7487-277,Coolant additive Premium,Fluids,6.5,6.5,6.5,LH,LH,ambient,False,SUP-100,Q-04-13,True,218,42
EL-9360-278,Camera harness LH,Electronics,17.06,17.06,17.06,LH,LH,ambient,False,SUP-113,A-12-11,True,150,80
FL-8273-279,Sealant cartridge RH,Fluids,20.19,20.19,20.19,RH,RH,hazmat,False,SUP-072,Q-04-16,True,154,73
PO-7932-280,Clutch actuator RH,Powertrain,2.98,2.98,2.98,LH,LH,ambient,False,SUP-057,HZ-02-03,True,147,28
EL-7502-281,Radar sensor RH,Electronics,16.25,16.25,16.25,RH,RH,ambient,False,SUP-021,Q-04-03,True,217,41
FL-8405-282,Sealant cartridge LH,Fluids,21.65,21.65,21.65,RH,RH,ambient,False,SUP-058,Q-04-18,True,153,81
CH-1598-283,Steering knuckle LH,Chassis,14.51,14.51,14.51,LH,LH,ambient,False,SUP-197,HZ-02-01,True,158,48
PO-3574-284,Fuel rail RH,Powertrain,19.01,19.01,19.01,LH,LH,ambient,False,SUP-046,B-07-18,True,141,67
EL-3767-285,Power distribution unit LH,Electronics,3.76,3.76,3.76,LH,LH,ambient,False,SUP-180,A-12-05,True,163,84
CH-1068-286,Control arm Gen 2,Chassis,10.13,10.13,10.13,RH,RH,ambient,False,SUP-089,JIS-07-09,True,167,87
IN-3536-287,Seat rail RH,Interior,23.96,23.96,23.96,LH,LH,ambient,False,SUP-176,B-07-08,True,210,74
CH-9282-288,Steering knuckle LH,Chassis,9.72,9.72,9.72,LH,LH,ambient,False,SUP-072,Q-04-08,True,125,73
EL-9679-289,Radar sensor LH,Electronics,4.71,4.71,4.71,LH,LH,ambient,False,SUP-103,Q-04-17,True,144,45
EL-1370-290,Power distribution unit Gen 2,Electronics,19.46,19.46,19.46,RH,RH,ambient,False,SUP-026,A-12-07,True,84,65
FL-5898-291,Sealant cartridge LH,Fluids,20.07,20.07,20.07,LH,LH,ambient,False,SUP-020,Q-04-16,True,200,85
PO-6897-292,Fuel rail RH,Powertrain,21.02,21.02,21.02,RH,RH,ambient,False,SUP-025,B-07-13,True,149,84
PO-7529-293,Gear selector Gen 2,Powertrain,19.1,19.1,19.1,LH,LH,ambient,False,SUP-165,B-07-04,True,140,30
CH-6754-294,Control arm LH,Chassis,2.89,2.89,2.89,RH,RH,ambient,False,SUP-162,JIS-07-01,True,62,53
FL-4637-295,Washer concentrate LH,Fluids,21.31,21.31,21.31,LH,LH,hazmat,True,SUP-005,B-07-17,True,166,65
EL-2375-296,Power distribution unit Gen 2,Electronics,23.18,23.18,23.18,RH,RH,ambient,False,SUP-068,Q-04-09,True,115,53
FL-7235-297,Coolant additive Premium,Fluids,4.37,4.37,4.37,RH,RH,hazmat,False,SUP-077,JIS-07-05,True,130,30
EL-3106-298,Power distribution unit Gen 2,Electronics,22.7,22.7,22.7,LH,LH,ambient,False,SUP-183,A-12-13,True,123,84
IN-4717-299,Console module LH,Interior,23.8,23.8,23.8,LH,LH,ambient,False,SUP-108,HZ-02-12,True,150,75
PO-8090-300,Clutch actuator LH,Powertrain,10.44,10.44,10.44,RH,RH,ambient,False,SUP-135,A-12-05,True,165,57
CH-5526-301,Control arm LH,Chassis,5.73,5.73,5.73,RH,RH,ambient,False,SUP-009,B-07-06,True,61,28
FL-6461-302,Brake fluid reservoir Gen 2,Fluids,24.02,24.02,24.02,LH,LH,ambient,False,SUP-083,JIS-07-13,True,151,30
IN-9280-303,Door trim panel LH,Interior,1.08,1.08,1.08,LH,LH,ambient,False,SUP-027,HZ-02-12,True,141,65
EL-5406-304,Power distribution unit LH,Electronics,3.28,3.28,3.28,RH,RH,ambient,False,SUP-190,HZ-02-01,True,169,52
EL-4393-305,Radar sensor LH,Electronics,4.53,4.53,4.53,RH,RH,ambient,False,SUP-007,HZ-02-16,True,152,44
CH-2115-306,Wheel carrier LH,Chassis,3.87,3.87,3.87,LH,LH,ambient,False,SUP-126,Q-04-05,True,176,34
IN-2000-307,Wiring harness assembly RH,Interior,23.04,23.04,23.04,LH,LH,ambient,False,SUP-013,B-07-13,True,89,71
IN-8953-308,Seat rail Gen 2,Interior,19.15,19.15,19.15,RH,RH,ambient,False,SUP-076,B-07-07,True,77,41
CH-8649-309,Control arm RH,Chassis,19.46,19.46,19.46,RH,RH,ambient,False,SUP-152,JIS-07-09,True,178,44
FL-2448-310,Brake fluid reservoir RH,Fluids,11.53,11.53,11.53,LH,LH,hazmat,False,SUP-069,HZ-02-10,True,190,54
PO-4601-311,Fuel rail LH,Powertrain,10.5,10.5,10.5,RH,RH,ambient,False,SUP-083,JIS-07-16,True,133,60
PO-2952-312,Clutch actuator Premium,Powertrain,10.83,10.83,10.83,LH,LH,ambient,False,SUP-136,Q-04-12,True,206,74
PO-5536-313,Gear selector LH,Powertrain,3.3,3.3,3.3,LH,LH,ambient,False,SUP-008,B-07-09,True,197,34
PO-1161-314,Torque converter RH,Powertrain,13.05,13.05,13.05,LH,LH,ambient,False,SUP-007,HZ-02-18,True,152,40
CH-1313-315,Steering knuckle Premium,Chassis,12.25,12.25,12.25,RH,RH,ambient,False,SUP-126,A-12-10,True,115,28
PO-7861-316,Clutch actuator RH,Powertrain,8.0,8.0,8.0,RH,RH,ambient,False,SUP-182,Q-04-08,True,147,32
PO-5400-317,Clutch actuator Gen 2,Powertrain,16.96,16.96,16.96,RH,RH,ambient,False,SUP-166,B-07-14,True,219,39
IN-7721-318,Door trim panel Gen 2,Interior,19.0,19.0,19.0,RH,RH,ambient,False,SUP-103,HZ-02-14,True,200,32
CH-7844-319,Control arm RH,Chassis,3.03,3.03,3.03,RH,RH,ambient,False,SUP-159,B-07-07,True,154,34
EL-6860-320,ECU control module LH,Electronics,3.65,3.65,3.65,LH,LH,ambient,False,SUP-104,A-12-18,True,109,31
PO-5481-321,Clutch actuator Gen 2,Powertrain,21.88,21.88,21.88,RH,RH,ambient,False,SUP-108,A-12-05,True,214,83
FL-2836-322,Sealant cartridge LH,Fluids,1.42,1.42,1.42,LH,LH,ambient,False,SUP-172,HZ-02-02,True,133,88
CH-9007-323,Wheel carrier Gen 2,Chassis,24.4,24.4,24.4,LH,LH,ambient,False,SUP-003,A-12-15,True,182,62
EL-8845-324,Power distribution unit RH,Electronics,9.31,9.31,9.31,LH,LH,ambient,False,SUP-111,B-07-08,True,93,33
FL-6965-325,Coolant additive LH,Fluids,14.99,14.99,14.99,RH,RH,ambient,True,SUP-085,B-07-03,True,193,47
CH-5473-326,Wheel carrier Gen 2,Chassis,8.48,8.48,8.48,RH,RH,ambient,False,SUP-171,A-12-04,True,208,50
EL-6392-327,Camera harness Gen 2,Electronics,23.45,23.45,23.45,LH,LH,ambient,False,SUP-059,B-07-01,True,155,67
CH-5648-328,Wheel carrier Gen 2,Chassis,9.03,9.03,9.03,LH,LH,ambient,False,SUP-055,JIS-07-05,True,166,72
IN-5503-329,Door trim panel Gen 2,Interior,13.52,13.52,13.52,RH,RH,ambient,False,SUP-167,JIS-07-18,True,206,45
IN-2352-330,Seat rail Premium,Interior,17.0,17.0,17.0,LH,LH,ambient,False,SUP-069,JIS-07-06,True,165,52
CH-6073-331,Steering knuckle Premium,Chassis,10.4,10.4,10.4,RH,RH,ambient,False,SUP-133,Q-04-13,True,98,55
IN-1789-332,Door trim panel Gen 2,Interior,2.77,2.77,2.77,LH,LH,ambient,False,SUP-101,HZ-02-08,True,83,70
FL-5671-333,Coolant additive Premium,Fluids,1.05,1.05,1.05,RH,RH,hazmat,False,SUP-070,JIS-07-13,True,98,63
PO-6519-334,Gear selector RH,Powertrain,23.3,23.3,23.3,LH,LH,ambient,False,SUP-118,HZ-02-05,True,212,31
IN-8593-335,Door trim panel Premium,Interior,1.94,1.94,1.94,LH,LH,ambient,False,SUP-064,Q-04-09,True,213,86
CH-8130-336,Control arm Premium,Chassis,10.48,10.48,10.48,RH,RH,ambient,False,SUP-004,Q-04-06,True,117,28
EL-8433-337,ECU control module Premium,Electronics,22.93,22.93,22.93,LH,LH,ambient,False,SUP-079,Q-04-07,True,203,88
EL-4581-338,Camera harness Premium,Electronics,23.11,23.11,23.11,LH,LH,ambient,False,SUP-017,JIS-07-07,True,175,46
FL-5800-339,Brake fluid reservoir LH,Fluids,4.34,4.34,4.34,RH,RH,hazmat,False,SUP-033,JIS-07-13,True,86,86
PO-5077-340,Fuel rail Gen 2,Powertrain,11.05,11.05,11.05,RH,RH,ambient,False,SUP-125,HZ-02-10,True,160,67
PO-3209-341,Clutch actuator Premium,Powertrain,10.29,10.29,10.29,LH,LH,ambient,False,SUP-195,A-12-05,True,207,66
IN-9366-342,Wiring harness assembly Gen 2,Interior,5.13,5.13,5.13,RH,RH,ambient,False,SUP-180,B-07-06,True,181,50
EL-7760-343,Radar sensor RH,Electronics,21.99,21.99,21.99,RH,RH,ambient,False,SUP-030,JIS-07-03,True,63,36
EL-5714-344,Power distribution unit RH,Electronics,8.59,8.59,8.59,RH,RH,ambient,False,SUP-110,A-12-03,True,191,70
PO-8891-345,Gear selector RH,Powertrain,14.77,14.77,14.77,LH,LH,ambient,False,SUP-064,B-07-11,True,76,84
EL-7705-346,Power distribution unit Premium,Electronics,23.63,23.63,23.63,RH,RH,ambient,False,SUP-030,Q-04-05,True,202,29
CH-5253-347,Wheel carrier RH,Chassis,8.17,8.17,8.17,LH,LH,ambient,False,SUP-130,HZ-02-07,True,96,31
PO-2497-348,Fuel rail Premium,Powertrain,22.81,22.81,22.81,RH,RH,ambient,False,SUP-130,HZ-02-02,True,120,40
PO-8154-349,Clutch actuator LH,Powertrain,4.17,4.17,4.17,RH,RH,ambient,False,SUP-188,A-12-02,True,152,79
PO-8180-350,Fuel rail LH,Powertrain,14.4,14.4,14.4,RH,RH,ambient,False,SUP-109,B-07-04,True,133,28
EL-2393-351,ECU control module Gen 2,Electronics,17.88,17.88,17.88,RH,RH,ambient,False,SUP-057,Q-04-15,True,208,44
EL-5915-352,Camera harness Gen 2,Electronics,6.14,6.14,6.14,LH,LH,ambient,False,SUP-072,A-12-16,True,192,50
FL-9557-353,Coolant additive RH,Fluids,3.96,3.96,3.96,LH,LH,hazmat,False,SUP-166,JIS-07-09,True,118,34
CH-8464-354,Brake line manifold Gen 2,Chassis,10.35,10.35,10.35,LH,LH,ambient,False,SUP-159,A-12-14,True,72,58
IN-3623-355,Console module Premium,Interior,5.15,5.15,5.15,LH,LH,ambient,False,SUP-177,Q-04-08,True,190,37
PO-5699-356,Gear selector RH,Powertrain,6.97,6.97,6.97,RH,RH,ambient,False,SUP-098,HZ-02-14,True,198,33
IN-9122-357,Seat rail LH,Interior,13.93,13.93,13.93,RH,RH,ambient,False,SUP-151,Q-04-09,True,217,25
PO-4200-358,Clutch actuator Premium,Powertrain,2.48,2.48,2.48,LH,LH,ambient,False,SUP-013,JIS-07-01,True,105,63
IN-1495-359,Console module Premium,Interior,14.33,14.33,14.33,LH,LH,ambient,False,SUP-120,HZ-02-04,True,115,78
IN-6523-360,Wiring harness assembly Gen 2,Interior,1.54,1.54,1.54,LH,LH,ambient,False,SUP-062,JIS-07-18,True,129,58
IN-1786-361,Seat rail Premium,Interior,6.29,6.29,6.29,RH,RH,ambient,False,SUP-077,JIS-07-06,True,216,40
IN-3512-362,Door trim panel Premium,Interior,0.93,0.93,0.93,LH,LH,ambient,False,SUP-116,HZ-02-10,True,120,69
IN-7842-363,Wiring harness assembly LH,Interior,7.04,7.04,7.04,LH,LH,ambient,False,SUP-168,Q-04-02,True,126,37
PO-8270-364,Gear selector LH,Powertrain,6.02,6.02,6.02,LH,LH,ambient,False,SUP-070,B-07-10,True,65,85
FL-7479-365,Sealant cartridge Premium,Fluids,18.72,18.72,18.72,LH,LH,ambient,True,SUP-161,Q-04-17,True,122,68
EL-7287-366,Power distribution unit Premium,Electronics,20.46,20.46,20.46,RH,RH,ambient,False,SUP-020,A-12-18,True,140,32
EL-9326-367,ECU control module LH,Electronics,10.53,10.53,10.53,RH,RH,ambient,False,SUP-192,Q-04-08,True,152,45
IN-1355-368,Door trim panel RH,Interior,2.24,2.24,2.24,LH,LH,ambient,False,SUP-039,B-07-01,True,74,41
IN-3754-369,Wiring harness assembly LH,Interior,21.46,21.46,21.46,LH,LH,ambient,False,SUP-186,JIS-07-16,True,171,29
FL-6339-370,Washer concentrate LH,Fluids,20.77,20.77,20.77,RH,RH,hazmat,True,SUP-092,JIS-07-02,True,80,43
PO-2485-371,Torque converter Premium,Powertrain,6.43,6.43,6.43,RH,RH,ambient,False,SUP-002,B-07-01,True,82,47
FL-1806-372,Washer concentrate LH,Fluids,9.37,9.37,9.37,RH,RH,hazmat,False,SUP-160,Q-04-01,True,98,79
PO-4305-373,Clutch actuator Premium,Powertrain,10.63,10.63,10.63,RH,RH,ambient,False,SUP-186,B-07-04,True,124,82
PO-2510-374,Fuel rail RH,Powertrain,21.01,21.01,21.01,RH,RH,ambient,False,SUP-102,A-12-13,True,197,90
CH-4124-375,Wheel carrier RH,Chassis,16.34,16.34,16.34,RH,RH,ambient,False,SUP-162,B-07-03,True,106,55
EL-1206-376,Power distribution unit Premium,Electronics,6.72,6.72,6.72,RH,RH,ambient,False,SUP-119,B-07-14,True,189,32
CH-7996-377,Brake line manifold Gen 2,Chassis,3.04,3.04,3.04,LH,LH,ambient,False,SUP-147,B-07-13,True,111,38
PO-6328-378,Torque converter RH,Powertrain,15.89,15.89,15.89,LH,LH,ambient,False,SUP-170,HZ-02-03,True,165,70
IN-6741-379,Console module LH,Interior,4.17,4.17,4.17,RH,RH,ambient,False,SUP-146,B-07-04,True,105,66
CH-2746-380,Steering knuckle Premium,Chassis,4.28,4.28,4.28,RH,RH,ambient,False,SUP-176,Q-04-15,True,127,39
FL-7628-381,Washer concentrate RH,Fluids,24.23,24.23,24.23,RH,RH,ambient,False,SUP-145,HZ-02-02,True,142,71
EL-2440-382,ECU control module Premium,Electronics,3.97,3.97,3.97,RH,RH,ambient,False,SUP-018,B-07-11,True,187,64
PO-8577-383,Fuel rail Gen 2,Powertrain,9.87,9.87,9.87,LH,LH,ambient,False,SUP-022,JIS-07-06,True,120,54
FL-7127-384,Sealant cartridge Premium,Fluids,1.13,1.13,1.13,RH,RH,hazmat,False,SUP-135,B-07-15,True,119,61
CH-8003-385,Brake line manifold Premium,Chassis,17.59,17.59,17.59,RH,RH,ambient,False,SUP-141,Q-04-10,True,73,40
CH-3950-386,Control arm Gen 2,Chassis,13.79,13.79,13.79,RH,RH,ambient,False,SUP-093,B-07-08,True,150,85
FL-9310-387,Coolant additive RH,Fluids,11.01,11.01,11.01,RH,RH,hazmat,False,SUP-055,HZ-02-12,True,211,35
CH-3484-388,Wheel carrier RH,Chassis,13.2,13.2,13.2,RH,RH,ambient,False,SUP-114,JIS-07-13,True,182,38
FL-4481-389,Washer concentrate Gen 2,Fluids,7.13,7.13,7.13,RH,RH,ambient,True,SUP-074,HZ-02-11,True,154,37
FL-5856-390,Coolant additive Premium,Fluids,13.49,13.49,13.49,RH,RH,hazmat,True,SUP-187,A-12-01,True,208,63
PO-1088-391,Gear selector Gen 2,Powertrain,18.52,18.52,18.52,RH,RH,ambient,False,SUP-087,Q-04-18,True,105,80
IN-5387-392,Seat rail LH,Interior,15.86,15.86,15.86,LH,LH,ambient,False,SUP-033,A-12-01,True,196,39
EL-3832-393,Camera harness Gen 2,Electronics,21.81,21.81,21.81,LH,LH,ambient,False,SUP-090,HZ-02-18,True,163,47
PO-2734-394,Gear selector LH,Powertrain,13.47,13.47,13.47,LH,LH,ambient,False,SUP-172,B-07-09,True,97,39
EL-7437-395,Radar sensor RH,Electronics,3.67,3.67,3.67,LH,LH,ambient,False,SUP-027,HZ-02-06,True,209,65
IN-7517-396,Wiring harness assembly Gen 2,Interior,5.14,5.14,5.14,LH,LH,ambient,False,SUP-034,Q-04-17,True,67,51
PO-1956-397,Clutch actuator LH,Powertrain,21.61,21.61,21.61,LH,LH,ambient,False,SUP-064,HZ-02-11,True,149,30
PO-9635-398,Gear selector Premium,Powertrain,3.69,3.69,3.69,RH,RH,ambient,False,SUP-139,A-12-08,True,86,76
FL-2337-399,Sealant cartridge Premium,Fluids,6.51,6.51,6.51,LH,LH,ambient,False,SUP-110,JIS-07-14,True,185,47
EL-3260-400,Radar sensor Gen 2,Electronics,8.28,8.28,8.28,RH,RH,ambient,False,SUP-121,Q-04-04,True,162,82
PO-9857-401,Fuel rail LH,Powertrain,24.13,24.13,24.13,LH,LH,ambient,False,SUP-036,HZ-02-04,True,91,74
CH-8676-402,Steering knuckle Gen 2,Chassis,22.97,22.97,22.97,LH,LH,ambient,False,SUP-010,HZ-02-05,True,65,85
IN-4430-403,Seat rail Premium,Interior,24.15,24.15,24.15,RH,RH,ambient,False,SUP-021,A-12-17,True,128,62
EL-6321-404,Power distribution unit LH,Electronics,12.47,12.47,12.47,RH,RH,ambient,False,SUP-112,JIS-07-17,True,194,58
PO-3470-405,Torque converter RH,Powertrain,18.95,18.95,18.95,RH,RH,ambient,False,SUP-006,JIS-07-01,True,103,33
FL-2921-406,Coolant additive LH,Fluids,19.74,19.74,19.74,LH,LH,hazmat,True,SUP-072,JIS-07-08,True,67,90
FL-1860-407,Washer concentrate RH,Fluids,12.43,12.43,12.43,LH,LH,ambient,False,SUP-010,Q-04-03,True,112,25
CH-3207-408,Wheel carrier Gen 2,Chassis,17.39,17.39,17.39,RH,RH,ambient,False,SUP-148,Q-04-11,True,89,40
EL-6914-409,ECU control module RH,Electronics,14.51,14.51,14.51,LH,LH,ambient,False,SUP-012,HZ-02-03,True,114,76
CH-6723-410,Brake line manifold Premium,Chassis,15.77,15.77,15.77,RH,RH,ambient,False,SUP-006,Q-04-04,True,107,36
CH-6798-411,Control arm Gen 2,Chassis,17.88,17.88,17.88,LH,LH,ambient,False,SUP-118,A-12-01,True,93,31
IN-5694-412,Door trim panel RH,Interior,5.25,5.25,5.25,RH,RH,ambient,False,SUP-191,Q-04-17,True,68,86
CH-3913-413,Brake line manifold RH,Chassis,17.86,17.86,17.86,RH,RH,ambient,False,SUP-155,Q-04-01,True,156,49
FL-7939-414,Coolant additive LH,Fluids,21.85,21.85,21.85,LH,LH,hazmat,False,SUP-063,HZ-02-17,True,68,78
CH-1706-415,Wheel carrier RH,Chassis,24.21,24.21,24.21,RH,RH,ambient,False,SUP-097,A-12-18,True,71,58
CH-5019-416,Brake line manifold Gen 2,Chassis,2.21,2.21,2.21,RH,RH,ambient,False,SUP-114,Q-04-14,True,143,49
PO-7146-417,Torque converter Gen 2,Powertrain,14.29,14.29,14.29,LH,LH,ambient,False,SUP-184,JIS-07-05,True,218,80
PO-1914-418,Clutch actuator Gen 2,Powertrain,23.2,23.2,23.2,RH,RH,ambient,False,SUP-115,Q-04-15,True,201,67
IN-2844-419,Seat rail Premium,Interior,15.53,15.53,15.53,RH,RH,ambient,False,SUP-028,Q-04-06,True,76,82
PO-1463-420,Fuel rail Gen 2,Powertrain,12.95,12.95,12.95,RH,RH,ambient,False,SUP-108,A-12-16,True,130,31
EL-8078-421,ECU control module Gen 2,Electronics,18.06,18.06,18.06,LH,LH,ambient,False,SUP-107,B-07-05,True,197,79
PO-8842-422,Clutch actuator Gen 2,Powertrain,5.25,5.25,5.25,RH,RH,ambient,False,SUP-139,A-12-17,True,168,77
PO-5721-423,Gear selector LH,Powertrain,0.61,0.61,0.61,RH,RH,ambient,False,SUP-192,B-07-11,True,149,79
IN-9690-424,Seat rail Premium,Interior,18.84,18.84,18.84,LH,LH,ambient,False,SUP-149,JIS-07-11,True,127,34
FL-3147-425,Brake fluid reservoir Premium,Fluids,20.76,20.76,20.76,RH,RH,hazmat,False,SUP-094,HZ-02-18,True,115,71
PO-2787-426,Torque converter LH,Powertrain,9.4,9.4,9.4,RH,RH,ambient,False,SUP-135,HZ-02-10,True,179,81
FL-5307-427,Coolant additive Gen 2,Fluids,22.9,22.9,22.9,LH,LH,ambient,False,SUP-126,B-07-02,True,213,36
FL-2396-428,Sealant cartridge Premium,Fluids,7.26,7.26,7.26,LH,LH,ambient,True,SUP-064,Q-04-05,True,155,56
CH-5360-429,Wheel carrier Premium,Chassis,15.49,15.49,15.49,LH,LH,ambient,False,SUP-022,B-07-17,True,111,82
FL-7509-430,Coolant additive Gen 2,Fluids,13.12,13.12,13.12,RH,RH,ambient,False,SUP-008,HZ-02-10,True,71,64
CH-9635-431,Steering knuckle Premium,Chassis,14.71,14.71,14.71,RH,RH,ambient,False,SUP-068,A-12-06,True,61,66
EL-3971-432,Power distribution unit Premium,Electronics,23.47,23.47,23.47,LH,LH,ambient,False,SUP-157,A-12-02,True,143,85
PO-7148-433,Fuel rail Premium,Powertrain,3.46,3.46,3.46,LH,LH,ambient,False,SUP-184,B-07-07,True,113,32
IN-8149-434,Console module Premium,Interior,19.28,19.28,19.28,RH,RH,ambient,False,SUP-121,Q-04-07,True,168,79
PO-4871-435,Clutch actuator Premium,Powertrain,21.48,21.48,21.48,RH,RH,ambient,False,SUP-012,B-07-02,True,73,26
CH-7553-436,Wheel carrier LH,Chassis,22.71,22.71,22.71,LH,LH,ambient,False,SUP-145,Q-04-09,True,100,50
PO-5076-437,Torque converter Premium,Powertrain,8.3,8.3,8.3,LH,LH,ambient,False,SUP-125,Q-04-17,True,95,33
CH-9681-438,Brake line manifold Premium,Chassis,3.43,3.43,3.43,RH,RH,ambient,False,SUP-183,B-07-06,True,192,83
FL-3027-439,Coolant additive LH,Fluids,0.93,0.93,0.93,LH,LH,ambient,True,SUP-057,A-12-11,True,165,75
CH-6001-440,Control arm Premium,Chassis,12.46,12.46,12.46,RH,RH,ambient,False,SUP-094,B-07-08,True,208,90
CH-4813-441,Control arm Premium,Chassis,16.89,16.89,16.89,RH,RH,ambient,False,SUP-119,JIS-07-11,True,198,89
IN-5242-442,Door trim panel Gen 2,Interior,6.71,6.71,6.71,RH,RH,ambient,False,SUP-126,JIS-07-10,True,167,26
EL-9939-443,Camera harness Premium,Electronics,10.91,10.91,10.91,LH,LH,ambient,False,SUP-180,JIS-07-07,True,114,55
CH-9023-444,Control arm LH,Chassis,10.29,10.29,10.29,LH,LH,ambient,False,SUP-114,A-12-04,True,115,26
CH-4492-445,Brake line manifold RH,Chassis,9.91,9.91,9.91,LH,LH,ambient,False,SUP-096,A-12-08,True,113,72
CH-5389-446,Control arm Gen 2,Chassis,9.64,9.64,9.64,RH,RH,ambient,False,SUP-071,HZ-02-12,True,101,60
EL-9515-447,Camera harness LH,Electronics,6.47,6.47,6.47,LH,LH,ambient,False,SUP-148,HZ-02-13,True,169,52
CH-4463-448,Steering knuckle Premium,Chassis,20.29,20.29,20.29,RH,RH,ambient,False,SUP-200,Q-04-07,True,159,30
PO-7135-449,Clutch actuator Gen 2,Powertrain,16.56,16.56,16.56,LH,LH,ambient,False,SUP-152,B-07-04,True,200,64
PO-7690-450,Fuel rail LH,Powertrain,14.48,14.48,14.48,RH,RH,ambient,False,SUP-014,HZ-02-18,True,200,75
FL-8522-451,Brake fluid reservoir LH,Fluids,13.46,13.46,13.46,RH,RH,hazmat,False,SUP-013,A-12-06,True,85,28
PO-2723-452,Torque converter Gen 2,Powertrain,9.95,9.95,9.95,LH,LH,ambient,False,SUP-194,HZ-02-07,True,187,69
EL-3409-453,Camera harness RH,Electronics,9.31,9.31,9.31,LH,LH,ambient,False,SUP-009,B-07-13,True,138,72
PO-2464-454,Fuel rail LH,Powertrain,21.52,21.52,21.52,LH,LH,ambient,False,SUP-086,B-07-07,True,133,68
IN-2186-455,Wiring harness assembly Premium,Interior,15.76,15.76,15.76,LH,LH,ambient,False,SUP-033,JIS-07-05,True,206,82
CH-3831-456,Brake line manifold RH,Chassis,22.47,22.47,22.47,RH,RH,ambient,False,SUP-049,Q-04-18,True,206,65
FL-8310-457,Coolant additive Gen 2,Fluids,14.95,14.95,14.95,RH,RH,ambient,False,SUP-067,HZ-02-04,True,73,47
PO-5570-458,Clutch actuator Gen 2,Powertrain,16.07,16.07,16.07,RH,RH,ambient,False,SUP-041,B-07-11,True,185,27
FL-3421-459,Sealant cartridge Gen 2,Fluids,8.73,8.73,8.73,LH,LH,hazmat,True,SUP-128,HZ-02-04,True,68,90
IN-8408-460,Wiring harness assembly Gen 2,Interior,18.19,18.19,18.19,LH,LH,ambient,False,SUP-109,HZ-02-03,True,219,55
CH-6184-461,Control arm Gen 2,Chassis,14.85,14.85,14.85,RH,RH,ambient,False,SUP-068,JIS-07-10,True,136,31
CH-3890-462,Wheel carrier LH,Chassis,10.97,10.97,10.97,LH,LH,ambient,False,SUP-191,A-12-02,True,215,43
CH-3057-463,Wheel carrier Gen 2,Chassis,8.88,8.88,8.88,RH,RH,ambient,False,SUP-055,Q-04-17,True,125,25
CH-6640-464,Wheel carrier LH,Chassis,7.37,7.37,7.37,LH,LH,ambient,False,SUP-090,B-07-15,True,205,39
IN-8389-465,Seat rail Gen 2,Interior,10.38,10.38,10.38,RH,RH,ambient,False,SUP-072,HZ-02-11,True,91,44
EL-3530-466,Power distribution unit Gen 2,Electronics,1.62,1.62,1.62,LH,LH,ambient,False,SUP-038,HZ-02-13,True,192,79
CH-1979-467,Control arm Premium,Chassis,18.83,18.83,18.83,RH,RH,ambient,False,SUP-174,HZ-02-08,True,91,47
PO-6027-468,Gear selector Premium,Powertrain,16.79,16.79,16.79,RH,RH,ambient,False,SUP-058,B-07-04,True,126,54
CH-8122-469,Control arm Gen 2,Chassis,7.43,7.43,7.43,LH,LH,ambient,False,SUP-065,Q-04-02,True,165,36
FL-6810-470,Washer concentrate Premium,Fluids,23.62,23.62,23.62,RH,RH,ambient,False,SUP-181,A-12-15,True,112,42
EL-2530-471,Power distribution unit Gen 2,Electronics,6.99,6.99,6.99,LH,LH,ambient,False,SUP-015,Q-04-14,True,104,79
IN-3572-472,Wiring harness assembly LH,Interior,23.33,23.33,23.33,LH,LH,ambient,False,SUP-094,JIS-07-03,True,168,30
IN-2603-473,Wiring harness assembly LH,Interior,18.32,18.32,18.32,LH,LH,ambient,False,SUP-190,B-07-15,True,124,78
CH-5343-474,Brake line manifold RH,Chassis,2.47,2.47,2.47,LH,LH,ambient,False,SUP-013,Q-04-09,True,86,53
CH-4384-475,Steering knuckle LH,Chassis,12.22,12.22,12.22,RH,RH,ambient,False,SUP-075,Q-04-03,True,147,70
FL-1314-476,Washer concentrate RH,Fluids,4.37,4.37,4.37,LH,LH,hazmat,False,SUP-070,Q-04-03,True,190,49
CH-5060-477,Wheel carrier Gen 2,Chassis,7.54,7.54,7.54,LH,LH,ambient,False,SUP-163,A-12-18,True,72,61
FL-1205-478,Brake fluid reservoir LH,Fluids,9.34,9.34,9.34,LH,LH,ambient,True,SUP-130,B-07-11,True,164,76
EL-2590-479,Radar sensor Premium,Electronics,1.47,1.47,1.47,LH,LH,ambient,False,SUP-038,A-12-11,True,155,52
EL-5776-480,ECU control module Gen 2,Electronics,10.94,10.94,10.94,RH,RH,ambient,False,SUP-021,B-07-03,True,213,31
FL-8801-481,Washer concentrate LH,Fluids,11.84,11.84,11.84,LH,LH,ambient,True,SUP-089,HZ-02-06,True,99,82
FL-7790-482,Sealant cartridge Gen 2,Fluids,5.23,5.23,5.23,RH,RH,hazmat,False,SUP-164,JIS-07-05,True,129,82
CH-2149-483,Brake line manifold LH,Chassis,21.93,21.93,21.93,LH,LH,ambient,False,SUP-113,B-07-05,True,163,38
CH-3478-484,Wheel carrier Premium,Chassis,23.7,23.7,23.7,LH,LH,ambient,False,SUP-186,JIS-07-07,True,146,71
IN-8473-485,Seat rail Premium,Interior,20.02,20.02,20.02,LH,LH,ambient,False,SUP-160,JIS-07-12,True,169,33
PO-6438-486,Gear selector Gen 2,Powertrain,9.65,9.65,9.65,LH,LH,ambient,False,SUP-121,B-07-15,True,76,74
CH-1047-487,Brake line manifold Premium,Chassis,0.59,0.59,0.59,LH,LH,ambient,False,SUP-066,HZ-02-13,True,195,46
CH-4565-488,Steering knuckle LH,Chassis,6.78,6.78,6.78,LH,LH,ambient,False,SUP-142,Q-04-10,True,159,50
FL-7122-489,Coolant additive Premium,Fluids,17.01,17.01,17.01,RH,RH,ambient,True,SUP-144,B-07-14,True,81,25
PO-3004-490,Torque converter RH,Powertrain,10.3,10.3,10.3,LH,LH,ambient,False,SUP-020,Q-04-14,True,77,75
IN-4809-491,Door trim panel Premium,Interior,18.42,18.42,18.42,RH,RH,ambient,False,SUP-003,A-12-03,True,102,73
IN-5629-492,Door trim panel RH,Interior,9.29,9.29,9.29,LH,LH,ambient,False,SUP-163,Q-04-02,True,122,47
EL-8929-493,ECU control module LH,Electronics,17.77,17.77,17.77,LH,LH,ambient,False,SUP-012,Q-04-05,True,181,28
EL-5455-494,Power distribution unit Gen 2,Electronics,8.24,8.24,8.24,LH,LH,ambient,False,SUP-095,JIS-07-04,True,131,55
FL-7079-495,Brake fluid reservoir RH,Fluids,23.94,23.94,23.94,LH,LH,hazmat,True,SUP-005,Q-04-13,True,90,40
IN-8495-496,Wiring harness assembly LH,Interior,8.97,8.97,8.97,RH,RH,ambient,False,SUP-117,B-07-12,True,88,49
EL-6915-497,ECU control module RH,Electronics,16.02,16.02,16.02,LH,LH,ambient,False,SUP-173,Q-04-01,True,140,40
PO-9357-498,Clutch actuator Gen 2,Powertrain,21.22,21.22,21.22,RH,RH,ambient,False,SUP-013,JIS-07-16,True,159,90
PO-2934-499,Fuel rail RH,Powertrain,23.36,23.36,23.36,LH,LH,ambient,False,SUP-023,Q-04-18,True,205,32
FL-5296-500,Brake fluid reservoir Gen 2,Fluids,6.02,6.02,6.02,LH,LH,ambient,True,SUP-014,Q-04-09,True,163,79
EL-7550-501,Radar sensor LH,Electronics,17.19,17.19,17.19,LH,LH,ambient,False,SUP-030,A-12-03,True,207,74
FL-6356-502,Washer concentrate Premium,Fluids,2.9,2.9,2.9,LH,LH,hazmat,False,SUP-170,HZ-02-14,True,193,33
EL-5924-503,Radar sensor RH,Electronics,0.86,0.86,0.86,RH,RH,ambient,False,SUP-003,HZ-02-01,True,161,58
FL-3221-504,Coolant additive Premium,Fluids,19.2,19.2,19.2,LH,LH,hazmat,False,SUP-157,HZ-02-15,True,183,79
FL-1428-505,Brake fluid reservoir LH,Fluids,7.89,7.89,7.89,RH,RH,hazmat,False,SUP-042,Q-04-11,True,106,65
CH-4820-506,Brake line manifold Premium,Chassis,1.16,1.16,1.16,RH,RH,ambient,False,SUP-058,HZ-02-08,True,193,66
FL-5091-507,Sealant cartridge Gen 2,Fluids,24.2,24.2,24.2,LH,LH,hazmat,False,SUP-114,HZ-02-12,True,164,89
IN-6707-508,Console module Premium,Interior,20.24,20.24,20.24,LH,LH,ambient,False,SUP-076,Q-04-16,True,123,30
FL-3229-509,Brake fluid reservoir Gen 2,Fluids,23.57,23.57,23.57,RH,RH,ambient,True,SUP-102,B-07-10,True,150,75
PO-2551-510,Torque converter LH,Powertrain,17.84,17.84,17.84,LH,LH,ambient,False,SUP-063,B-07-07,True,141,29
CH-5629-511,Wheel carrier LH,Chassis,23.69,23.69,23.69,LH,LH,ambient,False,SUP-192,Q-04-03,True,122,80
EL-9051-512,ECU control module RH,Electronics,5.5,5.5,5.5,LH,LH,ambient,False,SUP-067,Q-04-03,True,86,58
CH-3244-513,Steering knuckle Gen 2,Chassis,1.87,1.87,1.87,LH,LH,ambient,False,SUP-053,B-07-04,True,118,77
CH-1414-514,Steering knuckle LH,Chassis,4.53,4.53,4.53,RH,RH,ambient,False,SUP-057,B-07-03,True,191,49
IN-1305-515,Seat rail Gen 2,Interior,0.82,0.82,0.82,LH,LH,ambient,False,SUP-042,A-12-02,True,65,57
FL-9581-516,Brake fluid reservoir Gen 2,Fluids,19.11,19.11,19.11,LH,LH,ambient,False,SUP-102,A-12-09,True,203,32
IN-5489-517,Door trim panel Premium,Interior,3.66,3.66,3.66,LH,LH,ambient,False,SUP-033,JIS-07-18,True,211,58
IN-5324-518,Door trim panel RH,Interior,9.7,9.7,9.7,LH,LH,ambient,False,SUP-023,HZ-02-02,True,101,64
FL-6276-519,Coolant additive Premium,Fluids,21.78,21.78,21.78,LH,LH,ambient,True,SUP-141,B-07-18,True,171,89
CH-2112-520,Steering knuckle RH,Chassis,14.33,14.33,14.33,LH,LH,ambient,False,SUP-123,HZ-02-17,True,96,68
CH-4937-521,Brake line manifold Gen 2,Chassis,4.51,4.51,4.51,LH,LH,ambient,False,SUP-163,Q-04-09,True,193,67
EL-7627-522,Camera harness Gen 2,Electronics,16.05,16.05,16.05,RH,RH,ambient,False,SUP-076,Q-04-10,True,68,66
EL-1908-523,ECU control module RH,Electronics,5.53,5.53,5.53,LH,LH,ambient,False,SUP-119,JIS-07-08,True,110,36
FL-7952-524,Sealant cartridge Premium,Fluids,3.53,3.53,3.53,LH,LH,hazmat,False,SUP-057,B-07-13,True,90,57
IN-8481-525,Console module LH,Interior,3.98,3.98,3.98,LH,LH,ambient,False,SUP-166,HZ-02-13,True,82,85
FL-7712-526,Coolant additive Gen 2,Fluids,15.17,15.17,15.17,RH,RH,ambient,True,SUP-011,HZ-02-01,True,109,49
EL-1641-527,ECU control module RH,Electronics,22.25,22.25,22.25,RH,RH,ambient,False,SUP-106,JIS-07-02,True,83,76
PO-9481-528,Fuel rail Premium,Powertrain,20.31,20.31,20.31,RH,RH,ambient,False,SUP-162,B-07-18,True,166,51
EL-5246-529,Radar sensor Gen 2,Electronics,13.26,13.26,13.26,RH,RH,ambient,False,SUP-038,HZ-02-08,True,78,39
IN-6738-530,Wiring harness assembly Premium,Interior,22.54,22.54,22.54,RH,RH,ambient,False,SUP-025,B-07-17,True,92,82
EL-9555-531,ECU control module Premium,Electronics,6.87,6.87,6.87,RH,RH,ambient,False,SUP-126,JIS-07-03,True,116,71
EL-6010-532,Camera harness RH,Electronics,20.24,20.24,20.24,LH,LH,ambient,False,SUP-006,HZ-02-18,True,144,61
PO-5141-533,Torque converter RH,Powertrain,16.68,16.68,16.68,LH,LH,ambient,False,SUP-005,HZ-02-09,True,126,34
CH-9539-534,Wheel carrier RH,Chassis,22.84,22.84,22.84,RH,RH,ambient,False,SUP-198,HZ-02-04,True,150,26
IN-3494-535,Seat rail LH,Interior,8.7,8.7,8.7,LH,LH,ambient,False,SUP-041,B-07-09,True,125,47
PO-4094-536,Torque converter RH,Powertrain,3.86,3.86,3.86,RH,RH,ambient,False,SUP-163,HZ-02-15,True,99,66
PO-3309-537,Torque converter RH,Powertrain,5.4,5.4,5.4,RH,RH,ambient,False,SUP-017,JIS-07-09,True,79,76
FL-1466-538,Sealant cartridge RH,Fluids,21.6,21.6,21.6,LH,LH,ambient,True,SUP-142,A-12-15,True,88,62
IN-8977-539,Door trim panel LH,Interior,17.77,17.77,17.77,LH,LH,ambient,False,SUP-120,A-12-12,True,124,36
FL-4486-540,Brake fluid reservoir Gen 2,Fluids,22.14,22.14,22.14,LH,LH,ambient,False,SUP-165,A-12-17,True,78,37
CH-9907-541,Brake line manifold Premium,Chassis,2.64,2.64,2.64,RH,RH,ambient,False,SUP-026,A-12-01,True,158,77
PO-7382-542,Gear selector Premium,Powertrain,2.2,2.2,2.2,LH,LH,ambient,False,SUP-075,Q-04-02,True,93,81
PO-5435-543,Fuel rail RH,Powertrain,20.65,20.65,20.65,RH,RH,ambient,False,SUP-017,B-07-10,True,85,33
EL-6339-544,Power distribution unit RH,Electronics,20.34,20.34,20.34,RH,RH,ambient,False,SUP-122,HZ-02-14,True,118,87
PO-9921-545,Gear selector Premium,Powertrain,19.42,19.42,19.42,LH,LH,ambient,False,SUP-164,HZ-02-14,True,142,31
CH-1273-546,Wheel carrier RH,Chassis,14.89,14.89,14.89,RH,RH,ambient,False,SUP-071,B-07-03,True,93,54
CH-2099-547,Control arm RH,Chassis,22.53,22.53,22.53,RH,RH,ambient,False,SUP-032,Q-04-03,True,124,87
FL-4530-548,Washer concentrate LH,Fluids,9.46,9.46,9.46,RH,RH,hazmat,False,SUP-200,JIS-07-07,True,112,34
FL-9963-549,Washer concentrate LH,Fluids,15.53,15.53,15.53,LH,LH,ambient,False,SUP-039,HZ-02-03,True,220,89
FL-8547-550,Sealant cartridge RH,Fluids,24.36,24.36,24.36,LH,LH,ambient,False,SUP-130,JIS-07-09,True,64,28
EL-9937-551,ECU control module RH,Electronics,7.4,7.4,7.4,RH,RH,ambient,False,SUP-194,HZ-02-10,True,74,37
CH-7327-552,Brake line manifold Gen 2,Chassis,14.49,14.49,14.49,RH,RH,ambient,False,SUP-088,HZ-02-03,True,119,53
IN-8177-553,Door trim panel Premium,Interior,17.75,17.75,17.75,LH,LH,ambient,False,SUP-173,B-07-11,True,215,41
FL-2393-554,Washer concentrate LH,Fluids,2.95,2.95,2.95,LH,LH,hazmat,False,SUP-044,Q-04-03,True,209,69
EL-5064-555,Camera harness Gen 2,Electronics,13.53,13.53,13.53,RH,RH,ambient,False,SUP-035,HZ-02-05,True,207,62
CH-8769-556,Steering knuckle Premium,Chassis,1.05,1.05,1.05,RH,RH,ambient,False,SUP-044,B-07-06,True,190,61
FL-5071-557,Brake fluid reservoir Gen 2,Fluids,23.79,23.79,23.79,LH,LH,hazmat,False,SUP-054,JIS-07-11,True,192,50
PO-3820-558,Torque converter Gen 2,Powertrain,17.22,17.22,17.22,RH,RH,ambient,False,SUP-077,Q-04-08,True,117,81
IN-3782-559,Door trim panel Premium,Interior,18.85,18.85,18.85,LH,LH,ambient,False,SUP-028,HZ-02-09,True,68,42
CH-3286-560,Brake line manifold RH,Chassis,16.23,16.23,16.23,LH,LH,ambient,False,SUP-063,HZ-02-05,True,202,70
CH-6539-561,Brake line manifold RH,Chassis,22.74,22.74,22.74,RH,RH,ambient,False,SUP-043,JIS-07-07,True,104,62
FL-4175-562,Brake fluid reservoir RH,Fluids,9.83,9.83,9.83,LH,LH,ambient,False,SUP-171,B-07-05,True,195,29
PO-2300-563,Gear selector Premium,Powertrain,7.61,7.61,7.61,LH,LH,ambient,False,SUP-157,B-07-04,True,145,37
IN-6974-564,Door trim panel LH,Interior,22.14,22.14,22.14,RH,RH,ambient,False,SUP-075,JIS-07-17,True,60,68
FL-3912-565,Coolant additive Gen 2,Fluids,12.91,12.91,12.91,RH,RH,hazmat,True,SUP-081,B-07-11,True,205,48
PO-2233-566,Fuel rail LH,Powertrain,7.23,7.23,7.23,LH,LH,ambient,False,SUP-049,JIS-07-16,True,201,41
PO-4952-567,Clutch actuator Premium,Powertrain,7.72,7.72,7.72,LH,LH,ambient,False,SUP-012,JIS-07-15,True,170,70
FL-9463-568,Brake fluid reservoir Premium,Fluids,17.23,17.23,17.23,RH,RH,ambient,False,SUP-106,JIS-07-01,True,176,70
PO-8777-569,Torque converter Premium,Powertrain,13.34,13.34,13.34,LH,LH,ambient,False,SUP-052,A-12-04,True,80,49
CH-8956-570,Brake line manifold Premium,Chassis,22.0,22.0,22.0,LH,LH,ambient,False,SUP-145,A-12-16,True,215,48
IN-7478-571,Console module RH,Interior,20.41,20.41,20.41,LH,LH,ambient,False,SUP-107,JIS-07-16,True,93,38
PO-2174-572,Gear selector Premium,Powertrain,23.5,23.5,23.5,LH,LH,ambient,False,SUP-148,HZ-02-03,True,65,82
FL-5630-573,Sealant cartridge LH,Fluids,18.96,18.96,18.96,LH,LH,ambient,False,SUP-051,HZ-02-13,True,191,33
FL-5205-574,Washer concentrate RH,Fluids,11.74,11.74,11.74,RH,RH,hazmat,True,SUP-103,A-12-17,True,143,26
IN-6162-575,Wiring harness assembly RH,Interior,13.91,13.91,13.91,LH,LH,ambient,False,SUP-090,HZ-02-01,True,134,45
IN-3666-576,Console module Gen 2,Interior,14.76,14.76,14.76,LH,LH,ambient,False,SUP-074,JIS-07-14,True,181,31
EL-3664-577,ECU control module LH,Electronics,8.27,8.27,8.27,RH,RH,ambient,False,SUP-085,Q-04-06,True,219,88
CH-4858-578,Brake line manifold Premium,Chassis,16.53,16.53,16.53,RH,RH,ambient,False,SUP-055,Q-04-17,True,112,34
EL-9201-579,Power distribution unit LH,Electronics,4.26,4.26,4.26,LH,LH,ambient,False,SUP-020,A-12-05,True,139,64
EL-2476-580,ECU control module LH,Electronics,11.31,11.31,11.31,LH,LH,ambient,False,SUP-025,Q-04-01,True,201,33
EL-6315-581,Radar sensor Gen 2,Electronics,4.81,4.81,4.81,RH,RH,ambient,False,SUP-001,HZ-02-18,True,85,69
EL-5874-582,ECU control module Gen 2,Electronics,8.78,8.78,8.78,RH,RH,ambient,False,SUP-115,JIS-07-09,True,60,64
PO-1237-583,Fuel rail LH,Powertrain,9.17,9.17,9.17,LH,LH,ambient,False,SUP-123,Q-04-17,True,170,64
FL-6281-584,Washer concentrate Premium,Fluids,8.83,8.83,8.83,RH,RH,hazmat,False,SUP-097,HZ-02-04,True,182,58
EL-3917-585,ECU control module Gen 2,Electronics,18.25,18.25,18.25,LH,LH,ambient,False,SUP-099,B-07-15,True,156,84
PO-3350-586,Torque converter Gen 2,Powertrain,22.05,22.05,22.05,RH,RH,ambient,False,SUP-085,JIS-07-11,True,144,61
FL-6645-587,Washer concentrate RH,Fluids,7.81,7.81,7.81,LH,LH,hazmat,True,SUP-018,HZ-02-15,True,147,61
EL-5933-588,Camera harness Gen 2,Electronics,4.85,4.85,4.85,LH,LH,ambient,False,SUP-117,JIS-07-16,True,147,51
CH-3882-589,Brake line manifold RH,Chassis,1.72,1.72,1.72,LH,LH,ambient,False,SUP-169,A-12-01,True,121,87
IN-3762-590,Seat rail Gen 2,Interior,12.48,12.48,12.48,LH,LH,ambient,False,SUP-008,A-12-05,True,200,66
IN-6246-591,Door trim panel RH,Interior,3.29,3.29,3.29,RH,RH,ambient,False,SUP-042,Q-04-08,True,63,50
PO-8848-592,Torque converter Gen 2,Powertrain,17.13,17.13,17.13,LH,LH,ambient,False,SUP-087,A-12-07,True,69,47
EL-6743-593,Radar sensor RH,Electronics,3.87,3.87,3.87,LH,LH,ambient,False,SUP-168,HZ-02-09,True,203,37
CH-5987-594,Brake line manifold RH,Chassis,4.21,4.21,4.21,LH,LH,ambient,False,SUP-075,A-12-14,True,81,71
IN-7514-595,Door trim panel Premium,Interior,0.65,0.65,0.65,RH,RH,ambient,False,SUP-046,A-12-03,True,72,80
IN-8197-596,Seat rail LH,Interior,7.42,7.42,7.42,RH,RH,ambient,False,SUP-106,HZ-02-04,True,103,36
IN-5489-597,Console module Gen 2,Interior,1.98,1.98,1.98,LH,LH,ambient,False,SUP-137,Q-04-06,True,83,33
EL-5115-598,Radar sensor Gen 2,Electronics,22.77,22.77,22.77,RH,RH,ambient,False,SUP-148,JIS-07-09,True,132,56
PO-6584-599,Fuel rail LH,Powertrain,22.82,22.82,22.82,RH,RH,ambient,False,SUP-070,HZ-02-08,True,87,54
IN-8091-600,Seat rail Gen 2,Interior,19.57,19.57,19.57,LH,LH,ambient,False,SUP-194,A-12-11,True,108,88
PO-5136-601,Gear selector Gen 2,Powertrain,17.67,17.67,17.67,RH,RH,ambient,False,SUP-192,A-12-15,True,78,61
EL-5774-602,ECU control module Premium,Electronics,13.65,13.65,13.65,LH,LH,ambient,False,SUP-084,B-07-16,True,68,29
PO-2201-603,Gear selector LH,Powertrain,18.57,18.57,18.57,RH,RH,ambient,False,SUP-081,B-07-14,True,177,66
FL-8226-604,Brake fluid reservoir LH,Fluids,18.51,18.51,18.51,RH,RH,ambient,True,SUP-170,Q-04-07,True,163,61
CH-2720-605,Wheel carrier Premium,Chassis,10.55,10.55,10.55,RH,RH,ambient,False,SUP-137,A-12-11,True,120,57
IN-6428-606,Seat rail Gen 2,Interior,13.01,13.01,13.01,LH,LH,ambient,False,SUP-111,A-12-18,True,196,56
PO-7584-607,Gear selector Gen 2,Powertrain,17.66,17.66,17.66,RH,RH,ambient,False,SUP-072,A-12-06,True,198,61
IN-1124-608,Console module RH,Interior,1.55,1.55,1.55,LH,LH,ambient,False,SUP-184,JIS-07-08,True,190,89
CH-3592-609,Steering knuckle Gen 2,Chassis,8.41,8.41,8.41,LH,LH,ambient,False,SUP-170,Q-04-12,True,147,87
FL-1726-610,Brake fluid reservoir Gen 2,Fluids,9.94,9.94,9.94,LH,LH,ambient,True,SUP-054,JIS-07-08,True,136,32
EL-7525-611,Power distribution unit Gen 2,Electronics,7.98,7.98,7.98,LH,LH,ambient,False,SUP-034,B-07-06,True,202,37
EL-6481-612,ECU control module Gen 2,Electronics,1.48,1.48,1.48,LH,LH,ambient,False,SUP-076,JIS-07-02,True,85,82
EL-9526-613,Camera harness Gen 2,Electronics,23.37,23.37,23.37,LH,LH,ambient,False,SUP-003,B-07-04,True,169,78
PO-1691-614,Gear selector Premium,Powertrain,10.25,10.25,10.25,LH,LH,ambient,False,SUP-098,A-12-11,True,173,69
EL-4413-615,ECU control module LH,Electronics,23.74,23.74,23.74,RH,RH,ambient,False,SUP-150,A-12-13,True,82,35
PO-2165-616,Clutch actuator RH,Powertrain,8.96,8.96,8.96,RH,RH,ambient,False,SUP-018,HZ-02-11,True,205,51
IN-5661-617,Door trim panel RH,Interior,23.74,23.74,23.74,LH,LH,ambient,False,SUP-177,HZ-02-05,True,115,33
IN-6577-618,Seat rail RH,Interior,19.43,19.43,19.43,LH,LH,ambient,False,SUP-190,HZ-02-03,True,120,83
FL-2102-619,Brake fluid reservoir Gen 2,Fluids,21.47,21.47,21.47,RH,RH,ambient,False,SUP-100,A-12-09,True,201,86
EL-2141-620,Power distribution unit Gen 2,Electronics,19.56,19.56,19.56,LH,LH,ambient,False,SUP-137,A-12-11,True,90,37
FL-7078-621,Brake fluid reservoir LH,Fluids,17.68,17.68,17.68,LH,LH,hazmat,True,SUP-185,Q-04-14,True,76,40
CH-3118-622,Control arm Premium,Chassis,5.54,5.54,5.54,LH,LH,ambient,False,SUP-027,B-07-03,True,217,76
FL-1316-623,Brake fluid reservoir Gen 2,Fluids,14.66,14.66,14.66,LH,LH,ambient,True,SUP-106,Q-04-10,True,117,85
CH-6728-624,Control arm Gen 2,Chassis,4.64,4.64,4.64,RH,RH,ambient,False,SUP-106,JIS-07-08,True,84,29
EL-3868-625,Power distribution unit LH,Electronics,7.85,7.85,7.85,RH,RH,ambient,False,SUP-016,HZ-02-11,True,114,90
PO-9320-626,Clutch actuator RH,Powertrain,11.13,11.13,11.13,LH,LH,ambient,False,SUP-187,JIS-07-05,True,180,70
FL-5790-627,Brake fluid reservoir Gen 2,Fluids,12.48,12.48,12.48,LH,LH,hazmat,True,SUP-092,HZ-02-04,True,165,84
EL-8905-628,Radar sensor RH,Electronics,10.54,10.54,10.54,LH,LH,ambient,False,SUP-027,A-12-03,True,139,54
PO-3280-629,Clutch actuator RH,Powertrain,12.7,12.7,12.7,RH,RH,ambient,False,SUP-039,A-12-16,True,115,83
PO-4905-630,Torque converter RH,Powertrain,6.45,6.45,6.45,RH,RH,ambient,False,SUP-148,JIS-07-06,True,84,56
EL-1309-631,Power distribution unit Premium,Electronics,23.9,23.9,23.9,RH,RH,ambient,False,SUP-180,JIS-07-15,True,92,70
EL-4049-632,Camera harness RH,Electronics,8.57,8.57,8.57,LH,LH,ambient,False,SUP-040,Q-04-09,True,79,54
IN-5787-633,Console module RH,Interior,14.37,14.37,14.37,LH,LH,ambient,False,SUP-149,B-07-03,True,179,71
EL-4073-634,ECU control module RH,Electronics,4.76,4.76,4.76,LH,LH,ambient,False,SUP-018,Q-04-02,True,197,61
EL-9297-635,ECU control module LH,Electronics,8.2,8.2,8.2,RH,RH,ambient,False,SUP-190,A-12-08,True,204,37
CH-6716-636,Steering knuckle Gen 2,Chassis,23.65,23.65,23.65,RH,RH,ambient,False,SUP-126,JIS-07-07,True,202,30
PO-7317-637,Torque converter Gen 2,Powertrain,2.26,2.26,2.26,LH,LH,ambient,False,SUP-121,Q-04-07,True,116,58
EL-6892-638,Power distribution unit RH,Electronics,2.59,2.59,2.59,LH,LH,ambient,False,SUP-094,B-07-10,True,177,71
FL-6668-639,Sealant cartridge Gen 2,Fluids,11.78,11.78,11.78,LH,LH,ambient,True,SUP-058,A-12-13,True,120,68
EL-5728-640,ECU control module LH,Electronics,17.82,17.82,17.82,LH,LH,ambient,False,SUP-070,HZ-02-05,True,199,45
IN-6993-641,Wiring harness assembly RH,Interior,11.74,11.74,11.74,RH,RH,ambient,False,SUP-146,HZ-02-03,True,214,79
CH-8168-642,Steering knuckle RH,Chassis,17.37,17.37,17.37,RH,RH,ambient,False,SUP-169,HZ-02-02,True,159,39
EL-1844-643,Radar sensor RH,Electronics,8.98,8.98,8.98,LH,LH,ambient,False,SUP-053,JIS-07-06,True,101,26
PO-9798-644,Clutch actuator Gen 2,Powertrain,3.72,3.72,3.72,RH,RH,ambient,False,SUP-029,B-07-01,True,164,48
CH-6021-645,Brake line manifold LH,Chassis,22.35,22.35,22.35,LH,LH,ambient,False,SUP-113,A-12-03,True,141,28
FL-4809-646,Brake fluid reservoir LH,Fluids,24.49,24.49,24.49,RH,RH,hazmat,True,SUP-179,B-07-10,True,133,86
EL-4217-647,Camera harness RH,Electronics,6.35,6.35,6.35,LH,LH,ambient,False,SUP-140,Q-04-05,True,118,46
PO-9225-648,Clutch actuator Premium,Powertrain,16.29,16.29,16.29,RH,RH,ambient,False,SUP-140,JIS-07-05,True,201,83
CH-1161-649,Steering knuckle LH,Chassis,20.4,20.4,20.4,LH,LH,ambient,False,SUP-124,JIS-07-12,True,128,60
FL-5573-650,Coolant additive LH,Fluids,14.95,14.95,14.95,LH,LH,hazmat,True,SUP-099,B-07-13,True,172,48
EL-2776-651,Camera harness LH,Electronics,23.31,23.31,23.31,LH,LH,ambient,False,SUP-002,HZ-02-10,True,214,80
FL-2420-652,Brake fluid reservoir LH,Fluids,4.37,4.37,4.37,LH,LH,ambient,True,SUP-079,B-07-15,True,113,35
EL-9660-653,Power distribution unit RH,Electronics,6.13,6.13,6.13,LH,LH,ambient,False,SUP-086,HZ-02-14,True,136,87
IN-4370-654,Seat rail LH,Interior,3.43,3.43,3.43,LH,LH,ambient,False,SUP-077,HZ-02-14,True,107,41
EL-8560-655,ECU control module RH,Electronics,9.63,9.63,9.63,LH,LH,ambient,False,SUP-119,A-12-09,True,131,80
FL-6399-656,Brake fluid reservoir LH,Fluids,19.19,19.19,19.19,LH,LH,ambient,False,SUP-083,Q-04-02,True,114,57
IN-3606-657,Door trim panel LH,Interior,24.42,24.42,24.42,LH,LH,ambient,False,SUP-193,B-07-11,True,183,42
EL-3590-658,Power distribution unit Gen 2,Electronics,20.86,20.86,20.86,LH,LH,ambient,False,SUP-096,JIS-07-15,True,97,76
PO-5594-659,Torque converter RH,Powertrain,21.47,21.47,21.47,LH,LH,ambient,False,SUP-063,A-12-18,True,140,27
FL-2493-660,Brake fluid reservoir Gen 2,Fluids,20.6,20.6,20.6,RH,RH,hazmat,False,SUP-100,HZ-02-08,True,120,73
IN-7477-661,Seat rail Gen 2,Interior,14.41,14.41,14.41,RH,RH,ambient,False,SUP-057,A-12-08,True,90,59
EL-6006-662,Camera harness LH,Electronics,21.31,21.31,21.31,RH,RH,ambient,False,SUP-166,A-12-01,True,158,25
EL-9745-663,ECU control module Gen 2,Electronics,22.01,22.01,22.01,LH,LH,ambient,False,SUP-196,HZ-02-10,True,164,35
IN-5670-664,Console module Gen 2,Interior,8.48,8.48,8.48,RH,RH,ambient,False,SUP-147,B-07-09,True,148,89
FL-2736-665,Sealant cartridge Premium,Fluids,9.97,9.97,9.97,LH,LH,ambient,False,SUP-057,JIS-07-12,True,139,31
FL-6109-666,Sealant cartridge Premium,Fluids,21.54,21.54,21.54,RH,RH,hazmat,False,SUP-113,JIS-07-12,True,151,53
FL-6714-667,Brake fluid reservoir RH,Fluids,1.19,1.19,1.19,RH,RH,hazmat,False,SUP-163,JIS-07-06,True,159,65
IN-3959-668,Seat rail LH,Interior,3.73,3.73,3.73,RH,RH,ambient,False,SUP-006,HZ-02-04,True,89,60
PO-2754-669,Clutch actuator Gen 2,Powertrain,18.29,18.29,18.29,RH,RH,ambient,False,SUP-010,HZ-02-09,True,207,57
EL-1548-670,Camera harness Gen 2,Electronics,3.24,3.24,3.24,RH,RH,ambient,False,SUP-003,HZ-02-11,True,81,68
PO-7491-671,Torque converter Gen 2,Powertrain,2.63,2.63,2.63,RH,RH,ambient,False,SUP-043,HZ-02-09,True,146,89
CH-6626-672,Control arm LH,Chassis,20.55,20.55,20.55,LH,LH,ambient,False,SUP-161,Q-04-06,True,183,63
IN-4337-673,Seat rail LH,Interior,4.53,4.53,4.53,LH,LH,ambient,False,SUP-163,HZ-02-12,True,100,57
PO-6849-674,Gear selector Gen 2,Powertrain,21.43,21.43,21.43,LH,LH,ambient,False,SUP-134,HZ-02-08,True,187,34
PO-9757-675,Clutch actuator Gen 2,Powertrain,11.35,11.35,11.35,RH,RH,ambient,False,SUP-135,Q-04-13,True,72,58
CH-9641-676,Control arm LH,Chassis,17.82,17.82,17.82,RH,RH,ambient,False,SUP-126,Q-04-05,True,190,31
CH-6687-677,Steering knuckle Gen 2,Chassis,20.61,20.61,20.61,LH,LH,ambient,False,SUP-160,A-12-04,True,199,65
CH-8622-678,Steering knuckle RH,Chassis,22.08,22.08,22.08,RH,RH,ambient,False,SUP-002,B-07-01,True,185,55
IN-5766-679,Wiring harness assembly Premium,Interior,9.44,9.44,9.44,LH,LH,ambient,False,SUP-070,A-12-06,True,146,39
PO-8391-680,Torque converter LH,Powertrain,12.6,12.6,12.6,RH,RH,ambient,False,SUP-090,A-12-15,True,204,31
FL-7013-681,Washer concentrate Premium,Fluids,1.12,1.12,1.12,RH,RH,hazmat,False,SUP-157,B-07-09,True,146,78
FL-3238-682,Brake fluid reservoir Gen 2,Fluids,9.03,9.03,9.03,LH,LH,ambient,False,SUP-166,B-07-03,True,195,52
FL-4305-683,Washer concentrate RH,Fluids,14.76,14.76,14.76,RH,RH,ambient,True,SUP-017,Q-04-03,True,131,85
EL-6690-684,Radar sensor Gen 2,Electronics,1.89,1.89,1.89,LH,LH,ambient,False,SUP-118,B-07-12,True,72,85
FL-8986-685,Coolant additive Gen 2,Fluids,15.13,15.13,15.13,LH,LH,hazmat,False,SUP-126,JIS-07-12,True,169,46
FL-8174-686,Coolant additive Premium,Fluids,22.21,22.21,22.21,RH,RH,hazmat,True,SUP-194,HZ-02-08,True,93,42
FL-8760-687,Brake fluid reservoir LH,Fluids,5.95,5.95,5.95,RH,RH,ambient,False,SUP-072,JIS-07-15,True,158,54
FL-8508-688,Coolant additive Premium,Fluids,20.24,20.24,20.24,LH,LH,ambient,False,SUP-045,JIS-07-05,True,173,74
PO-6344-689,Torque converter LH,Powertrain,24.37,24.37,24.37,RH,RH,ambient,False,SUP-097,Q-04-07,True,131,62
PO-7631-690,Gear selector Gen 2,Powertrain,17.84,17.84,17.84,RH,RH,ambient,False,SUP-059,B-07-08,True,90,46
EL-3439-691,ECU control module RH,Electronics,16.08,16.08,16.08,LH,LH,ambient,False,SUP-021,A-12-02,True,68,82
FL-8602-692,Washer concentrate Premium,Fluids,11.63,11.63,11.63,RH,RH,ambient,True,SUP-165,B-07-16,True,176,26
PO-9208-693,Torque converter LH,Powertrain,24.33,24.33,24.33,RH,RH,ambient,False,SUP-032,B-07-01,True,84,71
IN-4623-694,Seat rail Premium,Interior,19.85,19.85,19.85,LH,LH,ambient,False,SUP-144,Q-04-17,True,148,82
FL-4454-695,Brake fluid reservoir Gen 2,Fluids,6.64,6.64,6.64,LH,LH,ambient,True,SUP-070,B-07-05,True,115,71
EL-4264-696,Radar sensor Gen 2,Electronics,16.98,16.98,16.98,RH,RH,ambient,False,SUP-060,JIS-07-05,True,204,74
IN-6124-697,Console module LH,Interior,10.76,10.76,10.76,RH,RH,ambient,False,SUP-159,HZ-02-01,True,80,47
CH-6575-698,Brake line manifold RH,Chassis,14.46,14.46,14.46,LH,LH,ambient,False,SUP-103,Q-04-04,True,169,82
EL-3184-699,Camera harness Gen 2,Electronics,2.98,2.98,2.98,LH,LH,ambient,False,SUP-062,A-12-13,True,159,75
EL-8543-700,Camera harness RH,Electronics,3.87,3.87,3.87,RH,RH,ambient,False,SUP-051,A-12-15,True,148,75
CH-1886-701,Control arm RH,Chassis,7.83,7.83,7.83,RH,RH,ambient,False,SUP-169,HZ-02-08,True,207,69
EL-9611-702,Camera harness LH,Electronics,14.06,14.06,14.06,LH,LH,ambient,False,SUP-123,Q-04-13,True,105,87
FL-8948-703,Washer concentrate Gen 2,Fluids,12.54,12.54,12.54,LH,LH,hazmat,False,SUP-044,B-07-13,True,198,53
IN-7073-704,Console module LH,Interior,8.48,8.48,8.48,RH,RH,ambient,False,SUP-040,Q-04-05,True,100,55
IN-8200-705,Door trim panel RH,Interior,9.2,9.2,9.2,RH,RH,ambient,False,SUP-185,JIS-07-11,True,214,25
EL-3958-706,Radar sensor RH,Electronics,13.42,13.42,13.42,RH,RH,ambient,False,SUP-064,HZ-02-07,True,60,52
FL-2602-707,Washer concentrate RH,Fluids,7.98,7.98,7.98,LH,LH,hazmat,False,SUP-094,JIS-07-05,True,85,41
CH-3484-708,Steering knuckle Gen 2,Chassis,9.76,9.76,9.76,LH,LH,ambient,False,SUP-057,B-07-16,True,81,60
IN-9445-709,Door trim panel Premium,Interior,3.77,3.77,3.77,RH,RH,ambient,False,SUP-105,Q-04-02,True,215,78
CH-5276-710,Steering knuckle Premium,Chassis,3.01,3.01,3.01,RH,RH,ambient,False,SUP-049,JIS-07-16,True,142,63
CH-3402-711,Control arm LH,Chassis,0.89,0.89,0.89,RH,RH,ambient,False,SUP-046,A-12-09,True,134,60
EL-9680-712,Camera harness Gen 2,Electronics,7.8,7.8,7.8,LH,LH,ambient,False,SUP-043,HZ-02-16,True,174,76
FL-3802-713,Washer concentrate Gen 2,Fluids,3.14,3.14,3.14,LH,LH,hazmat,True,SUP-046,B-07-11,True,109,44
EL-3278-714,Power distribution unit Premium,Electronics,10.79,10.79,10.79,RH,RH,ambient,False,SUP-121,HZ-02-07,True,211,57
EL-3220-715,Camera harness LH,Electronics,1.93,1.93,1.93,LH,LH,ambient,False,SUP-179,Q-04-02,True,70,54
CH-1756-716,Wheel carrier LH,Chassis,15.23,15.23,15.23,RH,RH,ambient,False,SUP-173,JIS-07-02,True,186,54
EL-7980-717,Camera harness Gen 2,Electronics,1.62,1.62,1.62,LH,LH,ambient,False,SUP-101,Q-04-14,True,62,52
IN-1437-718,Seat rail RH,Interior,12.57,12.57,12.57,LH,LH,ambient,False,SUP-047,JIS-07-18,True,116,52
IN-7196-719,Door trim panel Premium,Interior,0.82,0.82,0.82,RH,RH,ambient,False,SUP-065,B-07-05,True,150,67
IN-3397-720,Console module Premium,Interior,2.88,2.88,2.88,LH,LH,ambient,False,SUP-173,B-07-12,True,93,87
FL-9737-721,Washer concentrate RH,Fluids,10.99,10.99,10.99,RH,RH,ambient,True,SUP-119,A-12-18,True,75,45
CH-2252-722,Wheel carrier Gen 2,Chassis,1.04,1.04,1.04,LH,LH,ambient,False,SUP-148,HZ-02-15,True,106,86
IN-9430-723,Door trim panel RH,Interior,0.64,0.64,0.64,LH,LH,ambient,False,SUP-106,B-07-05,True,135,90
IN-6293-724,Seat rail Premium,Interior,2.65,2.65,2.65,LH,LH,ambient,False,SUP-198,Q-04-13,True,206,73
CH-5578-725,Wheel carrier Gen 2,Chassis,11.17,11.17,11.17,LH,LH,ambient,False,SUP-119,B-07-03,True,172,82
EL-7109-726,Camera harness LH,Electronics,3.51,3.51,3.51,RH,RH,ambient,False,SUP-174,HZ-02-12,True,217,69
CH-6422-727,Steering knuckle Premium,Chassis,18.67,18.67,18.67,LH,LH,ambient,False,SUP-174,B-07-08,True,155,35
CH-6214-728,Steering knuckle LH,Chassis,12.21,12.21,12.21,RH,RH,ambient,False,SUP-156,JIS-07-18,True,90,50
FL-7728-729,Washer concentrate RH,Fluids,23.83,23.83,23.83,LH,LH,ambient,False,SUP-052,B-07-03,True,211,35
EL-2221-730,ECU control module LH,Electronics,6.17,6.17,6.17,LH,LH,ambient,False,SUP-009,Q-04-03,True,182,71
PO-6404-731,Clutch actuator LH,Powertrain,22.3,22.3,22.3,RH,RH,ambient,False,SUP-159,B-07-18,True,63,69
EL-8928-732,ECU control module Gen 2,Electronics,4.91,4.91,4.91,LH,LH,ambient,False,SUP-174,A-12-13,True,204,79
IN-6857-733,Wiring harness assembly LH,Interior,22.87,22.87,22.87,LH,LH,ambient,False,SUP-162,JIS-07-16,True,118,59
FL-8754-734,Sealant cartridge RH,Fluids,22.85,22.85,22.85,LH,LH,ambient,False,SUP-081,Q-04-06,True,148,81
EL-4660-735,Camera harness LH,Electronics,11.91,11.91,11.91,LH,LH,ambient,False,SUP-038,A-12-10,True,171,44
PO-8767-736,Clutch actuator RH,Powertrain,22.32,22.32,22.32,LH,LH,ambient,False,SUP-117,B-07-05,True,195,49
PO-3685-737,Fuel rail Premium,Powertrain,16.51,16.51,16.51,LH,LH,ambient,False,SUP-154,Q-04-05,True,139,34
PO-1633-738,Torque converter Gen 2,Powertrain,22.95,22.95,22.95,RH,RH,ambient,False,SUP-179,Q-04-14,True,173,43
IN-5966-739,Door trim panel Premium,Interior,1.96,1.96,1.96,RH,RH,ambient,False,SUP-070,Q-04-04,True,120,49
PO-6969-740,Gear selector RH,Powertrain,0.69,0.69,0.69,LH,LH,ambient,False,SUP-113,A-12-08,True,132,88
EL-6377-741,Camera harness Premium,Electronics,4.09,4.09,4.09,LH,LH,ambient,False,SUP-023,A-12-17,True,210,54
IN-7857-742,Console module Premium,Interior,20.41,20.41,20.41,LH,LH,ambient,False,SUP-108,JIS-07-01,True,171,76
CH-6366-743,Brake line manifold RH,Chassis,9.7,9.7,9.7,LH,LH,ambient,False,SUP-182,HZ-02-01,True,219,71
PO-7937-744,Torque converter Premium,Powertrain,12.14,12.14,12.14,LH,LH,ambient,False,SUP-023,B-07-15,True,138,27
CH-5656-745,Wheel carrier RH,Chassis,22.6,22.6,22.6,RH,RH,ambient,False,SUP-092,A-12-05,True,175,61
PO-1042-746,Clutch actuator Gen 2,Powertrain,16.31,16.31,16.31,LH,LH,ambient,False,SUP-129,JIS-07-12,True,167,47
FL-9120-747,Sealant cartridge Gen 2,Fluids,15.12,15.12,15.12,RH,RH,ambient,False,SUP-157,B-07-04,True,154,70
IN-8084-748,Door trim panel Premium,Interior,15.49,15.49,15.49,LH,LH,ambient,False,SUP-041,B-07-14,True,198,50
FL-3639-749,Washer concentrate Gen 2,Fluids,14.45,14.45,14.45,LH,LH,ambient,True,SUP-072,JIS-07-01,True,70,78
PO-7463-750,Fuel rail LH,Powertrain,12.66,12.66,12.66,LH,LH,ambient,False,SUP-052,A-12-12,True,129,86
PO-6951-751,Torque converter RH,Powertrain,22.77,22.77,22.77,LH,LH,ambient,False,SUP-111,JIS-07-08,True,70,35
EL-7281-752,ECU control module LH,Electronics,12.3,12.3,12.3,RH,RH,ambient,False,SUP-053,HZ-02-11,True,212,74
EL-3881-753,ECU control module Premium,Electronics,4.05,4.05,4.05,LH,LH,ambient,False,SUP-016,JIS-07-13,True,177,64
CH-3541-754,Steering knuckle Premium,Chassis,13.69,13.69,13.69,RH,RH,ambient,False,SUP-001,HZ-02-10,True,138,90
CH-5737-755,Control arm LH,Chassis,9.53,9.53,9.53,RH,RH,ambient,False,SUP-149,A-12-08,True,203,68
FL-9032-756,Washer concentrate Gen 2,Fluids,15.64,15.64,15.64,LH,LH,hazmat,True,SUP-079,Q-04-01,True,86,70
IN-6400-757,Wiring harness assembly Premium,Interior,8.91,8.91,8.91,LH,LH,ambient,False,SUP-109,A-12-12,True,105,83
IN-2873-758,Wiring harness assembly Premium,Interior,2.17,2.17,2.17,LH,LH,ambient,False,SUP-184,B-07-10,True,122,47
PO-1222-759,Gear selector Premium,Powertrain,8.95,8.95,8.95,RH,RH,ambient,False,SUP-148,JIS-07-17,True,142,73
CH-3724-760,Steering knuckle LH,Chassis,6.22,6.22,6.22,RH,RH,ambient,False,SUP-127,A-12-17,True,188,58
PO-2423-761,Gear selector Premium,Powertrain,3.1,3.1,3.1,RH,RH,ambient,False,SUP-055,JIS-07-04,True,64,76
EL-3355-762,Camera harness Premium,Electronics,21.71,21.71,21.71,RH,RH,ambient,False,SUP-128,HZ-02-05,True,199,74
EL-1069-763,Camera harness RH,Electronics,20.12,20.12,20.12,LH,LH,ambient,False,SUP-136,Q-04-02,True,153,54
IN-7050-764,Wiring harness assembly Gen 2,Interior,12.52,12.52,12.52,RH,RH,ambient,False,SUP-053,Q-04-15,True,215,57
PO-3722-765,Torque converter Gen 2,Powertrain,4.49,4.49,4.49,LH,LH,ambient,False,SUP-154,JIS-07-11,True,94,90
IN-9818-766,Door trim panel Gen 2,Interior,17.37,17.37,17.37,LH,LH,ambient,False,SUP-148,B-07-03,True,92,39
FL-7381-767,Sealant cartridge LH,Fluids,20.88,20.88,20.88,LH,LH,hazmat,False,SUP-033,A-12-10,True,220,44
EL-7639-768,Camera harness Gen 2,Electronics,1.98,1.98,1.98,RH,RH,ambient,False,SUP-123,JIS-07-16,True,164,34
CH-9224-769,Control arm RH,Chassis,4.53,4.53,4.53,RH,RH,ambient,False,SUP-062,JIS-07-07,True,208,51
CH-1658-770,Wheel carrier Premium,Chassis,15.19,15.19,15.19,LH,LH,ambient,False,SUP-036,JIS-07-14,True,69,85
PO-5372-771,Clutch actuator Gen 2,Powertrain,7.53,7.53,7.53,RH,RH,ambient,False,SUP-053,A-12-02,True,132,44
PO-4452-772,Fuel rail RH,Powertrain,18.64,18.64,18.64,RH,RH,ambient,False,SUP-067,JIS-07-12,True,81,76
CH-8030-773,Brake line manifold Premium,Chassis,0.53,0.53,0.53,LH,LH,ambient,False,SUP-096,B-07-17,True,171,84
FL-8031-774,Coolant additive Gen 2,Fluids,6.71,6.71,6.71,RH,RH,ambient,False,SUP-013,Q-04-08,True,189,54
PO-2223-775,Gear selector Gen 2,Powertrain,15.3,15.3,15.3,LH,LH,ambient,False,SUP-189,A-12-04,True,215,59
FL-9493-776,Washer concentrate Premium,Fluids,12.96,12.96,12.96,RH,RH,ambient,True,SUP-176,Q-04-03,True,132,48
CH-6599-777,Brake line manifold Gen 2,Chassis,1.9,1.9,1.9,RH,RH,ambient,False,SUP-059,Q-04-06,True,139,77
IN-8393-778,Door trim panel LH,Interior,5.72,5.72,5.72,LH,LH,ambient,False,SUP-073,JIS-07-01,True,140,60
PO-6535-779,Gear selector Gen 2,Powertrain,8.66,8.66,8.66,LH,LH,ambient,False,SUP-143,HZ-02-15,True,97,51
FL-5229-780,Coolant additive RH,Fluids,3.22,3.22,3.22,RH,RH,ambient,False,SUP-176,A-12-13,True,84,46
EL-8881-781,Power distribution unit Gen 2,Electronics,17.62,17.62,17.62,RH,RH,ambient,False,SUP-134,HZ-02-03,True,66,35
EL-6829-782,Power distribution unit Gen 2,Electronics,6.3,6.3,6.3,LH,LH,ambient,False,SUP-187,A-12-06,True,220,90
PO-2316-783,Torque converter Premium,Powertrain,1.83,1.83,1.83,RH,RH,ambient,False,SUP-014,JIS-07-12,True,94,70
IN-7879-784,Console module RH,Interior,20.28,20.28,20.28,LH,LH,ambient,False,SUP-074,Q-04-14,True,195,46
PO-2520-785,Fuel rail RH,Powertrain,22.63,22.63,22.63,LH,LH,ambient,False,SUP-161,JIS-07-18,True,63,84
IN-1745-786,Console module Premium,Interior,2.77,2.77,2.77,RH,RH,ambient,False,SUP-041,Q-04-16,True,127,45
IN-7122-787,Seat rail RH,Interior,19.68,19.68,19.68,LH,LH,ambient,False,SUP-035,A-12-06,True,129,63
IN-6798-788,Door trim panel RH,Interior,20.89,20.89,20.89,LH,LH,ambient,False,SUP-126,B-07-02,True,63,79
IN-1520-789,Wiring harness assembly Premium,Interior,16.88,16.88,16.88,LH,LH,ambient,False,SUP-109,B-07-07,True,161,87
FL-6178-790,Sealant cartridge Premium,Fluids,16.27,16.27,16.27,RH,RH,ambient,False,SUP-143,JIS-07-13,True,105,84
FL-2865-791,Washer concentrate LH,Fluids,11.3,11.3,11.3,RH,RH,hazmat,True,SUP-169,B-07-18,True,211,29
FL-2038-792,Brake fluid reservoir RH,Fluids,5.82,5.82,5.82,RH,RH,hazmat,False,SUP-020,B-07-08,True,217,68
IN-5123-793,Door trim panel LH,Interior,14.94,14.94,14.94,RH,RH,ambient,False,SUP-073,B-07-03,True,195,78
CH-8934-794,Brake line manifold LH,Chassis,14.74,14.74,14.74,RH,RH,ambient,False,SUP-196,HZ-02-11,True,192,40
PO-4101-795,Torque converter LH,Powertrain,24.43,24.43,24.43,LH,LH,ambient,False,SUP-051,A-12-02,True,112,26
FL-6304-796,Brake fluid reservoir Premium,Fluids,22.34,22.34,22.34,LH,LH,ambient,False,SUP-138,HZ-02-06,True,159,50
CH-3207-797,Steering knuckle RH,Chassis,23.95,23.95,23.95,RH,RH,ambient,False,SUP-139,A-12-04,True,198,59
PO-9157-798,Clutch actuator Premium,Powertrain,14.38,14.38,14.38,LH,LH,ambient,False,SUP-130,JIS-07-05,True,151,82
FL-8008-799,Sealant cartridge LH,Fluids,1.13,1.13,1.13,LH,LH,ambient,True,SUP-006,B-07-10,True,164,73
EL-3810-800,Camera harness LH,Electronics,16.54,16.54,16.54,LH,LH,ambient,False,SUP-157,B-07-08,True,62,44
IN-3974-801,Wiring harness assembly RH,Interior,4.38,4.38,4.38,RH,RH,ambient,False,SUP-045,B-07-03,True,187,60
IN-4122-802,Seat rail LH,Interior,10.61,10.61,10.61,LH,LH,ambient,False,SUP-086,B-07-17,True,89,49
EL-6088-803,Radar sensor LH,Electronics,6.41,6.41,6.41,RH,RH,ambient,False,SUP-025,JIS-07-01,True,123,74
EL-6415-804,ECU control module LH,Electronics,3.51,3.51,3.51,LH,LH,ambient,False,SUP-099,JIS-07-03,True,99,58
EL-1645-805,Radar sensor LH,Electronics,9.83,9.83,9.83,RH,RH,ambient,False,SUP-090,Q-04-05,True,205,26
FL-2374-806,Washer concentrate Gen 2,Fluids,16.95,16.95,16.95,LH,LH,ambient,False,SUP-120,A-12-15,True,117,50
FL-1019-807,Coolant additive RH,Fluids,1.65,1.65,1.65,RH,RH,ambient,False,SUP-080,HZ-02-17,True,148,84
IN-1193-808,Door trim panel LH,Interior,6.8,6.8,6.8,RH,RH,ambient,False,SUP-059,JIS-07-11,True,111,54
EL-8267-809,Power distribution unit RH,Electronics,22.59,22.59,22.59,LH,LH,ambient,False,SUP-114,JIS-07-05,True,212,72
CH-9395-810,Wheel carrier Premium,Chassis,5.08,5.08,5.08,LH,LH,ambient,False,SUP-045,B-07-06,True,123,60
CH-1722-811,Control arm Premium,Chassis,8.48,8.48,8.48,LH,LH,ambient,False,SUP-022,A-12-07,True,169,80
CH-9074-812,Brake line manifold Gen 2,Chassis,19.56,19.56,19.56,LH,LH,ambient,False,SUP-159,HZ-02-01,True,201,85
IN-9275-813,Console module Gen 2,Interior,2.73,2.73,2.73,LH,LH,ambient,False,SUP-134,Q-04-11,True,81,73
PO-1023-814,Torque converter LH,Powertrain,3.59,3.59,3.59,LH,LH,ambient,False,SUP-193,Q-04-05,True,114,88
IN-4309-815,Seat rail RH,Interior,4.14,4.14,4.14,LH,LH,ambient,False,SUP-182,JIS-07-05,True,193,28
EL-9479-816,Power distribution unit Premium,Electronics,7.01,7.01,7.01,LH,LH,ambient,False,SUP-193,HZ-02-03,True,199,41
EL-3412-817,Power distribution unit RH,Electronics,16.62,16.62,16.62,RH,RH,ambient,False,SUP-056,A-12-10,True,219,90
CH-7763-818,Steering knuckle RH,Chassis,20.27,20.27,20.27,RH,RH,ambient,False,SUP-020,B-07-08,True,86,86
PO-1295-819,Gear selector LH,Powertrain,4.78,4.78,4.78,LH,LH,ambient,False,SUP-040,JIS-07-05,True,213,61
CH-9278-820,Steering knuckle RH,Chassis,20.54,20.54,20.54,RH,RH,ambient,False,SUP-108,Q-04-03,True,175,32
CH-9369-821,Brake line manifold LH,Chassis,14.27,14.27,14.27,RH,RH,ambient,False,SUP-196,Q-04-16,True,203,71
IN-7564-822,Wiring harness assembly Gen 2,Interior,19.27,19.27,19.27,LH,LH,ambient,False,SUP-137,HZ-02-09,True,197,45
IN-8232-823,Door trim panel Premium,Interior,5.73,5.73,5.73,RH,RH,ambient,False,SUP-148,HZ-02-08,True,215,87
CH-4854-824,Steering knuckle Gen 2,Chassis,3.36,3.36,3.36,RH,RH,ambient,False,SUP-073,A-12-08,True,140,90
CH-9549-825,Brake line manifold Premium,Chassis,7.45,7.45,7.45,LH,LH,ambient,False,SUP-094,HZ-02-06,True,180,29
EL-1950-826,Camera harness Gen 2,Electronics,9.2,9.2,9.2,LH,LH,ambient,False,SUP-080,A-12-01,True,211,71
IN-1506-827,Wiring harness assembly Premium,Interior,16.32,16.32,16.32,LH,LH,ambient,False,SUP-088,B-07-01,True,88,80
FL-4985-828,Brake fluid reservoir Premium,Fluids,20.7,20.7,20.7,RH,RH,hazmat,False,SUP-173,B-07-13,True,128,84
IN-3489-829,Wiring harness assembly LH,Interior,7.66,7.66,7.66,RH,RH,ambient,False,SUP-103,B-07-12,True,154,55
EL-1511-830,ECU control module RH,Electronics,23.06,23.06,23.06,LH,LH,ambient,False,SUP-107,HZ-02-15,True,149,80
FL-8148-831,Coolant additive Gen 2,Fluids,8.42,8.42,8.42,RH,RH,ambient,False,SUP-110,A-12-02,True,111,61
IN-1371-832,Wiring harness assembly Premium,Interior,12.03,12.03,12.03,LH,LH,ambient,False,SUP-175,B-07-10,True,78,44
PO-3128-833,Torque converter LH,Powertrain,22.67,22.67,22.67,LH,LH,ambient,False,SUP-159,A-12-04,True,151,39
FL-9773-834,Coolant additive RH,Fluids,9.38,9.38,9.38,LH,LH,hazmat,True,SUP-139,JIS-07-14,True,158,53
PO-6249-835,Gear selector Premium,Powertrain,20.94,20.94,20.94,LH,LH,ambient,False,SUP-191,JIS-07-10,True,191,74
EL-4358-836,Power distribution unit LH,Electronics,21.94,21.94,21.94,LH,LH,ambient,False,SUP-182,B-07-11,True,191,64
FL-2411-837,Sealant cartridge LH,Fluids,23.93,23.93,23.93,LH,LH,ambient,False,SUP-025,JIS-07-16,True,131,66
FL-5706-838,Sealant cartridge RH,Fluids,20.34,20.34,20.34,LH,LH,ambient,True,SUP-034,JIS-07-12,True,89,74
PO-6948-839,Clutch actuator LH,Powertrain,4.23,4.23,4.23,LH,LH,ambient,False,SUP-193,B-07-04,True,183,58
FL-2955-840,Sealant cartridge LH,Fluids,15.86,15.86,15.86,RH,RH,ambient,False,SUP-148,JIS-07-03,True,66,34
CH-1728-841,Steering knuckle Gen 2,Chassis,24.19,24.19,24.19,RH,RH,ambient,False,SUP-042,A-12-13,True,206,43
IN-3718-842,Seat rail RH,Interior,23.38,23.38,23.38,RH,RH,ambient,False,SUP-031,HZ-02-10,True,170,62
FL-4516-843,Sealant cartridge Gen 2,Fluids,16.55,16.55,16.55,LH,LH,ambient,False,SUP-125,B-07-18,True,193,58
FL-3951-844,Sealant cartridge Premium,Fluids,21.88,21.88,21.88,LH,LH,ambient,False,SUP-173,B-07-06,True,113,71
PO-3006-845,Gear selector Gen 2,Powertrain,21.77,21.77,21.77,LH,LH,ambient,False,SUP-037,B-07-13,True,214,63
IN-8549-846,Wiring harness assembly LH,Interior,2.53,2.53,2.53,LH,LH,ambient,False,SUP-074,HZ-02-12,True,177,72
EL-3934-847,ECU control module LH,Electronics,8.93,8.93,8.93,RH,RH,ambient,False,SUP-194,HZ-02-18,True,181,81
CH-7740-848,Brake line manifold Gen 2,Chassis,4.73,4.73,4.73,LH,LH,ambient,False,SUP-057,JIS-07-18,True,156,85
CH-4540-849,Brake line manifold Premium,Chassis,9.17,9.17,9.17,LH,LH,ambient,False,SUP-040,JIS-07-10,True,106,38
FL-9236-850,Coolant additive Premium,Fluids,2.15,2.15,2.15,RH,RH,hazmat,True,SUP-090,A-12-06,True,154,62
EL-4411-851,Radar sensor RH,Electronics,0.51,0.51,0.51,LH,LH,ambient,False,SUP-020,HZ-02-10,True,124,31
EL-8373-852,ECU control module Gen 2,Electronics,9.38,9.38,9.38,LH,LH,ambient,False,SUP-031,Q-04-02,True,87,30
PO-5897-853,Torque converter LH,Powertrain,24.37,24.37,24.37,RH,RH,ambient,False,SUP-149,JIS-07-07,True,217,25
EL-5924-854,ECU control module RH,Electronics,19.52,19.52,19.52,RH,RH,ambient,False,SUP-030,B-07-02,True,215,77
FL-5958-855,Washer concentrate LH,Fluids,6.31,6.31,6.31,RH,RH,hazmat,True,SUP-032,HZ-02-05,True,76,87
PO-3934-856,Gear selector RH,Powertrain,22.41,22.41,22.41,RH,RH,ambient,False,SUP-173,B-07-02,True,176,28
EL-5553-857,Radar sensor RH,Electronics,18.92,18.92,18.92,LH,LH,ambient,False,SUP-038,B-07-15,True,104,81
PO-8168-858,Fuel rail Premium,Powertrain,4.09,4.09,4.09,RH,RH,ambient,False,SUP-004,HZ-02-09,True,116,88
PO-7358-859,Gear selector Premium,Powertrain,7.53,7.53,7.53,RH,RH,ambient,False,SUP-011,HZ-02-06,True,92,37
FL-7456-860,Washer concentrate Gen 2,Fluids,13.43,13.43,13.43,LH,LH,ambient,False,SUP-009,HZ-02-14,True,200,40
CH-7001-861,Wheel carrier RH,Chassis,3.61,3.61,3.61,RH,RH,ambient,False,SUP-087,A-12-12,True,120,65
FL-1170-862,Brake fluid reservoir Gen 2,Fluids,12.8,12.8,12.8,LH,LH,hazmat,False,SUP-158,JIS-07-16,True,166,38
CH-2036-863,Control arm RH,Chassis,3.05,3.05,3.05,RH,RH,ambient,False,SUP-018,B-07-01,True,154,71
IN-3091-864,Door trim panel Premium,Interior,24.22,24.22,24.22,LH,LH,ambient,False,SUP-087,HZ-02-08,True,165,37
EL-5533-865,Camera harness LH,Electronics,11.22,11.22,11.22,RH,RH,ambient,False,SUP-083,HZ-02-10,True,139,84
CH-6155-866,Control arm LH,Chassis,3.91,3.91,3.91,LH,LH,ambient,False,SUP-181,B-07-10,True,185,57
CH-2203-867,Brake line manifold Gen 2,Chassis,22.1,22.1,22.1,LH,LH,ambient,False,SUP-058,B-07-14,True,63,26
FL-2758-868,Brake fluid reservoir LH,Fluids,15.08,15.08,15.08,RH,RH,ambient,False,SUP-162,Q-04-05,True,76,65
EL-6632-869,Power distribution unit Premium,Electronics,21.98,21.98,21.98,RH,RH,ambient,False,SUP-028,HZ-02-03,True,134,59
FL-1415-870,Coolant additive RH,Fluids,12.26,12.26,12.26,RH,RH,ambient,False,SUP-122,HZ-02-18,True,62,79
FL-4382-871,Coolant additive LH,Fluids,13.45,13.45,13.45,LH,LH,ambient,True,SUP-072,HZ-02-14,True,118,60
PO-4918-872,Fuel rail Gen 2,Powertrain,7.39,7.39,7.39,LH,LH,ambient,False,SUP-127,JIS-07-08,True,151,62
PO-9044-873,Gear selector Premium,Powertrain,5.69,5.69,5.69,LH,LH,ambient,False,SUP-183,HZ-02-05,True,168,43
PO-1971-874,Torque converter Premium,Powertrain,14.21,14.21,14.21,RH,RH,ambient,False,SUP-137,JIS-07-04,True,191,75
EL-7632-875,Power distribution unit LH,Electronics,21.84,21.84,21.84,LH,LH,ambient,False,SUP-024,B-07-14,True,88,85
FL-1004-876,Washer concentrate RH,Fluids,9.85,9.85,9.85,RH,RH,ambient,True,SUP-082,HZ-02-13,True,156,89
EL-1163-877,Power distribution unit LH,Electronics,24.08,24.08,24.08,LH,LH,ambient,False,SUP-174,Q-04-17,True,62,36
PO-7163-878,Torque converter Premium,Powertrain,1.28,1.28,1.28,LH,LH,ambient,False,SUP-014,B-07-09,True,201,25
IN-1968-879,Console module Gen 2,Interior,1.78,1.78,1.78,RH,RH,ambient,False,SUP-162,B-07-04,True,120,90
PO-6585-880,Fuel rail RH,Powertrain,4.28,4.28,4.28,RH,RH,ambient,False,SUP-159,HZ-02-04,True,165,39
IN-2430-881,Wiring harness assembly LH,Interior,21.5,21.5,21.5,LH,LH,ambient,False,SUP-076,JIS-07-07,True,98,60
PO-4878-882,Fuel rail Gen 2,Powertrain,10.24,10.24,10.24,RH,RH,ambient,False,SUP-046,Q-04-15,True,179,74
FL-4888-883,Coolant additive LH,Fluids,4.78,4.78,4.78,LH,LH,hazmat,False,SUP-064,JIS-07-07,True,159,29
PO-1727-884,Gear selector LH,Powertrain,2.09,2.09,2.09,LH,LH,ambient,False,SUP-077,Q-04-06,True,196,70
PO-4368-885,Fuel rail LH,Powertrain,13.82,13.82,13.82,LH,LH,ambient,False,SUP-178,HZ-02-09,True,100,90
EL-7545-886,Power distribution unit Gen 2,Electronics,4.36,4.36,4.36,RH,RH,ambient,False,SUP-044,JIS-07-05,True,71,89
FL-9472-887,Coolant additive LH,Fluids,12.04,12.04,12.04,RH,RH,ambient,False,SUP-184,HZ-02-08,True,182,38
EL-5969-888,ECU control module Gen 2,Electronics,3.12,3.12,3.12,RH,RH,ambient,False,SUP-093,A-12-11,True,65,85
EL-5203-889,Radar sensor Premium,Electronics,13.48,13.48,13.48,LH,LH,ambient,False,SUP-009,Q-04-02,True,173,66
CH-6589-890,Control arm RH,Chassis,23.81,23.81,23.81,RH,RH,ambient,False,SUP-108,HZ-02-09,True,110,39
FL-3626-891,Sealant cartridge Gen 2,Fluids,12.32,12.32,12.32,LH,LH,ambient,False,SUP-080,B-07-08,True,148,59
CH-1931-892,Brake line manifold RH,Chassis,1.68,1.68,1.68,RH,RH,ambient,False,SUP-092,B-07-18,True,172,58
FL-4685-893,Coolant additive RH,Fluids,9.27,9.27,9.27,RH,RH,hazmat,False,SUP-147,B-07-08,True,199,35
FL-1001-894,Coolant additive LH,Fluids,10.61,10.61,10.61,LH,LH,ambient,False,SUP-150,JIS-07-18,True,140,72
EL-4474-895,ECU control module LH,Electronics,11.95,11.95,11.95,RH,RH,ambient,False,SUP-200,Q-04-03,True,94,39
IN-5942-896,Seat rail Gen 2,Interior,21.57,21.57,21.57,LH,LH,ambient,False,SUP-173,HZ-02-10,True,168,90
IN-8860-897,Door trim panel Premium,Interior,19.03,19.03,19.03,LH,LH,ambient,False,SUP-022,B-07-18,True,205,84
PO-3839-898,Fuel rail Gen 2,Powertrain,23.23,23.23,23.23,LH,LH,ambient,False,SUP-062,B-07-11,True,208,53
PO-1984-899,Gear selector RH,Powertrain,6.68,6.68,6.68,RH,RH,ambient,False,SUP-185,B-07-11,True,217,30
IN-8177-900,Door trim panel RH,Interior,13.53,13.53,13.53,LH,LH,ambient,False,SUP-193,JIS-07-15,True,216,50
EL-1702-901,Radar sensor Gen 2,Electronics,6.25,6.25,6.25,LH,LH,ambient,False,SUP-034,B-07-18,True,218,27
FL-1857-902,Brake fluid reservoir RH,Fluids,20.51,20.51,20.51,LH,LH,ambient,True,SUP-148,HZ-02-05,True,147,43
EL-5713-903,Radar sensor RH,Electronics,16.86,16.86,16.86,LH,LH,ambient,False,SUP-169,Q-04-16,True,146,88
IN-7593-904,Door trim panel Gen 2,Interior,14.06,14.06,14.06,LH,LH,ambient,False,SUP-011,JIS-07-16,True,72,80
EL-9816-905,ECU control module RH,Electronics,5.51,5.51,5.51,RH,RH,ambient,False,SUP-071,A-12-10,True,173,30
FL-7169-906,Washer concentrate Premium,Fluids,18.12,18.12,18.12,LH,LH,ambient,False,SUP-029,HZ-02-01,True,98,66
EL-7613-907,ECU control module RH,Electronics,19.16,19.16,19.16,RH,RH,ambient,False,SUP-148,B-07-18,True,123,76
FL-7808-908,Washer concentrate RH,Fluids,20.1,20.1,20.1,RH,RH,ambient,False,SUP-042,A-12-06,True,75,43
IN-5306-909,Console module Premium,Interior,12.55,12.55,12.55,RH,RH,ambient,False,SUP-130,B-07-03,True,149,89
IN-2916-910,Door trim panel Gen 2,Interior,0.41,0.41,0.41,LH,LH,ambient,False,SUP-025,JIS-07-05,True,134,28
IN-9481-911,Wiring harness assembly Premium,Interior,15.16,15.16,15.16,RH,RH,ambient,False,SUP-016,A-12-04,True,200,56
IN-2973-912,Console module RH,Interior,16.9,16.9,16.9,RH,RH,ambient,False,SUP-167,Q-04-02,True,77,87
IN-4901-913,Seat rail RH,Interior,6.89,6.89,6.89,LH,LH,ambient,False,SUP-037,Q-04-06,True,218,72
FL-1420-914,Brake fluid reservoir LH,Fluids,3.05,3.05,3.05,LH,LH,ambient,False,SUP-118,JIS-07-05,True,126,49
IN-1704-915,Seat rail Premium,Interior,17.34,17.34,17.34,RH,RH,ambient,False,SUP-135,JIS-07-07,True,65,65
IN-8213-916,Seat rail LH,Interior,19.01,19.01,19.01,LH,LH,ambient,False,SUP-015,B-07-13,True,204,32
EL-4700-917,Camera harness Gen 2,Electronics,5.88,5.88,5.88,LH,LH,ambient,False,SUP-074,HZ-02-17,True,81,54
IN-5536-918,Wiring harness assembly LH,Interior,20.81,20.81,20.81,RH,RH,ambient,False,SUP-050,Q-04-06,True,117,76
FL-6849-919,Sealant cartridge Premium,Fluids,12.02,12.02,12.02,LH,LH,ambient,True,SUP-183,Q-04-10,True,64,39
PO-1217-920,Gear selector Premium,Powertrain,4.03,4.03,4.03,LH,LH,ambient,False,SUP-109,HZ-02-15,True,113,67
FL-5486-921,Sealant cartridge Gen 2,Fluids,23.35,23.35,23.35,RH,RH,hazmat,False,SUP-189,Q-04-02,True,131,60
EL-3001-922,Radar sensor Gen 2,Electronics,5.68,5.68,5.68,RH,RH,ambient,False,SUP-065,Q-04-03,True,120,55
PO-1309-923,Fuel rail RH,Powertrain,14.64,14.64,14.64,RH,RH,ambient,False,SUP-073,A-12-08,True,88,44
IN-2264-924,Seat rail RH,Interior,10.18,10.18,10.18,RH,RH,ambient,False,SUP-107,A-12-08,True,89,50
PO-8194-925,Gear selector LH,Powertrain,8.52,8.52,8.52,LH,LH,ambient,False,SUP-075,A-12-17,True,211,72
IN-1535-926,Door trim panel Gen 2,Interior,13.05,13.05,13.05,RH,RH,ambient,False,SUP-111,JIS-07-08,True,205,37
FL-5125-927,Washer concentrate RH,Fluids,24.04,24.04,24.04,RH,RH,hazmat,False,SUP-146,HZ-02-01,True,211,66
CH-6374-928,Steering knuckle Gen 2,Chassis,10.73,10.73,10.73,RH,RH,ambient,False,SUP-040,B-07-02,True,123,88
EL-5236-929,Camera harness Premium,Electronics,4.39,4.39,4.39,LH,LH,ambient,False,SUP-092,B-07-12,True,157,48
IN-9382-930,Seat rail Gen 2,Interior,13.76,13.76,13.76,LH,LH,ambient,False,SUP-053,A-12-03,True,202,90
IN-3412-931,Seat rail Gen 2,Interior,12.43,12.43,12.43,RH,RH,ambient,False,SUP-108,JIS-07-01,True,133,39
PO-6894-932,Fuel rail RH,Powertrain,22.18,22.18,22.18,RH,RH,ambient,False,SUP-095,JIS-07-10,True,121,58
EL-4016-933,Camera harness RH,Electronics,10.47,10.47,10.47,RH,RH,ambient,False,SUP-156,B-07-04,True,80,82
CH-8550-934,Control arm Premium,Chassis,20.79,20.79,20.79,LH,LH,ambient,False,SUP-008,JIS-07-14,True,131,88
FL-6077-935,Sealant cartridge LH,Fluids,3.83,3.83,3.83,RH,RH,hazmat,False,SUP-194,JIS-07-12,True,121,69
IN-8440-936,Wiring harness assembly LH,Interior,14.52,14.52,14.52,RH,RH,ambient,False,SUP-031,JIS-07-17,True,130,69
IN-8241-937,Console module Premium,Interior,13.87,13.87,13.87,RH,RH,ambient,False,SUP-095,HZ-02-06,True,190,90
CH-7599-938,Brake line manifold LH,Chassis,20.48,20.48,20.48,RH,RH,ambient,False,SUP-087,A-12-15,True,157,87
CH-3251-939,Wheel carrier Gen 2,Chassis,15.79,15.79,15.79,LH,LH,ambient,False,SUP-088,HZ-02-05,True,61,37
EL-6114-940,Camera harness Gen 2,Electronics,14.08,14.08,14.08,LH,LH,ambient,False,SUP-180,B-07-12,True,189,63
CH-3879-941,Brake line manifold RH,Chassis,18.95,18.95,18.95,LH,LH,ambient,False,SUP-136,B-07-09,True,120,75
CH-2396-942,Brake line manifold Premium,Chassis,16.08,16.08,16.08,LH,LH,ambient,False,SUP-067,JIS-07-01,True,123,86
CH-1582-943,Steering knuckle Gen 2,Chassis,6.27,6.27,6.27,LH,LH,ambient,False,SUP-003,B-07-09,True,70,43
CH-7044-944,Wheel carrier LH,Chassis,21.72,21.72,21.72,RH,RH,ambient,False,SUP-198,Q-04-10,True,112,77
CH-9179-945,Steering knuckle Premium,Chassis,11.61,11.61,11.61,RH,RH,ambient,False,SUP-179,B-07-01,True,168,32
EL-4226-946,Power distribution unit Gen 2,Electronics,8.93,8.93,8.93,LH,LH,ambient,False,SUP-007,JIS-07-04,True,211,59
FL-8452-947,Washer concentrate LH,Fluids,16.61,16.61,16.61,RH,RH,ambient,False,SUP-017,HZ-02-16,True,172,32
CH-8823-948,Brake line manifold LH,Chassis,9.45,9.45,9.45,RH,RH,ambient,False,SUP-114,A-12-06,True,134,88
EL-3557-949,ECU control module LH,Electronics,20.76,20.76,20.76,LH,LH,ambient,False,SUP-187,HZ-02-04,True,174,50
IN-9645-950,Console module Gen 2,Interior,6.64,6.64,6.64,RH,RH,ambient,False,SUP-053,Q-04-05,True,64,58
FL-7429-951,Sealant cartridge Gen 2,Fluids,15.05,15.05,15.05,LH,LH,hazmat,False,SUP-158,HZ-02-06,True,202,44
CH-5975-952,Steering knuckle RH,Chassis,16.44,16.44,16.44,LH,LH,ambient,False,SUP-016,B-07-05,True,99,70
IN-2212-953,Console module Premium,Interior,18.55,18.55,18.55,LH,LH,ambient,False,SUP-170,Q-04-05,True,166,85
EL-9629-954,Power distribution unit LH,Electronics,21.69,21.69,21.69,LH,LH,ambient,False,SUP-137,Q-04-10,True,220,68
PO-4080-955,Gear selector Premium,Powertrain,22.79,22.79,22.79,RH,RH,ambient,False,SUP-190,HZ-02-13,True,158,26
CH-1175-956,Steering knuckle RH,Chassis,21.86,21.86,21.86,LH,LH,ambient,False,SUP-050,JIS-07-14,True,135,28
EL-1299-957,Camera harness Gen 2,Electronics,0.89,0.89,0.89,RH,RH,ambient,False,SUP-085,HZ-02-12,True,132,80
EL-9735-958,ECU control module RH,Electronics,15.63,15.63,15.63,RH,RH,ambient,False,SUP-194,B-07-11,True,130,66
FL-9260-959,Sealant cartridge RH,Fluids,16.22,16.22,16.22,LH,LH,hazmat,False,SUP-061,Q-04-17,True,87,70
FL-6385-960,Washer concentrate Gen 2,Fluids,10.31,10.31,10.31,RH,RH,hazmat,True,SUP-142,B-07-09,True,177,82
IN-5216-961,Console module Premium,Interior,15.57,15.57,15.57,RH,RH,ambient,False,SUP-108,A-12-08,True,155,55
PO-9334-962,Gear selector Gen 2,Powertrain,16.39,16.39,16.39,RH,RH,ambient,False,SUP-177,HZ-02-17,True,121,25
IN-4060-963,Seat rail Premium,Interior,3.0,3.0,3.0,RH,RH,ambient,False,SUP-147,Q-04-16,True,118,58
IN-7459-964,Door trim panel RH,Interior,21.02,21.02,21.02,RH,RH,ambient,False,SUP-041,Q-04-12,True,204,64
CH-4911-965,Steering knuckle RH,Chassis,23.48,23.48,23.48,LH,LH,ambient,False,SUP-029,JIS-07-16,True,205,33
EL-4441-966,ECU control module Gen 2,Electronics,8.37,8.37,8.37,LH,LH,ambient,False,SUP-121,A-12-16,True,199,60
FL-4143-967,Brake fluid reservoir Gen 2,Fluids,0.93,0.93,0.93,LH,LH,ambient,True,SUP-175,HZ-02-12,True,128,53
FL-5196-968,Coolant additive Gen 2,Fluids,21.28,21.28,21.28,LH,LH,ambient,False,SUP-051,A-12-14,True,210,65
PO-7827-969,Gear selector Gen 2,Powertrain,4.44,4.44,4.44,LH,LH,ambient,False,SUP-010,B-07-09,True,215,53
IN-3654-970,Door trim panel Gen 2,Interior,5.74,5.74,5.74,RH,RH,ambient,False,SUP-020,JIS-07-01,True,78,48
EL-2045-971,Camera harness Gen 2,Electronics,6.38,6.38,6.38,LH,LH,ambient,False,SUP-031,JIS-07-12,True,200,60
CH-7623-972,Control arm RH,Chassis,8.16,8.16,8.16,RH,RH,ambient,False,SUP-168,B-07-11,True,67,53
EL-6443-973,Radar sensor Gen 2,Electronics,14.73,14.73,14.73,LH,LH,ambient,False,SUP-036,B-07-12,True,152,40
EL-8528-974,ECU control module LH,Electronics,17.12,17.12,17.12,RH,RH,ambient,False,SUP-003,B-07-05,True,207,62
FL-2587-975,Washer concentrate LH,Fluids,20.51,20.51,20.51,LH,LH,ambient,False,SUP-078,A-12-02,True,184,64
EL-8636-976,Power distribution unit Premium,Electronics,14.31,14.31,14.31,LH,LH,ambient,False,SUP-007,B-07-14,True,188,25
IN-3852-977,Wiring harness assembly Premium,Interior,1.52,1.52,1.52,LH,LH,ambient,False,SUP-011,JIS-07-11,True,91,81
PO-1339-978,Clutch actuator LH,Powertrain,7.65,7.65,7.65,RH,RH,ambient,False,SUP-119,JIS-07-05,True,154,43
PO-2894-979,Gear selector LH,Powertrain,7.8,7.8,7.8,RH,RH,ambient,False,SUP-165,HZ-02-14,True,168,38
PO-7151-980,Gear selector Premium,Powertrain,9.31,9.31,9.31,RH,RH,ambient,False,SUP-163,B-07-11,True,157,72
FL-6273-981,Sealant cartridge LH,Fluids,3.57,3.57,3.57,RH,RH,hazmat,True,SUP-185,JIS-07-14,True,196,33
EL-4383-982,Power distribution unit Premium,Electronics,1.12,1.12,1.12,LH,LH,ambient,False,SUP-041,A-12-01,True,202,56
CH-1579-983,Wheel carrier Premium,Chassis,17.03,17.03,17.03,RH,RH,ambient,False,SUP-099,HZ-02-14,True,87,55
EL-6321-984,Camera harness Premium,Electronics,7.52,7.52,7.52,RH,RH,ambient,False,SUP-108,B-07-08,True,113,54
CH-7298-985,Steering knuckle Premium,Chassis,1.14,1.14,1.14,LH,LH,ambient,False,SUP-074,HZ-02-16,True,182,71
PO-5424-986,Gear selector Gen 2,Powertrain,17.55,17.55,17.55,LH,LH,ambient,False,SUP-189,B-07-08,True,200,86
IN-4951-987,Door trim panel Premium,Interior,17.01,17.01,17.01,RH,RH,ambient,False,SUP-065,Q-04-09,True,128,86
CH-4357-988,Control arm LH,Chassis,5.49,5.49,5.49,RH,RH,ambient,False,SUP-153,B-07-10,True,102,61
PO-9644-989,Torque converter Premium,Powertrain,17.59,17.59,17.59,RH,RH,ambient,False,SUP-101,B-07-18,True,87,86
EL-9049-990,ECU control module Gen 2,Electronics,14.56,14.56,14.56,LH,LH,ambient,False,SUP-108,B-07-12,True,193,81
PO-5935-991,Gear selector Gen 2,Powertrain,16.07,16.07,16.07,LH,LH,ambient,False,SUP-093,HZ-02-09,True,178,40
PO-9053-992,Fuel rail Premium,Powertrain,1.7,1.7,1.7,LH,LH,ambient,False,SUP-035,A-12-17,True,164,90
EL-3557-993,Camera harness Gen 2,Electronics,6.41,6.41,6.41,RH,RH,ambient,False,SUP-067,Q-04-16,True,111,26
FL-9694-994,Washer concentrate Premium,Fluids,21.41,21.41,21.41,RH,RH,hazmat,False,SUP-108,B-07-07,True,169,72
FL-2400-995,Washer concentrate RH,Fluids,24.4,24.4,24.4,LH,LH,ambient,False,SUP-146,HZ-02-03,True,172,49
CH-6757-996,Brake line manifold Gen 2,Chassis,4.59,4.59,4.59,LH,LH,ambient,False,SUP-014,A-12-07,True,215,47
EL-3341-997,Power distribution unit LH,Electronics,6.08,6.08,6.08,RH,RH,ambient,False,SUP-088,Q-04-01,True,69,28
CH-8177-998,Brake line manifold RH,Chassis,14.33,14.33,14.33,LH,LH,ambient,False,SUP-100,HZ-02-07,True,65,48
FL-1790-999,Coolant additive Gen 2,Fluids,23.54,23.54,23.54,LH,LH,hazmat,False,SUP-171,A-12-16,True,94,55
PO-8396-1000,Clutch actuator Premium,Powertrain,13.12,13.12,13.12,LH,LH,ambient,False,SUP-051,Q-04-01,True,61,52
IN-3294-1001,Console module RH,Interior,2.26,2.26,2.26,RH,RH,ambient,False,SUP-156,JIS-07-07,True,209,48
CH-2979-1002,Steering knuckle Gen 2,Chassis,11.88,11.88,11.88,RH,RH,ambient,False,SUP-151,JIS-07-12,True,205,72
PO-8344-1003,Clutch actuator LH,Powertrain,6.29,6.29,6.29,RH,RH,ambient,False,SUP-110,Q-04-07,True,76,67
EL-8143-1004,Radar sensor Premium,Electronics,16.57,16.57,16.57,RH,RH,ambient,False,SUP-010,A-12-04,True,188,45
CH-4575-1005,Brake line manifold Premium,Chassis,12.3,12.3,12.3,LH,LH,ambient,False,SUP-082,A-12-10,True,190,31
FL-9412-1006,Coolant additive Premium,Fluids,7.75,7.75,7.75,RH,RH,ambient,False,SUP-175,B-07-08,True,203,37
CH-9090-1007,Control arm RH,Chassis,5.16,5.16,5.16,RH,RH,ambient,False,SUP-068,HZ-02-07,True,217,81
EL-8494-1008,Camera harness Premium,Electronics,23.86,23.86,23.86,RH,RH,ambient,False,SUP-071,JIS-07-13,True,63,56
IN-3070-1009,Console module Premium,Interior,5.15,5.15,5.15,RH,RH,ambient,False,SUP-024,A-12-12,True,217,89
PO-9009-1010,Torque converter RH,Powertrain,2.1,2.1,2.1,LH,LH,ambient,False,SUP-081,A-12-15,True,68,47
EL-4343-1011,Power distribution unit RH,Electronics,17.89,17.89,17.89,RH,RH,ambient,False,SUP-155,Q-04-06,True,81,31
IN-5472-1012,Door trim panel LH,Interior,22.78,22.78,22.78,LH,LH,ambient,False,SUP-081,A-12-05,True,135,67
PO-6216-1013,Fuel rail LH,Powertrain,4.69,4.69,4.69,RH,RH,ambient,False,SUP-119,HZ-02-05,True,158,26
PO-5051-1014,Fuel rail RH,Powertrain,17.64,17.64,17.64,RH,RH,ambient,False,SUP-142,B-07-07,True,151,58
EL-3197-1015,ECU control module LH,Electronics,20.93,20.93,20.93,LH,LH,ambient,False,SUP-199,Q-04-03,True,92,60
CH-2162-1016,Control arm LH,Chassis,16.25,16.25,16.25,LH,LH,ambient,False,SUP-068,JIS-07-09,True,173,75
CH-3296-1017,Brake line manifold Gen 2,Chassis,12.01,12.01,12.01,LH,LH,ambient,False,SUP-156,JIS-07-16,True,180,37
IN-2265-1018,Seat rail RH,Interior,19.2,19.2,19.2,RH,RH,ambient,False,SUP-048,HZ-02-03,True,134,26
PO-5665-1019,Fuel rail RH,Powertrain,15.47,15.47,15.47,RH,RH,ambient,False,SUP-029,Q-04-14,True,74,59
IN-5186-1020,Door trim panel LH,Interior,11.17,11.17,11.17,LH,LH,ambient,False,SUP-072,JIS-07-15,True,61,53
FL-6275-1021,Brake fluid reservoir Gen 2,Fluids,11.5,11.5,11.5,RH,RH,hazmat,False,SUP-009,HZ-02-08,True,63,73
CH-9764-1022,Steering knuckle Premium,Chassis,7.74,7.74,7.74,RH,RH,ambient,False,SUP-012,Q-04-18,True,142,75
PO-4530-1023,Torque converter LH,Powertrain,13.49,13.49,13.49,RH,RH,ambient,False,SUP-042,Q-04-14,True,202,70
EL-9452-1024,Radar sensor RH,Electronics,10.05,10.05,10.05,LH,LH,ambient,False,SUP-019,HZ-02-17,True,183,49
FL-8360-1025,Sealant cartridge Premium,Fluids,14.09,14.09,14.09,RH,RH,ambient,False,SUP-108,B-07-14,True,72,46
CH-6338-1026,Steering knuckle LH,Chassis,10.03,10.03,10.03,LH,LH,ambient,False,SUP-084,JIS-07-01,True,105,68
IN-3648-1027,Wiring harness assembly Gen 2,Interior,10.41,10.41,10.41,RH,RH,ambient,False,SUP-004,HZ-02-06,True,79,52
PO-8790-1028,Fuel rail Gen 2,Powertrain,17.98,17.98,17.98,RH,RH,ambient,False,SUP-133,B-07-08,True,110,76
CH-6181-1029,Wheel carrier RH,Chassis,10.81,10.81,10.81,LH,LH,ambient,False,SUP-128,Q-04-14,True,100,65
EL-9125-1030,Power distribution unit Gen 2,Electronics,1.6,1.6,1.6,RH,RH,ambient,False,SUP-197,A-12-06,True,81,90
FL-4910-1031,Sealant cartridge RH,Fluids,12.65,12.65,12.65,LH,LH,hazmat,True,SUP-043,Q-04-15,True,158,52
IN-8674-1032,Console module RH,Interior,16.47,16.47,16.47,RH,RH,ambient,False,SUP-194,HZ-02-12,True,71,82
IN-9442-1033,Console module Premium,Interior,18.84,18.84,18.84,RH,RH,ambient,False,SUP-107,A-12-06,True,156,27
IN-8733-1034,Wiring harness assembly Premium,Interior,18.74,18.74,18.74,RH,RH,ambient,False,SUP-172,JIS-07-14,True,63,72
EL-5507-1035,Power distribution unit LH,Electronics,20.57,20.57,20.57,RH,RH,ambient,False,SUP-140,A-12-17,True,97,66
PO-8802-1036,Torque converter RH,Powertrain,6.17,6.17,6.17,LH,LH,ambient,False,SUP-004,B-07-15,True,161,77
FL-2498-1037,Sealant cartridge LH,Fluids,0.55,0.55,0.55,LH,LH,ambient,True,SUP-014,JIS-07-12,True,201,46
IN-7800-1038,Wiring harness assembly LH,Interior,20.36,20.36,20.36,LH,LH,ambient,False,SUP-004,HZ-02-12,True,193,88
PO-6725-1039,Clutch actuator LH,Powertrain,11.65,11.65,11.65,LH,LH,ambient,False,SUP-030,HZ-02-17,True,130,84
CH-8278-1040,Steering knuckle Premium,Chassis,4.76,4.76,4.76,RH,RH,ambient,False,SUP-127,JIS-07-06,True,177,75
PO-7508-1041,Fuel rail Gen 2,Powertrain,23.04,23.04,23.04,LH,LH,ambient,False,SUP-179,Q-04-05,True,210,66
FL-7585-1042,Sealant cartridge Gen 2,Fluids,23.23,23.23,23.23,LH,LH,hazmat,True,SUP-185,HZ-02-06,True,182,26
IN-5122-1043,Seat rail LH,Interior,10.12,10.12,10.12,RH,RH,ambient,False,SUP-088,Q-04-02,True,118,59
CH-1285-1044,Wheel carrier RH,Chassis,14.75,14.75,14.75,LH,LH,ambient,False,SUP-194,HZ-02-05,True,170,82
PO-4006-1045,Clutch actuator Premium,Powertrain,2.75,2.75,2.75,LH,LH,ambient,False,SUP-138,Q-04-05,True,117,67
PO-8034-1046,Clutch actuator Gen 2,Powertrain,22.67,22.67,22.67,RH,RH,ambient,False,SUP-072,A-12-02,True,63,36
FL-7879-1047,Washer concentrate Premium,Fluids,4.53,4.53,4.53,RH,RH,hazmat,False,SUP-025,B-07-08,True,112,67
IN-3371-1048,Seat rail Gen 2,Interior,18.61,18.61,18.61,RH,RH,ambient,False,SUP-165,Q-04-01,True,134,40
CH-7836-1049,Brake line manifold RH,Chassis,8.68,8.68,8.68,LH,LH,ambient,False,SUP-068,A-12-17,True,102,65
EL-1756-1050,ECU control module RH,Electronics,13.2,13.2,13.2,LH,LH,ambient,False,SUP-139,A-12-08,True,214,41
EL-6338-1051,Power distribution unit RH,Electronics,8.29,8.29,8.29,LH,LH,ambient,False,SUP-015,A-12-15,True,188,39
EL-8100-1052,Power distribution unit Gen 2,Electronics,13.04,13.04,13.04,RH,RH,ambient,False,SUP-131,B-07-05,True,136,27
EL-4503-1053,Radar sensor LH,Electronics,23.12,23.12,23.12,LH,LH,ambient,False,SUP-029,HZ-02-13,True,135,89
EL-3864-1054,Power distribution unit RH,Electronics,21.19,21.19,21.19,LH,LH,ambient,False,SUP-004,HZ-02-09,True,83,79
CH-6276-1055,Brake line manifold LH,Chassis,23.63,23.63,23.63,LH,LH,ambient,False,SUP-157,Q-04-14,True,170,33
PO-1753-1056,Clutch actuator Gen 2,Powertrain,14.67,14.67,14.67,LH,LH,ambient,False,SUP-087,A-12-15,True,141,46
FL-2866-1057,Coolant additive LH,Fluids,11.4,11.4,11.4,LH,LH,ambient,False,SUP-064,HZ-02-10,True,143,63
CH-9007-1058,Wheel carrier Gen 2,Chassis,8.82,8.82,8.82,LH,LH,ambient,False,SUP-129,HZ-02-03,True,209,66
PO-7737-1059,Clutch actuator LH,Powertrain,15.39,15.39,15.39,LH,LH,ambient,False,SUP-163,JIS-07-02,True,92,76
FL-2009-1060,Washer concentrate LH,Fluids,6.79,6.79,6.79,LH,LH,hazmat,False,SUP-190,A-12-06,True,220,59
IN-8700-1061,Door trim panel RH,Interior,4.83,4.83,4.83,LH,LH,ambient,False,SUP-094,A-12-12,True,116,32
PO-9040-1062,Clutch actuator LH,Powertrain,14.18,14.18,14.18,LH,LH,ambient,False,SUP-054,Q-04-17,True,115,25
IN-1115-1063,Console module RH,Interior,1.41,1.41,1.41,LH,LH,ambient,False,SUP-105,B-07-15,True,178,55
IN-6842-1064,Door trim panel RH,Interior,2.5,2.5,2.5,RH,RH,ambient,False,SUP-008,B-07-14,True,75,76
CH-5365-1065,Control arm LH,Chassis,23.13,23.13,23.13,RH,RH,ambient,False,SUP-134,Q-04-10,True,159,52
PO-5000-1066,Gear selector Gen 2,Powertrain,15.67,15.67,15.67,RH,RH,ambient,False,SUP-122,HZ-02-11,True,198,31
PO-5900-1067,Fuel rail LH,Powertrain,3.75,3.75,3.75,RH,RH,ambient,False,SUP-017,HZ-02-13,True,205,80
FL-5202-1068,Sealant cartridge RH,Fluids,7.27,7.27,7.27,LH,LH,ambient,False,SUP-010,A-12-08,True,179,30
PO-6902-1069,Torque converter Gen 2,Powertrain,17.12,17.12,17.12,RH,RH,ambient,False,SUP-092,JIS-07-02,True,197,68
CH-1473-1070,Brake line manifold LH,Chassis,23.79,23.79,23.79,RH,RH,ambient,False,SUP-157,B-07-15,True,93,63
FL-7481-1071,Coolant additive Gen 2,Fluids,19.39,19.39,19.39,LH,LH,hazmat,False,SUP-127,HZ-02-12,True,175,83
IN-3021-1072,Door trim panel RH,Interior,18.29,18.29,18.29,LH,LH,ambient,False,SUP-047,B-07-02,True,131,75
CH-5954-1073,Steering knuckle LH,Chassis,18.39,18.39,18.39,LH,LH,ambient,False,SUP-109,B-07-08,True,220,57
IN-9293-1074,Door trim panel LH,Interior,14.01,14.01,14.01,RH,RH,ambient,False,SUP-144,HZ-02-16,True,112,81
FL-3805-1075,Sealant cartridge LH,Fluids,22.71,22.71,22.71,RH,RH,ambient,False,SUP-043,B-07-08,True,170,61
EL-2791-1076,Power distribution unit LH,Electronics,21.54,21.54,21.54,RH,RH,ambient,False,SUP-102,Q-04-18,True,113,28
IN-1962-1077,Console module RH,Interior,14.85,14.85,14.85,RH,RH,ambient,False,SUP-043,JIS-07-07,True,182,69
FL-8748-1078,Sealant cartridge Gen 2,Fluids,1.4,1.4,1.4,RH,RH,ambient,True,SUP-152,HZ-02-06,True,176,83
CH-3855-1079,Control arm Gen 2,Chassis,2.07,2.07,2.07,RH,RH,ambient,False,SUP-091,JIS-07-07,True,90,62
PO-5375-1080,Torque converter Premium,Powertrain,22.6,22.6,22.6,LH,LH,ambient,False,SUP-080,JIS-07-16,True,69,41
CH-4376-1081,Steering knuckle Premium,Chassis,1.84,1.84,1.84,LH,LH,ambient,False,SUP-197,Q-04-04,True,191,82
IN-2257-1082,Console module LH,Interior,6.2,6.2,6.2,RH,RH,ambient,False,SUP-006,B-07-09,True,197,50
IN-8221-1083,Door trim panel LH,Interior,20.52,20.52,20.52,LH,LH,ambient,False,SUP-008,JIS-07-06,True,68,38
FL-8413-1084,Washer concentrate LH,Fluids,7.22,7.22,7.22,RH,RH,ambient,True,SUP-101,JIS-07-04,True,157,37
EL-3380-1085,ECU control module RH,Electronics,18.94,18.94,18.94,LH,LH,ambient,False,SUP-092,B-07-14,True,118,52
EL-3408-1086,Camera harness Premium,Electronics,4.38,4.38,4.38,LH,LH,ambient,False,SUP-063,B-07-09,True,104,51
CH-7038-1087,Control arm LH,Chassis,12.12,12.12,12.12,RH,RH,ambient,False,SUP-128,JIS-07-15,True,115,30
CH-3463-1088,Brake line manifold Premium,Chassis,10.76,10.76,10.76,RH,RH,ambient,False,SUP-034,Q-04-16,True,123,52
EL-6764-1089,ECU control module RH,Electronics,14.35,14.35,14.35,LH,LH,ambient,False,SUP-139,HZ-02-08,True,159,50
EL-4212-1090,Camera harness LH,Electronics,2.95,2.95,2.95,LH,LH,ambient,False,SUP-033,HZ-02-03,True,96,25
CH-1640-1091,Wheel carrier RH,Chassis,5.61,5.61,5.61,RH,RH,ambient,False,SUP-010,HZ-02-06,True,79,32
CH-2538-1092,Control arm Premium,Chassis,22.1,22.1,22.1,LH,LH,ambient,False,SUP-045,B-07-06,True,174,81
PO-4944-1093,Fuel rail Premium,Powertrain,10.27,10.27,10.27,RH,RH,ambient,False,SUP-152,JIS-07-12,True,202,64
CH-9365-1094,Wheel carrier Gen 2,Chassis,22.81,22.81,22.81,LH,LH,ambient,False,SUP-196,A-12-08,True,69,42
EL-3247-1095,Camera harness Premium,Electronics,4.21,4.21,4.21,RH,RH,ambient,False,SUP-032,B-07-14,True,109,55
IN-7721-1096,Console module LH,Interior,2.39,2.39,2.39,LH,LH,ambient,False,SUP-128,B-07-13,True,217,46
PO-8865-1097,Torque converter Premium,Powertrain,21.12,21.12,21.12,LH,LH,ambient,False,SUP-160,Q-04-06,True,117,39
FL-1484-1098,Washer concentrate Premium,Fluids,2.74,2.74,2.74,RH,RH,ambient,False,SUP-132,B-07-04,True,128,58
PO-2611-1099,Fuel rail LH,Powertrain,6.5,6.5,6.5,LH,LH,ambient,False,SUP-007,HZ-02-06,True,139,79
PO-8157-1100,Fuel rail RH,Powertrain,22.88,22.88,22.88,RH,RH,ambient,False,SUP-192,A-12-06,True,193,34
IN-4999-1101,Seat rail Premium,Interior,10.69,10.69,10.69,RH,RH,ambient,False,SUP-068,HZ-02-16,True,120,55
PO-9102-1102,Clutch actuator Gen 2,Powertrain,3.48,3.48,3.48,LH,LH,ambient,False,SUP-027,Q-04-07,True,191,40
IN-9841-1103,Console module Premium,Interior,7.58,7.58,7.58,RH,RH,ambient,False,SUP-159,HZ-02-05,True,207,46
FL-3788-1104,Washer concentrate RH,Fluids,13.76,13.76,13.76,RH,RH,ambient,True,SUP-023,Q-04-05,True,108,27
EL-3575-1105,Camera harness Premium,Electronics,19.96,19.96,19.96,LH,LH,ambient,False,SUP-199,Q-04-04,True,146,32
EL-6564-1106,ECU control module RH,Electronics,22.33,22.33,22.33,LH,LH,ambient,False,SUP-054,JIS-07-05,True,202,35
IN-3527-1107,Seat rail LH,Interior,7.66,7.66,7.66,RH,RH,ambient,False,SUP-112,B-07-10,True,96,34
FL-3141-1108,Washer concentrate Premium,Fluids,21.51,21.51,21.51,RH,RH,hazmat,True,SUP-007,HZ-02-15,True,72,55
FL-3643-1109,Washer concentrate Gen 2,Fluids,2.99,2.99,2.99,RH,RH,ambient,False,SUP-137,HZ-02-07,True,206,34
FL-8699-1110,Coolant additive Premium,Fluids,16.86,16.86,16.86,RH,RH,ambient,True,SUP-041,A-12-12,True,121,46
PO-8283-1111,Fuel rail RH,Powertrain,4.38,4.38,4.38,RH,RH,ambient,False,SUP-134,HZ-02-17,True,136,27
IN-4300-1112,Wiring harness assembly LH,Interior,2.73,2.73,2.73,RH,RH,ambient,False,SUP-004,JIS-07-17,True,98,64
PO-3131-1113,Torque converter Gen 2,Powertrain,7.74,7.74,7.74,LH,LH,ambient,False,SUP-030,B-07-11,True,164,43
IN-7695-1114,Door trim panel LH,Interior,22.1,22.1,22.1,RH,RH,ambient,False,SUP-156,B-07-09,True,211,79
EL-5569-1115,Radar sensor LH,Electronics,20.54,20.54,20.54,LH,LH,ambient,False,SUP-085,B-07-03,True,161,81
FL-6560-1116,Coolant additive LH,Fluids,24.45,24.45,24.45,LH,LH,hazmat,False,SUP-108,JIS-07-17,True,109,40
IN-7966-1117,Wiring harness assembly Gen 2,Interior,11.26,11.26,11.26,RH,RH,ambient,False,SUP-116,B-07-03,True,156,89
PO-1279-1118,Gear selector Gen 2,Powertrain,2.73,2.73,2.73,RH,RH,ambient,False,SUP-198,A-12-02,True,129,28
IN-5031-1119,Door trim panel Premium,Interior,9.06,9.06,9.06,LH,LH,ambient,False,SUP-116,Q-04-13,True,144,84
EL-9748-1120,Camera harness Premium,Electronics,4.98,4.98,4.98,RH,RH,ambient,False,SUP-023,JIS-07-06,True,134,66
EL-8942-1121,ECU control module RH,Electronics,9.48,9.48,9.48,RH,RH,ambient,False,SUP-037,A-12-05,True,64,40
CH-5409-1122,Brake line manifold RH,Chassis,23.63,23.63,23.63,LH,LH,ambient,False,SUP-111,HZ-02-11,True,214,58
IN-4026-1123,Door trim panel RH,Interior,13.49,13.49,13.49,LH,LH,ambient,False,SUP-051,HZ-02-08,True,179,73
IN-8901-1124,Door trim panel RH,Interior,21.42,21.42,21.42,LH,LH,ambient,False,SUP-162,JIS-07-18,True,191,33
CH-2822-1125,Control arm Gen 2,Chassis,15.49,15.49,15.49,RH,RH,ambient,False,SUP-151,A-12-04,True,168,69
IN-6183-1126,Wiring harness assembly LH,Interior,17.47,17.47,17.47,LH,LH,ambient,False,SUP-056,Q-04-06,True,84,54
IN-6486-1127,Console module RH,Interior,13.35,13.35,13.35,LH,LH,ambient,False,SUP-054,A-12-10,True,117,55
IN-5498-1128,Door trim panel Gen 2,Interior,18.49,18.49,18.49,LH,LH,ambient,False,SUP-008,Q-04-13,True,64,34
FL-6677-1129,Brake fluid reservoir Gen 2,Fluids,21.94,21.94,21.94,RH,RH,ambient,False,SUP-096,Q-04-09,True,158,66
CH-4485-1130,Brake line manifold Premium,Chassis,3.54,3.54,3.54,LH,LH,ambient,False,SUP-149,A-12-09,True,220,34
IN-5719-1131,Console module Premium,Interior,1.68,1.68,1.68,LH,LH,ambient,False,SUP-124,Q-04-17,True,119,85
EL-4269-1132,Power distribution unit RH,Electronics,13.45,13.45,13.45,RH,RH,ambient,False,SUP-107,A-12-02,True,117,58
IN-1880-1133,Wiring harness assembly LH,Interior,1.08,1.08,1.08,LH,LH,ambient,False,SUP-126,HZ-02-09,True,91,76
FL-6879-1134,Brake fluid reservoir RH,Fluids,6.12,6.12,6.12,LH,LH,hazmat,False,SUP-075,HZ-02-04,True,89,63
IN-2324-1135,Console module RH,Interior,12.93,12.93,12.93,LH,LH,ambient,False,SUP-028,B-07-14,True,207,87
EL-7186-1136,Radar sensor LH,Electronics,3.37,3.37,3.37,LH,LH,ambient,False,SUP-080,A-12-14,True,211,44
EL-1666-1137,ECU control module Premium,Electronics,2.26,2.26,2.26,RH,RH,ambient,False,SUP-105,A-12-06,True,199,65
FL-1044-1138,Washer concentrate Premium,Fluids,7.04,7.04,7.04,LH,LH,hazmat,False,SUP-024,A-12-01,True,81,60
CH-1020-1139,Control arm RH,Chassis,0.85,0.85,0.85,RH,RH,ambient,False,SUP-010,A-12-14,True,217,56
IN-8096-1140,Seat rail Gen 2,Interior,11.72,11.72,11.72,LH,LH,ambient,False,SUP-003,JIS-07-04,True,73,63
CH-2007-1141,Steering knuckle RH,Chassis,1.36,1.36,1.36,LH,LH,ambient,False,SUP-157,JIS-07-16,True,95,79
PO-1259-1142,Gear selector Gen 2,Powertrain,0.6,0.6,0.6,LH,LH,ambient,False,SUP-147,A-12-11,True,78,31
CH-4391-1143,Control arm LH,Chassis,18.27,18.27,18.27,RH,RH,ambient,False,SUP-145,Q-04-16,True,151,70
EL-4458-1144,ECU control module Premium,Electronics,13.24,13.24,13.24,LH,LH,ambient,False,SUP-137,B-07-18,True,210,46
EL-6105-1145,Power distribution unit RH,Electronics,12.22,12.22,12.22,RH,RH,ambient,False,SUP-194,B-07-01,True,144,31
PO-4441-1146,Torque converter Gen 2,Powertrain,21.66,21.66,21.66,RH,RH,ambient,False,SUP-068,JIS-07-07,True,180,56
IN-7968-1147,Seat rail Premium,Interior,15.81,15.81,15.81,LH,LH,ambient,False,SUP-108,A-12-01,True,186,81
IN-3969-1148,Console module LH,Interior,8.12,8.12,8.12,RH,RH,ambient,False,SUP-142,JIS-07-04,True,195,31
EL-8241-1149,Radar sensor Gen 2,Electronics,2.21,2.21,2.21,LH,LH,ambient,False,SUP-199,JIS-07-16,True,163,35
IN-2948-1150,Door trim panel LH,Interior,17.41,17.41,17.41,RH,RH,ambient,False,SUP-107,HZ-02-12,True,63,67
EL-3638-1151,Radar sensor Premium,Electronics,14.31,14.31,14.31,RH,RH,ambient,False,SUP-062,HZ-02-10,True,156,65
CH-6619-1152,Wheel carrier Premium,Chassis,23.91,23.91,23.91,RH,RH,ambient,False,SUP-011,HZ-02-11,True,184,46
EL-2052-1153,Camera harness LH,Electronics,13.74,13.74,13.74,RH,RH,ambient,False,SUP-033,HZ-02-12,True,91,26
FL-7383-1154,Coolant additive Gen 2,Fluids,17.04,17.04,17.04,LH,LH,ambient,True,SUP-142,HZ-02-06,True,174,46
FL-9626-1155,Brake fluid reservoir Premium,Fluids,22.82,22.82,22.82,LH,LH,ambient,False,SUP-128,B-07-17,True,130,68
IN-9288-1156,Door trim panel RH,Interior,17.39,17.39,17.39,RH,RH,ambient,False,SUP-128,B-07-01,True,141,63
FL-5199-1157,Coolant additive LH,Fluids,7.28,7.28,7.28,RH,RH,ambient,False,SUP-143,Q-04-18,True,78,53
IN-5956-1158,Seat rail Premium,Interior,9.88,9.88,9.88,LH,LH,ambient,False,SUP-022,JIS-07-09,True,104,33
FL-7895-1159,Sealant cartridge Gen 2,Fluids,7.7,7.7,7.7,RH,RH,hazmat,False,SUP-093,Q-04-11,True,208,85
EL-2325-1160,ECU control module RH,Electronics,23.4,23.4,23.4,LH,LH,ambient,False,SUP-004,B-07-07,True,130,35
PO-4191-1161,Gear selector RH,Powertrain,19.38,19.38,19.38,LH,LH,ambient,False,SUP-153,HZ-02-12,True,218,40
FL-4374-1162,Washer concentrate Gen 2,Fluids,22.91,22.91,22.91,LH,LH,ambient,False,SUP-085,A-12-08,True,193,81
IN-9176-1163,Wiring harness assembly RH,Interior,3.95,3.95,3.95,LH,LH,ambient,False,SUP-096,JIS-07-02,True,200,45
PO-9261-1164,Fuel rail Premium,Powertrain,16.56,16.56,16.56,RH,RH,ambient,False,SUP-165,A-12-08,True,189,29
PO-7979-1165,Fuel rail RH,Powertrain,11.16,11.16,11.16,RH,RH,ambient,False,SUP-153,JIS-07-16,True,108,44
PO-7938-1166,Torque converter LH,Powertrain,7.54,7.54,7.54,RH,RH,ambient,False,SUP-181,JIS-07-09,True,191,56
CH-9999-1167,Wheel carrier Premium,Chassis,20.17,20.17,20.17,RH,RH,ambient,False,SUP-026,B-07-03,True,177,74
EL-2046-1168,ECU control module RH,Electronics,1.04,1.04,1.04,RH,RH,ambient,False,SUP-107,HZ-02-14,True,117,84
CH-9938-1169,Control arm LH,Chassis,4.73,4.73,4.73,RH,RH,ambient,False,SUP-145,JIS-07-15,True,183,86
CH-3161-1170,Control arm Premium,Chassis,7.34,7.34,7.34,LH,LH,ambient,False,SUP-043,A-12-03,True,211,89
FL-1439-1171,Sealant cartridge RH,Fluids,13.15,13.15,13.15,RH,RH,hazmat,True,SUP-036,A-12-09,True,174,37
EL-8128-1172,Power distribution unit Premium,Electronics,17.4,17.4,17.4,RH,RH,ambient,False,SUP-106,A-12-08,True,116,77
EL-8427-1173,ECU control module Premium,Electronics,10.8,10.8,10.8,RH,RH,ambient,False,SUP-130,JIS-07-17,True,127,34
IN-2420-1174,Wiring harness assembly Premium,Interior,11.66,11.66,11.66,RH,RH,ambient,False,SUP-151,A-12-13,True,180,46
PO-6310-1175,Gear selector RH,Powertrain,6.77,6.77,6.77,LH,LH,ambient,False,SUP-079,Q-04-01,True,107,35
FL-6419-1176,Brake fluid reservoir RH,Fluids,21.79,21.79,21.79,LH,LH,ambient,False,SUP-026,Q-04-11,True,77,37
CH-1003-1177,Control arm Premium,Chassis,23.27,23.27,23.27,LH,LH,ambient,False,SUP-015,B-07-18,True,219,80
IN-6600-1178,Door trim panel Gen 2,Interior,22.43,22.43,22.43,RH,RH,ambient,False,SUP-158,Q-04-06,True,98,35
IN-7089-1179,Seat rail LH,Interior,24.41,24.41,24.41,LH,LH,ambient,False,SUP-047,Q-04-13,True,220,69
CH-2207-1180,Wheel carrier Gen 2,Chassis,6.9,6.9,6.9,LH,LH,ambient,False,SUP-134,HZ-02-01,True,75,38
FL-7560-1181,Washer concentrate RH,Fluids,8.27,8.27,8.27,LH,LH,hazmat,False,SUP-082,HZ-02-17,True,198,63
CH-5910-1182,Steering knuckle Premium,Chassis,16.25,16.25,16.25,LH,LH,ambient,False,SUP-081,A-12-16,True,159,31
CH-5808-1183,Control arm RH,Chassis,21.38,21.38,21.38,RH,RH,ambient,False,SUP-169,B-07-17,True,94,57
FL-3087-1184,Coolant additive RH,Fluids,8.56,8.56,8.56,LH,LH,ambient,False,SUP-041,Q-04-05,True,214,51
IN-2332-1185,Seat rail RH,Interior,2.06,2.06,2.06,LH,LH,ambient,False,SUP-127,HZ-02-02,True,199,75
PO-8881-1186,Clutch actuator Premium,Powertrain,11.55,11.55,11.55,LH,LH,ambient,False,SUP-152,Q-04-18,True,163,26
PO-3572-1187,Clutch actuator Gen 2,Powertrain,7.63,7.63,7.63,RH,RH,ambient,False,SUP-073,HZ-02-16,True,146,32
FL-2121-1188,Coolant additive LH,Fluids,8.59,8.59,8.59,RH,RH,ambient,True,SUP-096,JIS-07-13,True,136,80
EL-4786-1189,ECU control module Premium,Electronics,10.4,10.4,10.4,RH,RH,ambient,False,SUP-052,A-12-15,True,220,36
EL-9846-1190,Camera harness Premium,Electronics,3.56,3.56,3.56,LH,LH,ambient,False,SUP-056,HZ-02-14,True,129,83
PO-1149-1191,Torque converter RH,Powertrain,23.99,23.99,23.99,LH,LH,ambient,False,SUP-101,Q-04-11,True,119,78
CH-6542-1192,Steering knuckle Premium,Chassis,0.62,0.62,0.62,RH,RH,ambient,False,SUP-193,A-12-03,True,74,90
CH-8468-1193,Steering knuckle LH,Chassis,18.96,18.96,18.96,LH,LH,ambient,False,SUP-111,JIS-07-07,True,213,79
PO-6569-1194,Fuel rail RH,Powertrain,6.02,6.02,6.02,RH,RH,ambient,False,SUP-076,JIS-07-09,True,193,52
EL-5405-1195,Camera harness RH,Electronics,14.32,14.32,14.32,LH,LH,ambient,False,SUP-057,B-07-11,True,200,60
PO-9522-1196,Fuel rail LH,Powertrain,23.28,23.28,23.28,LH,LH,ambient,False,SUP-158,JIS-07-05,True,80,54
EL-5032-1197,ECU control module Premium,Electronics,3.92,3.92,3.92,RH,RH,ambient,False,SUP-080,A-12-08,True,111,54
FL-2935-1198,Coolant additive RH,Fluids,7.88,7.88,7.88,RH,RH,ambient,False,SUP-012,HZ-02-18,True,163,45
EL-9480-1199,ECU control module Gen 2,Electronics,14.09,14.09,14.09,RH,RH,ambient,False,SUP-024,Q-04-10,True,196,65
EL-7111-1200,Radar sensor RH,Electronics,10.66,10.66,10.66,LH,LH,ambient,False,SUP-136,HZ-02-09,True,61,44
FL-8270-1201,Sealant cartridge LH,Fluids,4.44,4.44,4.44,LH,LH,ambient,False,SUP-027,B-07-12,True,168,75
FL-8888-1202,Coolant additive Gen 2,Fluids,17.53,17.53,17.53,LH,LH,ambient,False,SUP-145,A-12-02,True,110,45
PO-8290-1203,Gear selector Gen 2,Powertrain,17.52,17.52,17.52,LH,LH,ambient,False,SUP-037,Q-04-04,True,219,81
EL-4731-1204,ECU control module Premium,Electronics,4.69,4.69,4.69,LH,LH,ambient,False,SUP-150,HZ-02-04,True,197,84
EL-1504-1205,Radar sensor Gen 2,Electronics,22.17,22.17,22.17,LH,LH,ambient,False,SUP-045,Q-04-07,True,150,73
PO-3087-1206,Torque converter LH,Powertrain,0.44,0.44,0.44,RH,RH,ambient,False,SUP-108,A-12-14,True,155,29
CH-8675-1207,Steering knuckle Premium,Chassis,6.79,6.79,6.79,RH,RH,ambient,False,SUP-009,Q-04-15,True,197,89
IN-6579-1208,Console module RH,Interior,0.6,0.6,0.6,LH,LH,ambient,False,SUP-049,JIS-07-16,True,92,68
PO-5930-1209,Gear selector Premium,Powertrain,3.64,3.64,3.64,RH,RH,ambient,False,SUP-168,Q-04-07,True,186,64
EL-6277-1210,ECU control module RH,Electronics,18.2,18.2,18.2,LH,LH,ambient,False,SUP-188,B-07-02,True,182,54
EL-3784-1211,Power distribution unit LH,Electronics,11.14,11.14,11.14,RH,RH,ambient,False,SUP-143,HZ-02-15,True,118,72
IN-4276-1212,Door trim panel LH,Interior,10.79,10.79,10.79,LH,LH,ambient,False,SUP-137,JIS-07-09,True,77,82
FL-2773-1213,Sealant cartridge RH,Fluids,6.66,6.66,6.66,LH,LH,hazmat,False,SUP-047,JIS-07-09,True,87,74
PO-1093-1214,Gear selector Premium,Powertrain,13.37,13.37,13.37,RH,RH,ambient,False,SUP-174,JIS-07-02,True,206,43
PO-5573-1215,Gear selector LH,Powertrain,8.34,8.34,8.34,RH,RH,ambient,False,SUP-124,A-12-13,True,139,36
PO-5625-1216,Fuel rail Premium,Powertrain,23.38,23.38,23.38,LH,LH,ambient,False,SUP-021,A-12-18,True,216,45
EL-8646-1217,ECU control module Gen 2,Electronics,2.02,2.02,2.02,RH,RH,ambient,False,SUP-064,Q-04-06,True,138,73
EL-3448-1218,Camera harness LH,Electronics,13.38,13.38,13.38,LH,LH,ambient,False,SUP-165,B-07-13,True,179,31
IN-9986-1219,Door trim panel Premium,Interior,4.64,4.64,4.64,LH,LH,ambient,False,SUP-077,JIS-07-16,True,193,86
IN-9955-1220,Door trim panel RH,Interior,8.27,8.27,8.27,LH,LH,ambient,False,SUP-072,B-07-08,True,111,34
IN-7551-1221,Seat rail RH,Interior,20.8,20.8,20.8,LH,LH,ambient,False,SUP-162,B-07-11,True,161,70
CH-5675-1222,Control arm RH,Chassis,0.78,0.78,0.78,RH,RH,ambient,False,SUP-156,A-12-05,True,180,58
PO-6783-1223,Gear selector Premium,Powertrain,16.29,16.29,16.29,LH,LH,ambient,False,SUP-007,B-07-08,True,120,63
FL-2179-1224,Coolant additive Gen 2,Fluids,8.23,8.23,8.23,LH,LH,ambient,False,SUP-042,HZ-02-18,True,97,30
IN-9277-1225,Wiring harness assembly RH,Interior,16.02,16.02,16.02,RH,RH,ambient,False,SUP-073,A-12-10,True,184,25
CH-9371-1226,Wheel carrier Premium,Chassis,6.16,6.16,6.16,RH,RH,ambient,False,SUP-025,HZ-02-12,True,114,32
PO-1190-1227,Fuel rail Gen 2,Powertrain,4.39,4.39,4.39,LH,LH,ambient,False,SUP-071,JIS-07-11,True,115,77
EL-6323-1228,Camera harness Premium,Electronics,15.88,15.88,15.88,RH,RH,ambient,False,SUP-176,B-07-16,True,201,56
IN-6774-1229,Seat rail Gen 2,Interior,0.66,0.66,0.66,RH,RH,ambient,False,SUP-051,JIS-07-07,True,123,49
FL-8231-1230,Brake fluid reservoir LH,Fluids,20.66,20.66,20.66,RH,RH,ambient,False,SUP-109,JIS-07-08,True,155,55
PO-6516-1231,Clutch actuator Premium,Powertrain,11.15,11.15,11.15,RH,RH,ambient,False,SUP-147,JIS-07-11,True,71,88
IN-1853-1232,Seat rail Premium,Interior,3.43,3.43,3.43,LH,LH,ambient,False,SUP-121,B-07-01,True,83,53
PO-8539-1233,Fuel rail Gen 2,Powertrain,4.59,4.59,4.59,LH,LH,ambient,False,SUP-010,Q-04-15,True,187,70
FL-9787-1234,Brake fluid reservoir Premium,Fluids,13.73,13.73,13.73,RH,RH,hazmat,False,SUP-158,Q-04-18,True,153,87
EL-3264-1235,Radar sensor RH,Electronics,10.12,10.12,10.12,LH,LH,ambient,False,SUP-028,HZ-02-08,True,138,62
FL-2241-1236,Sealant cartridge Premium,Fluids,1.49,1.49,1.49,LH,LH,ambient,False,SUP-082,HZ-02-09,True,91,62
EL-6089-1237,ECU control module Gen 2,Electronics,11.8,11.8,11.8,RH,RH,ambient,False,SUP-074,HZ-02-15,True,123,41
EL-8856-1238,Power distribution unit RH,Electronics,18.59,18.59,18.59,LH,LH,ambient,False,SUP-006,HZ-02-15,True,105,68
FL-6001-1239,Sealant cartridge Premium,Fluids,22.41,22.41,22.41,LH,LH,ambient,False,SUP-111,JIS-07-08,True,90,54
FL-8107-1240,Brake fluid reservoir LH,Fluids,14.58,14.58,14.58,RH,RH,ambient,False,SUP-182,A-12-02,True,184,45
EL-3453-1241,Radar sensor LH,Electronics,7.77,7.77,7.77,LH,LH,ambient,False,SUP-094,B-07-12,True,206,80
CH-1009-1242,Control arm LH,Chassis,11.43,11.43,11.43,LH,LH,ambient,False,SUP-006,A-12-05,True,192,58
PO-3864-1243,Gear selector Premium,Powertrain,0.52,0.52,0.52,RH,RH,ambient,False,SUP-048,JIS-07-10,True,209,90
EL-9597-1244,Camera harness RH,Electronics,20.11,20.11,20.11,RH,RH,ambient,False,SUP-116,JIS-07-17,True,143,37
EL-5101-1245,Power distribution unit Premium,Electronics,4.11,4.11,4.11,LH,LH,ambient,False,SUP-087,B-07-03,True,139,40
PO-5982-1246,Clutch actuator RH,Powertrain,10.91,10.91,10.91,LH,LH,ambient,False,SUP-136,JIS-07-01,True,109,55
IN-3705-1247,Wiring harness assembly LH,Interior,20.36,20.36,20.36,RH,RH,ambient,False,SUP-109,B-07-01,True,211,43
FL-2104-1248,Coolant additive LH,Fluids,4.52,4.52,4.52,RH,RH,ambient,True,SUP-027,B-07-12,True,137,66
PO-7091-1249,Gear selector Gen 2,Powertrain,10.44,10.44,10.44,RH,RH,ambient,False,SUP-106,HZ-02-01,True,151,47
IN-2160-1250,Door trim panel Premium,Interior,17.23,17.23,17.23,LH,LH,ambient,False,SUP-069,A-12-05,True,61,90
CH-7319-1251,Wheel carrier LH,Chassis,13.07,13.07,13.07,LH,LH,ambient,False,SUP-175,HZ-02-15,True,146,47
CH-8608-1252,Steering knuckle RH,Chassis,3.58,3.58,3.58,RH,RH,ambient,False,SUP-053,Q-04-08,True,195,90
FL-5242-1253,Brake fluid reservoir LH,Fluids,12.36,12.36,12.36,RH,RH,hazmat,False,SUP-161,A-12-07,True,196,89
CH-2948-1254,Brake line manifold RH,Chassis,4.04,4.04,4.04,LH,LH,ambient,False,SUP-131,A-12-06,True,141,51
FL-5318-1255,Sealant cartridge Premium,Fluids,22.92,22.92,22.92,LH,LH,ambient,True,SUP-165,Q-04-17,True,101,35
FL-6134-1256,Washer concentrate RH,Fluids,7.57,7.57,7.57,LH,LH,hazmat,True,SUP-066,HZ-02-12,True,85,58
FL-4706-1257,Brake fluid reservoir Gen 2,Fluids,12.11,12.11,12.11,LH,LH,ambient,False,SUP-055,B-07-12,True,88,53
CH-5225-1258,Steering knuckle LH,Chassis,16.86,16.86,16.86,RH,RH,ambient,False,SUP-100,HZ-02-01,True,151,28
PO-6080-1259,Fuel rail Gen 2,Powertrain,18.48,18.48,18.48,LH,LH,ambient,False,SUP-186,B-07-03,True,196,33
IN-4699-1260,Console module Gen 2,Interior,9.36,9.36,9.36,LH,LH,ambient,False,SUP-139,HZ-02-16,True,198,80
PO-5274-1261,Gear selector LH,Powertrain,15.88,15.88,15.88,LH,LH,ambient,False,SUP-119,B-07-05,True,74,89
CH-7068-1262,Steering knuckle Premium,Chassis,1.25,1.25,1.25,LH,LH,ambient,False,SUP-164,JIS-07-05,True,169,54
IN-5113-1263,Wiring harness assembly Gen 2,Interior,18.35,18.35,18.35,RH,RH,ambient,False,SUP-176,JIS-07-02,True,199,54
EL-3172-1264,Power distribution unit Gen 2,Electronics,1.98,1.98,1.98,RH,RH,ambient,False,SUP-060,A-12-17,True,63,40
EL-8813-1265,ECU control module RH,Electronics,20.66,20.66,20.66,LH,LH,ambient,False,SUP-070,Q-04-06,True,154,50
FL-5085-1266,Sealant cartridge Gen 2,Fluids,12.93,12.93,12.93,LH,LH,ambient,False,SUP-118,A-12-07,True,124,75
IN-6526-1267,Wiring harness assembly LH,Interior,2.84,2.84,2.84,LH,LH,ambient,False,SUP-183,HZ-02-10,True,137,39
EL-6869-1268,Radar sensor LH,Electronics,19.11,19.11,19.11,LH,LH,ambient,False,SUP-132,JIS-07-15,True,201,61
IN-2835-1269,Door trim panel Gen 2,Interior,14.41,14.41,14.41,LH,LH,ambient,False,SUP-098,B-07-13,True,65,88
EL-6603-1270,Camera harness Premium,Electronics,13.15,13.15,13.15,LH,LH,ambient,False,SUP-010,Q-04-16,True,104,88
EL-4672-1271,Power distribution unit Premium,Electronics,10.79,10.79,10.79,LH,LH,ambient,False,SUP-022,B-07-13,True,212,50
FL-3099-1272,Sealant cartridge Gen 2,Fluids,21.45,21.45,21.45,RH,RH,ambient,True,SUP-054,B-07-13,True,165,33
CH-9640-1273,Control arm RH,Chassis,21.51,21.51,21.51,RH,RH,ambient,False,SUP-028,HZ-02-12,True,66,77
PO-5262-1274,Clutch actuator Gen 2,Powertrain,10.78,10.78,10.78,RH,RH,ambient,False,SUP-018,HZ-02-14,True,62,45
PO-2627-1275,Gear selector LH,Powertrain,5.98,5.98,5.98,LH,LH,ambient,False,SUP-050,JIS-07-11,True,76,68
FL-5170-1276,Brake fluid reservoir RH,Fluids,13.56,13.56,13.56,LH,LH,hazmat,False,SUP-009,A-12-15,True,100,84
IN-9213-1277,Door trim panel LH,Interior,11.1,11.1,11.1,RH,RH,ambient,False,SUP-099,Q-04-17,True,60,40
CH-8998-1278,Brake line manifold Premium,Chassis,14.4,14.4,14.4,LH,LH,ambient,False,SUP-074,B-07-01,True,89,37
PO-6141-1279,Gear selector LH,Powertrain,16.75,16.75,16.75,RH,RH,ambient,False,SUP-113,HZ-02-06,True,75,51
CH-1254-1280,Control arm LH,Chassis,8.63,8.63,8.63,LH,LH,ambient,False,SUP-107,Q-04-16,True,181,33
CH-4446-1281,Brake line manifold Gen 2,Chassis,19.59,19.59,19.59,RH,RH,ambient,False,SUP-189,Q-04-14,True,87,31
CH-6038-1282,Brake line manifold Gen 2,Chassis,5.71,5.71,5.71,LH,LH,ambient,False,SUP-160,A-12-01,True,151,33
EL-2422-1283,ECU control module Premium,Electronics,8.42,8.42,8.42,LH,LH,ambient,False,SUP-197,JIS-07-03,True,129,57
IN-5695-1284,Seat rail RH,Interior,17.94,17.94,17.94,LH,LH,ambient,False,SUP-193,JIS-07-01,True,95,31
EL-7412-1285,ECU control module RH,Electronics,13.75,13.75,13.75,RH,RH,ambient,False,SUP-034,A-12-07,True,135,62
CH-6660-1286,Brake line manifold LH,Chassis,12.05,12.05,12.05,RH,RH,ambient,False,SUP-010,B-07-11,True,147,58
FL-8305-1287,Coolant additive LH,Fluids,14.84,14.84,14.84,RH,RH,ambient,False,SUP-085,Q-04-04,True,185,65
IN-6994-1288,Seat rail LH,Interior,8.63,8.63,8.63,RH,RH,ambient,False,SUP-102,B-07-14,True,105,41
CH-2474-1289,Control arm RH,Chassis,2.69,2.69,2.69,RH,RH,ambient,False,SUP-034,HZ-02-16,True,165,63
EL-5763-1290,ECU control module RH,Electronics,18.73,18.73,18.73,LH,LH,ambient,False,SUP-025,Q-04-07,True,206,37
IN-6594-1291,Console module RH,Interior,24.35,24.35,24.35,RH,RH,ambient,False,SUP-021,A-12-03,True,77,35
PO-9162-1292,Clutch actuator Premium,Powertrain,13.6,13.6,13.6,LH,LH,ambient,False,SUP-131,A-12-13,True,189,57
EL-8199-1293,Power distribution unit Premium,Electronics,15.44,15.44,15.44,LH,LH,ambient,False,SUP-189,JIS-07-01,True,135,62
IN-7659-1294,Wiring harness assembly Premium,Interior,14.71,14.71,14.71,LH,LH,ambient,False,SUP-065,JIS-07-03,True,102,49
CH-1137-1295,Brake line manifold Premium,Chassis,17.63,17.63,17.63,RH,RH,ambient,False,SUP-058,Q-04-08,True,203,52
IN-6029-1296,Door trim panel RH,Interior,19.29,19.29,19.29,LH,LH,ambient,False,SUP-182,HZ-02-02,True,176,90
FL-3193-1297,Brake fluid reservoir Premium,Fluids,4.85,4.85,4.85,LH,LH,ambient,False,SUP-105,B-07-17,True,114,37
IN-3202-1298,Wiring harness assembly LH,Interior,3.04,3.04,3.04,LH,LH,ambient,False,SUP-094,B-07-06,True,95,46
EL-6860-1299,Camera harness LH,Electronics,22.7,22.7,22.7,RH,RH,ambient,False,SUP-070,B-07-07,True,98,55
CH-1580-1300,Control arm Premium,Chassis,5.57,5.57,5.57,LH,LH,ambient,False,SUP-045,B-07-09,True,169,69
PO-9002-1301,Torque converter Gen 2,Powertrain,4.55,4.55,4.55,LH,LH,ambient,False,SUP-004,Q-04-06,True,195,83
EL-1568-1302,Radar sensor RH,Electronics,6.82,6.82,6.82,LH,LH,ambient,False,SUP-043,B-07-04,True,206,75
FL-5822-1303,Sealant cartridge Premium,Fluids,19.22,19.22,19.22,LH,LH,ambient,True,SUP-058,Q-04-07,True,170,59
FL-8398-1304,Coolant additive RH,Fluids,4.76,4.76,4.76,LH,LH,ambient,True,SUP-063,Q-04-15,True,123,40
PO-8922-1305,Torque converter LH,Powertrain,20.66,20.66,20.66,LH,LH,ambient,False,SUP-174,A-12-16,True,203,71
IN-2429-1306,Door trim panel Premium,Interior,17.66,17.66,17.66,RH,RH,ambient,False,SUP-069,HZ-02-10,True,124,86
PO-1737-1307,Clutch actuator Premium,Powertrain,21.07,21.07,21.07,RH,RH,ambient,False,SUP-117,B-07-07,True,156,89
CH-3124-1308,Steering knuckle Premium,Chassis,22.69,22.69,22.69,LH,LH,ambient,False,SUP-045,Q-04-15,True,92,30
IN-4002-1309,Door trim panel Gen 2,Interior,18.91,18.91,18.91,RH,RH,ambient,False,SUP-106,JIS-07-12,True,182,88
PO-9036-1310,Torque converter Premium,Powertrain,1.3,1.3,1.3,RH,RH,ambient,False,SUP-091,A-12-15,True,182,41
EL-1831-1311,Camera harness RH,Electronics,20.35,20.35,20.35,LH,LH,ambient,False,SUP-180,JIS-07-05,True,148,66
FL-7503-1312,Sealant cartridge RH,Fluids,6.07,6.07,6.07,LH,LH,ambient,True,SUP-119,A-12-13,True,187,89
IN-1231-1313,Console module LH,Interior,21.94,21.94,21.94,LH,LH,ambient,False,SUP-135,Q-04-07,True,143,69
IN-7513-1314,Seat rail LH,Interior,16.82,16.82,16.82,LH,LH,ambient,False,SUP-179,JIS-07-01,True,197,64
IN-8838-1315,Console module Gen 2,Interior,10.74,10.74,10.74,LH,LH,ambient,False,SUP-003,HZ-02-06,True,195,72
EL-5549-1316,Radar sensor RH,Electronics,24.34,24.34,24.34,LH,LH,ambient,False,SUP-072,A-12-02,True,210,37
PO-1090-1317,Fuel rail Gen 2,Powertrain,2.23,2.23,2.23,LH,LH,ambient,False,SUP-041,HZ-02-07,True,200,70
IN-8436-1318,Wiring harness assembly LH,Interior,9.74,9.74,9.74,LH,LH,ambient,False,SUP-041,A-12-02,True,204,68
FL-3594-1319,Sealant cartridge Gen 2,Fluids,4.85,4.85,4.85,RH,RH,hazmat,False,SUP-193,Q-04-14,True,216,37
CH-7528-1320,Brake line manifold RH,Chassis,13.37,13.37,13.37,RH,RH,ambient,False,SUP-061,JIS-07-11,True,94,77
EL-6136-1321,Radar sensor Premium,Electronics,14.61,14.61,14.61,RH,RH,ambient,False,SUP-183,B-07-01,True,62,46
FL-1142-1322,Washer concentrate RH,Fluids,15.63,15.63,15.63,RH,RH,ambient,False,SUP-089,HZ-02-08,True,159,38
PO-6693-1323,Gear selector Premium,Powertrain,7.58,7.58,7.58,RH,RH,ambient,False,SUP-081,Q-04-09,True,61,72
CH-5396-1324,Wheel carrier Gen 2,Chassis,5.61,5.61,5.61,RH,RH,ambient,False,SUP-119,Q-04-11,True,135,58
CH-1940-1325,Control arm RH,Chassis,13.93,13.93,13.93,RH,RH,ambient,False,SUP-092,HZ-02-14,True,128,78
CH-8525-1326,Control arm Gen 2,Chassis,7.42,7.42,7.42,LH,LH,ambient,False,SUP-108,HZ-02-07,True,162,47
FL-2332-1327,Coolant additive RH,Fluids,6.13,6.13,6.13,LH,LH,hazmat,False,SUP-168,Q-04-10,True,126,61
IN-1198-1328,Seat rail Premium,Interior,12.8,12.8,12.8,RH,RH,ambient,False,SUP-007,B-07-11,True,147,47
CH-9381-1329,Steering knuckle Premium,Chassis,5.05,5.05,5.05,LH,LH,ambient,False,SUP-090,A-12-17,True,93,56
IN-5707-1330,Console module RH,Interior,11.88,11.88,11.88,RH,RH,ambient,False,SUP-175,A-12-13,True,200,57
PO-6325-1331,Gear selector Premium,Powertrain,3.28,3.28,3.28,LH,LH,ambient,False,SUP-042,B-07-02,True,179,80
IN-6879-1332,Console module LH,Interior,1.36,1.36,1.36,LH,LH,ambient,False,SUP-104,Q-04-18,True,80,39
FL-1568-1333,Coolant additive Gen 2,Fluids,19.75,19.75,19.75,RH,RH,ambient,True,SUP-045,HZ-02-15,True,68,59
EL-6865-1334,Radar sensor Premium,Electronics,5.02,5.02,5.02,LH,LH,ambient,False,SUP-200,B-07-14,True,219,29
EL-4407-1335,Camera harness Gen 2,Electronics,11.74,11.74,11.74,LH,LH,ambient,False,SUP-140,JIS-07-13,True,124,45
CH-4461-1336,Wheel carrier Premium,Chassis,15.68,15.68,15.68,RH,RH,ambient,False,SUP-025,B-07-12,True,185,51
EL-1317-1337,Radar sensor Gen 2,Electronics,17.24,17.24,17.24,LH,LH,ambient,False,SUP-088,HZ-02-03,True,184,67
CH-4099-1338,Control arm Premium,Chassis,3.64,3.64,3.64,LH,LH,ambient,False,SUP-176,B-07-18,True,207,31
FL-1761-1339,Brake fluid reservoir Premium,Fluids,16.98,16.98,16.98,LH,LH,hazmat,True,SUP-172,B-07-17,True,88,30
CH-7359-1340,Control arm LH,Chassis,6.8,6.8,6.8,LH,LH,ambient,False,SUP-104,B-07-12,True,79,33
FL-3340-1341,Coolant additive LH,Fluids,9.53,9.53,9.53,LH,LH,ambient,False,SUP-036,A-12-17,True,120,75
IN-6114-1342,Seat rail RH,Interior,14.06,14.06,14.06,LH,LH,ambient,False,SUP-044,A-12-07,True,143,53
EL-6519-1343,Camera harness RH,Electronics,13.8,13.8,13.8,RH,RH,ambient,False,SUP-121,Q-04-04,True,171,68
IN-4826-1344,Door trim panel RH,Interior,20.33,20.33,20.33,RH,RH,ambient,False,SUP-046,JIS-07-14,True,149,53
EL-7408-1345,Power distribution unit RH,Electronics,6.1,6.1,6.1,RH,RH,ambient,False,SUP-012,A-12-08,True,147,77
PO-6080-1346,Clutch actuator Premium,Powertrain,17.98,17.98,17.98,RH,RH,ambient,False,SUP-007,Q-04-02,True,217,40
FL-5062-1347,Coolant additive RH,Fluids,10.88,10.88,10.88,RH,RH,ambient,False,SUP-125,JIS-07-07,True,165,75
CH-2184-1348,Control arm LH,Chassis,23.09,23.09,23.09,LH,LH,ambient,False,SUP-152,JIS-07-17,True,124,34
EL-8309-1349,ECU control module RH,Electronics,17.69,17.69,17.69,RH,RH,ambient,False,SUP-183,A-12-02,True,199,40
IN-4755-1350,Door trim panel Premium,Interior,24.09,24.09,24.09,RH,RH,ambient,False,SUP-060,Q-04-17,True,108,71
FL-4152-1351,Brake fluid reservoir Premium,Fluids,4.43,4.43,4.43,RH,RH,ambient,False,SUP-105,A-12-06,True,171,41
IN-3833-1352,Door trim panel Gen 2,Interior,11.46,11.46,11.46,LH,LH,ambient,False,SUP-137,HZ-02-10,True,167,50
EL-1861-1353,Power distribution unit LH,Electronics,2.25,2.25,2.25,RH,RH,ambient,False,SUP-021,JIS-07-03,True,131,35
PO-6468-1354,Clutch actuator LH,Powertrain,13.93,13.93,13.93,RH,RH,ambient,False,SUP-060,JIS-07-09,True,74,62
FL-3028-1355,Washer concentrate Gen 2,Fluids,7.4,7.4,7.4,LH,LH,ambient,False,SUP-061,A-12-09,True,192,90
CH-6100-1356,Steering knuckle Gen 2,Chassis,17.99,17.99,17.99,LH,LH,ambient,False,SUP-020,B-07-15,True,70,38
EL-5824-1357,Power distribution unit Premium,Electronics,24.31,24.31,24.31,LH,LH,ambient,False,SUP-180,B-07-10,True,119,54
IN-5151-1358,Wiring harness assembly Gen 2,Interior,14.28,14.28,14.28,RH,RH,ambient,False,SUP-143,HZ-02-10,True,216,66
EL-3232-1359,Power distribution unit Premium,Electronics,22.78,22.78,22.78,RH,RH,ambient,False,SUP-157,B-07-12,True,183,81
PO-9154-1360,Torque converter RH,Powertrain,18.62,18.62,18.62,LH,LH,ambient,False,SUP-013,JIS-07-11,True,98,32
CH-5251-1361,Brake line manifold Gen 2,Chassis,21.34,21.34,21.34,RH,RH,ambient,False,SUP-161,JIS-07-16,True,141,65
CH-3253-1362,Brake line manifold Gen 2,Chassis,22.53,22.53,22.53,LH,LH,ambient,False,SUP-061,Q-04-15,True,60,84
CH-4894-1363,Steering knuckle Premium,Chassis,10.68,10.68,10.68,LH,LH,ambient,False,SUP-015,Q-04-16,True,204,80
PO-4181-1364,Gear selector Premium,Powertrain,15.51,15.51,15.51,RH,RH,ambient,False,SUP-014,A-12-14,True,156,29
EL-2544-1365,Power distribution unit RH,Electronics,7.74,7.74,7.74,LH,LH,ambient,False,SUP-112,HZ-02-01,True,200,56
EL-3710-1366,ECU control module Premium,Electronics,16.43,16.43,16.43,RH,RH,ambient,False,SUP-150,JIS-07-17,True,162,46
PO-9282-1367,Clutch actuator Premium,Powertrain,13.02,13.02,13.02,RH,RH,ambient,False,SUP-154,Q-04-03,True,192,33
CH-6289-1368,Control arm LH,Chassis,19.22,19.22,19.22,RH,RH,ambient,False,SUP-150,B-07-08,True,220,47
EL-4452-1369,Radar sensor Premium,Electronics,3.79,3.79,3.79,RH,RH,ambient,False,SUP-165,B-07-17,True,120,65
CH-7140-1370,Wheel carrier Gen 2,Chassis,19.08,19.08,19.08,LH,LH,ambient,False,SUP-094,HZ-02-11,True,123,73
EL-6059-1371,ECU control module LH,Electronics,23.95,23.95,23.95,LH,LH,ambient,False,SUP-011,JIS-07-04,True,61,81
CH-5059-1372,Control arm LH,Chassis,19.26,19.26,19.26,RH,RH,ambient,False,SUP-110,HZ-02-17,True,206,25
EL-9106-1373,Camera harness Premium,Electronics,7.34,7.34,7.34,RH,RH,ambient,False,SUP-020,JIS-07-18,True,193,40
FL-7826-1374,Sealant cartridge RH,Fluids,5.88,5.88,5.88,RH,RH,hazmat,True,SUP-113,JIS-07-03,True,107,82
PO-5279-1375,Gear selector LH,Powertrain,6.5,6.5,6.5,RH,RH,ambient,False,SUP-178,B-07-11,True,128,89
FL-3897-1376,Sealant cartridge LH,Fluids,21.39,21.39,21.39,LH,LH,ambient,True,SUP-105,Q-04-03,True,196,49
CH-9535-1377,Wheel carrier LH,Chassis,15.97,15.97,15.97,LH,LH,ambient,False,SUP-168,B-07-08,True,150,46
PO-4280-1378,Clutch actuator RH,Powertrain,22.65,22.65,22.65,LH,LH,ambient,False,SUP-180,JIS-07-12,True,125,80
FL-4790-1379,Washer concentrate LH,Fluids,12.49,12.49,12.49,LH,LH,hazmat,True,SUP-026,Q-04-16,True,181,37
EL-8594-1380,Radar sensor LH,Electronics,20.95,20.95,20.95,RH,RH,ambient,False,SUP-033,Q-04-15,True,177,80
FL-4114-1381,Coolant additive RH,Fluids,19.63,19.63,19.63,RH,RH,ambient,False,SUP-037,HZ-02-11,True,198,63
EL-5081-1382,Power distribution unit Gen 2,Electronics,18.64,18.64,18.64,RH,RH,ambient,False,SUP-170,Q-04-02,True,103,37
IN-2487-1383,Console module Gen 2,Interior,9.52,9.52,9.52,RH,RH,ambient,False,SUP-087,B-07-03,True,83,50
EL-3592-1384,Radar sensor RH,Electronics,0.88,0.88,0.88,LH,LH,ambient,False,SUP-019,Q-04-08,True,178,28
IN-3450-1385,Seat rail LH,Interior,16.74,16.74,16.74,RH,RH,ambient,False,SUP-073,JIS-07-18,True,125,77
PO-7467-1386,Fuel rail Premium,Powertrain,20.5,20.5,20.5,LH,LH,ambient,False,SUP-015,A-12-10,True,181,51
IN-5429-1387,Wiring harness assembly Gen 2,Interior,2.36,2.36,2.36,RH,RH,ambient,False,SUP-125,HZ-02-11,True,211,29
CH-7975-1388,Wheel carrier Premium,Chassis,9.41,9.41,9.41,LH,LH,ambient,False,SUP-005,JIS-07-13,True,216,48
EL-7790-1389,Radar sensor Premium,Electronics,19.39,19.39,19.39,LH,LH,ambient,False,SUP-139,Q-04-02,True,103,48
FL-2616-1390,Brake fluid reservoir RH,Fluids,19.67,19.67,19.67,RH,RH,hazmat,False,SUP-013,A-12-09,True,150,28
FL-3411-1391,Coolant additive RH,Fluids,21.55,21.55,21.55,LH,LH,hazmat,True,SUP-085,B-07-11,True,207,30
CH-1576-1392,Steering knuckle RH,Chassis,9.9,9.9,9.9,LH,LH,ambient,False,SUP-087,JIS-07-13,True,191,29
IN-1450-1393,Console module Premium,Interior,1.3,1.3,1.3,LH,LH,ambient,False,SUP-016,B-07-09,True,139,68
FL-2557-1394,Sealant cartridge LH,Fluids,9.33,9.33,9.33,LH,LH,hazmat,False,SUP-146,Q-04-13,True,177,55
PO-4235-1395,Fuel rail Gen 2,Powertrain,19.28,19.28,19.28,RH,RH,ambient,False,SUP-025,JIS-07-07,True,205,81
FL-9207-1396,Brake fluid reservoir RH,Fluids,9.26,9.26,9.26,LH,LH,ambient,False,SUP-038,JIS-07-12,True,183,44
IN-3355-1397,Wiring harness assembly LH,Interior,24.39,24.39,24.39,LH,LH,ambient,False,SUP-123,A-12-06,True,96,41
FL-3591-1398,Washer concentrate Premium,Fluids,5.58,5.58,5.58,LH,LH,ambient,False,SUP-076,B-07-16,True,182,36
IN-2361-1399,Door trim panel Premium,Interior,17.63,17.63,17.63,RH,RH,ambient,False,SUP-029,Q-04-07,True,160,32
PO-8743-1400,Torque converter Premium,Powertrain,10.17,10.17,10.17,LH,LH,ambient,False,SUP-071,JIS-07-02,True,162,58
CH-1143-1401,Brake line manifold RH,Chassis,3.19,3.19,3.19,LH,LH,ambient,False,SUP-057,HZ-02-02,True,167,80
PO-7209-1402,Torque converter Premium,Powertrain,12.14,12.14,12.14,RH,RH,ambient,False,SUP-075,Q-04-18,True,173,50
PO-2371-1403,Torque converter RH,Powertrain,6.95,6.95,6.95,LH,LH,ambient,False,SUP-090,JIS-07-06,True,80,90
CH-7223-1404,Steering knuckle Premium,Chassis,9.27,9.27,9.27,RH,RH,ambient,False,SUP-113,Q-04-18,True,168,70
CH-2245-1405,Control arm RH,Chassis,8.66,8.66,8.66,RH,RH,ambient,False,SUP-144,B-07-04,True,114,44
FL-8247-1406,Coolant additive RH,Fluids,7.42,7.42,7.42,LH,LH,ambient,False,SUP-053,B-07-04,True,70,87
EL-1763-1407,Power distribution unit Premium,Electronics,22.14,22.14,22.14,LH,LH,ambient,False,SUP-007,HZ-02-14,True,149,81
EL-3286-1408,ECU control module LH,Electronics,22.03,22.03,22.03,LH,LH,ambient,False,SUP-049,HZ-02-14,True,136,50
FL-4847-1409,Brake fluid reservoir Premium,Fluids,4.09,4.09,4.09,RH,RH,ambient,False,SUP-072,A-12-10,True,137,26
EL-7534-1410,Radar sensor Gen 2,Electronics,13.79,13.79,13.79,LH,LH,ambient,False,SUP-013,HZ-02-06,True,79,47
IN-2223-1411,Console module RH,Interior,15.31,15.31,15.31,LH,LH,ambient,False,SUP-029,B-07-13,True,164,26
FL-8024-1412,Coolant additive Gen 2,Fluids,11.49,11.49,11.49,RH,RH,hazmat,False,SUP-072,Q-04-12,True,106,40
CH-8585-1413,Steering knuckle Gen 2,Chassis,2.75,2.75,2.75,RH,RH,ambient,False,SUP-014,B-07-10,True,185,48
EL-3645-1414,Power distribution unit LH,Electronics,17.57,17.57,17.57,LH,LH,ambient,False,SUP-005,JIS-07-18,True,124,34
FL-2169-1415,Sealant cartridge RH,Fluids,13.25,13.25,13.25,LH,LH,ambient,False,SUP-099,Q-04-17,True,152,87
FL-2060-1416,Washer concentrate Gen 2,Fluids,13.67,13.67,13.67,RH,RH,ambient,True,SUP-079,A-12-07,True,64,85
CH-1937-1417,Wheel carrier Premium,Chassis,3.01,3.01,3.01,RH,RH,ambient,False,SUP-103,Q-04-18,True,206,67
PO-4308-1418,Fuel rail RH,Powertrain,14.4,14.4,14.4,RH,RH,ambient,False,SUP-078,A-12-16,True,201,78
CH-2643-1419,Control arm RH,Chassis,14.01,14.01,14.01,LH,LH,ambient,False,SUP-011,JIS-07-18,True,195,79
EL-6557-1420,ECU control module Gen 2,Electronics,19.65,19.65,19.65,RH,RH,ambient,False,SUP-191,A-12-01,True,158,77
PO-2027-1421,Torque converter Gen 2,Powertrain,10.62,10.62,10.62,RH,RH,ambient,False,SUP-100,A-12-12,True,189,84
FL-2027-1422,Sealant cartridge LH,Fluids,5.7,5.7,5.7,RH,RH,ambient,False,SUP-133,A-12-01,True,217,86
FL-5465-1423,Sealant cartridge Gen 2,Fluids,17.14,17.14,17.14,LH,LH,ambient,False,SUP-098,HZ-02-15,True,134,53
CH-9651-1424,Steering knuckle Premium,Chassis,2.64,2.64,2.64,RH,RH,ambient,False,SUP-095,JIS-07-09,True,61,53
PO-9722-1425,Gear selector LH,Powertrain,8.65,8.65,8.65,LH,LH,ambient,False,SUP-003,A-12-16,True,60,28
CH-9115-1426,Control arm Gen 2,Chassis,4.85,4.85,4.85,LH,LH,ambient,False,SUP-136,JIS-07-17,True,166,38
EL-4213-1427,ECU control module RH,Electronics,24.04,24.04,24.04,RH,RH,ambient,False,SUP-097,HZ-02-07,True,202,43
CH-9702-1428,Wheel carrier LH,Chassis,11.98,11.98,11.98,RH,RH,ambient,False,SUP-014,A-12-10,True,207,50
CH-6654-1429,Brake line manifold RH,Chassis,23.08,23.08,23.08,RH,RH,ambient,False,SUP-096,HZ-02-16,True,187,40
IN-1822-1430,Seat rail LH,Interior,2.58,2.58,2.58,RH,RH,ambient,False,SUP-182,B-07-07,True,111,65
EL-9154-1431,ECU control module Premium,Electronics,3.89,3.89,3.89,LH,LH,ambient,False,SUP-112,Q-04-09,True,200,32
EL-1588-1432,Power distribution unit LH,Electronics,13.32,13.32,13.32,RH,RH,ambient,False,SUP-181,B-07-13,True,129,76
FL-3743-1433,Brake fluid reservoir LH,Fluids,11.29,11.29,11.29,RH,RH,hazmat,True,SUP-139,Q-04-15,True,200,28
IN-1475-1434,Door trim panel LH,Interior,10.54,10.54,10.54,RH,RH,ambient,False,SUP-116,Q-04-01,True,109,62
FL-5881-1435,Washer concentrate Gen 2,Fluids,4.43,4.43,4.43,LH,LH,ambient,False,SUP-011,HZ-02-10,True,107,73
CH-1536-1436,Control arm LH,Chassis,21.21,21.21,21.21,RH,RH,ambient,False,SUP-163,JIS-07-13,True,71,85
CH-1890-1437,Brake line manifold LH,Chassis,8.54,8.54,8.54,RH,RH,ambient,False,SUP-039,JIS-07-03,True,196,45
CH-9189-1438,Control arm Premium,Chassis,6.62,6.62,6.62,RH,RH,ambient,False,SUP-169,JIS-07-12,True,214,72
EL-5796-1439,Camera harness Gen 2,Electronics,22.37,22.37,22.37,RH,RH,ambient,False,SUP-026,JIS-07-04,True,206,57
EL-2442-1440,ECU control module LH,Electronics,11.59,11.59,11.59,LH,LH,ambient,False,SUP-136,Q-04-17,True,61,68
PO-7994-1441,Clutch actuator Gen 2,Powertrain,14.12,14.12,14.12,LH,LH,ambient,False,SUP-038,JIS-07-01,True,188,64
CH-7904-1442,Steering knuckle Gen 2,Chassis,3.83,3.83,3.83,LH,LH,ambient,False,SUP-136,JIS-07-14,True,212,34
IN-9934-1443,Door trim panel RH,Interior,22.38,22.38,22.38,LH,LH,ambient,False,SUP-140,Q-04-08,True,137,50
PO-3563-1444,Fuel rail RH,Powertrain,10.04,10.04,10.04,RH,RH,ambient,False,SUP-032,A-12-09,True,161,60
EL-6487-1445,Power distribution unit LH,Electronics,19.86,19.86,19.86,LH,LH,ambient,False,SUP-141,B-07-17,True,200,41
FL-8248-1446,Washer concentrate Gen 2,Fluids,5.17,5.17,5.17,RH,RH,ambient,False,SUP-008,A-12-06,True,217,31
IN-4815-1447,Door trim panel Premium,Interior,3.61,3.61,3.61,LH,LH,ambient,False,SUP-024,JIS-07-16,True,164,31
PO-8900-1448,Torque converter LH,Powertrain,11.66,11.66,11.66,RH,RH,ambient,False,SUP-114,JIS-07-15,True,85,43
PO-5435-1449,Fuel rail Premium,Powertrain,6.72,6.72,6.72,LH,LH,ambient,False,SUP-123,B-07-12,True,140,36
PO-4960-1450,Gear selector RH,Powertrain,15.56,15.56,15.56,LH,LH,ambient,False,SUP-177,Q-04-18,True,84,69
IN-6362-1451,Console module Premium,Interior,3.62,3.62,3.62,LH,LH,ambient,False,SUP-041,Q-04-17,True,194,33
IN-3809-1452,Wiring harness assembly Premium,Interior,16.59,16.59,16.59,RH,RH,ambient,False,SUP-119,JIS-07-14,True,188,87
FL-4774-1453,Sealant cartridge Gen 2,Fluids,23.0,23.0,23.0,LH,LH,ambient,False,SUP-191,A-12-08,True,131,32
IN-1693-1454,Door trim panel LH,Interior,16.79,16.79,16.79,LH,LH,ambient,False,SUP-159,JIS-07-08,True,155,31
FL-2392-1455,Sealant cartridge LH,Fluids,11.21,11.21,11.21,LH,LH,hazmat,False,SUP-109,B-07-01,True,146,75
EL-4190-1456,Radar sensor RH,Electronics,10.62,10.62,10.62,LH,LH,ambient,False,SUP-090,B-07-14,True,112,85
EL-8308-1457,Camera harness Gen 2,Electronics,10.07,10.07,10.07,LH,LH,ambient,False,SUP-181,JIS-07-15,True,156,51
FL-1102-1458,Sealant cartridge Gen 2,Fluids,2.37,2.37,2.37,RH,RH,ambient,False,SUP-128,JIS-07-06,True,161,38
EL-6301-1459,Radar sensor Premium,Electronics,3.62,3.62,3.62,LH,LH,ambient,False,SUP-185,A-12-16,True,79,73
IN-4009-1460,Door trim panel Premium,Interior,13.8,13.8,13.8,RH,RH,ambient,False,SUP-026,Q-04-02,True,108,44
CH-5374-1461,Steering knuckle LH,Chassis,16.98,16.98,16.98,RH,RH,ambient,False,SUP-012,B-07-13,True,67,29
PO-4690-1462,Gear selector LH,Powertrain,11.17,11.17,11.17,LH,LH,ambient,False,SUP-008,JIS-07-16,True,165,55
IN-9778-1463,Wiring harness assembly Premium,Interior,20.69,20.69,20.69,LH,LH,ambient,False,SUP-069,A-12-18,True,200,38
EL-3147-1464,Power distribution unit RH,Electronics,11.62,11.62,11.62,RH,RH,ambient,False,SUP-025,B-07-07,True,188,37
EL-1087-1465,Camera harness LH,Electronics,14.84,14.84,14.84,RH,RH,ambient,False,SUP-182,A-12-13,True,131,76
CH-3494-1466,Steering knuckle RH,Chassis,8.64,8.64,8.64,LH,LH,ambient,False,SUP-036,A-12-12,True,106,71
PO-8440-1467,Fuel rail Gen 2,Powertrain,1.03,1.03,1.03,LH,LH,ambient,False,SUP-100,HZ-02-16,True,196,57
PO-8773-1468,Torque converter Premium,Powertrain,6.04,6.04,6.04,LH,LH,ambient,False,SUP-019,Q-04-08,True,202,83
EL-2947-1469,Power distribution unit Premium,Electronics,3.62,3.62,3.62,RH,RH,ambient,False,SUP-186,JIS-07-01,True,106,36
PO-1635-1470,Gear selector Premium,Powertrain,0.82,0.82,0.82,LH,LH,ambient,False,SUP-082,JIS-07-12,True,66,89
FL-5529-1471,Brake fluid reservoir Premium,Fluids,3.63,3.63,3.63,RH,RH,ambient,True,SUP-074,A-12-10,True,175,63
FL-8184-1472,Coolant additive Gen 2,Fluids,11.34,11.34,11.34,LH,LH,hazmat,False,SUP-055,A-12-15,True,90,30
EL-6831-1473,Radar sensor Gen 2,Electronics,20.54,20.54,20.54,RH,RH,ambient,False,SUP-043,JIS-07-11,True,84,28
PO-1003-1474,Gear selector Premium,Powertrain,1.05,1.05,1.05,RH,RH,ambient,False,SUP-087,JIS-07-07,True,65,85
CH-4805-1475,Brake line manifold LH,Chassis,3.63,3.63,3.63,LH,LH,ambient,False,SUP-059,JIS-07-17,True,105,51
IN-1251-1476,Seat rail Gen 2,Interior,21.59,21.59,21.59,LH,LH,ambient,False,SUP-154,JIS-07-13,True,187,28
PO-6874-1477,Fuel rail LH,Powertrain,20.46,20.46,20.46,RH,RH,ambient,False,SUP-011,Q-04-03,True,83,82
CH-3108-1478,Brake line manifold Gen 2,Chassis,6.67,6.67,6.67,LH,LH,ambient,False,SUP-088,HZ-02-18,True,132,41
FL-8387-1479,Coolant additive RH,Fluids,0.66,0.66,0.66,LH,LH,ambient,True,SUP-194,JIS-07-07,True,112,83
PO-7913-1480,Fuel rail LH,Powertrain,18.73,18.73,18.73,LH,LH,ambient,False,SUP-097,A-12-07,True,98,64
IN-8673-1481,Seat rail Premium,Interior,8.64,8.64,8.64,RH,RH,ambient,False,SUP-024,B-07-18,True,130,82
EL-4500-1482,Radar sensor Premium,Electronics,19.58,19.58,19.58,LH,LH,ambient,False,SUP-160,JIS-07-18,True,207,64
EL-9709-1483,Power distribution unit Gen 2,Electronics,21.61,21.61,21.61,RH,RH,ambient,False,SUP-031,HZ-02-13,True,75,33
PO-4510-1484,Torque converter Gen 2,Powertrain,1.46,1.46,1.46,RH,RH,ambient,False,SUP-019,B-07-05,True,66,30
IN-4056-1485,Seat rail Gen 2,Interior,13.7,13.7,13.7,RH,RH,ambient,False,SUP-047,A-12-11,True,84,55
EL-8523-1486,Power distribution unit Gen 2,Electronics,5.78,5.78,5.78,LH,LH,ambient,False,SUP-122,JIS-07-03,True,176,72
EL-3023-1487,ECU control module LH,Electronics,15.82,15.82,15.82,RH,RH,ambient,False,SUP-076,A-12-10,True,112,70
PO-3035-1488,Fuel rail Gen 2,Powertrain,16.56,16.56,16.56,LH,LH,ambient,False,SUP-027,A-12-01,True,192,68
IN-5804-1489,Seat rail Gen 2,Interior,4.12,4.12,4.12,LH,LH,ambient,False,SUP-105,A-12-15,True,82,76
IN-1334-1490,Seat rail RH,Interior,23.73,23.73,23.73,LH,LH,ambient,False,SUP-104,B-07-11,True,127,67
EL-1396-1491,ECU control module Gen 2,Electronics,10.29,10.29,10.29,LH,LH,ambient,False,SUP-174,JIS-07-10,True,139,28
PO-6711-1492,Fuel rail LH,Powertrain,12.44,12.44,12.44,LH,LH,ambient,False,SUP-086,B-07-15,True,198,57
EL-6922-1493,Power distribution unit RH,Electronics,21.52,21.52,21.52,RH,RH,ambient,False,SUP-030,Q-04-02,True,114,58
EL-1352-1494,Power distribution unit Premium,Electronics,10.91,10.91,10.91,RH,RH,ambient,False,SUP-086,JIS-07-03,True,110,44
CH-7087-1495,Control arm Gen 2,Chassis,21.34,21.34,21.34,LH,LH,ambient,False,SUP-069,JIS-07-05,True,68,36
PO-8877-1496,Torque converter Gen 2,Powertrain,4.96,4.96,4.96,RH,RH,ambient,False,SUP-061,JIS-07-01,True,81,40
IN-8738-1497,Door trim panel Gen 2,Interior,6.43,6.43,6.43,RH,RH,ambient,False,SUP-013,Q-04-17,True,181,54
EL-1573-1498,Camera harness Gen 2,Electronics,1.2,1.2,1.2,LH,LH,ambient,False,SUP-189,JIS-07-01,True,120,86
EL-6408-1499,Power distribution unit LH,Electronics,5.36,5.36,5.36,LH,LH,ambient,False,SUP-120,Q-04-06,True,118,28
IN-4074-1500,Wiring harness assembly RH,Interior,20.16,20.16,20.16,RH,RH,ambient,False,SUP-169,JIS-07-08,True,147,57
IN-9144-1501,Console module Premium,Interior,20.98,20.98,20.98,LH,LH,ambient,False,SUP-123,HZ-02-15,True,204,65
IN-3555-1502,Wiring harness assembly Premium,Interior,0.71,0.71,0.71,LH,LH,ambient,False,SUP-160,A-12-06,True,199,72
EL-3290-1503,Camera harness Gen 2,Electronics,23.7,23.7,23.7,RH,RH,ambient,False,SUP-046,A-12-12,True,142,32
EL-3034-1504,Power distribution unit RH,Electronics,7.92,7.92,7.92,LH,LH,ambient,False,SUP-137,JIS-07-09,True,142,57
EL-7066-1505,Power distribution unit RH,Electronics,16.85,16.85,16.85,RH,RH,ambient,False,SUP-122,JIS-07-10,True,69,85
IN-9811-1506,Door trim panel RH,Interior,14.82,14.82,14.82,LH,LH,ambient,False,SUP-001,JIS-07-11,True,136,39
EL-3386-1507,Camera harness RH,Electronics,9.94,9.94,9.94,RH,RH,ambient,False,SUP-031,Q-04-05,True,68,63
IN-7421-1508,Wiring harness assembly Premium,Interior,16.02,16.02,16.02,RH,RH,ambient,False,SUP-178,HZ-02-11,True,165,56
CH-2309-1509,Control arm RH,Chassis,1.75,1.75,1.75,RH,RH,ambient,False,SUP-012,JIS-07-02,True,208,81
IN-7057-1510,Console module Gen 2,Interior,16.67,16.67,16.67,LH,LH,ambient,False,SUP-132,HZ-02-07,True,143,83
FL-7247-1511,Sealant cartridge RH,Fluids,6.81,6.81,6.81,RH,RH,ambient,False,SUP-132,Q-04-06,True,132,38
EL-8403-1512,Camera harness LH,Electronics,11.78,11.78,11.78,RH,RH,ambient,False,SUP-082,B-07-03,True,112,33
EL-4652-1513,Camera harness Gen 2,Electronics,7.11,7.11,7.11,RH,RH,ambient,False,SUP-001,A-12-18,True,67,45
FL-9033-1514,Coolant additive Premium,Fluids,16.38,16.38,16.38,RH,RH,ambient,True,SUP-034,JIS-07-15,True,94,42
PO-9394-1515,Gear selector LH,Powertrain,17.76,17.76,17.76,LH,LH,ambient,False,SUP-150,JIS-07-10,True,178,69
PO-9990-1516,Clutch actuator RH,Powertrain,21.43,21.43,21.43,RH,RH,ambient,False,SUP-135,B-07-17,True,124,77
CH-3214-1517,Wheel carrier LH,Chassis,6.21,6.21,6.21,RH,RH,ambient,False,SUP-006,B-07-03,True,202,33
FL-8000-1518,Brake fluid reservoir LH,Fluids,12.28,12.28,12.28,LH,LH,ambient,True,SUP-103,B-07-05,True,181,41
CH-1997-1519,Wheel carrier LH,Chassis,24.4,24.4,24.4,RH,RH,ambient,False,SUP-069,Q-04-05,True,135,74
CH-8767-1520,Steering knuckle Premium,Chassis,3.94,3.94,3.94,LH,LH,ambient,False,SUP-092,Q-04-16,True,182,46
IN-8091-1521,Wiring harness assembly Gen 2,Interior,4.29,4.29,4.29,LH,LH,ambient,False,SUP-109,HZ-02-03,True,210,69
FL-3324-1522,Brake fluid reservoir RH,Fluids,5.08,5.08,5.08,LH,LH,ambient,False,SUP-200,B-07-10,True,186,62
IN-3778-1523,Seat rail Gen 2,Interior,2.9,2.9,2.9,LH,LH,ambient,False,SUP-106,JIS-07-07,True,128,63
EL-5773-1524,Power distribution unit LH,Electronics,1.64,1.64,1.64,RH,RH,ambient,False,SUP-104,Q-04-06,True,106,39
EL-8142-1525,Camera harness Premium,Electronics,8.38,8.38,8.38,LH,LH,ambient,False,SUP-015,B-07-14,True,193,44
CH-5996-1526,Wheel carrier RH,Chassis,8.09,8.09,8.09,LH,LH,ambient,False,SUP-061,Q-04-09,True,176,80
PO-2656-1527,Fuel rail Premium,Powertrain,1.63,1.63,1.63,LH,LH,ambient,False,SUP-083,Q-04-06,True,146,84
FL-5912-1528,Coolant additive LH,Fluids,2.56,2.56,2.56,RH,RH,ambient,False,SUP-142,HZ-02-13,True,185,54
FL-5417-1529,Coolant additive LH,Fluids,5.48,5.48,5.48,RH,RH,ambient,True,SUP-114,A-12-12,True,219,43
PO-1086-1530,Gear selector LH,Powertrain,1.02,1.02,1.02,RH,RH,ambient,False,SUP-060,Q-04-17,True,154,46
FL-5246-1531,Coolant additive LH,Fluids,20.76,20.76,20.76,LH,LH,hazmat,False,SUP-092,B-07-08,True,194,85
IN-2979-1532,Door trim panel Premium,Interior,3.64,3.64,3.64,RH,RH,ambient,False,SUP-008,Q-04-03,True,73,58
CH-1824-1533,Steering knuckle Gen 2,Chassis,9.03,9.03,9.03,RH,RH,ambient,False,SUP-182,JIS-07-06,True,158,80
FL-9420-1534,Brake fluid reservoir Premium,Fluids,16.48,16.48,16.48,RH,RH,ambient,False,SUP-091,A-12-06,True,125,49
PO-8550-1535,Torque converter Gen 2,Powertrain,20.68,20.68,20.68,LH,LH,ambient,False,SUP-124,B-07-10,True,115,51
CH-9843-1536,Wheel carrier LH,Chassis,12.58,12.58,12.58,LH,LH,ambient,False,SUP-136,HZ-02-14,True,76,30
PO-5068-1537,Clutch actuator Premium,Powertrain,19.45,19.45,19.45,LH,LH,ambient,False,SUP-128,B-07-12,True,111,59
FL-6745-1538,Washer concentrate Gen 2,Fluids,1.69,1.69,1.69,RH,RH,ambient,False,SUP-106,HZ-02-14,True,182,77
EL-4639-1539,ECU control module RH,Electronics,19.64,19.64,19.64,RH,RH,ambient,False,SUP-073,A-12-11,True,64,42
EL-7541-1540,Camera harness RH,Electronics,23.26,23.26,23.26,RH,RH,ambient,False,SUP-152,A-12-18,True,180,26
IN-2075-1541,Wiring harness assembly LH,Interior,3.09,3.09,3.09,RH,RH,ambient,False,SUP-135,A-12-09,True,135,79
EL-2111-1542,Camera harness Gen 2,Electronics,17.52,17.52,17.52,RH,RH,ambient,False,SUP-086,Q-04-17,True,127,42
PO-7697-1543,Clutch actuator Premium,Powertrain,6.75,6.75,6.75,LH,LH,ambient,False,SUP-125,JIS-07-01,True,202,30
IN-1485-1544,Wiring harness assembly Premium,Interior,5.6,5.6,5.6,RH,RH,ambient,False,SUP-030,HZ-02-03,True,105,87
CH-1425-1545,Brake line manifold RH,Chassis,2.02,2.02,2.02,LH,LH,ambient,False,SUP-111,HZ-02-06,True,157,66
EL-7204-1546,Camera harness Premium,Electronics,23.01,23.01,23.01,RH,RH,ambient,False,SUP-156,A-12-11,True,157,65
PO-6955-1547,Clutch actuator Gen 2,Powertrain,15.1,15.1,15.1,LH,LH,ambient,False,SUP-186,HZ-02-16,True,62,57
PO-8084-1548,Clutch actuator Premium,Powertrain,10.51,10.51,10.51,RH,RH,ambient,False,SUP-030,B-07-10,True,103,55
IN-6363-1549,Door trim panel LH,Interior,14.98,14.98,14.98,LH,LH,ambient,False,SUP-091,A-12-16,True,211,72
IN-4432-1550,Console module Premium,Interior,0.7,0.7,0.7,RH,RH,ambient,False,SUP-186,B-07-10,True,163,32
EL-2118-1551,Radar sensor Premium,Electronics,18.29,18.29,18.29,RH,RH,ambient,False,SUP-054,HZ-02-06,True,181,89
FL-7408-1552,Coolant additive Premium,Fluids,11.14,11.14,11.14,RH,RH,ambient,False,SUP-102,Q-04-18,True,84,89
CH-4747-1553,Brake line manifold LH,Chassis,8.81,8.81,8.81,LH,LH,ambient,False,SUP-179,A-12-02,True,172,32
EL-6524-1554,Power distribution unit LH,Electronics,22.16,22.16,22.16,RH,RH,ambient,False,SUP-184,JIS-07-14,True,79,39
PO-7506-1555,Fuel rail RH,Powertrain,1.82,1.82,1.82,LH,LH,ambient,False,SUP-174,JIS-07-04,True,60,82
EL-8418-1556,Radar sensor Premium,Electronics,18.7,18.7,18.7,RH,RH,ambient,False,SUP-015,HZ-02-16,True,160,89
EL-7632-1557,Camera harness Gen 2,Electronics,13.49,13.49,13.49,LH,LH,ambient,False,SUP-185,JIS-07-10,True,111,70
FL-5013-1558,Sealant cartridge LH,Fluids,16.63,16.63,16.63,RH,RH,hazmat,False,SUP-102,HZ-02-10,True,68,38
EL-5632-1559,ECU control module Premium,Electronics,14.79,14.79,14.79,RH,RH,ambient,False,SUP-103,B-07-01,True,211,61
IN-5982-1560,Seat rail LH,Interior,7.62,7.62,7.62,LH,LH,ambient,False,SUP-001,JIS-07-13,True,200,82
FL-6626-1561,Brake fluid reservoir LH,Fluids,16.59,16.59,16.59,RH,RH,ambient,False,SUP-058,JIS-07-08,True,149,40
EL-1096-1562,Radar sensor Premium,Electronics,16.26,16.26,16.26,LH,LH,ambient,False,SUP-020,A-12-11,True,172,47
EL-8394-1563,Power distribution unit LH,Electronics,2.33,2.33,2.33,RH,RH,ambient,False,SUP-199,A-12-03,True,78,44
FL-2527-1564,Coolant additive Gen 2,Fluids,2.41,2.41,2.41,LH,LH,ambient,False,SUP-075,A-12-03,True,141,28
IN-4397-1565,Seat rail LH,Interior,16.63,16.63,16.63,RH,RH,ambient,False,SUP-085,JIS-07-15,True,113,89
FL-1738-1566,Brake fluid reservoir Premium,Fluids,14.35,14.35,14.35,RH,RH,ambient,True,SUP-170,Q-04-12,True,79,67
IN-9176-1567,Seat rail Premium,Interior,2.97,2.97,2.97,RH,RH,ambient,False,SUP-097,A-12-11,True,98,53
EL-1404-1568,Power distribution unit Gen 2,Electronics,20.99,20.99,20.99,RH,RH,ambient,False,SUP-148,JIS-07-15,True,197,90
CH-6766-1569,Steering knuckle LH,Chassis,15.59,15.59,15.59,RH,RH,ambient,False,SUP-078,A-12-01,True,147,50
PO-8778-1570,Gear selector LH,Powertrain,22.48,22.48,22.48,RH,RH,ambient,False,SUP-119,A-12-06,True,214,47
CH-4304-1571,Control arm Premium,Chassis,21.14,21.14,21.14,LH,LH,ambient,False,SUP-140,B-07-10,True,145,78
IN-4009-1572,Seat rail LH,Interior,10.36,10.36,10.36,LH,LH,ambient,False,SUP-165,JIS-07-10,True,64,52
FL-4657-1573,Sealant cartridge LH,Fluids,3.83,3.83,3.83,RH,RH,hazmat,False,SUP-061,B-07-18,True,196,59
FL-4949-1574,Brake fluid reservoir Premium,Fluids,7.4,7.4,7.4,RH,RH,hazmat,False,SUP-037,A-12-02,True,154,29
FL-9518-1575,Coolant additive RH,Fluids,7.89,7.89,7.89,RH,RH,ambient,False,SUP-081,Q-04-14,True,181,32
PO-1494-1576,Clutch actuator Gen 2,Powertrain,10.05,10.05,10.05,RH,RH,ambient,False,SUP-189,B-07-09,True,165,71
FL-7543-1577,Coolant additive Premium,Fluids,17.97,17.97,17.97,RH,RH,hazmat,False,SUP-089,JIS-07-01,True,133,47
IN-9650-1578,Door trim panel Premium,Interior,4.33,4.33,4.33,RH,RH,ambient,False,SUP-081,A-12-09,True,182,37
PO-6728-1579,Gear selector Gen 2,Powertrain,16.66,16.66,16.66,RH,RH,ambient,False,SUP-139,Q-04-11,True,179,34
FL-8141-1580,Sealant cartridge LH,Fluids,21.92,21.92,21.92,RH,RH,ambient,False,SUP-118,Q-04-05,True,129,69
IN-7726-1581,Seat rail RH,Interior,7.99,7.99,7.99,RH,RH,ambient,False,SUP-063,JIS-07-09,True,133,38
CH-7473-1582,Wheel carrier Gen 2,Chassis,16.73,16.73,16.73,RH,RH,ambient,False,SUP-036,HZ-02-18,True,212,86
CH-9252-1583,Brake line manifold RH,Chassis,9.63,9.63,9.63,RH,RH,ambient,False,SUP-009,A-12-05,True,117,90
PO-7928-1584,Clutch actuator LH,Powertrain,8.28,8.28,8.28,RH,RH,ambient,False,SUP-136,B-07-05,True,162,60
FL-8644-1585,Brake fluid reservoir RH,Fluids,11.06,11.06,11.06,RH,RH,ambient,True,SUP-172,JIS-07-16,True,90,39
FL-2280-1586,Brake fluid reservoir Premium,Fluids,6.64,6.64,6.64,RH,RH,ambient,False,SUP-182,B-07-03,True,164,40
CH-9748-1587,Control arm Premium,Chassis,18.25,18.25,18.25,RH,RH,ambient,False,SUP-099,HZ-02-05,True,63,47
CH-4453-1588,Control arm Gen 2,Chassis,4.93,4.93,4.93,LH,LH,ambient,False,SUP-006,Q-04-17,True,126,48
FL-6918-1589,Brake fluid reservoir Premium,Fluids,24.31,24.31,24.31,RH,RH,hazmat,True,SUP-181,A-12-02,True,94,29
FL-4009-1590,Washer concentrate LH,Fluids,13.42,13.42,13.42,RH,RH,hazmat,False,SUP-073,A-12-01,False,127,25
PO-1470-1591,Fuel rail RH,Powertrain,11.68,11.68,11.68,RH,RH,ambient,False,SUP-118,HZ-02-08,True,218,71
IN-5204-1592,Console module Premium,Interior,17.0,17.0,17.0,RH,RH,ambient,False,SUP-040,A-12-10,True,209,52
FL-4934-1593,Coolant additive LH,Fluids,19.58,19.58,19.58,RH,RH,ambient,True,SUP-037,HZ-02-14,True,178,34
EL-5535-1594,ECU control module LH,Electronics,17.49,17.49,17.49,RH,RH,ambient,False,SUP-018,HZ-02-06,True,208,28
CH-1195-1595,Steering knuckle Premium,Chassis,6.96,6.96,6.96,LH,LH,ambient,False,SUP-117,B-07-11,True,83,51
CH-5787-1596,Brake line manifold LH,Chassis,5.96,5.96,5.96,LH,LH,ambient,False,SUP-063,Q-04-17,True,151,63
PO-6575-1597,Fuel rail RH,Powertrain,0.91,0.91,0.91,LH,LH,ambient,False,SUP-198,JIS-07-01,True,113,42
IN-4235-1598,Wiring harness assembly LH,Interior,17.24,17.24,17.24,RH,RH,ambient,False,SUP-045,A-12-02,True,140,75
PO-1779-1599,Clutch actuator LH,Powertrain,9.83,9.83,9.83,RH,RH,ambient,False,SUP-101,B-07-18,True,77,53
FL-4167-1600,Sealant cartridge RH,Fluids,24.05,24.05,24.05,LH,LH,ambient,False,SUP-163,A-12-16,True,107,42
EL-1812-1601,Camera harness Premium,Electronics,21.07,21.07,21.07,RH,RH,ambient,False,SUP-108,JIS-07-17,True,196,59
EL-4786-1602,Power distribution unit LH,Electronics,8.79,8.79,8.79,RH,RH,ambient,False,SUP-060,HZ-02-05,True,146,39
PO-4004-1603,Fuel rail RH,Powertrain,20.12,20.12,20.12,RH,RH,ambient,False,SUP-077,HZ-02-08,True,133,37
CH-9700-1604,Control arm RH,Chassis,20.07,20.07,20.07,RH,RH,ambient,False,SUP-108,B-07-10,True,140,59
CH-8686-1605,Wheel carrier RH,Chassis,14.7,14.7,14.7,RH,RH,ambient,False,SUP-158,JIS-07-12,True,117,68
EL-6682-1606,Power distribution unit Premium,Electronics,17.24,17.24,17.24,RH,RH,ambient,False,SUP-017,B-07-05,True,154,41
IN-6965-1607,Door trim panel Gen 2,Interior,21.8,21.8,21.8,LH,LH,ambient,False,SUP-194,HZ-02-12,True,173,41
IN-8427-1608,Console module RH,Interior,16.27,16.27,16.27,LH,LH,ambient,False,SUP-144,Q-04-15,True,159,62
FL-8798-1609,Coolant additive LH,Fluids,3.19,3.19,3.19,RH,RH,hazmat,True,SUP-124,Q-04-18,True,160,70
EL-5254-1610,ECU control module Gen 2,Electronics,1.62,1.62,1.62,RH,RH,ambient,False,SUP-082,JIS-07-02,True,211,41
CH-2067-1611,Control arm Gen 2,Chassis,12.3,12.3,12.3,RH,RH,ambient,False,SUP-077,B-07-13,True,112,74
CH-5345-1612,Brake line manifold Gen 2,Chassis,12.0,12.0,12.0,LH,LH,ambient,False,SUP-140,HZ-02-01,True,70,25
PO-8031-1613,Fuel rail Premium,Powertrain,6.09,6.09,6.09,LH,LH,ambient,False,SUP-181,JIS-07-12,True,62,44
CH-9712-1614,Steering knuckle Premium,Chassis,13.46,13.46,13.46,RH,RH,ambient,False,SUP-175,HZ-02-10,True,100,61
EL-7842-1615,Radar sensor RH,Electronics,11.31,11.31,11.31,LH,LH,ambient,False,SUP-077,A-12-11,True,142,49
IN-6194-1616,Console module LH,Interior,7.09,7.09,7.09,RH,RH,ambient,False,SUP-197,B-07-14,True,71,64
CH-1680-1617,Control arm Premium,Chassis,19.28,19.28,19.28,LH,LH,ambient,False,SUP-037,JIS-07-18,True,83,47
EL-7127-1618,Power distribution unit LH,Electronics,5.68,5.68,5.68,LH,LH,ambient,False,SUP-160,B-07-17,True,116,90
EL-3558-1619,Power distribution unit Premium,Electronics,22.63,22.63,22.63,RH,RH,ambient,False,SUP-043,A-12-01,True,148,49
IN-9296-1620,Wiring harness assembly Premium,Interior,3.97,3.97,3.97,LH,LH,ambient,False,SUP-043,HZ-02-16,True,102,80
EL-8779-1621,Radar sensor Premium,Electronics,21.64,21.64,21.64,RH,RH,ambient,False,SUP-091,B-07-18,True,217,56
CH-7222-1622,Control arm LH,Chassis,0.45,0.45,0.45,LH,LH,ambient,False,SUP-164,JIS-07-02,True,217,30
EL-9846-1623,ECU control module Gen 2,Electronics,4.85,4.85,4.85,LH,LH,ambient,False,SUP-038,A-12-03,True,150,51
FL-8034-1624,Washer concentrate LH,Fluids,2.83,2.83,2.83,LH,LH,ambient,False,SUP-053,B-07-02,True,69,76
EL-3115-1625,Radar sensor Gen 2,Electronics,19.45,19.45,19.45,RH,RH,ambient,False,SUP-094,Q-04-08,True,220,36
EL-5685-1626,Power distribution unit LH,Electronics,4.72,4.72,4.72,LH,LH,ambient,False,SUP-153,B-07-02,True,186,79
FL-5461-1627,Coolant additive LH,Fluids,18.74,18.74,18.74,LH,LH,hazmat,False,SUP-176,B-07-11,True,62,47
EL-8933-1628,Radar sensor LH,Electronics,12.16,12.16,12.16,LH,LH,ambient,False,SUP-183,JIS-07-04,True,163,85
IN-5781-1629,Seat rail Gen 2,Interior,18.99,18.99,18.99,LH,LH,ambient,False,SUP-004,B-07-13,True,84,62
PO-8003-1630,Torque converter LH,Powertrain,1.93,1.93,1.93,LH,LH,ambient,False,SUP-081,A-12-01,True,123,38
FL-2880-1631,Sealant cartridge Premium,Fluids,11.68,11.68,11.68,RH,RH,hazmat,False,SUP-138,B-07-04,True,88,84
EL-8555-1632,Camera harness LH,Electronics,1.86,1.86,1.86,RH,RH,ambient,False,SUP-186,A-12-05,True,101,35
FL-5927-1633,Sealant cartridge Premium,Fluids,15.32,15.32,15.32,LH,LH,hazmat,True,SUP-159,A-12-03,True,165,65
IN-4091-1634,Console module Premium,Interior,6.33,6.33,6.33,LH,LH,ambient,False,SUP-047,Q-04-03,True,192,55
PO-3964-1635,Clutch actuator LH,Powertrain,1.94,1.94,1.94,RH,RH,ambient,False,SUP-156,JIS-07-14,True,76,83
CH-3193-1636,Brake line manifold LH,Chassis,17.27,17.27,17.27,LH,LH,ambient,False,SUP-137,A-12-18,True,84,89
FL-5957-1637,Washer concentrate Gen 2,Fluids,9.31,9.31,9.31,RH,RH,hazmat,False,SUP-059,A-12-14,True,137,27
CH-1183-1638,Control arm Premium,Chassis,7.45,7.45,7.45,LH,LH,ambient,False,SUP-018,B-07-13,True,192,29
FL-9659-1639,Washer concentrate Gen 2,Fluids,11.64,11.64,11.64,LH,LH,hazmat,True,SUP-050,A-12-02,True,136,51
CH-9881-1640,Steering knuckle Gen 2,Chassis,1.54,1.54,1.54,RH,RH,ambient,False,SUP-127,A-12-14,True,162,51
FL-4062-1641,Sealant cartridge Gen 2,Fluids,2.7,2.7,2.7,LH,LH,ambient,False,SUP-158,Q-04-13,True,88,55
PO-4455-1642,Clutch actuator RH,Powertrain,14.14,14.14,14.14,RH,RH,ambient,False,SUP-085,JIS-07-17,True,61,28
PO-9818-1643,Fuel rail Premium,Powertrain,10.88,10.88,10.88,LH,LH,ambient,False,SUP-068,B-07-16,True,188,69
PO-4994-1644,Fuel rail Premium,Powertrain,17.34,17.34,17.34,LH,LH,ambient,False,SUP-171,B-07-12,True,149,59
EL-8687-1645,ECU control module RH,Electronics,5.44,5.44,5.44,LH,LH,ambient,False,SUP-125,A-12-15,True,138,75
EL-6536-1646,ECU control module LH,Electronics,8.31,8.31,8.31,LH,LH,ambient,False,SUP-109,B-07-16,True,177,42
PO-3988-1647,Clutch actuator Premium,Powertrain,10.94,10.94,10.94,LH,LH,ambient,False,SUP-083,B-07-08,True,196,78
PO-3411-1648,Torque converter LH,Powertrain,2.42,2.42,2.42,RH,RH,ambient,False,SUP-049,JIS-07-07,True,133,88
PO-5956-1649,Torque converter LH,Powertrain,8.0,8.0,8.0,LH,LH,ambient,False,SUP-053,Q-04-14,True,129,54
EL-3674-1650,Camera harness Premium,Electronics,12.95,12.95,12.95,RH,RH,ambient,False,SUP-102,JIS-07-05,True,211,58
CH-4850-1651,Control arm Premium,Chassis,16.73,16.73,16.73,RH,RH,ambient,False,SUP-110,Q-04-03,True,85,90
EL-6983-1652,Radar sensor Premium,Electronics,23.94,23.94,23.94,RH,RH,ambient,False,SUP-133,B-07-12,True,141,81
PO-2513-1653,Gear selector LH,Powertrain,7.16,7.16,7.16,RH,RH,ambient,False,SUP-022,JIS-07-17,True,217,60
PO-3824-1654,Fuel rail LH,Powertrain,23.49,23.49,23.49,LH,LH,ambient,False,SUP-144,JIS-07-07,True,144,87
IN-9551-1655,Seat rail Premium,Interior,7.47,7.47,7.47,LH,LH,ambient,False,SUP-004,A-12-17,True,142,85
PO-6098-1656,Torque converter Gen 2,Powertrain,1.85,1.85,1.85,LH,LH,ambient,False,SUP-117,Q-04-06,True,140,88
EL-2096-1657,Power distribution unit RH,Electronics,11.51,11.51,11.51,LH,LH,ambient,False,SUP-152,JIS-07-01,True,72,38
PO-7980-1658,Torque converter LH,Powertrain,2.83,2.83,2.83,RH,RH,ambient,False,SUP-152,B-07-04,True,182,53
CH-7788-1659,Wheel carrier Premium,Chassis,11.56,11.56,11.56,LH,LH,ambient,False,SUP-132,Q-04-11,True,62,52
FL-9397-1660,Washer concentrate RH,Fluids,16.25,16.25,16.25,LH,LH,ambient,False,SUP-168,B-07-18,True,74,41
CH-6829-1661,Control arm Premium,Chassis,11.69,11.69,11.69,LH,LH,ambient,False,SUP-164,Q-04-15,True,135,83
PO-2998-1662,Fuel rail LH,Powertrain,17.06,17.06,17.06,LH,LH,ambient,False,SUP-174,HZ-02-16,True,151,61
IN-7438-1663,Wiring harness assembly Gen 2,Interior,6.42,6.42,6.42,LH,LH,ambient,False,SUP-007,JIS-07-11,True,217,31
EL-3705-1664,Radar sensor Gen 2,Electronics,17.71,17.71,17.71,LH,LH,ambient,False,SUP-047,Q-04-13,True,165,35
FL-4761-1665,Washer concentrate Gen 2,Fluids,7.79,7.79,7.79,LH,LH,hazmat,True,SUP-060,B-07-07,True,155,59
CH-1822-1666,Steering knuckle Gen 2,Chassis,10.04,10.04,10.04,RH,RH,ambient,False,SUP-117,JIS-07-08,True,213,57
CH-8820-1667,Control arm LH,Chassis,4.87,4.87,4.87,RH,RH,ambient,False,SUP-059,HZ-02-05,True,130,25
IN-2426-1668,Door trim panel Gen 2,Interior,9.95,9.95,9.95,LH,LH,ambient,False,SUP-013,A-12-17,True,113,44
IN-3864-1669,Console module Premium,Interior,15.52,15.52,15.52,LH,LH,ambient,False,SUP-097,B-07-12,True,195,61
EL-7138-1670,Radar sensor LH,Electronics,19.86,19.86,19.86,RH,RH,ambient,False,SUP-176,A-12-12,True,203,53
FL-6824-1671,Sealant cartridge Gen 2,Fluids,7.89,7.89,7.89,RH,RH,ambient,True,SUP-109,HZ-02-17,True,195,25
CH-8028-1672,Brake line manifold Gen 2,Chassis,3.25,3.25,3.25,RH,RH,ambient,False,SUP-071,A-12-11,True,62,81
CH-3842-1673,Wheel carrier Premium,Chassis,13.59,13.59,13.59,LH,LH,ambient,False,SUP-051,Q-04-01,True,78,88
FL-2516-1674,Coolant additive LH,Fluids,21.47,21.47,21.47,LH,LH,ambient,False,SUP-018,A-12-11,True,220,89
CH-9807-1675,Wheel carrier Gen 2,Chassis,23.51,23.51,23.51,LH,LH,ambient,False,SUP-037,HZ-02-05,True,134,37
PO-5644-1676,Clutch actuator LH,Powertrain,4.24,4.24,4.24,LH,LH,ambient,False,SUP-135,Q-04-16,True,131,29
CH-3440-1677,Control arm LH,Chassis,16.95,16.95,16.95,LH,LH,ambient,False,SUP-114,A-12-10,True,206,73
FL-5164-1678,Washer concentrate Premium,Fluids,13.96,13.96,13.96,LH,LH,ambient,False,SUP-075,A-12-11,True,84,66
FL-5123-1679,Sealant cartridge RH,Fluids,13.56,13.56,13.56,RH,RH,ambient,True,SUP-188,HZ-02-16,True,173,63
FL-3337-1680,Washer concentrate Premium,Fluids,1.81,1.81,1.81,RH,RH,ambient,True,SUP-002,B-07-04,True,131,35
EL-1881-1681,Radar sensor LH,Electronics,16.86,16.86,16.86,LH,LH,ambient,False,SUP-193,Q-04-02,True,190,40
FL-4212-1682,Coolant additive Gen 2,Fluids,24.11,24.11,24.11,RH,RH,hazmat,False,SUP-200,A-12-11,True,115,52
PO-6449-1683,Gear selector RH,Powertrain,5.72,5.72,5.72,LH,LH,ambient,False,SUP-090,A-12-13,True,164,84
CH-6996-1684,Brake line manifold RH,Chassis,12.96,12.96,12.96,LH,LH,ambient,False,SUP-070,HZ-02-12,True,183,63
EL-6713-1685,Radar sensor Premium,Electronics,21.17,21.17,21.17,LH,LH,ambient,False,SUP-049,Q-04-11,True,165,54
CH-9945-1686,Steering knuckle RH,Chassis,23.64,23.64,23.64,RH,RH,ambient,False,SUP-033,A-12-14,True,148,44
FL-7618-1687,Coolant additive Premium,Fluids,4.67,4.67,4.67,RH,RH,ambient,False,SUP-121,Q-04-17,True,182,67
PO-8232-1688,Fuel rail Gen 2,Powertrain,24.05,24.05,24.05,LH,LH,ambient,False,SUP-063,B-07-14,True,135,70
EL-5201-1689,ECU control module RH,Electronics,4.83,4.83,4.83,LH,LH,ambient,False,SUP-151,JIS-07-04,True,158,68
PO-2111-1690,Clutch actuator RH,Powertrain,19.86,19.86,19.86,RH,RH,ambient,False,SUP-020,HZ-02-13,True,219,40
FL-8517-1691,Washer concentrate RH,Fluids,3.94,3.94,3.94,LH,LH,ambient,False,SUP-166,HZ-02-17,True,83,32
CH-1103-1692,Brake line manifold RH,Chassis,20.08,20.08,20.08,RH,RH,ambient,False,SUP-096,JIS-07-04,True,154,40
FL-6446-1693,Brake fluid reservoir Gen 2,Fluids,17.33,17.33,17.33,RH,RH,ambient,True,SUP-050,JIS-07-15,True,84,51
FL-4012-1694,Brake fluid reservoir RH,Fluids,18.4,18.4,18.4,LH,LH,ambient,True,SUP-188,JIS-07-04,True,178,31
FL-6191-1695,Washer concentrate RH,Fluids,20.12,20.12,20.12,LH,LH,ambient,True,SUP-099,Q-04-10,True,139,41
IN-1020-1696,Console module Premium,Interior,21.36,21.36,21.36,RH,RH,ambient,False,SUP-160,B-07-14,True,140,86
FL-2813-1697,Brake fluid reservoir Premium,Fluids,2.28,2.28,2.28,LH,LH,ambient,False,SUP-182,B-07-01,True,220,86
IN-1247-1698,Console module Premium,Interior,14.07,14.07,14.07,LH,LH,ambient,False,SUP-034,JIS-07-12,True,154,44
EL-6215-1699,ECU control module LH,Electronics,3.43,3.43,3.43,RH,RH,ambient,False,SUP-065,JIS-07-14,True,201,26
CH-3839-1700,Brake line manifold Premium,Chassis,17.82,17.82,17.82,RH,RH,ambient,False,SUP-184,Q-04-02,True,180,42
FL-5160-1701,Coolant additive RH,Fluids,16.13,16.13,16.13,RH,RH,ambient,True,SUP-186,B-07-11,True,127,88
EL-4218-1702,Power distribution unit RH,Electronics,24.1,24.1,24.1,RH,RH,ambient,False,SUP-061,JIS-07-07,True,132,85
CH-7668-1703,Control arm Premium,Chassis,19.48,19.48,19.48,RH,RH,ambient,False,SUP-041,B-07-01,True,109,80
FL-7417-1704,Washer concentrate Gen 2,Fluids,4.31,4.31,4.31,RH,RH,hazmat,False,SUP-025,JIS-07-14,True,60,66
FL-9594-1705,Brake fluid reservoir Gen 2,Fluids,6.1,6.1,6.1,LH,LH,ambient,True,SUP-174,HZ-02-10,True,208,48
FL-5139-1706,Sealant cartridge LH,Fluids,13.37,13.37,13.37,LH,LH,ambient,False,SUP-032,A-12-07,True,208,77
EL-9734-1707,Camera harness Premium,Electronics,21.57,21.57,21.57,LH,LH,ambient,False,SUP-190,Q-04-10,True,154,73
PO-1537-1708,Clutch actuator Premium,Powertrain,22.13,22.13,22.13,RH,RH,ambient,False,SUP-101,Q-04-06,True,123,50
IN-7632-1709,Console module RH,Interior,13.22,13.22,13.22,RH,RH,ambient,False,SUP-069,HZ-02-06,True,198,73
PO-3829-1710,Torque converter LH,Powertrain,22.7,22.7,22.7,LH,LH,ambient,False,SUP-124,Q-04-01,True,87,46
PO-5437-1711,Fuel rail LH,Powertrain,6.92,6.92,6.92,RH,RH,ambient,False,SUP-065,HZ-02-14,True,144,34
PO-6506-1712,Clutch actuator Premium,Powertrain,17.84,17.84,17.84,LH,LH,ambient,False,SUP-122,HZ-02-14,True,68,86
FL-9201-1713,Brake fluid reservoir RH,Fluids,14.96,14.96,14.96,RH,RH,ambient,True,SUP-190,B-07-04,True,190,68
IN-9941-1714,Console module RH,Interior,1.84,1.84,1.84,LH,LH,ambient,False,SUP-060,A-12-16,True,67,32
FL-4219-1715,Coolant additive Premium,Fluids,16.24,16.24,16.24,RH,RH,hazmat,True,SUP-073,HZ-02-04,True,165,57
FL-8449-1716,Brake fluid reservoir RH,Fluids,8.95,8.95,8.95,LH,LH,ambient,False,SUP-036,HZ-02-16,True,211,44
EL-6714-1717,Radar sensor LH,Electronics,12.4,12.4,12.4,RH,RH,ambient,False,SUP-175,HZ-02-16,True,74,71
IN-1329-1718,Door trim panel Premium,Interior,23.39,23.39,23.39,RH,RH,ambient,False,SUP-147,B-07-07,True,105,43
EL-5054-1719,Radar sensor LH,Electronics,23.45,23.45,23.45,RH,RH,ambient,False,SUP-088,B-07-16,True,169,72
IN-8501-1720,Wiring harness assembly LH,Interior,5.63,5.63,5.63,LH,LH,ambient,False,SUP-063,JIS-07-05,True,87,90
FL-3861-1721,Washer concentrate RH,Fluids,10.73,10.73,10.73,LH,LH,ambient,False,SUP-089,A-12-11,True,192,39
CH-8092-1722,Control arm Gen 2,Chassis,1.43,1.43,1.43,LH,LH,ambient,False,SUP-100,A-12-12,True,72,27
FL-9578-1723,Washer concentrate Gen 2,Fluids,12.29,12.29,12.29,LH,LH,hazmat,True,SUP-046,A-12-17,True,194,52
IN-9090-1724,Console module Premium,Interior,19.72,19.72,19.72,RH,RH,ambient,False,SUP-188,A-12-03,True,220,50
IN-6586-1725,Wiring harness assembly Premium,Interior,15.79,15.79,15.79,LH,LH,ambient,False,SUP-187,B-07-11,True,170,59
PO-5769-1726,Gear selector Gen 2,Powertrain,21.09,21.09,21.09,LH,LH,ambient,False,SUP-031,HZ-02-18,True,215,48
PO-4978-1727,Torque converter LH,Powertrain,12.21,12.21,12.21,LH,LH,ambient,False,SUP-108,B-07-01,True,83,28
EL-2193-1728,Power distribution unit Gen 2,Electronics,19.67,19.67,19.67,LH,LH,ambient,False,SUP-057,HZ-02-15,True,107,28
PO-3054-1729,Gear selector Premium,Powertrain,12.98,12.98,12.98,LH,LH,ambient,False,SUP-003,A-12-10,True,151,66
EL-2800-1730,ECU control module LH,Electronics,0.93,0.93,0.93,RH,RH,ambient,False,SUP-110,B-07-06,True,143,40
PO-3819-1731,Torque converter LH,Powertrain,8.98,8.98,8.98,LH,LH,ambient,False,SUP-126,A-12-07,True,132,58
EL-3784-1732,Radar sensor RH,Electronics,15.31,15.31,15.31,RH,RH,ambient,False,SUP-139,Q-04-07,True,88,79
IN-7860-1733,Seat rail RH,Interior,15.09,15.09,15.09,LH,LH,ambient,False,SUP-199,JIS-07-18,True,68,83
FL-9843-1734,Coolant additive LH,Fluids,21.65,21.65,21.65,RH,RH,ambient,False,SUP-046,B-07-16,True,155,82
CH-5846-1735,Control arm RH,Chassis,4.29,4.29,4.29,LH,LH,ambient,False,SUP-130,Q-04-06,True,139,25
FL-7578-1736,Brake fluid reservoir RH,Fluids,17.51,17.51,17.51,RH,RH,hazmat,False,SUP-197,A-12-11,True,172,62
IN-6130-1737,Console module Premium,Interior,20.08,20.08,20.08,RH,RH,ambient,False,SUP-171,B-07-09,True,213,32
FL-8215-1738,Brake fluid reservoir Gen 2,Fluids,23.91,23.91,23.91,RH,RH,ambient,True,SUP-109,A-12-06,True,172,49
EL-2632-1739,Camera harness Premium,Electronics,12.14,12.14,12.14,RH,RH,ambient,False,SUP-059,HZ-02-10,True,70,69
FL-2327-1740,Washer concentrate Premium,Fluids,20.48,20.48,20.48,LH,LH,ambient,False,SUP-163,HZ-02-06,True,121,60
CH-6981-1741,Control arm LH,Chassis,8.24,8.24,8.24,RH,RH,ambient,False,SUP-130,JIS-07-18,True,189,28
IN-1851-1742,Door trim panel RH,Interior,15.05,15.05,15.05,LH,LH,ambient,False,SUP-092,B-07-01,True,109,82
CH-2402-1743,Control arm Premium,Chassis,16.08,16.08,16.08,LH,LH,ambient,False,SUP-076,A-12-14,True,210,56
IN-9782-1744,Wiring harness assembly Gen 2,Interior,3.85,3.85,3.85,LH,LH,ambient,False,SUP-040,JIS-07-15,True,170,45
PO-7380-1745,Clutch actuator LH,Powertrain,16.81,16.81,16.81,LH,LH,ambient,False,SUP-038,B-07-12,True,181,45
PO-7479-1746,Torque converter Premium,Powertrain,2.49,2.49,2.49,RH,RH,ambient,False,SUP-071,B-07-14,True,162,58
PO-7987-1747,Clutch actuator Gen 2,Powertrain,23.32,23.32,23.32,RH,RH,ambient,False,SUP-151,Q-04-04,True,164,30
CH-9911-1748,Wheel carrier Premium,Chassis,17.37,17.37,17.37,RH,RH,ambient,False,SUP-145,HZ-02-07,True,162,67
EL-8261-1749,Camera harness RH,Electronics,4.44,4.44,4.44,RH,RH,ambient,False,SUP-156,B-07-02,True,199,89
FL-8211-1750,Coolant additive Premium,Fluids,18.4,18.4,18.4,RH,RH,ambient,False,SUP-149,B-07-18,True,105,31
PO-2279-1751,Gear selector Gen 2,Powertrain,0.97,0.97,0.97,RH,RH,ambient,False,SUP-193,A-12-18,True,127,59
PO-7320-1752,Fuel rail LH,Powertrain,8.94,8.94,8.94,LH,LH,ambient,False,SUP-105,B-07-14,True,133,26
CH-8963-1753,Control arm RH,Chassis,9.73,9.73,9.73,RH,RH,ambient,False,SUP-053,HZ-02-15,True,124,58
FL-6431-1754,Coolant additive Gen 2,Fluids,17.88,17.88,17.88,RH,RH,ambient,False,SUP-128,Q-04-13,True,86,36
IN-1306-1755,Door trim panel Premium,Interior,16.79,16.79,16.79,RH,RH,ambient,False,SUP-172,A-12-15,True,74,87
EL-7934-1756,Camera harness Premium,Electronics,0.55,0.55,0.55,LH,LH,ambient,False,SUP-009,Q-04-17,True,108,39
EL-3786-1757,Camera harness Premium,Electronics,21.69,21.69,21.69,LH,LH,ambient,False,SUP-069,Q-04-09,True,134,28
IN-8886-1758,Door trim panel LH,Interior,21.66,21.66,21.66,LH,LH,ambient,False,SUP-095,A-12-16,True,166,34
FL-6043-1759,Brake fluid reservoir Gen 2,Fluids,21.38,21.38,21.38,RH,RH,ambient,False,SUP-125,HZ-02-05,True,194,54
PO-1519-1760,Clutch actuator Premium,Powertrain,23.24,23.24,23.24,RH,RH,ambient,False,SUP-058,Q-04-08,True,115,27
CH-5075-1761,Steering knuckle LH,Chassis,6.82,6.82,6.82,LH,LH,ambient,False,SUP-196,HZ-02-02,True,122,43
IN-2453-1762,Wiring harness assembly LH,Interior,1.42,1.42,1.42,RH,RH,ambient,False,SUP-178,JIS-07-05,True,185,47
CH-3812-1763,Control arm RH,Chassis,12.96,12.96,12.96,LH,LH,ambient,False,SUP-099,B-07-07,True,85,58
EL-2311-1764,Power distribution unit Premium,Electronics,0.57,0.57,0.57,LH,LH,ambient,False,SUP-194,Q-04-13,True,179,39
CH-4274-1765,Control arm Gen 2,Chassis,12.35,12.35,12.35,RH,RH,ambient,False,SUP-172,B-07-10,True,123,57
EL-1622-1766,Radar sensor Premium,Electronics,9.59,9.59,9.59,LH,LH,ambient,False,SUP-068,B-07-03,True,207,88
IN-1152-1767,Wiring harness assembly LH,Interior,1.53,1.53,1.53,LH,LH,ambient,False,SUP-167,Q-04-13,True,144,90
IN-6345-1768,Console module LH,Interior,4.73,4.73,4.73,RH,RH,ambient,False,SUP-053,A-12-06,True,152,55
IN-8125-1769,Door trim panel Premium,Interior,7.81,7.81,7.81,LH,LH,ambient,False,SUP-064,HZ-02-11,True,93,26
FL-1623-1770,Coolant additive LH,Fluids,4.67,4.67,4.67,RH,RH,ambient,False,SUP-052,JIS-07-14,True,81,39
IN-2334-1771,Door trim panel RH,Interior,20.77,20.77,20.77,RH,RH,ambient,False,SUP-050,A-12-07,True,203,43
IN-6211-1772,Door trim panel LH,Interior,1.87,1.87,1.87,LH,LH,ambient,False,SUP-179,Q-04-07,True,168,48
CH-5544-1773,Control arm RH,Chassis,17.42,17.42,17.42,RH,RH,ambient,False,SUP-168,Q-04-16,True,134,69
EL-4459-1774,ECU control module RH,Electronics,11.78,11.78,11.78,LH,LH,ambient,False,SUP-074,HZ-02-06,True,215,75
IN-4971-1775,Console module Premium,Interior,3.13,3.13,3.13,RH,RH,ambient,False,SUP-179,HZ-02-17,True,190,89
CH-9005-1776,Wheel carrier Premium,Chassis,22.75,22.75,22.75,RH,RH,ambient,False,SUP-027,JIS-07-06,True,134,74
CH-9985-1777,Steering knuckle LH,Chassis,5.43,5.43,5.43,RH,RH,ambient,False,SUP-068,A-12-04,True,153,26
IN-3582-1778,Wiring harness assembly RH,Interior,14.44,14.44,14.44,LH,LH,ambient,False,SUP-131,Q-04-01,True,186,74
EL-1491-1779,ECU control module LH,Electronics,2.76,2.76,2.76,LH,LH,ambient,False,SUP-128,Q-04-06,True,149,72
FL-6719-1780,Sealant cartridge LH,Fluids,15.83,15.83,15.83,RH,RH,hazmat,True,SUP-065,HZ-02-12,True,188,85
FL-8640-1781,Brake fluid reservoir Gen 2,Fluids,17.24,17.24,17.24,LH,LH,ambient,False,SUP-041,B-07-09,True,94,61
CH-1774-1782,Wheel carrier RH,Chassis,15.73,15.73,15.73,LH,LH,ambient,False,SUP-098,HZ-02-08,True,203,90
PO-5417-1783,Fuel rail Premium,Powertrain,21.27,21.27,21.27,LH,LH,ambient,False,SUP-026,JIS-07-06,True,60,31
FL-1370-1784,Washer concentrate RH,Fluids,18.31,18.31,18.31,LH,LH,hazmat,True,SUP-108,B-07-07,True,201,54
IN-9249-1785,Console module Gen 2,Interior,7.74,7.74,7.74,RH,RH,ambient,False,SUP-131,A-12-18,True,167,46
EL-9790-1786,Radar sensor Gen 2,Electronics,3.43,3.43,3.43,LH,LH,ambient,False,SUP-005,A-12-08,True,133,37
FL-6054-1787,Brake fluid reservoir Gen 2,Fluids,7.63,7.63,7.63,RH,RH,hazmat,False,SUP-121,HZ-02-08,True,134,59
FL-2594-1788,Coolant additive Premium,Fluids,5.94,5.94,5.94,RH,RH,ambient,False,SUP-114,B-07-07,True,151,42
PO-9307-1789,Fuel rail LH,Powertrain,12.19,12.19,12.19,LH,LH,ambient,False,SUP-094,B-07-18,True,96,67
CH-5365-1790,Brake line manifold Premium,Chassis,18.04,18.04,18.04,LH,LH,ambient,False,SUP-100,B-07-10,True,207,74
EL-8992-1791,Radar sensor Premium,Electronics,7.82,7.82,7.82,LH,LH,ambient,False,SUP-034,Q-04-01,True,141,56
FL-2659-1792,Washer concentrate LH,Fluids,1.82,1.82,1.82,RH,RH,ambient,False,SUP-101,B-07-07,True,220,59
PO-4657-1793,Gear selector Gen 2,Powertrain,22.0,22.0,22.0,RH,RH,ambient,False,SUP-124,B-07-18,True,97,75
EL-8050-1794,ECU control module LH,Electronics,24.24,24.24,24.24,LH,LH,ambient,False,SUP-102,JIS-07-11,True,138,56
PO-7680-1795,Gear selector Gen 2,Powertrain,8.77,8.77,8.77,RH,RH,ambient,False,SUP-179,B-07-18,True,129,34
IN-6410-1796,Console module LH,Interior,14.85,14.85,14.85,RH,RH,ambient,False,SUP-158,HZ-02-06,True,101,39
IN-6157-1797,Door trim panel Premium,Interior,19.73,19.73,19.73,RH,RH,ambient,False,SUP-100,B-07-10,True,197,48
PO-5144-1798,Gear selector RH,Powertrain,21.84,21.84,21.84,RH,RH,ambient,False,SUP-175,Q-04-11,True,135,88
FL-9766-1799,Washer concentrate RH,Fluids,14.77,14.77,14.77,LH,LH,ambient,False,SUP-098,JIS-07-07,True,171,30
CH-5753-1800,Wheel carrier Gen 2,Chassis,12.54,12.54,12.54,RH,RH,ambient,False,SUP-020,B-07-07,True,76,69
EL-5236-1801,Power distribution unit Gen 2,Electronics,14.47,14.47,14.47,LH,LH,ambient,False,SUP-165,A-12-03,True,131,39
PO-8881-1802,Clutch actuator Premium,Powertrain,23.59,23.59,23.59,RH,RH,ambient,False,SUP-107,JIS-07-01,True,87,66
CH-6827-1803,Brake line manifold Gen 2,Chassis,1.42,1.42,1.42,RH,RH,ambient,False,SUP-128,HZ-02-11,True,200,65
CH-8262-1804,Control arm Gen 2,Chassis,17.32,17.32,17.32,LH,LH,ambient,False,SUP-096,Q-04-08,True,131,76
FL-4495-1805,Sealant cartridge Premium,Fluids,21.37,21.37,21.37,RH,RH,hazmat,True,SUP-089,B-07-02,True,85,75
IN-8851-1806,Seat rail Gen 2,Interior,9.43,9.43,9.43,RH,RH,ambient,False,SUP-196,HZ-02-17,True,108,51
EL-2866-1807,Radar sensor LH,Electronics,3.14,3.14,3.14,LH,LH,ambient,False,SUP-133,HZ-02-03,True,88,73
IN-6133-1808,Console module Gen 2,Interior,7.68,7.68,7.68,RH,RH,ambient,False,SUP-177,A-12-17,True,109,48
FL-2987-1809,Coolant additive RH,Fluids,0.45,0.45,0.45,LH,LH,hazmat,True,SUP-114,A-12-09,True,109,78
IN-4676-1810,Door trim panel LH,Interior,22.72,22.72,22.72,LH,LH,ambient,False,SUP-048,JIS-07-03,True,202,55
FL-7862-1811,Washer concentrate RH,Fluids,21.77,21.77,21.77,RH,RH,ambient,False,SUP-176,A-12-04,True,111,25
EL-6567-1812,Power distribution unit Premium,Electronics,17.0,17.0,17.0,LH,LH,ambient,False,SUP-198,JIS-07-09,True,122,55
EL-9182-1813,Power distribution unit Gen 2,Electronics,15.98,15.98,15.98,LH,LH,ambient,False,SUP-158,Q-04-04,True,105,87
CH-3303-1814,Wheel carrier Premium,Chassis,6.29,6.29,6.29,RH,RH,ambient,False,SUP-200,JIS-07-12,True,134,78
IN-8773-1815,Console module RH,Interior,15.34,15.34,15.34,RH,RH,ambient,False,SUP-156,JIS-07-16,True,135,35
PO-3075-1816,Torque converter Premium,Powertrain,8.95,8.95,8.95,RH,RH,ambient,False,SUP-092,B-07-03,True,192,51
FL-2057-1817,Sealant cartridge LH,Fluids,1.41,1.41,1.41,LH,LH,ambient,False,SUP-139,A-12-18,True,165,85
FL-5757-1818,Coolant additive Gen 2,Fluids,8.93,8.93,8.93,RH,RH,ambient,False,SUP-017,JIS-07-15,True,101,89
FL-8613-1819,Brake fluid reservoir LH,Fluids,23.94,23.94,23.94,RH,RH,ambient,True,SUP-183,HZ-02-05,True,98,81
IN-3938-1820,Console module Premium,Interior,5.96,5.96,5.96,RH,RH,ambient,False,SUP-013,Q-04-11,True,81,39
CH-5641-1821,Control arm Premium,Chassis,18.65,18.65,18.65,RH,RH,ambient,False,SUP-191,Q-04-06,True,160,43
CH-1638-1822,Steering knuckle Premium,Chassis,8.39,8.39,8.39,RH,RH,ambient,False,SUP-125,JIS-07-16,True,105,65
PO-4479-1823,Gear selector Gen 2,Powertrain,7.27,7.27,7.27,RH,RH,ambient,False,SUP-177,JIS-07-17,True,165,47
FL-4262-1824,Coolant additive Gen 2,Fluids,14.04,14.04,14.04,LH,LH,hazmat,True,SUP-077,B-07-12,True,212,60
PO-2799-1825,Gear selector LH,Powertrain,6.72,6.72,6.72,RH,RH,ambient,False,SUP-055,Q-04-08,True,179,74
FL-4072-1826,Washer concentrate Gen 2,Fluids,20.93,20.93,20.93,LH,LH,ambient,True,SUP-049,B-07-14,True,68,65
CH-4038-1827,Control arm Premium,Chassis,18.05,18.05,18.05,LH,LH,ambient,False,SUP-129,B-07-07,True,88,51
FL-6759-1828,Brake fluid reservoir Premium,Fluids,11.85,11.85,11.85,RH,RH,hazmat,False,SUP-111,JIS-07-13,True,132,34
FL-2403-1829,Sealant cartridge Gen 2,Fluids,7.46,7.46,7.46,LH,LH,ambient,False,SUP-057,Q-04-14,True,193,62
IN-8752-1830,Seat rail Gen 2,Interior,14.2,14.2,14.2,RH,RH,ambient,False,SUP-095,B-07-02,True,176,52
CH-3505-1831,Control arm Premium,Chassis,7.79,7.79,7.79,LH,LH,ambient,False,SUP-143,Q-04-07,True,116,33
FL-4322-1832,Coolant additive Gen 2,Fluids,18.97,18.97,18.97,LH,LH,hazmat,False,SUP-095,JIS-07-16,True,170,88
FL-2304-1833,Brake fluid reservoir Gen 2,Fluids,15.15,15.15,15.15,RH,RH,hazmat,False,SUP-173,Q-04-15,True,185,79
CH-5231-1834,Wheel carrier LH,Chassis,4.17,4.17,4.17,RH,RH,ambient,False,SUP-009,JIS-07-03,True,69,26
PO-2230-1835,Torque converter LH,Powertrain,22.4,22.4,22.4,LH,LH,ambient,False,SUP-192,JIS-07-12,True,118,65
CH-5037-1836,Brake line manifold LH,Chassis,15.7,15.7,15.7,RH,RH,ambient,False,SUP-160,B-07-16,True,132,71
EL-9267-1837,Camera harness LH,Electronics,9.25,9.25,9.25,RH,RH,ambient,False,SUP-111,JIS-07-06,True,78,59
EL-6564-1838,ECU control module Gen 2,Electronics,1.02,1.02,1.02,LH,LH,ambient,False,SUP-144,A-12-16,True,143,38
PO-2722-1839,Clutch actuator Gen 2,Powertrain,8.93,8.93,8.93,LH,LH,ambient,False,SUP-146,A-12-11,True,220,67
CH-3494-1840,Steering knuckle Gen 2,Chassis,4.63,4.63,4.63,RH,RH,ambient,False,SUP-107,HZ-02-05,True,139,84
FL-1128-1841,Coolant additive Premium,Fluids,16.33,16.33,16.33,RH,RH,ambient,True,SUP-171,A-12-16,True,81,50
EL-2696-1842,Camera harness LH,Electronics,2.78,2.78,2.78,RH,RH,ambient,False,SUP-153,HZ-02-07,True,74,90
PO-1586-1843,Fuel rail LH,Powertrain,2.64,2.64,2.64,LH,LH,ambient,False,SUP-095,Q-04-10,True,201,72
EL-9989-1844,Camera harness Gen 2,Electronics,16.01,16.01,16.01,RH,RH,ambient,False,SUP-065,JIS-07-04,True,96,42
EL-9804-1845,ECU control module RH,Electronics,11.69,11.69,11.69,RH,RH,ambient,False,SUP-104,B-07-13,True,188,52
PO-2569-1846,Fuel rail RH,Powertrain,10.83,10.83,10.83,LH,LH,ambient,False,SUP-152,Q-04-04,True,176,82
CH-5972-1847,Wheel carrier Gen 2,Chassis,13.02,13.02,13.02,RH,RH,ambient,False,SUP-158,HZ-02-15,True,81,90
EL-3916-1848,Camera harness Premium,Electronics,12.46,12.46,12.46,RH,RH,ambient,False,SUP-090,JIS-07-09,True,81,39
PO-4412-1849,Fuel rail LH,Powertrain,5.62,5.62,5.62,RH,RH,ambient,False,SUP-080,JIS-07-14,True,147,74
IN-3846-1850,Console module Gen 2,Interior,9.01,9.01,9.01,RH,RH,ambient,False,SUP-091,HZ-02-11,True,166,46
CH-7527-1851,Wheel carrier Premium,Chassis,18.0,18.0,18.0,RH,RH,ambient,False,SUP-102,JIS-07-14,True,125,63
CH-2644-1852,Brake line manifold Gen 2,Chassis,0.91,0.91,0.91,LH,LH,ambient,False,SUP-086,A-12-02,True,100,72
PO-1591-1853,Fuel rail LH,Powertrain,8.25,8.25,8.25,RH,RH,ambient,False,SUP-015,Q-04-17,True,116,87
PO-9462-1854,Clutch actuator Gen 2,Powertrain,0.9,0.9,0.9,RH,RH,ambient,False,SUP-097,HZ-02-10,True,168,50
PO-8786-1855,Torque converter Premium,Powertrain,6.84,6.84,6.84,LH,LH,ambient,False,SUP-193,Q-04-14,True,104,56
PO-5729-1856,Fuel rail Gen 2,Powertrain,23.37,23.37,23.37,RH,RH,ambient,False,SUP-150,HZ-02-03,True,139,64
FL-2679-1857,Washer concentrate Gen 2,Fluids,21.55,21.55,21.55,LH,LH,hazmat,False,SUP-072,B-07-05,True,98,75
IN-7925-1858,Wiring harness assembly Premium,Interior,7.03,7.03,7.03,LH,LH,ambient,False,SUP-110,HZ-02-05,True,98,56
FL-3309-1859,Coolant additive Premium,Fluids,21.65,21.65,21.65,LH,LH,ambient,True,SUP-095,A-12-13,True,201,70
EL-5768-1860,Camera harness Gen 2,Electronics,18.71,18.71,18.71,LH,LH,ambient,False,SUP-019,HZ-02-06,True,154,42
CH-5959-1861,Steering knuckle RH,Chassis,22.67,22.67,22.67,LH,LH,ambient,False,SUP-115,HZ-02-12,True,84,45
IN-8956-1862,Seat rail RH,Interior,13.16,13.16,13.16,RH,RH,ambient,False,SUP-116,A-12-03,True,171,81
IN-3020-1863,Wiring harness assembly RH,Interior,9.15,9.15,9.15,LH,LH,ambient,False,SUP-059,Q-04-01,True,168,66
IN-7093-1864,Console module Premium,Interior,16.81,16.81,16.81,RH,RH,ambient,False,SUP-123,HZ-02-11,True,78,88
EL-3286-1865,Camera harness Gen 2,Electronics,2.89,2.89,2.89,RH,RH,ambient,False,SUP-020,HZ-02-03,True,89,45
IN-9753-1866,Seat rail Gen 2,Interior,18.88,18.88,18.88,LH,LH,ambient,False,SUP-044,HZ-02-08,True,92,50
IN-1393-1867,Seat rail Gen 2,Interior,21.3,21.3,21.3,LH,LH,ambient,False,SUP-043,HZ-02-17,True,118,58
CH-3334-1868,Wheel carrier RH,Chassis,11.21,11.21,11.21,LH,LH,ambient,False,SUP-189,JIS-07-12,True,215,28
CH-5989-1869,Control arm RH,Chassis,0.61,0.61,0.61,RH,RH,ambient,False,SUP-015,B-07-15,True,149,70
CH-8917-1870,Brake line manifold RH,Chassis,13.96,13.96,13.96,RH,RH,ambient,False,SUP-129,HZ-02-13,True,154,89
PO-1885-1871,Torque converter Gen 2,Powertrain,7.19,7.19,7.19,LH,LH,ambient,False,SUP-145,HZ-02-14,True,201,56
IN-2830-1872,Seat rail Gen 2,Interior,9.81,9.81,9.81,RH,RH,ambient,False,SUP-118,Q-04-09,True,178,41
CH-2373-1873,Control arm RH,Chassis,20.2,20.2,20.2,LH,LH,ambient,False,SUP-169,Q-04-10,True,98,39
EL-4814-1874,Radar sensor LH,Electronics,10.83,10.83,10.83,RH,RH,ambient,False,SUP-051,JIS-07-09,True,65,71
FL-9964-1875,Washer concentrate RH,Fluids,21.15,21.15,21.15,RH,RH,ambient,True,SUP-198,JIS-07-03,True,189,65
EL-6260-1876,ECU control module RH,Electronics,3.12,3.12,3.12,LH,LH,ambient,False,SUP-182,Q-04-17,True,151,29
FL-3448-1877,Washer concentrate Premium,Fluids,10.73,10.73,10.73,LH,LH,ambient,True,SUP-052,A-12-16,True,205,40
CH-1891-1878,Steering knuckle Gen 2,Chassis,17.51,17.51,17.51,RH,RH,ambient,False,SUP-153,B-07-15,True,203,54
CH-1960-1879,Brake line manifold RH,Chassis,6.11,6.11,6.11,RH,RH,ambient,False,SUP-055,Q-04-16,True,206,69
IN-2552-1880,Door trim panel LH,Interior,18.7,18.7,18.7,RH,RH,ambient,False,SUP-059,B-07-11,True,197,80
EL-6359-1881,Radar sensor LH,Electronics,3.64,3.64,3.64,LH,LH,ambient,False,SUP-010,Q-04-02,True,109,41
IN-1399-1882,Seat rail Gen 2,Interior,16.62,16.62,16.62,LH,LH,ambient,False,SUP-176,A-12-10,True,71,80
EL-6386-1883,Camera harness RH,Electronics,17.05,17.05,17.05,LH,LH,ambient,False,SUP-082,Q-04-08,True,136,37
CH-3112-1884,Wheel carrier RH,Chassis,18.91,18.91,18.91,LH,LH,ambient,False,SUP-038,A-12-04,True,190,40
FL-5714-1885,Sealant cartridge Gen 2,Fluids,7.26,7.26,7.26,RH,RH,hazmat,True,SUP-072,A-12-01,True,63,26
EL-5243-1886,Radar sensor Premium,Electronics,19.02,19.02,19.02,LH,LH,ambient,False,SUP-195,A-12-03,True,104,82
EL-4425-1887,Camera harness LH,Electronics,2.03,2.03,2.03,LH,LH,ambient,False,SUP-124,JIS-07-13,True,143,87
IN-9244-1888,Console module Gen 2,Interior,21.34,21.34,21.34,LH,LH,ambient,False,SUP-063,Q-04-13,True,151,48
PO-2167-1889,Gear selector RH,Powertrain,6.84,6.84,6.84,RH,RH,ambient,False,SUP-103,JIS-07-04,True,197,49
FL-3383-1890,Sealant cartridge LH,Fluids,15.13,15.13,15.13,RH,RH,hazmat,False,SUP-185,A-12-12,True,206,34
EL-5495-1891,ECU control module LH,Electronics,16.26,16.26,16.26,LH,LH,ambient,False,SUP-138,Q-04-03,True,142,62
CH-8828-1892,Steering knuckle LH,Chassis,18.39,18.39,18.39,LH,LH,ambient,False,SUP-182,A-12-07,True,107,31
PO-4612-1893,Gear selector LH,Powertrain,10.11,10.11,10.11,RH,RH,ambient,False,SUP-049,B-07-15,True,198,28
PO-2104-1894,Gear selector Premium,Powertrain,17.23,17.23,17.23,LH,LH,ambient,False,SUP-022,HZ-02-15,True,207,78
IN-4972-1895,Seat rail LH,Interior,18.41,18.41,18.41,LH,LH,ambient,False,SUP-053,JIS-07-03,True,91,53
IN-4039-1896,Door trim panel RH,Interior,18.78,18.78,18.78,RH,RH,ambient,False,SUP-115,JIS-07-10,True,199,79
FL-9513-1897,Brake fluid reservoir RH,Fluids,0.58,0.58,0.58,LH,LH,hazmat,False,SUP-052,Q-04-05,True,119,54
PO-8089-1898,Torque converter LH,Powertrain,12.47,12.47,12.47,RH,RH,ambient,False,SUP-073,Q-04-03,True,99,38
PO-1445-1899,Clutch actuator RH,Powertrain,12.69,12.69,12.69,RH,RH,ambient,False,SUP-103,JIS-07-02,True,178,70
IN-3215-1900,Seat rail LH,Interior,1.66,1.66,1.66,LH,LH,ambient,False,SUP-015,B-07-17,True,107,41
CH-5007-1901,Steering knuckle Gen 2,Chassis,11.34,11.34,11.34,RH,RH,ambient,False,SUP-064,HZ-02-04,True,189,81
CH-5299-1902,Steering knuckle RH,Chassis,17.48,17.48,17.48,LH,LH,ambient,False,SUP-113,JIS-07-15,True,75,68
CH-3890-1903,Wheel carrier LH,Chassis,16.23,16.23,16.23,LH,LH,ambient,False,SUP-106,HZ-02-18,True,118,81
IN-3909-1904,Wiring harness assembly Premium,Interior,11.31,11.31,11.31,LH,LH,ambient,False,SUP-060,JIS-07-11,True,63,57
CH-5728-1905,Control arm LH,Chassis,19.24,19.24,19.24,RH,RH,ambient,False,SUP-066,A-12-17,True,215,41
CH-4944-1906,Brake line manifold LH,Chassis,17.65,17.65,17.65,RH,RH,ambient,False,SUP-001,Q-04-05,True,109,75
CH-2745-1907,Brake line manifold Gen 2,Chassis,3.06,3.06,3.06,RH,RH,ambient,False,SUP-043,B-07-12,True,215,41
PO-1469-1908,Gear selector Premium,Powertrain,6.57,6.57,6.57,RH,RH,ambient,False,SUP-045,HZ-02-06,True,116,74
FL-6145-1909,Coolant additive LH,Fluids,19.23,19.23,19.23,RH,RH,hazmat,False,SUP-071,JIS-07-10,True,85,53
PO-6391-1910,Fuel rail RH,Powertrain,23.32,23.32,23.32,RH,RH,ambient,False,SUP-015,HZ-02-16,True,200,70
PO-7424-1911,Gear selector Premium,Powertrain,13.4,13.4,13.4,RH,RH,ambient,False,SUP-159,HZ-02-18,True,165,47
IN-2973-1912,Seat rail RH,Interior,14.85,14.85,14.85,RH,RH,ambient,False,SUP-103,A-12-03,True,164,63
PO-9389-1913,Fuel rail Gen 2,Powertrain,1.85,1.85,1.85,LH,LH,ambient,False,SUP-031,A-12-08,True,125,68
FL-5390-1914,Coolant additive LH,Fluids,4.44,4.44,4.44,LH,LH,hazmat,False,SUP-151,B-07-18,True,188,88
FL-4900-1915,Brake fluid reservoir Gen 2,Fluids,18.74,18.74,18.74,LH,LH,ambient,False,SUP-046,B-07-04,True,69,77
EL-5938-1916,Camera harness Premium,Electronics,11.84,11.84,11.84,RH,RH,ambient,False,SUP-053,Q-04-14,True,137,42
IN-5111-1917,Console module LH,Interior,9.54,9.54,9.54,LH,LH,ambient,False,SUP-123,B-07-18,True,61,60
FL-9663-1918,Washer concentrate Premium,Fluids,12.07,12.07,12.07,RH,RH,ambient,False,SUP-145,Q-04-17,True,173,32
CH-2436-1919,Wheel carrier Premium,Chassis,0.76,0.76,0.76,RH,RH,ambient,False,SUP-077,JIS-07-03,True,110,74
FL-1598-1920,Sealant cartridge LH,Fluids,10.66,10.66,10.66,RH,RH,ambient,False,SUP-160,Q-04-14,True,94,33
EL-2921-1921,Power distribution unit RH,Electronics,21.49,21.49,21.49,RH,RH,ambient,False,SUP-069,HZ-02-04,True,79,71
PO-4145-1922,Torque converter LH,Powertrain,19.6,19.6,19.6,RH,RH,ambient,False,SUP-141,HZ-02-17,True,75,30
PO-1559-1923,Clutch actuator RH,Powertrain,10.06,10.06,10.06,LH,LH,ambient,False,SUP-173,HZ-02-05,True,154,52
IN-9062-1924,Door trim panel LH,Interior,8.77,8.77,8.77,RH,RH,ambient,False,SUP-021,HZ-02-09,True,113,38
CH-8683-1925,Steering knuckle Gen 2,Chassis,4.32,4.32,4.32,RH,RH,ambient,False,SUP-160,Q-04-17,True,167,90
PO-1884-1926,Torque converter Premium,Powertrain,19.66,19.66,19.66,LH,LH,ambient,False,SUP-096,B-07-15,True,165,52
IN-1454-1927,Door trim panel RH,Interior,12.47,12.47,12.47,LH,LH,ambient,False,SUP-128,HZ-02-14,True,72,53
PO-5166-1928,Fuel rail LH,Powertrain,20.31,20.31,20.31,RH,RH,ambient,False,SUP-061,JIS-07-04,True,103,51
EL-8062-1929,Radar sensor Gen 2,Electronics,9.24,9.24,9.24,RH,RH,ambient,False,SUP-047,A-12-14,True,70,88
FL-2635-1930,Brake fluid reservoir Premium,Fluids,20.44,20.44,20.44,RH,RH,hazmat,True,SUP-150,B-07-08,True,176,38
PO-7571-1931,Clutch actuator Premium,Powertrain,14.78,14.78,14.78,RH,RH,ambient,False,SUP-187,B-07-04,True,218,84
CH-7141-1932,Brake line manifold RH,Chassis,11.09,11.09,11.09,LH,LH,ambient,False,SUP-080,HZ-02-05,True,196,69
FL-6416-1933,Coolant additive Premium,Fluids,21.68,21.68,21.68,RH,RH,hazmat,True,SUP-142,HZ-02-11,True,84,88
PO-3028-1934,Fuel rail Premium,Powertrain,1.56,1.56,1.56,RH,RH,ambient,False,SUP-068,A-12-12,True,116,62
IN-5098-1935,Seat rail Gen 2,Interior,12.68,12.68,12.68,LH,LH,ambient,False,SUP-142,A-12-16,True,205,65
IN-9485-1936,Door trim panel Premium,Interior,4.26,4.26,4.26,LH,LH,ambient,False,SUP-143,HZ-02-01,True,194,87
FL-3813-1937,Washer concentrate Premium,Fluids,0.86,0.86,0.86,LH,LH,hazmat,False,SUP-155,JIS-07-15,True,164,43
FL-2916-1938,Coolant additive LH,Fluids,0.65,0.65,0.65,LH,LH,ambient,True,SUP-101,JIS-07-15,True,80,86
CH-8893-1939,Wheel carrier RH,Chassis,23.36,23.36,23.36,LH,LH,ambient,False,SUP-013,Q-04-01,True,139,33
CH-2370-1940,Steering knuckle Gen 2,Chassis,23.68,23.68,23.68,LH,LH,ambient,False,SUP-079,B-07-18,True,90,50
FL-9367-1941,Coolant additive LH,Fluids,21.74,21.74,21.74,RH,RH,ambient,True,SUP-099,HZ-02-05,True,85,81
CH-9930-1942,Brake line manifold Gen 2,Chassis,22.1,22.1,22.1,LH,LH,ambient,False,SUP-139,JIS-07-13,True,211,81
EL-2755-1943,Camera harness LH,Electronics,0.65,0.65,0.65,LH,LH,ambient,False,SUP-144,Q-04-01,True,115,80
CH-9502-1944,Control arm RH,Chassis,14.57,14.57,14.57,LH,LH,ambient,False,SUP-135,B-07-04,True,203,54
FL-2259-1945,Washer concentrate LH,Fluids,11.96,11.96,11.96,RH,RH,ambient,False,SUP-074,B-07-09,True,145,77
FL-5197-1946,Sealant cartridge Gen 2,Fluids,9.54,9.54,9.54,LH,LH,ambient,False,SUP-178,A-12-08,True,70,29
FL-6653-1947,Washer concentrate RH,Fluids,1.8,1.8,1.8,LH,LH,ambient,False,SUP-037,JIS-07-08,True,83,26
IN-4597-1948,Wiring harness assembly RH,Interior,19.46,19.46,19.46,RH,RH,ambient,False,SUP-187,HZ-02-04,True,102,29
PO-6186-1949,Fuel rail RH,Powertrain,16.77,16.77,16.77,LH,LH,ambient,False,SUP-095,Q-04-07,True,142,31
IN-8040-1950,Seat rail LH,Interior,3.37,3.37,3.37,RH,RH,ambient,False,SUP-096,Q-04-05,True,119,68
FL-6810-1951,Brake fluid reservoir Gen 2,Fluids,9.02,9.02,9.02,RH,RH,hazmat,False,SUP-014,A-12-07,True,203,36
IN-1669-1952,Wiring harness assembly Premium,Interior,21.42,21.42,21.42,RH,RH,ambient,False,SUP-008,Q-04-02,True,199,59
IN-4225-1953,Seat rail RH,Interior,1.43,1.43,1.43,LH,LH,ambient,False,SUP-006,JIS-07-03,True,178,69
PO-6335-1954,Clutch actuator RH,Powertrain,13.58,13.58,13.58,LH,LH,ambient,False,SUP-176,A-12-12,True,126,56
PO-5184-1955,Fuel rail LH,Powertrain,2.3,2.3,2.3,RH,RH,ambient,False,SUP-090,Q-04-10,True,161,52
FL-1925-1956,Coolant additive Gen 2,Fluids,6.88,6.88,6.88,RH,RH,ambient,False,SUP-032,HZ-02-06,True,130,48
EL-8322-1957,Power distribution unit Gen 2,Electronics,16.02,16.02,16.02,LH,LH,ambient,False,SUP-057,B-07-11,True,80,67
EL-5055-1958,ECU control module Premium,Electronics,23.01,23.01,23.01,LH,LH,ambient,False,SUP-153,Q-04-14,True,95,54
IN-9858-1959,Door trim panel Premium,Interior,12.64,12.64,12.64,LH,LH,ambient,False,SUP-200,A-12-01,True,199,90
EL-5157-1960,ECU control module LH,Electronics,6.34,6.34,6.34,RH,RH,ambient,False,SUP-073,A-12-16,True,204,41
EL-2811-1961,Camera harness Gen 2,Electronics,9.83,9.83,9.83,RH,RH,ambient,False,SUP-133,Q-04-17,True,172,83
CH-4760-1962,Brake line manifold Gen 2,Chassis,8.15,8.15,8.15,RH,RH,ambient,False,SUP-044,B-07-16,True,202,85
EL-4755-1963,ECU control module Premium,Electronics,23.54,23.54,23.54,LH,LH,ambient,False,SUP-078,A-12-17,True,96,44
EL-2283-1964,ECU control module RH,Electronics,5.72,5.72,5.72,LH,LH,ambient,False,SUP-034,Q-04-03,True,219,59
IN-3567-1965,Door trim panel Gen 2,Interior,4.8,4.8,4.8,RH,RH,ambient,False,SUP-061,B-07-17,True,195,79
FL-5489-1966,Washer concentrate Gen 2,Fluids,17.16,17.16,17.16,LH,LH,ambient,True,SUP-117,B-07-12,True,209,68
FL-4775-1967,Sealant cartridge Premium,Fluids,0.58,0.58,0.58,LH,LH,hazmat,True,SUP-096,A-12-18,True,205,26
IN-9287-1968,Wiring harness assembly RH,Interior,13.92,13.92,13.92,LH,LH,ambient,False,SUP-090,B-07-04,True,207,59
EL-9510-1969,ECU control module Gen 2,Electronics,17.55,17.55,17.55,RH,RH,ambient,False,SUP-098,A-12-05,True,130,74
FL-2446-1970,Washer concentrate LH,Fluids,16.76,16.76,16.76,RH,RH,ambient,True,SUP-119,Q-04-06,True,122,31
EL-7649-1971,ECU control module LH,Electronics,8.52,8.52,8.52,RH,RH,ambient,False,SUP-113,Q-04-05,True,125,35
FL-9748-1972,Brake fluid reservoir Premium,Fluids,19.82,19.82,19.82,LH,LH,hazmat,True,SUP-086,B-07-17,True,148,55
IN-1037-1973,Door trim panel LH,Interior,23.11,23.11,23.11,RH,RH,ambient,False,SUP-008,HZ-02-14,True,116,70
EL-8734-1974,Radar sensor Gen 2,Electronics,1.71,1.71,1.71,LH,LH,ambient,False,SUP-199,B-07-16,True,184,68
IN-6802-1975,Seat rail LH,Interior,16.25,16.25,16.25,LH,LH,ambient,False,SUP-181,HZ-02-03,True,199,77
IN-5108-1976,Seat rail LH,Interior,15.14,15.14,15.14,RH,RH,ambient,False,SUP-046,JIS-07-03,True,60,68
IN-7583-1977,Console module Gen 2,Interior,15.06,15.06,15.06,RH,RH,ambient,False,SUP-032,JIS-07-05,True,176,76
CH-4960-1978,Control arm RH,Chassis,18.15,18.15,18.15,RH,RH,ambient,False,SUP-185,HZ-02-16,True,197,46
EL-4106-1979,Power distribution unit RH,Electronics,22.96,22.96,22.96,RH,RH,ambient,False,SUP-035,HZ-02-05,True,115,71
PO-1693-1980,Fuel rail RH,Powertrain,4.51,4.51,4.51,LH,LH,ambient,False,SUP-038,A-12-16,True,76,56
IN-1272-1981,Door trim panel Gen 2,Interior,11.43,11.43,11.43,RH,RH,ambient,False,SUP-142,B-07-01,True,92,65
CH-4501-1982,Brake line manifold LH,Chassis,22.47,22.47,22.47,RH,RH,ambient,False,SUP-169,HZ-02-05,True,182,59
EL-3134-1983,Camera harness Premium,Electronics,23.51,23.51,23.51,RH,RH,ambient,False,SUP-193,HZ-02-14,True,209,88
PO-3744-1984,Clutch actuator Premium,Powertrain,17.31,17.31,17.31,RH,RH,ambient,False,SUP-119,Q-04-09,True,130,63
IN-3094-1985,Wiring harness assembly Premium,Interior,15.57,15.57,15.57,LH,LH,ambient,False,SUP-100,Q-04-17,True,140,66
PO-4255-1986,Fuel rail Gen 2,Powertrain,3.44,3.44,3.44,LH,LH,ambient,False,SUP-025,Q-04-09,True,197,82
EL-8080-1987,Camera harness Premium,Electronics,10.44,10.44,10.44,LH,LH,ambient,False,SUP-003,A-12-07,True,206,51
CH-7169-1988,Control arm LH,Chassis,20.8,20.8,20.8,LH,LH,ambient,False,SUP-078,JIS-07-01,True,143,68
IN-3200-1989,Door trim panel RH,Interior,20.69,20.69,20.69,RH,RH,ambient,False,SUP-071,Q-04-12,True,180,83
CH-6159-1990,Brake line manifold RH,Chassis,13.67,13.67,13.67,LH,LH,ambient,False,SUP-152,A-12-14,True,128,37
IN-9892-1991,Wiring harness assembly RH,Interior,4.38,4.38,4.38,RH,RH,ambient,False,SUP-128,HZ-02-11,True,66,58
EL-3848-1992,ECU control module RH,Electronics,17.55,17.55,17.55,RH,RH,ambient,False,SUP-085,HZ-02-14,True,120,57
EL-2703-1993,Radar sensor RH,Electronics,2.2,2.2,2.2,RH,RH,ambient,False,SUP-079,A-12-10,True,126,76
FL-7312-1994,Brake fluid reservoir Premium,Fluids,13.93,13.93,13.93,LH,LH,hazmat,True,SUP-144,B-07-17,True,206,71
CH-8017-1995,Brake line manifold LH,Chassis,9.73,9.73,9.73,LH,LH,ambient,False,SUP-024,A-12-12,True,148,54
CH-9824-1996,Control arm Gen 2,Chassis,9.36,9.36,9.36,RH,RH,ambient,False,SUP-113,JIS-07-15,True,116,46
EL-7666-1997,ECU control module LH,Electronics,8.76,8.76,8.76,RH,RH,ambient,False,SUP-069,B-07-14,True,82,34
IN-4201-1998,Wiring harness assembly LH,Interior,22.64,22.64,22.64,LH,LH,ambient,False,SUP-177,JIS-07-09,True,121,47
PO-9945-1999,Torque converter LH,Powertrain,11.32,11.32,11.32,LH,LH,ambient,False,SUP-165,HZ-02-10,True,114,82
PO-7989-2000,Torque converter Premium,Powertrain,19.2,19.2,19.2,RH,RH,ambient,False,SUP-005,A-12-09,True,103,54
CH-7289-2001,Control arm LH,Chassis,19.22,19.22,19.22,RH,RH,ambient,False,SUP-189,B-07-03,True,77,35
FL-6218-2002,Coolant additive LH,Fluids,21.31,21.31,21.31,LH,LH,hazmat,True,SUP-127,A-12-15,True,142,28
EL-1229-2003,Power distribution unit RH,Electronics,9.03,9.03,9.03,LH,LH,ambient,False,SUP-127,Q-04-14,True,212,46
FL-5147-2004,Sealant cartridge Gen 2,Fluids,4.85,4.85,4.85,LH,LH,ambient,False,SUP-107,JIS-07-04,True,107,72
IN-1299-2005,Wiring harness assembly RH,Interior,4.11,4.11,4.11,LH,LH,ambient,False,SUP-063,JIS-07-07,True,194,59
IN-5199-2006,Wiring harness assembly Gen 2,Interior,12.27,12.27,12.27,LH,LH,ambient,False,SUP-036,HZ-02-01,True,115,66
PO-5561-2007,Clutch actuator Gen 2,Powertrain,20.05,20.05,20.05,RH,RH,ambient,False,SUP-031,B-07-18,True,102,67
CH-7016-2008,Steering knuckle LH,Chassis,17.96,17.96,17.96,RH,RH,ambient,False,SUP-083,JIS-07-15,True,89,62
CH-9563-2009,Control arm Gen 2,Chassis,18.02,18.02,18.02,LH,LH,ambient,False,SUP-150,JIS-07-18,True,186,44
EL-7112-2010,Radar sensor Premium,Electronics,22.76,22.76,22.76,RH,RH,ambient,False,SUP-115,HZ-02-05,True,63,84
FL-6991-2011,Sealant cartridge Gen 2,Fluids,15.75,15.75,15.75,RH,RH,hazmat,True,SUP-146,B-07-05,True,192,71
EL-8742-2012,Camera harness Gen 2,Electronics,10.69,10.69,10.69,LH,LH,ambient,False,SUP-030,B-07-08,True,70,31
FL-4932-2013,Sealant cartridge Gen 2,Fluids,23.59,23.59,23.59,RH,RH,ambient,False,SUP-016,JIS-07-13,True,171,60
CH-8926-2014,Wheel carrier LH,Chassis,10.71,10.71,10.71,LH,LH,ambient,False,SUP-198,Q-04-13,True,118,64
PO-1706-2015,Clutch actuator LH,Powertrain,21.13,21.13,21.13,RH,RH,ambient,False,SUP-051,A-12-08,True,169,74
PO-1187-2016,Clutch actuator Premium,Powertrain,13.6,13.6,13.6,LH,LH,ambient,False,SUP-055,HZ-02-10,True,142,37
FL-5361-2017,Coolant additive LH,Fluids,4.88,4.88,4.88,LH,LH,ambient,False,SUP-048,JIS-07-12,True,63,54
FL-8041-2018,Sealant cartridge Gen 2,Fluids,14.35,14.35,14.35,LH,LH,ambient,False,SUP-021,A-12-08,True,122,48
FL-8948-2019,Sealant cartridge RH,Fluids,15.29,15.29,15.29,LH,LH,ambient,True,SUP-039,B-07-11,True,166,36
EL-2387-2020,Camera harness LH,Electronics,24.06,24.06,24.06,RH,RH,ambient,False,SUP-161,HZ-02-05,True,183,76
EL-6877-2021,ECU control module RH,Electronics,4.36,4.36,4.36,LH,LH,ambient,False,SUP-072,HZ-02-02,True,63,70
EL-2763-2022,ECU control module RH,Electronics,16.31,16.31,16.31,RH,RH,ambient,False,SUP-110,HZ-02-14,True,103,38
FL-1659-2023,Coolant additive RH,Fluids,4.6,4.6,4.6,RH,RH,ambient,True,SUP-181,Q-04-11,True,127,38
EL-9709-2024,Camera harness Gen 2,Electronics,12.56,12.56,12.56,RH,RH,ambient,False,SUP-012,B-07-12,True,162,81
FL-9420-2025,Brake fluid reservoir Premium,Fluids,3.43,3.43,3.43,RH,RH,ambient,False,SUP-183,JIS-07-10,True,159,84
CH-6925-2026,Brake line manifold LH,Chassis,8.02,8.02,8.02,LH,LH,ambient,False,SUP-024,B-07-03,True,166,27
FL-7858-2027,Washer concentrate Premium,Fluids,6.83,6.83,6.83,RH,RH,ambient,False,SUP-114,B-07-08,True,109,70
FL-6637-2028,Brake fluid reservoir Gen 2,Fluids,2.51,2.51,2.51,LH,LH,ambient,False,SUP-069,Q-04-01,True,84,42
IN-8499-2029,Console module LH,Interior,11.6,11.6,11.6,LH,LH,ambient,False,SUP-016,Q-04-11,True,174,61
IN-7845-2030,Console module LH,Interior,16.42,16.42,16.42,LH,LH,ambient,False,SUP-026,HZ-02-16,True,113,50
EL-7428-2031,ECU control module RH,Electronics,14.75,14.75,14.75,LH,LH,ambient,False,SUP-120,A-12-14,True,95,50
IN-9244-2032,Console module Premium,Interior,1.3,1.3,1.3,LH,LH,ambient,False,SUP-059,JIS-07-10,True,193,30
PO-1441-2033,Torque converter Premium,Powertrain,8.11,8.11,8.11,LH,LH,ambient,False,SUP-072,B-07-03,True,205,40
PO-3838-2034,Clutch actuator RH,Powertrain,5.21,5.21,5.21,RH,RH,ambient,False,SUP-062,HZ-02-13,True,92,89
IN-8932-2035,Door trim panel Premium,Interior,10.65,10.65,10.65,RH,RH,ambient,False,SUP-054,A-12-03,True,118,48
IN-7371-2036,Wiring harness assembly LH,Interior,11.64,11.64,11.64,LH,LH,ambient,False,SUP-014,Q-04-11,True,168,85
EL-7946-2037,Power distribution unit LH,Electronics,13.97,13.97,13.97,RH,RH,ambient,False,SUP-096,A-12-12,True,100,88
PO-8445-2038,Gear selector RH,Powertrain,10.11,10.11,10.11,RH,RH,ambient,False,SUP-115,HZ-02-10,True,193,75
EL-8368-2039,Power distribution unit Premium,Electronics,11.85,11.85,11.85,RH,RH,ambient,False,SUP-045,A-12-07,True,66,64
IN-8155-2040,Console module LH,Interior,11.64,11.64,11.64,RH,RH,ambient,False,SUP-198,Q-04-06,True,134,42
FL-5066-2041,Brake fluid reservoir LH,Fluids,9.04,9.04,9.04,RH,RH,ambient,True,SUP-045,HZ-02-18,True,104,80
PO-1105-2042,Gear selector Premium,Powertrain,5.44,5.44,5.44,RH,RH,ambient,False,SUP-150,Q-04-12,True,75,58
CH-2654-2043,Control arm RH,Chassis,18.53,18.53,18.53,LH,LH,ambient,False,SUP-108,HZ-02-03,True,67,34
EL-5336-2044,ECU control module Gen 2,Electronics,13.12,13.12,13.12,RH,RH,ambient,False,SUP-142,A-12-14,True,197,82
PO-8807-2045,Torque converter Gen 2,Powertrain,9.77,9.77,9.77,LH,LH,ambient,False,SUP-114,HZ-02-09,True,100,71
IN-7291-2046,Seat rail Premium,Interior,24.03,24.03,24.03,LH,LH,ambient,False,SUP-134,HZ-02-16,True,113,32
PO-3076-2047,Gear selector Gen 2,Powertrain,4.22,4.22,4.22,LH,LH,ambient,False,SUP-055,HZ-02-02,True,201,57
FL-8600-2048,Washer concentrate RH,Fluids,20.9,20.9,20.9,RH,RH,ambient,True,SUP-012,JIS-07-08,True,63,45
PO-6083-2049,Clutch actuator Premium,Powertrain,12.98,12.98,12.98,RH,RH,ambient,False,SUP-186,Q-04-08,True,182,59
CH-2643-2050,Steering knuckle Premium,Chassis,6.69,6.69,6.69,RH,RH,ambient,False,SUP-011,JIS-07-05,True,179,78
IN-5607-2051,Door trim panel LH,Interior,1.47,1.47,1.47,LH,LH,ambient,False,SUP-029,B-07-15,True,112,45
IN-6958-2052,Wiring harness assembly RH,Interior,7.87,7.87,7.87,LH,LH,ambient,False,SUP-110,A-12-15,True,66,56
EL-1790-2053,Power distribution unit Gen 2,Electronics,15.19,15.19,15.19,RH,RH,ambient,False,SUP-047,Q-04-11,True,97,25
CH-3801-2054,Steering knuckle LH,Chassis,14.42,14.42,14.42,RH,RH,ambient,False,SUP-011,B-07-17,True,165,49
IN-4770-2055,Console module Premium,Interior,2.71,2.71,2.71,RH,RH,ambient,False,SUP-156,HZ-02-05,True,61,30
CH-2188-2056,Brake line manifold Gen 2,Chassis,1.38,1.38,1.38,RH,RH,ambient,False,SUP-065,Q-04-13,True,92,76
IN-4411-2057,Console module LH,Interior,17.59,17.59,17.59,LH,LH,ambient,False,SUP-043,A-12-07,True,179,39
EL-8962-2058,Radar sensor Gen 2,Electronics,12.41,12.41,12.41,LH,LH,ambient,False,SUP-091,HZ-02-15,True,190,30
PO-3714-2059,Gear selector Gen 2,Powertrain,11.26,11.26,11.26,RH,RH,ambient,False,SUP-108,Q-04-04,True,90,35
EL-9546-2060,Radar sensor LH,Electronics,6.93,6.93,6.93,RH,RH,ambient,False,SUP-189,B-07-13,True,168,71
IN-1972-2061,Console module Premium,Interior,18.62,18.62,18.62,LH,LH,ambient,False,SUP-163,B-07-07,True,67,86
EL-2358-2062,Power distribution unit Gen 2,Electronics,23.99,23.99,23.99,LH,LH,ambient,False,SUP-111,A-12-12,True,186,30
FL-1113-2063,Coolant additive Gen 2,Fluids,2.26,2.26,2.26,RH,RH,hazmat,True,SUP-066,HZ-02-16,True,129,62
FL-3619-2064,Washer concentrate LH,Fluids,1.03,1.03,1.03,LH,LH,hazmat,True,SUP-200,JIS-07-17,True,190,25
PO-8644-2065,Clutch actuator LH,Powertrain,0.71,0.71,0.71,RH,RH,ambient,False,SUP-111,JIS-07-10,True,153,64
CH-1409-2066,Control arm RH,Chassis,11.85,11.85,11.85,LH,LH,ambient,False,SUP-105,A-12-05,True,139,59
FL-2973-2067,Coolant additive Premium,Fluids,10.47,10.47,10.47,RH,RH,hazmat,False,SUP-057,A-12-18,True,107,76
IN-8524-2068,Wiring harness assembly RH,Interior,7.23,7.23,7.23,LH,LH,ambient,False,SUP-156,HZ-02-16,True,185,51
CH-4306-2069,Steering knuckle RH,Chassis,20.24,20.24,20.24,RH,RH,ambient,False,SUP-019,B-07-02,True,202,46
PO-5153-2070,Fuel rail Premium,Powertrain,22.17,22.17,22.17,LH,LH,ambient,False,SUP-083,A-12-14,True,187,89
IN-7735-2071,Door trim panel RH,Interior,7.06,7.06,7.06,RH,RH,ambient,False,SUP-114,A-12-06,True,205,55
CH-4375-2072,Control arm Gen 2,Chassis,5.82,5.82,5.82,RH,RH,ambient,False,SUP-096,JIS-07-11,True,164,30
FL-5552-2073,Coolant additive Premium,Fluids,6.31,6.31,6.31,RH,RH,ambient,False,SUP-133,B-07-01,True,105,90
FL-5217-2074,Coolant additive Gen 2,Fluids,3.94,3.94,3.94,LH,LH,ambient,True,SUP-006,HZ-02-03,True,113,73
PO-4024-2075,Fuel rail Premium,Powertrain,13.28,13.28,13.28,RH,RH,ambient,False,SUP-121,B-07-06,True,124,41
PO-9026-2076,Fuel rail Gen 2,Powertrain,15.49,15.49,15.49,RH,RH,ambient,False,SUP-019,HZ-02-09,True,217,45
EL-3802-2077,Camera harness Gen 2,Electronics,11.26,11.26,11.26,RH,RH,ambient,False,SUP-196,JIS-07-18,True,178,30
FL-7073-2078,Coolant additive Gen 2,Fluids,2.98,2.98,2.98,LH,LH,ambient,False,SUP-015,HZ-02-02,True,81,68
PO-6990-2079,Torque converter Gen 2,Powertrain,19.75,19.75,19.75,LH,LH,ambient,False,SUP-092,Q-04-12,True,78,59
EL-4917-2080,Camera harness LH,Electronics,13.21,13.21,13.21,RH,RH,ambient,False,SUP-139,Q-04-16,True,202,76
EL-1285-2081,Camera harness Gen 2,Electronics,15.0,15.0,15.0,RH,RH,ambient,False,SUP-067,HZ-02-14,True,99,36
FL-7552-2082,Washer concentrate Gen 2,Fluids,10.92,10.92,10.92,LH,LH,ambient,False,SUP-039,B-07-02,True,129,75
IN-1419-2083,Seat rail RH,Interior,17.77,17.77,17.77,LH,LH,ambient,False,SUP-106,JIS-07-11,True,123,61
CH-5672-2084,Steering knuckle Gen 2,Chassis,16.95,16.95,16.95,RH,RH,ambient,False,SUP-067,HZ-02-14,True,160,34
PO-5897-2085,Torque converter RH,Powertrain,23.69,23.69,23.69,RH,RH,ambient,False,SUP-060,JIS-07-03,True,136,54
CH-8138-2086,Steering knuckle RH,Chassis,15.13,15.13,15.13,RH,RH,ambient,False,SUP-073,HZ-02-10,True,145,65
FL-6071-2087,Sealant cartridge Premium,Fluids,3.53,3.53,3.53,RH,RH,ambient,False,SUP-045,JIS-07-02,True,147,57
EL-7608-2088,Camera harness Premium,Electronics,12.4,12.4,12.4,RH,RH,ambient,False,SUP-181,JIS-07-09,True,214,26
EL-6436-2089,ECU control module Premium,Electronics,13.5,13.5,13.5,RH,RH,ambient,False,SUP-138,B-07-03,True,167,52
FL-9685-2090,Coolant additive Gen 2,Fluids,4.08,4.08,4.08,RH,RH,ambient,True,SUP-100,Q-04-09,True,200,88
FL-2774-2091,Washer concentrate LH,Fluids,2.84,2.84,2.84,LH,LH,ambient,True,SUP-199,B-07-02,True,168,44
CH-7777-2092,Control arm Premium,Chassis,17.04,17.04,17.04,LH,LH,ambient,False,SUP-070,HZ-02-17,True,139,89
FL-1618-2093,Washer concentrate Premium,Fluids,23.91,23.91,23.91,RH,RH,hazmat,False,SUP-136,HZ-02-07,True,100,52
EL-2124-2094,Camera harness Premium,Electronics,9.07,9.07,9.07,LH,LH,ambient,False,SUP-010,A-12-05,True,171,62
PO-2407-2095,Torque converter LH,Powertrain,5.25,5.25,5.25,LH,LH,ambient,False,SUP-134,B-07-06,True,199,69
IN-2095-2096,Console module Premium,Interior,18.41,18.41,18.41,LH,LH,ambient,False,SUP-008,B-07-02,True,119,27
IN-4797-2097,Door trim panel Premium,Interior,7.96,7.96,7.96,RH,RH,ambient,False,SUP-045,B-07-06,True,107,35
CH-5031-2098,Control arm Gen 2,Chassis,1.31,1.31,1.31,LH,LH,ambient,False,SUP-086,HZ-02-07,True,201,30
PO-9662-2099,Torque converter Premium,Powertrain,15.52,15.52,15.52,LH,LH,ambient,False,SUP-196,HZ-02-16,True,175,49
PO-1297-2100,Torque converter RH,Powertrain,14.85,14.85,14.85,RH,RH,ambient,False,SUP-169,JIS-07-17,True,114,36
PO-6282-2101,Gear selector Premium,Powertrain,1.99,1.99,1.99,RH,RH,ambient,False,SUP-144,B-07-13,True,100,77
IN-7761-2102,Door trim panel Gen 2,Interior,1.59,1.59,1.59,RH,RH,ambient,False,SUP-125,A-12-08,True,120,40
CH-9983-2103,Brake line manifold RH,Chassis,10.47,10.47,10.47,LH,LH,ambient,False,SUP-052,HZ-02-05,True,97,25
FL-2703-2104,Coolant additive RH,Fluids,15.49,15.49,15.49,LH,LH,ambient,False,SUP-117,JIS-07-11,True,116,37
IN-3205-2105,Console module Gen 2,Interior,22.09,22.09,22.09,RH,RH,ambient,False,SUP-184,B-07-11,True,203,65
PO-7068-2106,Fuel rail Gen 2,Powertrain,22.18,22.18,22.18,RH,RH,ambient,False,SUP-140,JIS-07-11,True,66,77
CH-6400-2107,Steering knuckle Premium,Chassis,4.14,4.14,4.14,LH,LH,ambient,False,SUP-072,B-07-17,True,73,37
FL-4332-2108,Brake fluid reservoir LH,Fluids,19.39,19.39,19.39,LH,LH,ambient,False,SUP-112,HZ-02-04,True,163,87
CH-3102-2109,Brake line manifold RH,Chassis,12.34,12.34,12.34,LH,LH,ambient,False,SUP-175,A-12-12,True,77,80
FL-5451-2110,Washer concentrate LH,Fluids,17.38,17.38,17.38,RH,RH,ambient,False,SUP-109,JIS-07-05,True,106,81
PO-2198-2111,Clutch actuator Premium,Powertrain,0.96,0.96,0.96,RH,RH,ambient,False,SUP-145,Q-04-17,True,121,62
EL-3565-2112,Power distribution unit Premium,Electronics,5.62,5.62,5.62,LH,LH,ambient,False,SUP-115,Q-04-14,True,97,65
EL-9913-2113,Radar sensor LH,Electronics,17.74,17.74,17.74,LH,LH,ambient,False,SUP-134,HZ-02-04,True,87,38
IN-6717-2114,Seat rail Premium,Interior,1.5,1.5,1.5,LH,LH,ambient,False,SUP-030,B-07-14,True,131,61
EL-6465-2115,ECU control module Gen 2,Electronics,2.01,19.07,2.01,LH,LH,ambient,False,SUP-140,B-07-15,True,194,34
PO-9257-2116,Gear selector Premium,Powertrain,0.99,0.99,0.99,LH,LH,ambient,False,SUP-040,Q-04-13,True,206,27
PO-6592-2117,Clutch actuator LH,Powertrain,23.52,23.52,23.52,RH,RH,ambient,False,SUP-130,Q-04-09,True,219,39
PO-6497-2118,Clutch actuator Gen 2,Powertrain,1.89,1.89,1.89,LH,LH,ambient,False,SUP-040,HZ-02-02,True,154,53
IN-9346-2119,Wiring harness assembly LH,Interior,21.74,21.74,21.74,LH,LH,ambient,False,SUP-064,B-07-10,True,76,32
IN-4766-2120,Seat rail LH,Interior,20.71,20.71,20.71,RH,RH,ambient,False,SUP-193,A-12-18,True,187,77
FL-5833-2121,Sealant cartridge RH,Fluids,9.28,9.28,9.28,LH,LH,hazmat,True,SUP-087,Q-04-13,True,132,34
FL-5504-2122,Washer concentrate LH,Fluids,1.93,1.93,1.93,RH,RH,ambient,True,SUP-072,A-12-15,True,180,75
FL-9162-2123,Sealant cartridge RH,Fluids,2.46,2.46,2.46,LH,LH,ambient,True,SUP-199,A-12-09,True,114,80
PO-4322-2124,Fuel rail Gen 2,Powertrain,0.49,0.49,0.49,LH,LH,ambient,False,SUP-113,HZ-02-12,True,133,78
CH-5278-2125,Steering knuckle RH,Chassis,5.72,5.72,5.72,RH,RH,ambient,False,SUP-171,JIS-07-08,True,116,62
CH-5731-2126,Brake line manifold Gen 2,Chassis,20.88,20.88,20.88,LH,LH,ambient,False,SUP-095,B-07-15,True,81,72
EL-8271-2127,Camera harness Gen 2,Electronics,11.57,11.57,11.57,RH,RH,ambient,False,SUP-121,JIS-07-10,True,173,87
CH-9828-2128,Steering knuckle RH,Chassis,22.71,22.71,22.71,LH,LH,ambient,False,SUP-186,JIS-07-02,True,98,55
IN-3565-2129,Console module Premium,Interior,6.68,6.68,6.68,LH,LH,ambient,False,SUP-199,JIS-07-07,True,159,40
FL-4086-2130,Coolant additive LH,Fluids,3.85,3.85,3.85,RH,RH,ambient,True,SUP-124,B-07-14,True,166,78
CH-8997-2131,Wheel carrier Gen 2,Chassis,10.37,10.37,10.37,RH,RH,ambient,False,SUP-080,JIS-07-11,True,76,90
CH-4529-2132,Wheel carrier Premium,Chassis,19.34,19.34,19.34,RH,RH,ambient,False,SUP-117,A-12-08,True,208,32
FL-2769-2133,Coolant additive RH,Fluids,10.06,10.06,10.06,RH,RH,ambient,False,SUP-170,HZ-02-16,True,92,84
IN-3791-2134,Wiring harness assembly LH,Interior,5.09,5.09,5.09,RH,RH,ambient,False,SUP-060,JIS-07-06,True,133,49
FL-4345-2135,Coolant additive LH,Fluids,15.43,15.43,15.43,RH,RH,ambient,True,SUP-119,Q-04-10,True,73,35
EL-1357-2136,Camera harness LH,Electronics,9.96,9.96,9.96,LH,LH,ambient,False,SUP-053,Q-04-03,True,89,60
FL-1984-2137,Washer concentrate Gen 2,Fluids,20.52,20.52,20.52,LH,LH,ambient,True,SUP-090,A-12-16,True,78,29
CH-1161-2138,Steering knuckle LH,Chassis,14.69,14.69,14.69,RH,RH,ambient,False,SUP-135,A-12-13,True,202,45
IN-2195-2139,Wiring harness assembly RH,Interior,7.31,7.31,7.31,LH,LH,ambient,False,SUP-147,A-12-06,True,102,41
IN-7280-2140,Wiring harness assembly LH,Interior,19.26,19.26,19.26,LH,LH,ambient,False,SUP-164,B-07-15,True,105,61
CH-1250-2141,Control arm LH,Chassis,15.01,15.01,15.01,RH,RH,ambient,False,SUP-147,JIS-07-11,True,219,50
IN-7464-2142,Wiring harness assembly RH,Interior,12.06,12.06,12.06,LH,LH,ambient,False,SUP-091,HZ-02-03,True,180,66
FL-2096-2143,Brake fluid reservoir Gen 2,Fluids,9.9,9.9,9.9,RH,RH,hazmat,False,SUP-183,JIS-07-05,True,166,86
EL-3458-2144,Radar sensor RH,Electronics,11.34,11.34,11.34,RH,RH,ambient,False,SUP-082,A-12-11,True,157,37
CH-9066-2145,Steering knuckle Premium,Chassis,14.86,14.86,14.86,LH,LH,ambient,False,SUP-122,B-07-15,True,74,66
FL-8487-2146,Brake fluid reservoir Premium,Fluids,7.15,7.15,7.15,RH,RH,ambient,True,SUP-131,HZ-02-10,True,213,46
FL-5863-2147,Sealant cartridge Gen 2,Fluids,17.07,17.07,17.07,LH,LH,ambient,True,SUP-122,Q-04-08,True,214,36
FL-8896-2148,Coolant additive LH,Fluids,4.39,4.39,4.39,RH,RH,ambient,True,SUP-132,HZ-02-14,True,206,27
EL-7089-2149,ECU control module Gen 2,Electronics,2.88,2.88,2.88,LH,LH,ambient,False,SUP-169,Q-04-02,True,99,39
FL-3437-2150,Brake fluid reservoir Gen 2,Fluids,7.79,7.79,7.79,LH,LH,ambient,False,SUP-138,Q-04-09,True,122,65
EL-5666-2151,ECU control module RH,Electronics,7.19,7.19,7.19,LH,LH,ambient,False,SUP-021,HZ-02-16,True,118,69
PO-1006-2152,Clutch actuator Premium,Powertrain,1.39,1.39,1.39,RH,RH,ambient,False,SUP-090,JIS-07-04,True,116,30
FL-9175-2153,Sealant cartridge Premium,Fluids,7.65,7.65,7.65,LH,LH,ambient,False,SUP-073,JIS-07-18,True,162,82
CH-2755-2154,Wheel carrier Gen 2,Chassis,10.7,10.7,10.7,RH,RH,ambient,False,SUP-060,B-07-16,True,180,50
FL-5992-2155,Washer concentrate Gen 2,Fluids,8.33,8.33,8.33,RH,RH,ambient,False,SUP-149,A-12-07,True,160,27
FL-3776-2156,Washer concentrate LH,Fluids,3.41,3.41,3.41,RH,RH,ambient,True,SUP-135,B-07-03,True,81,55
IN-6072-2157,Door trim panel Premium,Interior,16.43,16.43,16.43,LH,LH,ambient,False,SUP-084,HZ-02-15,True,158,39
FL-7422-2158,Sealant cartridge RH,Fluids,5.51,5.51,5.51,RH,RH,hazmat,False,SUP-179,A-12-03,True,122,27
EL-3085-2159,Camera harness LH,Electronics,18.62,18.62,18.62,RH,RH,ambient,False,SUP-155,B-07-09,True,110,56
FL-3494-2160,Sealant cartridge LH,Fluids,12.22,12.22,12.22,LH,LH,ambient,False,SUP-175,B-07-01,True,168,28
EL-2308-2161,Camera harness Premium,Electronics,20.29,20.29,20.29,RH,RH,ambient,False,SUP-135,A-12-03,True,191,60
FL-1289-2162,Washer concentrate Premium,Fluids,14.69,14.69,14.69,LH,LH,ambient,False,SUP-048,Q-04-13,True,144,85
IN-9386-2163,Wiring harness assembly Gen 2,Interior,11.78,11.78,11.78,LH,LH,ambient,False,SUP-147,B-07-07,True,192,30
PO-3916-2164,Clutch actuator LH,Powertrain,16.77,16.77,16.77,LH,LH,ambient,False,SUP-003,B-07-05,True,187,32
IN-9318-2165,Door trim panel LH,Interior,2.65,2.65,2.65,LH,LH,ambient,False,SUP-163,Q-04-16,True,65,82
EL-8975-2166,Camera harness RH,Electronics,4.56,4.56,4.56,RH,RH,ambient,False,SUP-004,A-12-08,True,181,58
CH-2878-2167,Wheel carrier RH,Chassis,8.36,8.36,8.36,RH,RH,ambient,False,SUP-012,A-12-03,True,171,49
FL-2282-2168,Brake fluid reservoir Premium,Fluids,22.23,22.23,22.23,RH,RH,ambient,True,SUP-054,HZ-02-08,True,157,68
IN-5055-2169,Door trim panel Premium,Interior,8.04,8.04,8.04,LH,LH,ambient,False,SUP-115,B-07-16,True,134,67
PO-9980-2170,Clutch actuator Gen 2,Powertrain,17.44,17.44,17.44,LH,LH,ambient,False,SUP-171,A-12-07,True,132,55
EL-8543-2171,Power distribution unit LH,Electronics,6.81,6.81,6.81,LH,LH,ambient,False,SUP-148,Q-04-17,True,196,40
PO-2654-2172,Fuel rail Gen 2,Powertrain,14.09,14.09,14.09,LH,LH,ambient,False,SUP-121,JIS-07-03,True,69,40
FL-6840-2173,Sealant cartridge LH,Fluids,21.73,21.73,21.73,RH,RH,ambient,True,SUP-064,B-07-05,True,161,84
IN-8985-2174,Wiring harness assembly Gen 2,Interior,17.14,17.14,17.14,LH,LH,ambient,False,SUP-064,A-12-18,True,128,44
IN-5223-2175,Door trim panel Gen 2,Interior,21.91,21.91,21.91,RH,RH,ambient,False,SUP-154,A-12-05,True,143,46
PO-4589-2176,Fuel rail RH,Powertrain,19.42,19.42,19.42,LH,LH,ambient,False,SUP-199,B-07-13,True,153,74
EL-2136-2177,Radar sensor Premium,Electronics,6.22,6.22,6.22,RH,RH,ambient,False,SUP-177,HZ-02-13,True,180,35
PO-1196-2178,Fuel rail Gen 2,Powertrain,16.09,16.09,16.09,LH,LH,ambient,False,SUP-030,B-07-04,True,220,53
IN-9838-2179,Wiring harness assembly LH,Interior,22.13,22.13,22.13,RH,RH,ambient,False,SUP-195,B-07-04,True,174,30
PO-1242-2180,Gear selector RH,Powertrain,2.0,2.0,2.0,RH,RH,ambient,False,SUP-045,Q-04-05,True,160,82
IN-9861-2181,Seat rail RH,Interior,6.27,6.27,6.27,LH,LH,ambient,False,SUP-041,HZ-02-06,True,203,50
PO-3764-2182,Gear selector RH,Powertrain,5.75,5.75,5.75,LH,LH,ambient,False,SUP-113,HZ-02-06,True,105,81
IN-5516-2183,Door trim panel Premium,Interior,17.45,17.45,17.45,RH,RH,ambient,False,SUP-086,B-07-18,True,109,74
FL-6180-2184,Sealant cartridge Gen 2,Fluids,19.71,19.71,19.71,LH,LH,hazmat,False,SUP-022,JIS-07-16,True,176,42
IN-2199-2185,Wiring harness assembly Gen 2,Interior,8.07,8.07,8.07,LH,LH,ambient,False,SUP-173,HZ-02-02,True,204,79
EL-6359-2186,Radar sensor RH,Electronics,3.96,3.96,3.96,RH,RH,ambient,False,SUP-185,A-12-08,True,209,88
FL-9068-2187,Coolant additive LH,Fluids,18.72,18.72,18.72,RH,RH,ambient,False,SUP-072,B-07-14,True,161,68
PO-1975-2188,Torque converter Gen 2,Powertrain,0.44,0.44,0.44,RH,RH,ambient,False,SUP-022,A-12-04,True,202,90
PO-4331-2189,Gear selector Premium,Powertrain,23.13,23.13,23.13,RH,RH,ambient,False,SUP-078,A-12-18,True,128,43
PO-3296-2190,Torque converter RH,Powertrain,12.19,12.19,12.19,RH,RH,ambient,False,SUP-065,HZ-02-03,True,99,41
PO-2000-2191,Clutch actuator Premium,Powertrain,20.09,20.09,20.09,LH,LH,ambient,False,SUP-081,A-12-08,True,126,69
IN-2138-2192,Wiring harness assembly Premium,Interior,20.27,20.27,20.27,RH,RH,ambient,False,SUP-067,B-07-16,True,159,31
FL-9894-2193,Coolant additive Premium,Fluids,10.59,10.59,10.59,RH,RH,ambient,True,SUP-143,B-07-14,True,170,33
PO-6355-2194,Fuel rail LH,Powertrain,15.55,15.55,15.55,LH,LH,ambient,False,SUP-008,JIS-07-10,True,209,57
CH-9182-2195,Steering knuckle LH,Chassis,18.46,18.46,18.46,RH,RH,ambient,False,SUP-049,A-12-17,True,75,29
IN-3862-2196,Seat rail Premium,Interior,2.59,2.59,2.59,RH,RH,ambient,False,SUP-100,A-12-11,True,129,88
FL-5040-2197,Sealant cartridge RH,Fluids,15.94,15.94,15.94,LH,LH,ambient,True,SUP-116,Q-04-14,True,94,87
CH-9488-2198,Brake line manifold RH,Chassis,15.24,15.24,15.24,LH,LH,ambient,False,SUP-094,A-12-12,True,93,37
FL-5340-2199,Washer concentrate Premium,Fluids,7.62,7.62,7.62,LH,LH,hazmat,True,SUP-025,A-12-15,True,74,44
CH-3945-2200,Steering knuckle RH,Chassis,18.78,18.78,18.78,LH,LH,ambient,False,SUP-079,Q-04-05,True,61,68
PO-8601-2201,Fuel rail LH,Powertrain,14.95,14.95,14.95,RH,RH,ambient,False,SUP-156,Q-04-16,True,110,88
EL-6402-2202,Radar sensor Gen 2,Electronics,11.76,11.76,11.76,RH,RH,ambient,False,SUP-075,A-12-17,True,161,74
FL-3886-2203,Sealant cartridge Premium,Fluids,17.95,17.95,17.95,RH,RH,ambient,False,SUP-094,B-07-11,True,165,51
IN-5736-2204,Wiring harness assembly Gen 2,Interior,8.98,8.98,8.98,RH,RH,ambient,False,SUP-187,A-12-12,True,203,56
PO-5888-2205,Clutch actuator Gen 2,Powertrain,23.54,23.54,23.54,LH,LH,ambient,False,SUP-118,JIS-07-12,True,200,44
PO-1088-2206,Gear selector Gen 2,Powertrain,11.6,11.6,11.6,LH,LH,ambient,False,SUP-082,Q-04-07,True,208,86
FL-3717-2207,Coolant additive LH,Fluids,18.96,18.96,18.96,RH,RH,hazmat,False,SUP-008,HZ-02-15,True,90,29
FL-9684-2208,Sealant cartridge RH,Fluids,21.46,21.46,21.46,RH,RH,hazmat,False,SUP-146,HZ-02-02,True,140,36
FL-8038-2209,Brake fluid reservoir Gen 2,Fluids,6.11,6.11,6.11,LH,LH,hazmat,False,SUP-139,Q-04-05,True,210,46
PO-6657-2210,Torque converter Premium,Powertrain,6.24,6.24,6.24,LH,LH,ambient,False,SUP-124,HZ-02-13,True,122,68
EL-9849-2211,Radar sensor LH,Electronics,5.83,5.83,5.83,RH,RH,ambient,False,SUP-038,JIS-07-06,True,170,28
IN-7382-2212,Door trim panel Gen 2,Interior,5.12,5.12,5.12,RH,RH,ambient,False,SUP-096,A-12-14,True,96,69
PO-8542-2213,Gear selector LH,Powertrain,16.41,16.41,16.41,RH,RH,ambient,False,SUP-011,Q-04-18,True,176,26
EL-3755-2214,Radar sensor Premium,Electronics,14.59,14.59,14.59,LH,LH,ambient,False,SUP-008,A-12-14,True,146,84
FL-3790-2215,Washer concentrate Gen 2,Fluids,24.33,24.33,24.33,LH,LH,ambient,True,SUP-170,B-07-16,True,134,73
IN-4908-2216,Door trim panel Premium,Interior,0.77,0.77,0.77,RH,RH,ambient,False,SUP-015,Q-04-03,True,162,83
IN-8793-2217,Wiring harness assembly RH,Interior,15.84,15.84,15.84,RH,RH,ambient,False,SUP-042,HZ-02-09,True,185,67
CH-3585-2218,Brake line manifold RH,Chassis,13.14,13.14,13.14,RH,RH,ambient,False,SUP-151,JIS-07-03,True,157,30
IN-2626-2219,Door trim panel LH,Interior,6.18,6.18,6.18,RH,RH,ambient,False,SUP-103,A-12-16,True,130,83
PO-4627-2220,Gear selector Gen 2,Powertrain,10.36,10.36,10.36,RH,RH,ambient,False,SUP-070,B-07-10,True,135,58
FL-2627-2221,Washer concentrate Gen 2,Fluids,20.08,20.08,20.08,LH,LH,ambient,True,SUP-024,A-12-10,True,148,39
EL-3782-2222,ECU control module LH,Electronics,2.73,2.73,2.73,LH,LH,ambient,False,SUP-181,HZ-02-13,True,189,74
FL-2900-2223,Sealant cartridge RH,Fluids,15.53,15.53,15.53,RH,RH,ambient,False,SUP-168,B-07-15,True,114,28
PO-4165-2224,Torque converter Gen 2,Powertrain,9.78,9.78,9.78,RH,RH,ambient,False,SUP-060,HZ-02-16,True,68,28
CH-4537-2225,Wheel carrier Premium,Chassis,11.02,11.02,11.02,LH,LH,ambient,False,SUP-195,B-07-13,True,195,30
CH-5918-2226,Wheel carrier Premium,Chassis,3.96,3.96,3.96,RH,RH,ambient,False,SUP-039,HZ-02-03,True,89,34
CH-7664-2227,Brake line manifold RH,Chassis,10.8,10.8,10.8,RH,RH,ambient,False,SUP-187,Q-04-01,True,204,81
FL-3115-2228,Sealant cartridge LH,Fluids,12.63,12.63,12.63,LH,LH,ambient,False,SUP-123,Q-04-12,True,187,26
FL-2880-2229,Coolant additive LH,Fluids,13.56,13.56,13.56,LH,LH,hazmat,False,SUP-073,JIS-07-09,True,107,39
EL-2504-2230,Power distribution unit LH,Electronics,14.14,14.14,14.14,LH,LH,ambient,False,SUP-125,JIS-07-18,True,105,55
EL-7952-2231,Radar sensor RH,Electronics,19.97,19.97,19.97,LH,LH,ambient,False,SUP-147,A-12-05,True,163,36
EL-3862-2232,ECU control module Premium,Electronics,17.66,17.66,17.66,RH,RH,ambient,False,SUP-010,HZ-02-06,True,192,54
IN-8058-2233,Console module Gen 2,Interior,11.24,11.24,11.24,LH,LH,ambient,False,SUP-145,Q-04-04,True,81,72
PO-5793-2234,Gear selector RH,Powertrain,12.08,12.08,12.08,RH,RH,ambient,False,SUP-086,JIS-07-13,True,204,81
EL-8040-2235,ECU control module RH,Electronics,17.3,17.3,17.3,LH,LH,ambient,False,SUP-079,A-12-06,True,193,40
IN-2929-2236,Door trim panel RH,Interior,14.33,14.33,14.33,RH,RH,ambient,False,SUP-053,JIS-07-07,True,67,39
PO-7818-2237,Clutch actuator RH,Powertrain,7.37,7.37,7.37,RH,RH,ambient,False,SUP-173,A-12-18,True,150,35
FL-1422-2238,Sealant cartridge Premium,Fluids,7.48,7.48,7.48,RH,RH,ambient,False,SUP-195,Q-04-17,True,168,50
EL-5151-2239,ECU control module RH,Electronics,6.71,6.71,6.71,LH,LH,ambient,False,SUP-167,Q-04-11,True,146,86
IN-2948-2240,Console module Premium,Interior,5.9,5.9,5.9,RH,RH,ambient,False,SUP-112,B-07-17,True,198,81
FL-1991-2241,Washer concentrate RH,Fluids,24.49,24.49,24.49,LH,LH,hazmat,False,SUP-052,JIS-07-01,True,124,76
EL-1845-2242,ECU control module Gen 2,Electronics,1.38,1.38,1.38,LH,LH,ambient,False,SUP-143,A-12-04,True,77,78
IN-2046-2243,Console module Gen 2,Interior,23.82,23.82,23.82,RH,RH,ambient,False,SUP-157,Q-04-12,True,80,45
EL-9705-2244,Power distribution unit Premium,Electronics,6.38,6.38,6.38,LH,LH,ambient,False,SUP-187,JIS-07-06,True,213,56
EL-4513-2245,Radar sensor RH,Electronics,1.56,1.56,1.56,RH,RH,ambient,False,SUP-097,A-12-08,True,95,73
IN-7308-2246,Seat rail Gen 2,Interior,11.67,11.67,11.67,LH,LH,ambient,False,SUP-192,HZ-02-15,True,165,73
EL-1958-2247,Camera harness RH,Electronics,19.19,19.19,19.19,LH,LH,ambient,False,SUP-166,HZ-02-13,True,211,31
IN-4925-2248,Console module LH,Interior,5.27,5.27,5.27,LH,LH,ambient,False,SUP-123,Q-04-16,True,198,59
EL-9891-2249,Camera harness Premium,Electronics,13.15,13.15,13.15,LH,LH,ambient,False,SUP-159,HZ-02-14,True,181,33
IN-3268-2250,Wiring harness assembly Premium,Interior,15.35,15.35,15.35,LH,LH,ambient,False,SUP-049,JIS-07-17,True,101,87
IN-1487-2251,Seat rail Premium,Interior,8.52,8.52,8.52,LH,LH,ambient,False,SUP-118,HZ-02-11,True,134,61
IN-4061-2252,Door trim panel Premium,Interior,23.5,23.5,23.5,LH,LH,ambient,False,SUP-107,JIS-07-12,True,123,86
EL-1600-2253,ECU control module LH,Electronics,0.55,0.55,0.55,RH,RH,ambient,False,SUP-082,Q-04-16,True,162,68
PO-6841-2254,Gear selector LH,Powertrain,12.55,12.55,12.55,RH,RH,ambient,False,SUP-083,HZ-02-10,True,122,75
IN-1105-2255,Console module Gen 2,Interior,13.63,13.63,13.63,RH,RH,ambient,False,SUP-137,HZ-02-09,True,213,46
PO-4486-2256,Fuel rail Gen 2,Powertrain,2.07,2.07,2.07,LH,LH,ambient,False,SUP-126,HZ-02-09,True,116,85
PO-1223-2257,Torque converter Gen 2,Powertrain,24.07,24.07,24.07,LH,LH,ambient,False,SUP-199,Q-04-11,True,80,26
FL-8654-2258,Washer concentrate LH,Fluids,22.99,22.99,22.99,LH,LH,ambient,True,SUP-176,B-07-06,True,102,48
CH-5356-2259,Brake line manifold Gen 2,Chassis,9.96,9.96,9.96,RH,RH,ambient,False,SUP-003,A-12-07,True,136,73
PO-9895-2260,Fuel rail RH,Powertrain,10.58,10.58,10.58,LH,LH,ambient,False,SUP-088,B-07-07,True,216,69
EL-1969-2261,Radar sensor LH,Electronics,7.77,7.77,7.77,RH,RH,ambient,False,SUP-131,B-07-10,True,163,54
PO-5542-2262,Clutch actuator RH,Powertrain,20.26,20.26,20.26,LH,LH,ambient,False,SUP-142,JIS-07-05,True,71,90
CH-8760-2263,Wheel carrier Gen 2,Chassis,16.18,16.18,16.18,LH,LH,ambient,False,SUP-092,Q-04-10,True,168,43
CH-7411-2264,Brake line manifold Premium,Chassis,1.34,1.34,1.34,LH,LH,ambient,False,SUP-112,JIS-07-15,True,214,39
PO-1537-2265,Torque converter Gen 2,Powertrain,18.77,18.77,18.77,RH,RH,ambient,False,SUP-124,Q-04-06,True,198,46
CH-4178-2266,Control arm Premium,Chassis,0.98,0.98,0.98,RH,RH,ambient,False,SUP-086,Q-04-11,True,80,57
EL-8020-2267,Power distribution unit LH,Electronics,7.96,7.96,7.96,RH,RH,ambient,False,SUP-094,HZ-02-06,True,65,81
PO-7849-2268,Torque converter RH,Powertrain,4.37,4.37,4.37,LH,LH,ambient,False,SUP-019,A-12-01,True,106,82
CH-7854-2269,Control arm Premium,Chassis,6.79,6.79,6.79,RH,RH,ambient,False,SUP-079,HZ-02-04,True,167,38
CH-7170-2270,Wheel carrier RH,Chassis,22.56,22.56,22.56,LH,LH,ambient,False,SUP-146,B-07-10,True,87,72
CH-1211-2271,Steering knuckle Gen 2,Chassis,9.1,9.1,9.1,LH,LH,ambient,False,SUP-059,Q-04-10,True,162,48
EL-2967-2272,Power distribution unit Premium,Electronics,22.6,22.6,22.6,RH,RH,ambient,False,SUP-072,A-12-09,True,187,83
CH-6915-2273,Brake line manifold LH,Chassis,16.3,16.3,16.3,LH,LH,ambient,False,SUP-130,B-07-14,True,213,87
FL-8703-2274,Coolant additive LH,Fluids,8.69,8.69,8.69,LH,LH,ambient,False,SUP-062,A-12-08,True,213,68
PO-9249-2275,Clutch actuator RH,Powertrain,5.01,5.01,5.01,RH,RH,ambient,False,SUP-075,HZ-02-08,True,214,50
EL-1739-2276,Radar sensor Premium,Electronics,18.39,18.39,18.39,LH,LH,ambient,False,SUP-098,Q-04-09,True,208,63
IN-7802-2277,Seat rail LH,Interior,11.23,11.23,11.23,LH,LH,ambient,False,SUP-116,A-12-13,True,136,30
EL-5660-2278,ECU control module RH,Electronics,16.12,16.12,16.12,LH,LH,ambient,False,SUP-182,A-12-03,True,180,57
EL-4205-2279,ECU control module Premium,Electronics,7.75,7.75,7.75,LH,LH,ambient,False,SUP-192,A-12-09,True,128,35
FL-6358-2280,Brake fluid reservoir RH,Fluids,7.66,7.66,7.66,LH,LH,hazmat,False,SUP-038,A-12-12,True,134,30
EL-9481-2281,Radar sensor Premium,Electronics,20.05,20.05,20.05,LH,LH,ambient,False,SUP-062,JIS-07-10,True,174,56
EL-4827-2282,ECU control module Gen 2,Electronics,18.71,18.71,18.71,LH,LH,ambient,False,SUP-022,A-12-02,True,70,83
CH-3878-2283,Control arm RH,Chassis,7.66,7.66,7.66,RH,RH,ambient,False,SUP-027,A-12-03,True,100,40
IN-7537-2284,Console module Premium,Interior,16.97,16.97,16.97,LH,LH,ambient,False,SUP-142,JIS-07-07,True,89,39
FL-7714-2285,Sealant cartridge Gen 2,Fluids,1.59,1.59,1.59,RH,RH,ambient,True,SUP-043,Q-04-01,True,70,72
FL-3017-2286,Coolant additive LH,Fluids,24.49,24.49,24.49,LH,LH,ambient,True,SUP-007,HZ-02-05,True,210,57
EL-5214-2287,Radar sensor Gen 2,Electronics,11.9,11.9,11.9,RH,RH,ambient,False,SUP-139,A-12-09,True,73,27
EL-1356-2288,Camera harness RH,Electronics,19.66,19.66,19.66,LH,LH,ambient,False,SUP-074,HZ-02-16,True,118,67
PO-4504-2289,Torque converter RH,Powertrain,12.49,12.49,12.49,LH,LH,ambient,False,SUP-197,Q-04-07,True,180,40
PO-9214-2290,Fuel rail LH,Powertrain,23.91,23.91,23.91,LH,LH,ambient,False,SUP-042,Q-04-12,True,101,75
EL-8752-2291,Camera harness LH,Electronics,4.82,4.82,4.82,RH,RH,ambient,False,SUP-087,JIS-07-12,True,218,50
EL-3595-2292,Power distribution unit Premium,Electronics,14.11,14.11,14.11,LH,LH,ambient,False,SUP-173,JIS-07-15,True,140,52
CH-8664-2293,Brake line manifold Premium,Chassis,17.48,17.48,17.48,RH,RH,ambient,False,SUP-102,B-07-02,True,133,57
FL-8680-2294,Washer concentrate RH,Fluids,15.49,15.49,15.49,LH,LH,ambient,False,SUP-143,A-12-16,True,187,29
CH-4669-2295,Wheel carrier RH,Chassis,22.42,22.42,22.42,RH,RH,ambient,False,SUP-001,A-12-05,True,94,88
IN-4266-2296,Door trim panel RH,Interior,7.78,7.78,7.78,RH,RH,ambient,False,SUP-151,B-07-11,True,187,81
FL-8826-2297,Washer concentrate RH,Fluids,13.66,13.66,13.66,RH,RH,ambient,False,SUP-149,JIS-07-06,True,154,27
FL-6677-2298,Washer concentrate RH,Fluids,15.73,15.73,15.73,RH,RH,hazmat,False,SUP-124,A-12-17,True,137,78
PO-9441-2299,Clutch actuator LH,Powertrain,11.52,11.52,11.52,LH,LH,ambient,False,SUP-168,HZ-02-18,True,115,80
IN-8905-2300,Seat rail RH,Interior,9.7,9.7,9.7,RH,RH,ambient,False,SUP-188,HZ-02-04,True,199,56
FL-8506-2301,Washer concentrate LH,Fluids,20.75,20.75,20.75,LH,LH,hazmat,False,SUP-013,Q-04-17,True,157,87
EL-8989-2302,ECU control module Gen 2,Electronics,22.34,22.34,22.34,LH,LH,ambient,False,SUP-143,JIS-07-10,True,194,55
EL-8058-2303,Power distribution unit Gen 2,Electronics,18.03,18.03,18.03,LH,LH,ambient,False,SUP-094,Q-04-11,True,63,75
PO-2891-2304,Clutch actuator RH,Powertrain,19.27,19.27,19.27,RH,RH,ambient,False,SUP-035,Q-04-02,True,135,53
IN-3645-2305,Seat rail Premium,Interior,4.97,4.97,4.97,LH,LH,ambient,False,SUP-153,JIS-07-13,True,154,81
PO-5729-2306,Clutch actuator Premium,Powertrain,4.49,4.49,4.49,LH,LH,ambient,False,SUP-131,A-12-02,True,93,35
CH-4892-2307,Control arm RH,Chassis,3.05,3.05,3.05,LH,LH,ambient,False,SUP-012,Q-04-06,True,122,67
IN-5049-2308,Console module LH,Interior,24.27,24.27,24.27,RH,RH,ambient,False,SUP-069,B-07-06,True,156,88
IN-7624-2309,Console module Premium,Interior,8.91,8.91,8.91,RH,RH,ambient,False,SUP-107,HZ-02-08,True,169,39
EL-4836-2310,ECU control module Premium,Electronics,23.56,23.56,23.56,RH,RH,ambient,False,SUP-127,JIS-07-08,True,210,82
CH-8745-2311,Brake line manifold RH,Chassis,21.89,21.89,21.89,LH,LH,ambient,False,SUP-186,B-07-05,True,179,57
CH-7780-2312,Brake line manifold Gen 2,Chassis,9.47,9.47,9.47,RH,RH,ambient,False,SUP-176,Q-04-17,True,137,59
IN-7226-2313,Door trim panel RH,Interior,16.52,16.52,16.52,LH,LH,ambient,False,SUP-199,A-12-11,True,180,60
IN-5101-2314,Door trim panel Gen 2,Interior,21.16,21.16,21.16,LH,LH,ambient,False,SUP-041,HZ-02-11,True,200,59
IN-3814-2315,Console module LH,Interior,23.25,23.25,23.25,RH,RH,ambient,False,SUP-118,Q-04-06,True,115,57
PO-8800-2316,Torque converter Premium,Powertrain,5.57,5.57,5.57,RH,RH,ambient,False,SUP-025,HZ-02-18,True,198,81
FL-7578-2317,Brake fluid reservoir LH,Fluids,4.03,4.03,4.03,RH,RH,ambient,False,SUP-037,A-12-18,True,109,82
CH-5105-2318,Wheel carrier RH,Chassis,20.28,20.28,20.28,LH,LH,ambient,False,SUP-160,JIS-07-18,True,171,34
CH-9129-2319,Steering knuckle Gen 2,Chassis,1.31,1.31,1.31,LH,LH,ambient,False,SUP-160,JIS-07-11,True,178,66
FL-2293-2320,Coolant additive RH,Fluids,15.98,15.98,15.98,LH,LH,ambient,False,SUP-019,HZ-02-17,True,153,79
EL-2566-2321,ECU control module RH,Electronics,5.19,5.19,5.19,RH,RH,ambient,False,SUP-019,A-12-02,True,83,86
IN-4140-2322,Door trim panel Premium,Interior,21.41,21.41,21.41,RH,RH,ambient,False,SUP-156,HZ-02-02,True,63,69
IN-6700-2323,Door trim panel Gen 2,Interior,15.29,15.29,15.29,RH,RH,ambient,False,SUP-127,HZ-02-06,True,72,57
IN-4467-2324,Seat rail LH,Interior,15.1,15.1,15.1,RH,RH,ambient,False,SUP-116,Q-04-17,True,149,58
PO-7533-2325,Gear selector Premium,Powertrain,11.0,11.0,11.0,LH,LH,ambient,False,SUP-175,JIS-07-01,True,121,83
FL-4546-2326,Washer concentrate Gen 2,Fluids,9.81,9.81,9.81,RH,RH,hazmat,False,SUP-179,JIS-07-10,True,97,41
FL-3752-2327,Coolant additive Gen 2,Fluids,8.45,8.45,8.45,LH,LH,ambient,False,SUP-050,HZ-02-16,True,83,49
FL-5714-2328,Coolant additive Gen 2,Fluids,0.54,0.54,0.54,RH,RH,ambient,False,SUP-121,B-07-07,True,171,39
PO-4495-2329,Gear selector LH,Powertrain,3.63,3.63,3.63,RH,RH,ambient,False,SUP-104,HZ-02-15,True,178,41
PO-2925-2330,Fuel rail Gen 2,Powertrain,21.04,21.04,21.04,LH,LH,ambient,False,SUP-197,A-12-03,True,190,77
EL-1086-2331,Power distribution unit Gen 2,Electronics,5.57,5.57,5.57,RH,RH,ambient,False,SUP-102,B-07-08,True,82,79
PO-8582-2332,Fuel rail Premium,Powertrain,9.1,9.1,9.1,LH,LH,ambient,False,SUP-099,Q-04-18,True,82,66
EL-5360-2333,Camera harness Premium,Electronics,18.3,18.3,18.3,LH,LH,ambient,False,SUP-063,B-07-15,True,82,67
EL-9976-2334,Radar sensor RH,Electronics,11.45,11.45,11.45,RH,RH,ambient,False,SUP-074,JIS-07-02,True,145,90
PO-6266-2335,Clutch actuator RH,Powertrain,0.68,0.68,0.68,LH,LH,ambient,False,SUP-039,A-12-01,True,109,73
FL-8197-2336,Sealant cartridge RH,Fluids,16.07,16.07,16.07,LH,LH,ambient,True,SUP-043,B-07-04,True,127,87
PO-2114-2337,Fuel rail LH,Powertrain,0.84,0.84,0.84,RH,RH,ambient,False,SUP-125,JIS-07-11,True,169,75
EL-6178-2338,Power distribution unit LH,Electronics,3.31,3.31,3.31,LH,LH,ambient,False,SUP-136,A-12-08,True,164,88
PO-1869-2339,Clutch actuator Gen 2,Powertrain,19.18,19.18,19.18,LH,LH,ambient,False,SUP-048,Q-04-11,True,81,82
CH-5029-2340,Steering knuckle LH,Chassis,19.16,19.16,19.16,LH,LH,ambient,False,SUP-075,Q-04-10,True,193,77
PO-4298-2341,Torque converter Gen 2,Powertrain,18.8,18.8,18.8,LH,LH,ambient,False,SUP-185,Q-04-03,True,187,57
CH-5351-2342,Control arm Premium,Chassis,1.89,1.89,1.89,LH,LH,ambient,False,SUP-053,JIS-07-10,True,92,88
FL-2899-2343,Brake fluid reservoir Gen 2,Fluids,5.38,5.38,5.38,RH,RH,hazmat,True,SUP-190,HZ-02-07,True,138,30
CH-3577-2344,Wheel carrier LH,Chassis,19.13,19.13,19.13,RH,RH,ambient,False,SUP-102,JIS-07-10,True,114,56
IN-4139-2345,Seat rail RH,Interior,2.72,2.72,2.72,LH,LH,ambient,False,SUP-198,B-07-14,True,126,61
FL-4391-2346,Brake fluid reservoir Premium,Fluids,7.13,7.13,7.13,LH,LH,ambient,False,SUP-048,Q-04-10,True,182,51
EL-1869-2347,Power distribution unit Premium,Electronics,5.54,5.54,5.54,RH,RH,ambient,False,SUP-163,Q-04-03,True,78,47
PO-9901-2348,Fuel rail Premium,Powertrain,15.0,15.0,15.0,LH,LH,ambient,False,SUP-135,HZ-02-09,True,167,63
EL-5189-2349,Camera harness LH,Electronics,22.81,22.81,22.81,RH,RH,ambient,False,SUP-035,A-12-14,True,175,62
CH-8766-2350,Brake line manifold Premium,Chassis,7.44,7.44,7.44,RH,RH,ambient,False,SUP-135,JIS-07-17,True,154,74
CH-2241-2351,Wheel carrier Premium,Chassis,18.86,18.86,18.86,LH,LH,ambient,False,SUP-085,A-12-06,True,133,34
FL-3875-2352,Coolant additive Gen 2,Fluids,13.4,13.4,13.4,LH,LH,ambient,True,SUP-197,HZ-02-11,True,113,27
EL-3582-2353,Power distribution unit Gen 2,Electronics,6.09,6.09,6.09,RH,RH,ambient,False,SUP-045,HZ-02-07,True,183,42
EL-6417-2354,Power distribution unit Premium,Electronics,16.07,16.07,16.07,RH,RH,ambient,False,SUP-135,A-12-01,True,153,73
IN-8199-2355,Wiring harness assembly Gen 2,Interior,12.16,12.16,12.16,RH,RH,ambient,False,SUP-142,HZ-02-16,True,128,47
CH-5391-2356,Control arm RH,Chassis,7.42,7.42,7.42,LH,LH,ambient,False,SUP-161,Q-04-13,True,117,58
FL-4056-2357,Brake fluid reservoir RH,Fluids,10.19,10.19,10.19,LH,LH,hazmat,False,SUP-107,A-12-02,True,176,62
FL-1515-2358,Sealant cartridge Gen 2,Fluids,17.28,17.28,17.28,LH,LH,ambient,True,SUP-021,JIS-07-07,True,176,39
FL-4692-2359,Sealant cartridge LH,Fluids,10.78,10.78,10.78,LH,LH,ambient,True,SUP-078,Q-04-16,True,83,53
CH-2342-2360,Steering knuckle RH,Chassis,21.12,21.12,21.12,LH,LH,ambient,False,SUP-104,HZ-02-02,True,198,35
PO-9153-2361,Gear selector RH,Powertrain,20.66,20.66,20.66,RH,RH,ambient,False,SUP-051,HZ-02-09,True,172,66
PO-3869-2362,Fuel rail RH,Powertrain,0.58,0.58,0.58,RH,RH,ambient,False,SUP-115,HZ-02-01,True,170,29
PO-6156-2363,Clutch actuator Premium,Powertrain,9.09,9.09,9.09,RH,RH,ambient,False,SUP-171,B-07-18,True,153,88
PO-1145-2364,Clutch actuator RH,Powertrain,14.3,14.3,14.3,RH,RH,ambient,False,SUP-185,B-07-02,True,145,47
CH-2591-2365,Wheel carrier RH,Chassis,6.11,6.11,6.11,LH,LH,ambient,False,SUP-111,A-12-17,True,205,67
IN-5931-2366,Seat rail Premium,Interior,21.1,21.1,21.1,RH,RH,ambient,False,SUP-004,HZ-02-03,True,215,54
IN-8951-2367,Door trim panel RH,Interior,14.73,14.73,14.73,LH,LH,ambient,False,SUP-086,A-12-01,True,80,75
CH-7591-2368,Control arm Premium,Chassis,18.8,18.8,18.8,RH,RH,ambient,False,SUP-127,Q-04-12,True,87,46
FL-1726-2369,Sealant cartridge RH,Fluids,18.69,18.69,18.69,RH,RH,hazmat,False,SUP-152,HZ-02-15,True,70,78
FL-2277-2370,Brake fluid reservoir LH,Fluids,23.62,23.62,23.62,LH,LH,ambient,True,SUP-045,HZ-02-14,True,129,86
CH-9167-2371,Control arm Gen 2,Chassis,21.33,21.33,21.33,LH,LH,ambient,False,SUP-175,B-07-17,True,188,48
IN-5587-2372,Wiring harness assembly LH,Interior,6.16,6.16,6.16,RH,RH,ambient,False,SUP-064,A-12-11,True,85,72
PO-7265-2373,Fuel rail RH,Powertrain,16.0,16.0,16.0,LH,LH,ambient,False,SUP-096,B-07-15,True,66,41
PO-8540-2374,Clutch actuator Gen 2,Powertrain,3.83,3.83,3.83,LH,LH,ambient,False,SUP-091,HZ-02-15,True,160,86
EL-2889-2375,Camera harness Premium,Electronics,21.67,21.67,21.67,RH,RH,ambient,False,SUP-136,JIS-07-11,True,148,75
PO-7604-2376,Clutch actuator LH,Powertrain,5.52,5.52,5.52,LH,LH,ambient,False,SUP-064,HZ-02-02,True,141,31
EL-5722-2377,ECU control module Gen 2,Electronics,14.52,14.52,14.52,LH,LH,ambient,False,SUP-091,A-12-08,True,147,73
IN-7312-2378,Wiring harness assembly Gen 2,Interior,4.2,4.2,4.2,RH,RH,ambient,False,SUP-175,Q-04-11,True,191,47
IN-4586-2379,Wiring harness assembly Premium,Interior,16.94,16.94,16.94,RH,RH,ambient,False,SUP-022,A-12-06,True,132,80
EL-4022-2380,Radar sensor Premium,Electronics,20.01,20.01,20.01,RH,RH,ambient,False,SUP-194,B-07-11,True,188,28
FL-4409-2381,Sealant cartridge Gen 2,Fluids,14.55,14.55,14.55,RH,RH,ambient,True,SUP-006,A-12-04,True,174,55
PO-9866-2382,Torque converter Premium,Powertrain,16.85,16.85,16.85,LH,LH,ambient,False,SUP-175,A-12-06,True,105,88
PO-4324-2383,Clutch actuator LH,Powertrain,4.06,4.06,4.06,LH,LH,ambient,False,SUP-185,HZ-02-16,True,144,44
EL-3204-2384,Camera harness Premium,Electronics,9.6,9.6,9.6,LH,LH,ambient,False,SUP-092,B-07-01,True,115,76
CH-6493-2385,Control arm RH,Chassis,6.17,6.17,6.17,LH,LH,ambient,False,SUP-148,Q-04-12,True,98,42
IN-1565-2386,Door trim panel Gen 2,Interior,9.6,9.6,9.6,LH,LH,ambient,False,SUP-062,Q-04-15,True,172,75
CH-2923-2387,Wheel carrier Gen 2,Chassis,13.34,13.34,13.34,LH,LH,ambient,False,SUP-101,B-07-07,True,131,58
PO-6811-2388,Torque converter RH,Powertrain,11.39,11.39,11.39,RH,RH,ambient,False,SUP-061,Q-04-12,True,153,53
PO-5904-2389,Torque converter LH,Powertrain,8.55,8.55,8.55,LH,LH,ambient,False,SUP-193,B-07-12,True,207,71
CH-2421-2390,Wheel carrier RH,Chassis,1.03,1.03,1.03,LH,LH,ambient,False,SUP-070,B-07-02,True,69,56
CH-2835-2391,Control arm Gen 2,Chassis,11.05,11.05,11.05,RH,RH,ambient,False,SUP-071,JIS-07-14,True,65,46
PO-6353-2392,Clutch actuator RH,Powertrain,19.96,19.96,19.96,RH,RH,ambient,False,SUP-180,HZ-02-16,True,116,68
EL-9644-2393,ECU control module LH,Electronics,19.5,19.5,19.5,LH,LH,ambient,False,SUP-092,A-12-10,True,192,80
PO-8514-2394,Torque converter RH,Powertrain,4.96,4.96,4.96,RH,RH,ambient,False,SUP-158,B-07-08,True,142,41
IN-2495-2395,Door trim panel Gen 2,Interior,14.72,14.72,14.72,LH,LH,ambient,False,SUP-148,Q-04-12,True,154,38
IN-4507-2396,Console module Premium,Interior,2.78,2.78,2.78,RH,RH,ambient,False,SUP-053,HZ-02-11,True,191,43
FL-4134-2397,Sealant cartridge RH,Fluids,14.59,14.59,14.59,RH,RH,ambient,False,SUP-154,A-12-05,True,97,73
CH-9005-2398,Control arm RH,Chassis,15.79,15.79,15.79,RH,RH,ambient,False,SUP-020,JIS-07-15,True,160,40
PO-5009-2399,Gear selector Premium,Powertrain,0.7,0.7,0.7,RH,RH,ambient,False,SUP-152,Q-04-11,True,117,71
IN-9341-2400,Wiring harness assembly Premium,Interior,9.2,9.2,9.2,RH,RH,ambient,False,SUP-097,Q-04-13,True,100,72
IN-3621-2401,Wiring harness assembly Premium,Interior,13.68,13.68,13.68,RH,RH,ambient,False,SUP-091,B-07-15,True,112,71
EL-9154-2402,Radar sensor RH,Electronics,13.43,13.43,13.43,RH,RH,ambient,False,SUP-142,A-12-16,True,108,88
EL-4604-2403,Camera harness LH,Electronics,11.05,11.05,11.05,RH,RH,ambient,False,SUP-015,B-07-07,True,82,37
FL-6386-2404,Brake fluid reservoir Premium,Fluids,10.04,10.04,10.04,RH,RH,ambient,False,SUP-035,HZ-02-16,True,66,63
CH-2125-2405,Steering knuckle RH,Chassis,13.75,13.75,13.75,RH,RH,ambient,False,SUP-087,A-12-11,True,187,53
IN-1798-2406,Seat rail RH,Interior,6.93,6.93,6.93,LH,LH,ambient,False,SUP-160,JIS-07-13,True,69,38
CH-8430-2407,Wheel carrier RH,Chassis,12.35,12.35,12.35,LH,LH,ambient,False,SUP-169,B-07-13,True,76,27
FL-5965-2408,Coolant additive LH,Fluids,5.34,5.34,5.34,RH,RH,hazmat,True,SUP-154,B-07-17,True,157,33
FL-4942-2409,Sealant cartridge Premium,Fluids,11.19,11.19,11.19,RH,RH,hazmat,True,SUP-084,HZ-02-02,True,177,34
CH-5489-2410,Brake line manifold Gen 2,Chassis,2.73,2.73,2.73,RH,RH,ambient,False,SUP-122,B-07-07,True,151,80
CH-7393-2411,Control arm RH,Chassis,19.47,19.47,19.47,RH,RH,ambient,False,SUP-130,HZ-02-10,True,157,28
IN-5930-2412,Wiring harness assembly Gen 2,Interior,12.57,12.57,12.57,RH,RH,ambient,False,SUP-161,B-07-18,True,165,85
IN-2889-2413,Wiring harness assembly Premium,Interior,2.18,2.18,2.18,RH,RH,ambient,False,SUP-139,HZ-02-15,True,108,85
CH-2183-2414,Control arm LH,Chassis,5.29,5.29,5.29,RH,RH,ambient,False,SUP-144,HZ-02-14,True,71,84
CH-1533-2415,Brake line manifold RH,Chassis,23.02,23.02,23.02,RH,RH,ambient,False,SUP-168,Q-04-06,True,178,76
FL-8258-2416,Coolant additive LH,Fluids,24.34,24.34,24.34,RH,RH,ambient,True,SUP-058,B-07-11,True,149,75
CH-6614-2417,Steering knuckle RH,Chassis,18.72,18.72,18.72,RH,RH,ambient,False,SUP-182,HZ-02-18,True,93,80
IN-4784-2418,Console module RH,Interior,23.24,23.24,23.24,LH,LH,ambient,False,SUP-103,A-12-05,True,135,27
CH-1430-2419,Wheel carrier RH,Chassis,0.92,0.92,0.92,RH,RH,ambient,False,SUP-155,JIS-07-16,True,155,48
IN-6849-2420,Seat rail LH,Interior,11.01,11.01,11.01,LH,LH,ambient,False,SUP-032,JIS-07-17,True,185,77
EL-1085-2421,Camera harness RH,Electronics,17.94,17.94,17.94,LH,LH,ambient,False,SUP-102,HZ-02-17,True,167,26
IN-6343-2422,Wiring harness assembly RH,Interior,5.17,5.17,5.17,RH,RH,ambient,False,SUP-200,HZ-02-05,True,108,70
IN-2600-2423,Door trim panel LH,Interior,10.95,10.95,10.95,LH,LH,ambient,False,SUP-024,A-12-16,True,63,28
PO-2105-2424,Gear selector LH,Powertrain,6.94,6.94,6.94,RH,RH,ambient,False,SUP-152,HZ-02-01,True,162,62
PO-4932-2425,Gear selector LH,Powertrain,19.25,19.25,19.25,LH,LH,ambient,False,SUP-030,JIS-07-04,True,195,85
IN-8287-2426,Seat rail LH,Interior,12.74,12.74,12.74,RH,RH,ambient,False,SUP-180,HZ-02-14,True,143,87
EL-5517-2427,Camera harness Gen 2,Electronics,12.01,12.01,12.01,RH,RH,ambient,False,SUP-112,A-12-12,True,75,74
EL-9448-2428,Power distribution unit LH,Electronics,17.93,17.93,17.93,RH,RH,ambient,False,SUP-163,HZ-02-03,True,163,47
IN-4763-2429,Console module LH,Interior,2.33,2.33,2.33,RH,RH,ambient,False,SUP-083,A-12-06,True,60,36
CH-2123-2430,Wheel carrier LH,Chassis,1.31,1.31,1.31,LH,LH,ambient,False,SUP-105,Q-04-14,True,126,28
CH-6640-2431,Brake line manifold Premium,Chassis,14.02,14.02,14.02,LH,LH,ambient,False,SUP-019,A-12-11,True,117,74
PO-1869-2432,Clutch actuator Gen 2,Powertrain,14.56,14.56,14.56,RH,RH,ambient,False,SUP-150,HZ-02-11,True,97,68
CH-2081-2433,Control arm RH,Chassis,6.07,6.07,6.07,RH,RH,ambient,False,SUP-121,JIS-07-10,True,151,58
IN-4928-2434,Console module Gen 2,Interior,3.03,3.03,3.03,RH,RH,ambient,False,SUP-191,HZ-02-18,True,194,38
PO-8621-2435,Fuel rail RH,Powertrain,0.45,0.45,0.45,LH,LH,ambient,False,SUP-153,B-07-04,True,193,39
FL-8502-2436,Brake fluid reservoir RH,Fluids,1.37,1.37,1.37,LH,LH,ambient,False,SUP-066,B-07-11,True,194,57
PO-8721-2437,Torque converter Gen 2,Powertrain,14.92,14.92,14.92,LH,LH,ambient,False,SUP-200,B-07-03,True,214,76
FL-4891-2438,Brake fluid reservoir RH,Fluids,19.07,19.07,19.07,RH,RH,ambient,False,SUP-117,A-12-05,True,95,32
IN-1878-2439,Seat rail Gen 2,Interior,3.68,3.68,3.68,LH,LH,ambient,False,SUP-196,HZ-02-12,True,73,74
IN-3287-2440,Wiring harness assembly RH,Interior,2.63,2.63,2.63,RH,RH,ambient,False,SUP-010,Q-04-07,True,179,44
FL-8704-2441,Washer concentrate Premium,Fluids,9.99,9.99,9.99,RH,RH,hazmat,False,SUP-122,HZ-02-04,True,163,33
FL-4295-2442,Brake fluid reservoir Gen 2,Fluids,2.44,2.44,2.44,RH,RH,ambient,True,SUP-003,JIS-07-10,True,86,85
IN-3090-2443,Wiring harness assembly RH,Interior,3.49,3.49,3.49,RH,RH,ambient,False,SUP-013,JIS-07-13,True,219,44
PO-3797-2444,Gear selector Premium,Powertrain,4.48,4.48,4.48,RH,RH,ambient,False,SUP-157,A-12-17,True,160,61
EL-8243-2445,Camera harness RH,Electronics,3.91,3.91,3.91,LH,LH,ambient,False,SUP-058,A-12-07,True,164,59
PO-7394-2446,Torque converter LH,Powertrain,13.06,13.06,13.06,LH,LH,ambient,False,SUP-033,JIS-07-18,True,60,84
IN-9929-2447,Door trim panel Premium,Interior,3.78,3.78,3.78,RH,RH,ambient,False,SUP-010,HZ-02-18,True,122,87
IN-5360-2448,Wiring harness assembly Gen 2,Interior,21.48,21.48,21.48,LH,LH,ambient,False,SUP-017,B-07-14,True,146,48
PO-5921-2449,Gear selector LH,Powertrain,9.68,9.68,9.68,LH,LH,ambient,False,SUP-080,B-07-16,True,180,63
CH-1928-2450,Brake line manifold Premium,Chassis,6.88,6.88,6.88,LH,LH,ambient,False,SUP-124,A-12-16,True,80,69
CH-4934-2451,Wheel carrier Premium,Chassis,10.13,10.13,10.13,RH,RH,ambient,False,SUP-137,B-07-18,True,96,27
PO-5082-2452,Fuel rail RH,Powertrain,11.3,11.3,11.3,RH,RH,ambient,False,SUP-130,Q-04-10,True,145,75
PO-1229-2453,Gear selector Premium,Powertrain,1.72,1.72,1.72,RH,RH,ambient,False,SUP-092,B-07-14,True,132,42
PO-7326-2454,Fuel rail RH,Powertrain,7.9,7.9,7.9,LH,LH,ambient,False,SUP-166,A-12-04,True,99,63
PO-2675-2455,Fuel rail Premium,Powertrain,14.75,14.75,14.75,LH,LH,ambient,False,SUP-126,HZ-02-04,True,62,57
CH-6519-2456,Control arm Gen 2,Chassis,23.73,23.73,23.73,RH,RH,ambient,False,SUP-078,JIS-07-11,True,196,86
FL-6668-2457,Coolant additive LH,Fluids,20.03,20.03,20.03,RH,RH,ambient,False,SUP-140,JIS-07-05,True,174,84
PO-1603-2458,Gear selector Premium,Powertrain,21.16,21.16,21.16,RH,RH,ambient,False,SUP-008,HZ-02-08,True,70,60
CH-4109-2459,Brake line manifold LH,Chassis,1.31,1.31,1.31,RH,RH,ambient,False,SUP-129,JIS-07-13,True,132,80
CH-6915-2460,Brake line manifold RH,Chassis,3.25,3.25,3.25,RH,RH,ambient,False,SUP-006,HZ-02-03,True,84,56
IN-7091-2461,Console module Gen 2,Interior,8.98,8.98,8.98,LH,LH,ambient,False,SUP-187,Q-04-13,True,174,66
FL-8443-2462,Washer concentrate Premium,Fluids,6.95,6.95,6.95,RH,RH,hazmat,False,SUP-119,Q-04-18,True,145,62
EL-8489-2463,ECU control module Gen 2,Electronics,12.63,12.63,12.63,LH,LH,ambient,False,SUP-076,B-07-01,True,149,34
FL-7074-2464,Brake fluid reservoir LH,Fluids,13.61,13.61,13.61,LH,LH,hazmat,False,SUP-059,HZ-02-01,True,102,78
FL-9908-2465,Coolant additive LH,Fluids,10.52,10.52,10.52,LH,LH,hazmat,False,SUP-055,B-07-05,True,206,46
IN-2321-2466,Door trim panel RH,Interior,14.94,14.94,14.94,RH,RH,ambient,False,SUP-137,A-12-13,True,65,43
EL-7742-2467,Power distribution unit Gen 2,Electronics,17.04,17.04,17.04,RH,RH,ambient,False,SUP-090,B-07-02,True,220,50
FL-1127-2468,Washer concentrate LH,Fluids,19.13,19.13,19.13,LH,LH,ambient,True,SUP-074,HZ-02-03,True,166,83
FL-6807-2469,Washer concentrate RH,Fluids,4.88,4.88,4.88,LH,LH,ambient,True,SUP-125,JIS-07-10,True,131,28
FL-2606-2470,Sealant cartridge Premium,Fluids,12.46,12.46,12.46,LH,LH,ambient,False,SUP-081,JIS-07-17,True,152,67
FL-6929-2471,Washer concentrate RH,Fluids,4.6,4.6,4.6,RH,RH,hazmat,True,SUP-151,JIS-07-15,True,206,55
PO-6673-2472,Gear selector Gen 2,Powertrain,21.75,21.75,21.75,LH,LH,ambient,False,SUP-010,JIS-07-06,True,150,65
EL-9005-2473,ECU control module LH,Electronics,10.95,10.95,10.95,LH,LH,ambient,False,SUP-119,HZ-02-11,True,147,83
CH-1664-2474,Control arm Gen 2,Chassis,5.49,5.49,5.49,LH,LH,ambient,False,SUP-103,A-12-07,True,156,50
CH-5254-2475,Brake line manifold Gen 2,Chassis,20.59,20.59,20.59,RH,RH,ambient,False,SUP-181,B-07-03,True,100,28
CH-5230-2476,Control arm Premium,Chassis,4.55,4.55,4.55,LH,LH,ambient,False,SUP-120,B-07-16,True,140,60
PO-9020-2477,Gear selector LH,Powertrain,19.56,19.56,19.56,LH,LH,ambient,False,SUP-121,Q-04-04,True,67,85
FL-3260-2478,Sealant cartridge LH,Fluids,12.13,12.13,12.13,LH,LH,ambient,True,SUP-200,Q-04-15,True,62,60
EL-9123-2479,ECU control module LH,Electronics,1.67,1.67,1.67,RH,RH,ambient,False,SUP-094,A-12-11,True,68,61
CH-3037-2480,Brake line manifold Premium,Chassis,22.49,22.49,22.49,LH,LH,ambient,False,SUP-130,Q-04-07,True,152,52
PO-6539-2481,Clutch actuator Gen 2,Powertrain,15.18,15.18,15.18,LH,LH,ambient,False,SUP-070,JIS-07-07,True,199,77
FL-7456-2482,Sealant cartridge Gen 2,Fluids,13.66,13.66,13.66,LH,LH,hazmat,False,SUP-169,B-07-12,True,176,56
CH-6028-2483,Wheel carrier Gen 2,Chassis,10.99,10.99,10.99,LH,LH,ambient,False,SUP-057,HZ-02-13,True,150,78
IN-3183-2484,Wiring harness assembly RH,Interior,13.53,13.53,13.53,LH,LH,ambient,False,SUP-150,B-07-03,True,155,77
CH-7751-2485,Brake line manifold Premium,Chassis,1.15,1.15,1.15,LH,LH,ambient,False,SUP-088,Q-04-13,True,118,44
FL-4215-2486,Washer concentrate Premium,Fluids,19.52,19.52,19.52,RH,RH,ambient,False,SUP-070,JIS-07-09,True,202,83
PO-9606-2487,Clutch actuator LH,Powertrain,21.82,21.82,21.82,RH,RH,ambient,False,SUP-021,JIS-07-04,True,122,52
CH-4694-2488,Wheel carrier LH,Chassis,10.95,10.95,10.95,RH,RH,ambient,False,SUP-104,JIS-07-03,True,129,66
FL-4989-2489,Brake fluid reservoir RH,Fluids,24.08,24.08,24.08,RH,RH,hazmat,False,SUP-083,HZ-02-16,True,150,66
CH-8849-2490,Control arm RH,Chassis,15.23,15.23,15.23,RH,RH,ambient,False,SUP-014,A-12-15,True,84,83
CH-5836-2491,Wheel carrier LH,Chassis,6.93,6.93,6.93,LH,LH,ambient,False,SUP-135,Q-04-13,True,167,68
EL-7448-2492,Camera harness RH,Electronics,14.72,14.72,14.72,LH,LH,ambient,False,SUP-141,Q-04-06,True,168,80
CH-5027-2493,Control arm RH,Chassis,23.2,23.2,23.2,LH,LH,ambient,False,SUP-117,A-12-13,True,93,69
IN-6067-2494,Console module LH,Interior,14.37,14.37,14.37,LH,LH,ambient,False,SUP-099,Q-04-10,True,195,74
EL-4355-2495,Radar sensor Premium,Electronics,5.06,5.06,5.06,LH,LH,ambient,False,SUP-018,B-07-13,True,206,58
CH-3443-2496,Control arm RH,Chassis,22.67,22.67,22.67,RH,RH,ambient,False,SUP-112,HZ-02-03,True,75,77
EL-5052-2497,Camera harness Premium,Electronics,21.7,21.7,21.7,LH,LH,ambient,False,SUP-020,JIS-07-06,True,131,37
FL-5622-2498,Brake fluid reservoir Premium,Fluids,11.38,11.38,11.38,RH,RH,ambient,False,SUP-005,HZ-02-03,True,144,39
PO-9181-2499,Clutch actuator LH,Powertrain,1.59,1.59,1.59,RH,RH,ambient,False,SUP-163,B-07-02,True,124,29
EL-4135-2500,ECU control module LH,Electronics,12.17,12.17,12.17,RH,RH,ambient,False,SUP-183,B-07-16,True,112,26
CH-1574-2501,Brake line manifold RH,Chassis,15.06,15.06,15.06,RH,RH,ambient,False,SUP-152,JIS-07-12,True,140,60
FL-2735-2502,Coolant additive LH,Fluids,10.18,10.18,10.18,RH,RH,ambient,False,SUP-145,A-12-14,True,154,85
FL-6906-2503,Washer concentrate LH,Fluids,1.05,1.05,1.05,LH,LH,ambient,False,SUP-130,JIS-07-03,True,202,87
EL-3319-2504,ECU control module Premium,Electronics,19.96,19.96,19.96,RH,RH,ambient,False,SUP-165,A-12-02,True,200,26
PO-8029-2505,Torque converter Gen 2,Powertrain,21.13,21.13,21.13,LH,LH,ambient,False,SUP-057,Q-04-15,True,219,86
EL-8736-2506,Power distribution unit RH,Electronics,6.16,6.16,6.16,RH,RH,ambient,False,SUP-135,B-07-02,True,116,53
EL-3501-2507,Power distribution unit Gen 2,Electronics,1.13,1.13,1.13,LH,LH,ambient,False,SUP-001,HZ-02-08,True,210,67
FL-3276-2508,Coolant additive LH,Fluids,13.37,13.37,13.37,RH,RH,hazmat,False,SUP-012,HZ-02-03,True,108,25
EL-7637-2509,ECU control module RH,Electronics,10.46,10.46,10.46,LH,LH,ambient,False,SUP-127,A-12-10,True,139,60
EL-8226-2510,ECU control module RH,Electronics,20.24,20.24,20.24,RH,RH,ambient,False,SUP-080,A-12-05,True,93,67
CH-9236-2511,Control arm Premium,Chassis,9.47,9.47,9.47,LH,LH,ambient,False,SUP-003,Q-04-10,True,161,57
FL-2830-2512,Sealant cartridge Premium,Fluids,23.55,23.55,23.55,RH,RH,ambient,False,SUP-065,HZ-02-15,True,180,32
CH-1677-2513,Wheel carrier Gen 2,Chassis,2.9,2.9,2.9,LH,LH,ambient,False,SUP-003,B-07-14,True,158,82
EL-4771-2514,Radar sensor RH,Electronics,15.29,15.29,15.29,RH,RH,ambient,False,SUP-030,B-07-13,True,124,43
EL-7631-2515,Radar sensor RH,Electronics,1.29,1.29,1.29,RH,RH,ambient,False,SUP-088,A-12-16,True,180,52
CH-6568-2516,Wheel carrier Premium,Chassis,3.1,3.1,3.1,LH,LH,ambient,False,SUP-102,HZ-02-02,True,210,40
FL-3218-2517,Washer concentrate RH,Fluids,23.87,23.87,23.87,LH,LH,ambient,False,SUP-093,HZ-02-18,True,168,73
CH-7098-2518,Steering knuckle RH,Chassis,11.18,11.18,11.18,LH,LH,ambient,False,SUP-144,HZ-02-08,True,214,76
FL-4652-2519,Coolant additive Gen 2,Fluids,1.4,1.4,1.4,RH,RH,hazmat,False,SUP-095,Q-04-18,True,88,56
EL-6885-2520,Power distribution unit Gen 2,Electronics,12.52,12.52,12.52,LH,LH,ambient,False,SUP-082,Q-04-04,True,155,59
FL-9456-2521,Sealant cartridge RH,Fluids,5.78,5.78,5.78,LH,LH,hazmat,False,SUP-120,JIS-07-11,True,159,30
PO-9848-2522,Torque converter RH,Powertrain,14.3,14.3,14.3,LH,LH,ambient,False,SUP-011,JIS-07-08,True,73,52
FL-8778-2523,Coolant additive LH,Fluids,6.59,6.59,6.59,RH,RH,hazmat,False,SUP-093,Q-04-06,True,97,77
CH-7167-2524,Control arm RH,Chassis,15.75,15.75,15.75,RH,RH,ambient,False,SUP-048,HZ-02-12,True,206,57
IN-5535-2525,Seat rail LH,Interior,22.94,22.94,22.94,LH,LH,ambient,False,SUP-155,B-07-02,True,106,47
EL-6011-2526,ECU control module Premium,Electronics,4.23,4.23,4.23,LH,LH,ambient,False,SUP-010,JIS-07-09,True,170,36
EL-4495-2527,Radar sensor RH,Electronics,7.54,7.54,7.54,RH,RH,ambient,False,SUP-022,A-12-10,True,173,68
IN-9542-2528,Wiring harness assembly Gen 2,Interior,14.78,14.78,14.78,RH,RH,ambient,False,SUP-069,B-07-09,True,81,71
FL-8432-2529,Washer concentrate Premium,Fluids,18.02,18.02,18.02,RH,RH,hazmat,True,SUP-090,B-07-10,True,77,67
IN-1065-2530,Console module LH,Interior,17.79,17.79,17.79,LH,LH,ambient,False,SUP-140,JIS-07-12,True,74,44
PO-4353-2531,Clutch actuator Gen 2,Powertrain,4.78,4.78,4.78,RH,RH,ambient,False,SUP-115,A-12-03,True,151,52
CH-8783-2532,Steering knuckle LH,Chassis,6.06,6.06,6.06,RH,RH,ambient,False,SUP-126,Q-04-09,True,166,62
EL-9088-2533,ECU control module RH,Electronics,2.16,2.16,2.16,LH,LH,ambient,False,SUP-063,HZ-02-13,True,198,65
PO-1517-2534,Gear selector Premium,Powertrain,10.71,10.71,10.71,LH,LH,ambient,False,SUP-087,A-12-15,True,117,87
PO-8138-2535,Fuel rail Premium,Powertrain,13.41,13.41,13.41,LH,LH,ambient,False,SUP-070,JIS-07-03,True,60,41
IN-2863-2536,Door trim panel Premium,Interior,23.0,23.0,23.0,RH,RH,ambient,False,SUP-001,Q-04-11,True,72,29
CH-8219-2537,Wheel carrier RH,Chassis,20.11,20.11,20.11,RH,RH,ambient,False,SUP-027,JIS-07-10,True,143,73
IN-1225-2538,Seat rail Gen 2,Interior,23.4,23.4,23.4,LH,LH,ambient,False,SUP-028,HZ-02-12,True,181,44
IN-2047-2539,Door trim panel Premium,Interior,17.46,17.46,17.46,RH,RH,ambient,False,SUP-007,JIS-07-01,True,166,59
FL-4688-2540,Sealant cartridge Premium,Fluids,8.65,8.65,8.65,LH,LH,ambient,False,SUP-122,Q-04-10,True,179,37
FL-8991-2541,Washer concentrate Premium,Fluids,2.47,2.47,2.47,LH,LH,ambient,False,SUP-172,JIS-07-05,True,158,76
IN-2110-2542,Seat rail Premium,Interior,10.04,10.04,10.04,LH,LH,ambient,False,SUP-041,A-12-17,True,175,83
EL-4933-2543,Radar sensor Gen 2,Electronics,3.65,3.65,3.65,RH,RH,ambient,False,SUP-058,Q-04-16,True,94,44
EL-8202-2544,Radar sensor Gen 2,Electronics,15.12,15.12,15.12,LH,LH,ambient,False,SUP-049,A-12-16,True,173,40
FL-7077-2545,Washer concentrate LH,Fluids,2.34,2.34,2.34,LH,LH,hazmat,True,SUP-153,B-07-16,True,138,62
EL-4025-2546,Camera harness Gen 2,Electronics,5.5,5.5,5.5,RH,RH,ambient,False,SUP-117,Q-04-06,True,141,32
EL-3892-2547,Radar sensor Premium,Electronics,16.83,16.83,16.83,LH,LH,ambient,False,SUP-137,A-12-07,True,189,84
IN-6009-2548,Wiring harness assembly Gen 2,Interior,2.25,2.25,2.25,LH,LH,ambient,False,SUP-017,B-07-07,True,110,25
CH-4397-2549,Wheel carrier Premium,Chassis,18.65,18.65,18.65,RH,RH,ambient,False,SUP-028,Q-04-14,True,69,52
FL-9481-2550,Brake fluid reservoir Gen 2,Fluids,15.17,15.17,15.17,RH,RH,ambient,False,SUP-132,B-07-14,True,178,45
CH-2501-2551,Steering knuckle Gen 2,Chassis,0.6,0.6,0.6,RH,RH,ambient,False,SUP-108,JIS-07-05,True,79,40
EL-8000-2552,Camera harness Premium,Electronics,11.68,11.68,11.68,LH,LH,ambient,False,SUP-160,HZ-02-05,True,105,36
EL-1329-2553,Power distribution unit LH,Electronics,11.28,11.28,11.28,LH,LH,ambient,False,SUP-198,JIS-07-10,True,199,40
EL-2345-2554,Camera harness LH,Electronics,9.14,9.14,9.14,LH,LH,ambient,False,SUP-195,HZ-02-17,True,200,81
FL-8731-2555,Brake fluid reservoir Premium,Fluids,4.29,4.29,4.29,LH,LH,hazmat,False,SUP-136,JIS-07-09,True,97,61
FL-3457-2556,Brake fluid reservoir Premium,Fluids,6.12,6.12,6.12,RH,RH,ambient,False,SUP-092,B-07-01,True,147,29
CH-8252-2557,Steering knuckle RH,Chassis,21.71,21.71,21.71,LH,LH,ambient,False,SUP-189,JIS-07-09,True,171,49
EL-8370-2558,Radar sensor RH,Electronics,19.29,19.29,19.29,LH,LH,ambient,False,SUP-160,HZ-02-08,True,145,55
IN-7379-2559,Door trim panel Gen 2,Interior,21.2,21.2,21.2,RH,RH,ambient,False,SUP-018,A-12-17,True,106,82
CH-7220-2560,Steering knuckle LH,Chassis,17.45,17.45,17.45,LH,LH,ambient,False,SUP-012,HZ-02-05,True,202,66
EL-7503-2561,Radar sensor LH,Electronics,21.56,21.56,21.56,RH,RH,ambient,False,SUP-147,Q-04-08,True,87,40
PO-2863-2562,Clutch actuator RH,Powertrain,5.81,5.81,5.81,LH,LH,ambient,False,SUP-045,JIS-07-18,True,75,65
FL-1661-2563,Washer concentrate RH,Fluids,14.89,14.89,14.89,RH,RH,ambient,True,SUP-030,JIS-07-04,True,177,48
IN-7868-2564,Wiring harness assembly RH,Interior,6.2,6.2,6.2,LH,LH,ambient,False,SUP-128,Q-04-17,True,86,26
PO-7915-2565,Gear selector Gen 2,Powertrain,23.72,23.72,23.72,LH,LH,ambient,False,SUP-075,JIS-07-01,True,153,44
FL-8690-2566,Coolant additive RH,Fluids,12.41,12.41,12.41,RH,RH,ambient,True,SUP-001,JIS-07-15,True,208,86
IN-8625-2567,Seat rail LH,Interior,7.33,7.33,7.33,LH,LH,ambient,False,SUP-109,JIS-07-15,True,67,55
CH-9736-2568,Control arm LH,Chassis,6.04,6.04,6.04,RH,RH,ambient,False,SUP-024,HZ-02-09,True,190,27
EL-3699-2569,Radar sensor LH,Electronics,23.98,23.98,23.98,LH,LH,ambient,False,SUP-185,B-07-02,True,179,27
FL-1679-2570,Sealant cartridge Premium,Fluids,12.72,12.72,12.72,RH,RH,ambient,False,SUP-161,Q-04-08,True,192,50
IN-4477-2571,Seat rail RH,Interior,2.7,2.7,2.7,RH,RH,ambient,False,SUP-174,A-12-03,True,188,34
FL-7042-2572,Coolant additive RH,Fluids,2.28,2.28,2.28,RH,RH,hazmat,True,SUP-096,A-12-16,True,110,69
EL-9396-2573,Power distribution unit RH,Electronics,23.53,23.53,23.53,LH,LH,ambient,False,SUP-172,JIS-07-12,True,213,68
IN-6125-2574,Wiring harness assembly LH,Interior,24.4,24.4,24.4,LH,LH,ambient,False,SUP-071,HZ-02-07,True,111,86
CH-7047-2575,Control arm LH,Chassis,20.53,20.53,20.53,RH,RH,ambient,False,SUP-180,JIS-07-18,True,161,56
EL-2321-2576,ECU control module Premium,Electronics,5.86,5.86,5.86,RH,RH,ambient,False,SUP-102,JIS-07-03,True,122,77
EL-7546-2577,Power distribution unit Premium,Electronics,7.25,7.25,7.25,LH,LH,ambient,False,SUP-092,HZ-02-10,True,175,68
CH-9804-2578,Control arm Gen 2,Chassis,7.75,7.75,7.75,LH,LH,ambient,False,SUP-152,JIS-07-09,True,77,41
IN-5187-2579,Door trim panel Gen 2,Interior,16.66,16.66,16.66,LH,LH,ambient,False,SUP-138,Q-04-01,True,198,82
FL-4740-2580,Coolant additive LH,Fluids,3.62,3.62,3.62,RH,RH,hazmat,False,SUP-070,B-07-06,True,203,36
EL-6429-2581,Power distribution unit LH,Electronics,1.22,1.22,1.22,LH,LH,ambient,False,SUP-010,B-07-07,True,74,61
CH-7198-2582,Steering knuckle LH,Chassis,2.17,2.17,2.17,LH,LH,ambient,False,SUP-163,HZ-02-07,True,136,58
IN-7132-2583,Wiring harness assembly Gen 2,Interior,9.44,9.44,9.44,RH,RH,ambient,False,SUP-145,Q-04-15,True,179,29
IN-7561-2584,Wiring harness assembly RH,Interior,11.49,11.49,11.49,RH,RH,ambient,False,SUP-168,HZ-02-02,True,97,39
IN-8066-2585,Seat rail LH,Interior,1.43,1.43,1.43,LH,LH,ambient,False,SUP-154,B-07-03,True,152,77
CH-3320-2586,Steering knuckle Premium,Chassis,12.33,12.33,12.33,LH,LH,ambient,False,SUP-021,JIS-07-13,True,220,83
IN-7955-2587,Console module LH,Interior,1.69,1.69,1.69,RH,RH,ambient,False,SUP-154,A-12-18,True,216,81
PO-9115-2588,Fuel rail Premium,Powertrain,14.45,14.45,14.45,RH,RH,ambient,False,SUP-011,B-07-15,True,112,29
PO-3735-2589,Fuel rail Gen 2,Powertrain,11.24,11.24,11.24,RH,RH,ambient,False,SUP-024,HZ-02-02,True,171,61
CH-3538-2590,Steering knuckle Gen 2,Chassis,23.07,23.07,23.07,RH,RH,ambient,False,SUP-193,B-07-07,True,68,32
EL-6469-2591,ECU control module Premium,Electronics,20.18,20.18,20.18,RH,RH,ambient,False,SUP-118,A-12-17,True,100,38
PO-9916-2592,Fuel rail Gen 2,Powertrain,9.57,9.57,9.57,LH,LH,ambient,False,SUP-008,Q-04-01,True,67,51
CH-4370-2593,Wheel carrier LH,Chassis,11.58,11.58,11.58,RH,RH,ambient,False,SUP-111,JIS-07-13,True,97,57
EL-9083-2594,Power distribution unit RH,Electronics,2.9,2.9,2.9,RH,RH,ambient,False,SUP-129,JIS-07-02,True,216,77
PO-7341-2595,Clutch actuator LH,Powertrain,1.69,1.69,1.69,RH,RH,ambient,False,SUP-150,Q-04-18,True,84,56
EL-5723-2596,ECU control module Gen 2,Electronics,9.1,9.1,9.1,LH,LH,ambient,False,SUP-008,Q-04-08,True,202,39
CH-7122-2597,Brake line manifold RH,Chassis,11.07,11.07,11.07,LH,LH,ambient,False,SUP-100,B-07-11,True,97,46
CH-5787-2598,Brake line manifold Gen 2,Chassis,16.89,16.89,16.89,RH,RH,ambient,False,SUP-187,Q-04-02,True,219,55
IN-4087-2599,Seat rail LH,Interior,10.52,10.52,10.52,LH,LH,ambient,False,SUP-139,B-07-17,True,161,76
CH-1704-2600,Control arm LH,Chassis,21.56,21.56,21.56,RH,RH,ambient,False,SUP-025,JIS-07-03,True,181,62
IN-8779-2601,Wiring harness assembly Gen 2,Interior,20.01,20.01,20.01,LH,LH,ambient,False,SUP-084,Q-04-10,True,75,34
EL-4548-2602,Radar sensor Gen 2,Electronics,20.45,20.45,20.45,RH,RH,ambient,False,SUP-182,A-12-09,True,79,87
CH-9199-2603,Wheel carrier Gen 2,Chassis,21.82,21.82,21.82,RH,RH,ambient,False,SUP-007,JIS-07-01,True,153,83
PO-9805-2604,Gear selector LH,Powertrain,2.73,2.73,2.73,LH,LH,ambient,False,SUP-040,B-07-10,True,181,57
PO-3255-2605,Clutch actuator LH,Powertrain,10.74,10.74,10.74,LH,LH,ambient,False,SUP-023,Q-04-13,True,101,31
FL-9333-2606,Sealant cartridge Premium,Fluids,5.18,5.18,5.18,RH,RH,ambient,True,SUP-129,JIS-07-04,True,164,28
CH-8945-2607,Steering knuckle LH,Chassis,8.3,8.3,8.3,LH,LH,ambient,False,SUP-086,A-12-07,True,67,41
EL-1475-2608,Power distribution unit RH,Electronics,4.3,4.3,4.3,LH,LH,ambient,False,SUP-182,Q-04-16,True,95,84
EL-7099-2609,ECU control module LH,Electronics,15.35,15.35,15.35,RH,RH,ambient,False,SUP-094,B-07-10,True,141,78
FL-5900-2610,Brake fluid reservoir RH,Fluids,24.36,24.36,24.36,LH,LH,hazmat,True,SUP-129,A-12-01,True,158,61
IN-3779-2611,Console module Premium,Interior,12.89,12.89,12.89,RH,RH,ambient,False,SUP-130,B-07-18,True,120,80
IN-9001-2612,Wiring harness assembly Gen 2,Interior,23.49,23.49,23.49,RH,RH,ambient,False,SUP-199,JIS-07-15,True,175,86
PO-9795-2613,Gear selector Gen 2,Powertrain,14.96,14.96,14.96,RH,RH,ambient,False,SUP-058,B-07-07,True,189,30
FL-5059-2614,Brake fluid reservoir LH,Fluids,3.88,3.88,3.88,RH,RH,ambient,False,SUP-179,Q-04-08,True,173,41
FL-8616-2615,Washer concentrate RH,Fluids,6.83,6.83,6.83,RH,RH,ambient,False,SUP-064,Q-04-12,True,106,51
IN-9482-2616,Seat rail Premium,Interior,20.79,20.79,20.79,RH,RH,ambient,False,SUP-060,Q-04-02,True,157,47
FL-2463-2617,Sealant cartridge Gen 2,Fluids,6.18,6.18,6.18,RH,RH,ambient,False,SUP-017,A-12-01,True,142,90
PO-6490-2618,Fuel rail Premium,Powertrain,1.86,1.86,1.86,LH,LH,ambient,False,SUP-160,B-07-08,True,70,68
CH-7439-2619,Control arm RH,Chassis,22.62,22.62,22.62,RH,RH,ambient,False,SUP-037,HZ-02-07,True,89,56
IN-4179-2620,Door trim panel Gen 2,Interior,21.07,21.07,21.07,LH,LH,ambient,False,SUP-176,A-12-17,True,71,49
CH-2811-2621,Steering knuckle LH,Chassis,18.34,18.34,18.34,LH,LH,ambient,False,SUP-164,Q-04-07,True,60,59
PO-3785-2622,Clutch actuator Gen 2,Powertrain,0.4,0.4,0.4,LH,LH,ambient,False,SUP-143,Q-04-06,True,122,46
PO-1325-2623,Clutch actuator RH,Powertrain,17.77,17.77,17.77,RH,RH,ambient,False,SUP-051,JIS-07-03,True,63,70
PO-7245-2624,Clutch actuator Gen 2,Powertrain,8.53,8.53,8.53,LH,LH,ambient,False,SUP-188,HZ-02-06,True,123,86
PO-8969-2625,Clutch actuator Gen 2,Powertrain,7.82,7.82,7.82,LH,LH,ambient,False,SUP-146,JIS-07-07,True,219,83
FL-1223-2626,Coolant additive RH,Fluids,14.07,14.07,14.07,RH,RH,hazmat,False,SUP-172,Q-04-05,True,105,88
FL-6339-2627,Brake fluid reservoir Gen 2,Fluids,19.97,19.97,19.97,RH,RH,hazmat,True,SUP-053,Q-04-18,True,127,82
EL-2754-2628,ECU control module RH,Electronics,6.38,6.38,6.38,LH,LH,ambient,False,SUP-074,JIS-07-05,True,151,75
FL-7727-2629,Brake fluid reservoir LH,Fluids,10.11,10.11,10.11,LH,LH,ambient,False,SUP-142,Q-04-12,True,63,64
EL-6892-2630,Power distribution unit Gen 2,Electronics,0.53,0.53,0.53,RH,RH,ambient,False,SUP-084,B-07-03,True,65,47
IN-2119-2631,Door trim panel RH,Interior,19.63,19.63,19.63,RH,RH,ambient,False,SUP-006,HZ-02-06,True,137,56
FL-8382-2632,Washer concentrate Gen 2,Fluids,3.55,3.55,3.55,LH,LH,ambient,True,SUP-118,B-07-03,True,125,46
PO-4731-2633,Clutch actuator LH,Powertrain,2.93,2.93,2.93,RH,RH,ambient,False,SUP-077,HZ-02-06,True,170,88
PO-8158-2634,Torque converter LH,Powertrain,18.46,18.46,18.46,LH,LH,ambient,False,SUP-170,JIS-07-12,True,187,69
FL-5539-2635,Coolant additive Premium,Fluids,9.55,9.55,9.55,RH,RH,ambient,True,SUP-161,A-12-17,True,183,51
EL-4320-2636,Camera harness RH,Electronics,11.48,11.48,11.48,RH,RH,ambient,False,SUP-029,B-07-03,True,108,32
IN-1110-2637,Console module Gen 2,Interior,24.43,24.43,24.43,LH,LH,ambient,False,SUP-052,Q-04-13,True,213,32
CH-8967-2638,Control arm Gen 2,Chassis,8.45,8.45,8.45,RH,RH,ambient,False,SUP-024,B-07-14,True,124,90
IN-2182-2639,Seat rail Premium,Interior,1.63,1.63,1.63,RH,RH,ambient,False,SUP-149,A-12-07,True,61,76
FL-8689-2640,Coolant additive Premium,Fluids,23.69,23.69,23.69,LH,LH,ambient,True,SUP-037,B-07-15,True,154,55
CH-1109-2641,Control arm Premium,Chassis,16.08,16.08,16.08,RH,RH,ambient,False,SUP-190,JIS-07-07,True,174,26
CH-3199-2642,Wheel carrier Premium,Chassis,23.72,23.72,23.72,RH,RH,ambient,False,SUP-147,A-12-15,True,182,85
EL-7287-2643,ECU control module RH,Electronics,12.6,12.6,12.6,LH,LH,ambient,False,SUP-110,Q-04-04,True,73,64
CH-9745-2644,Steering knuckle Gen 2,Chassis,0.89,0.89,0.89,LH,LH,ambient,False,SUP-003,B-07-12,True,205,75
FL-2318-2645,Brake fluid reservoir LH,Fluids,11.4,11.4,11.4,RH,RH,ambient,True,SUP-122,Q-04-17,True,190,47
EL-7104-2646,ECU control module LH,Electronics,8.91,8.91,8.91,RH,RH,ambient,False,SUP-108,HZ-02-13,True,119,32
EL-6344-2647,Power distribution unit LH,Electronics,20.43,20.43,20.43,RH,RH,ambient,False,SUP-156,HZ-02-14,True,69,65
EL-4879-2648,Camera harness LH,Electronics,24.33,24.33,24.33,RH,RH,ambient,False,SUP-079,JIS-07-13,True,150,32
EL-7417-2649,Power distribution unit Premium,Electronics,8.37,8.37,8.37,RH,RH,ambient,False,SUP-073,Q-04-16,True,82,32
CH-6879-2650,Steering knuckle RH,Chassis,15.08,15.08,15.08,LH,LH,ambient,False,SUP-131,Q-04-16,True,146,80
PO-7533-2651,Torque converter Gen 2,Powertrain,22.77,22.77,22.77,RH,RH,ambient,False,SUP-022,B-07-16,True,102,84
EL-6283-2652,Radar sensor RH,Electronics,13.06,13.06,13.06,LH,LH,ambient,False,SUP-167,A-12-15,True,115,42
IN-7505-2653,Door trim panel Premium,Interior,12.92,12.92,12.92,RH,RH,ambient,False,SUP-039,JIS-07-18,True,86,38
EL-2127-2654,Power distribution unit RH,Electronics,21.4,21.4,21.4,LH,LH,ambient,False,SUP-137,Q-04-14,True,95,41
IN-7243-2655,Door trim panel RH,Interior,15.42,15.42,15.42,LH,LH,ambient,False,SUP-090,A-12-11,True,199,78
FL-3476-2656,Sealant cartridge Gen 2,Fluids,13.86,13.86,13.86,RH,RH,ambient,False,SUP-024,Q-04-05,True,100,65
EL-8866-2657,Radar sensor LH,Electronics,14.2,14.2,14.2,RH,RH,ambient,False,SUP-016,HZ-02-18,True,90,72
PO-7663-2658,Clutch actuator LH,Powertrain,19.09,19.09,19.09,RH,RH,ambient,False,SUP-171,HZ-02-03,True,206,67
EL-6564-2659,ECU control module LH,Electronics,21.13,21.13,21.13,LH,LH,ambient,False,SUP-044,Q-04-11,True,146,46
IN-2035-2660,Door trim panel RH,Interior,15.59,15.59,15.59,RH,RH,ambient,False,SUP-155,HZ-02-17,True,109,61
EL-2801-2661,ECU control module Premium,Electronics,19.17,19.17,19.17,LH,LH,ambient,False,SUP-048,HZ-02-06,True,218,27
IN-9903-2662,Door trim panel LH,Interior,23.6,23.6,23.6,LH,LH,ambient,False,SUP-140,A-12-03,True,174,89
EL-6111-2663,Camera harness Premium,Electronics,1.61,1.61,1.61,RH,RH,ambient,False,SUP-111,JIS-07-16,True,171,72
EL-7969-2664,Power distribution unit Gen 2,Electronics,3.15,3.15,3.15,LH,LH,ambient,False,SUP-145,Q-04-08,True,215,84
EL-6642-2665,Power distribution unit RH,Electronics,3.56,3.56,3.56,RH,RH,ambient,False,SUP-119,JIS-07-04,True,126,71
PO-9907-2666,Clutch actuator Premium,Powertrain,16.92,16.92,16.92,RH,RH,ambient,False,SUP-055,A-12-12,True,130,31
CH-4486-2667,Control arm LH,Chassis,8.58,8.58,8.58,RH,RH,ambient,False,SUP-021,Q-04-01,True,216,57
FL-6658-2668,Brake fluid reservoir Premium,Fluids,7.07,7.07,7.07,LH,LH,ambient,True,SUP-181,B-07-08,True,90,62
PO-2459-2669,Gear selector Gen 2,Powertrain,20.44,20.44,20.44,LH,LH,ambient,False,SUP-053,A-12-05,True,190,86
FL-7073-2670,Sealant cartridge LH,Fluids,2.88,2.88,2.88,LH,LH,ambient,True,SUP-062,JIS-07-02,True,113,76
CH-2938-2671,Wheel carrier RH,Chassis,8.93,8.93,8.93,RH,RH,ambient,False,SUP-093,HZ-02-12,True,93,78
IN-4765-2672,Console module Premium,Interior,18.78,18.78,18.78,LH,LH,ambient,False,SUP-169,JIS-07-15,True,71,31
IN-2278-2673,Door trim panel Premium,Interior,8.62,8.62,8.62,RH,RH,ambient,False,SUP-086,JIS-07-10,True,162,88
FL-6738-2674,Brake fluid reservoir RH,Fluids,24.32,24.32,24.32,RH,RH,ambient,False,SUP-060,A-12-13,True,173,32
FL-8656-2675,Coolant additive RH,Fluids,17.14,17.14,17.14,RH,RH,ambient,False,SUP-108,B-07-12,True,187,64
FL-6090-2676,Coolant additive LH,Fluids,17.77,17.77,17.77,RH,RH,hazmat,False,SUP-079,HZ-02-13,True,142,42
IN-8477-2677,Seat rail LH,Interior,9.27,9.27,9.27,RH,RH,ambient,False,SUP-095,Q-04-03,True,181,52
PO-8749-2678,Clutch actuator Premium,Powertrain,13.21,13.21,13.21,LH,LH,ambient,False,SUP-058,B-07-10,True,89,56
EL-2890-2679,Radar sensor Gen 2,Electronics,23.37,23.37,23.37,LH,LH,ambient,False,SUP-166,JIS-07-13,True,193,82
EL-3142-2680,Radar sensor Gen 2,Electronics,21.2,21.2,21.2,LH,LH,ambient,False,SUP-032,JIS-07-07,True,91,36
FL-3551-2681,Sealant cartridge Premium,Fluids,18.4,18.4,18.4,RH,RH,ambient,False,SUP-162,HZ-02-13,True,130,68
EL-7760-2682,Power distribution unit Gen 2,Electronics,10.38,10.38,10.38,LH,LH,ambient,False,SUP-005,A-12-12,True,95,30
PO-8356-2683,Fuel rail Premium,Powertrain,5.4,5.4,5.4,RH,RH,ambient,False,SUP-019,Q-04-08,True,197,48
FL-9073-2684,Washer concentrate Premium,Fluids,9.57,9.57,9.57,RH,RH,ambient,False,SUP-088,HZ-02-15,True,127,76
FL-7235-2685,Brake fluid reservoir Premium,Fluids,19.34,19.34,19.34,RH,RH,ambient,True,SUP-005,JIS-07-16,True,173,47
IN-9171-2686,Seat rail LH,Interior,6.12,6.12,6.12,RH,RH,ambient,False,SUP-008,HZ-02-04,True,94,88
CH-6483-2687,Steering knuckle Gen 2,Chassis,5.87,5.87,5.87,RH,RH,ambient,False,SUP-129,B-07-11,True,184,55
PO-5097-2688,Gear selector LH,Powertrain,16.72,16.72,16.72,RH,RH,ambient,False,SUP-102,HZ-02-08,True,89,32
EL-1444-2689,ECU control module Gen 2,Electronics,22.0,22.0,22.0,LH,LH,ambient,False,SUP-142,B-07-15,True,203,57
IN-4601-2690,Seat rail Premium,Interior,11.33,11.33,11.33,LH,LH,ambient,False,SUP-032,JIS-07-14,True,127,63
FL-2567-2691,Sealant cartridge RH,Fluids,5.27,5.27,5.27,LH,LH,hazmat,False,SUP-015,A-12-01,True,175,67
FL-2345-2692,Coolant additive Premium,Fluids,19.07,19.07,19.07,RH,RH,hazmat,False,SUP-143,Q-04-12,True,76,51
PO-1528-2693,Clutch actuator Premium,Powertrain,12.54,12.54,12.54,RH,RH,ambient,False,SUP-055,JIS-07-08,True,111,87
IN-5707-2694,Wiring harness assembly Premium,Interior,17.45,17.45,17.45,LH,LH,ambient,False,SUP-159,B-07-13,True,81,53
CH-4776-2695,Brake line manifold LH,Chassis,14.6,14.6,14.6,RH,RH,ambient,False,SUP-011,HZ-02-07,True,82,77
PO-1229-2696,Gear selector Premium,Powertrain,21.66,21.66,21.66,LH,LH,ambient,False,SUP-087,Q-04-08,True,111,66
FL-9863-2697,Brake fluid reservoir LH,Fluids,20.1,20.1,20.1,RH,RH,ambient,False,SUP-065,HZ-02-08,True,63,90
EL-3166-2698,ECU control module Gen 2,Electronics,21.84,21.84,21.84,LH,LH,ambient,False,SUP-129,JIS-07-06,True,101,32
IN-2972-2699,Console module Gen 2,Interior,22.04,22.04,22.04,LH,LH,ambient,False,SUP-157,B-07-15,True,65,43
IN-7287-2700,Seat rail LH,Interior,7.62,7.62,7.62,LH,LH,ambient,False,SUP-143,Q-04-06,True,166,46
EL-8115-2701,Radar sensor Premium,Electronics,7.27,7.27,7.27,LH,LH,ambient,False,SUP-080,JIS-07-12,True,102,44
IN-2934-2702,Door trim panel LH,Interior,4.64,4.64,4.64,LH,LH,ambient,False,SUP-121,JIS-07-09,True,156,28
EL-2371-2703,Radar sensor Gen 2,Electronics,18.31,18.31,18.31,RH,RH,ambient,False,SUP-185,HZ-02-06,True,149,50
IN-2460-2704,Console module LH,Interior,14.56,14.56,14.56,RH,RH,ambient,False,SUP-019,Q-04-18,True,194,51
EL-4992-2705,Power distribution unit Gen 2,Electronics,4.98,4.98,4.98,RH,RH,ambient,False,SUP-176,Q-04-10,True,143,39
IN-7455-2706,Console module Gen 2,Interior,2.66,2.66,2.66,LH,LH,ambient,False,SUP-159,B-07-01,True,83,76
IN-3273-2707,Seat rail RH,Interior,1.24,1.24,1.24,RH,RH,ambient,False,SUP-134,B-07-05,True,151,64
EL-7586-2708,Power distribution unit LH,Electronics,4.27,4.27,4.27,LH,LH,ambient,False,SUP-022,HZ-02-07,True,192,50
PO-4770-2709,Gear selector Premium,Powertrain,8.42,8.42,8.42,RH,RH,ambient,False,SUP-190,B-07-10,True,171,78
CH-2398-2710,Brake line manifold Premium,Chassis,14.49,14.49,14.49,RH,RH,ambient,False,SUP-142,JIS-07-05,True,172,46
PO-6271-2711,Torque converter LH,Powertrain,22.18,22.18,22.18,RH,RH,ambient,False,SUP-088,B-07-16,True,119,33
EL-7482-2712,Power distribution unit LH,Electronics,9.47,9.47,9.47,LH,LH,ambient,False,SUP-076,Q-04-12,True,70,84
EL-1305-2713,Camera harness RH,Electronics,16.54,16.54,16.54,LH,LH,ambient,False,SUP-054,HZ-02-09,True,126,57
CH-1132-2714,Steering knuckle LH,Chassis,12.56,12.56,12.56,RH,RH,ambient,False,SUP-104,JIS-07-15,True,74,67
IN-4834-2715,Seat rail Gen 2,Interior,1.27,1.27,1.27,LH,LH,ambient,False,SUP-055,JIS-07-09,True,169,73
PO-2312-2716,Fuel rail RH,Powertrain,12.91,12.91,12.91,LH,LH,ambient,False,SUP-191,JIS-07-09,True,66,29
IN-9377-2717,Seat rail Gen 2,Interior,18.53,18.53,18.53,RH,RH,ambient,False,SUP-182,Q-04-06,True,169,83
FL-2326-2718,Brake fluid reservoir LH,Fluids,0.74,0.74,0.74,RH,RH,ambient,False,SUP-152,HZ-02-03,True,85,90
IN-2522-2719,Console module Gen 2,Interior,10.01,10.01,10.01,RH,RH,ambient,False,SUP-023,B-07-16,True,213,36
FL-4662-2720,Washer concentrate RH,Fluids,13.4,13.4,13.4,RH,RH,ambient,False,SUP-105,HZ-02-15,True,200,26
PO-2584-2721,Clutch actuator Premium,Powertrain,18.5,18.5,18.5,RH,RH,ambient,False,SUP-190,A-12-04,True,188,58
IN-5264-2722,Door trim panel Gen 2,Interior,19.92,19.92,19.92,LH,LH,ambient,False,SUP-105,A-12-05,True,82,59
PO-9943-2723,Clutch actuator LH,Powertrain,17.32,17.32,17.32,LH,LH,ambient,False,SUP-045,Q-04-03,True,98,48
PO-6179-2724,Torque converter Premium,Powertrain,5.54,5.54,5.54,LH,LH,ambient,False,SUP-140,HZ-02-02,True,164,49
CH-8649-2725,Wheel carrier Gen 2,Chassis,22.97,22.97,22.97,RH,RH,ambient,False,SUP-187,Q-04-01,True,158,86
IN-5745-2726,Seat rail RH,Interior,15.32,15.32,15.32,RH,RH,ambient,False,SUP-178,B-07-11,True,216,27
IN-2898-2727,Door trim panel RH,Interior,0.47,0.47,0.47,LH,LH,ambient,False,SUP-097,A-12-07,True,211,75
EL-7292-2728,Radar sensor LH,Electronics,17.22,17.22,17.22,LH,LH,ambient,False,SUP-036,A-12-13,True,220,41
FL-7932-2729,Brake fluid reservoir RH,Fluids,23.32,23.32,23.32,LH,LH,ambient,False,SUP-068,HZ-02-05,True,87,49
PO-6485-2730,Clutch actuator LH,Powertrain,20.98,20.98,20.98,LH,LH,ambient,False,SUP-040,JIS-07-18,True,212,76
IN-1591-2731,Seat rail LH,Interior,18.85,18.85,18.85,RH,RH,ambient,False,SUP-099,JIS-07-01,True,154,83
EL-3516-2732,ECU control module LH,Electronics,8.87,8.87,8.87,LH,LH,ambient,False,SUP-138,A-12-02,True,101,85
PO-6199-2733,Torque converter Premium,Powertrain,8.25,8.25,8.25,LH,LH,ambient,False,SUP-179,Q-04-14,True,206,49
EL-4356-2734,Radar sensor LH,Electronics,18.32,18.32,18.32,LH,LH,ambient,False,SUP-191,A-12-18,True,137,56
IN-5302-2735,Console module Gen 2,Interior,0.42,0.42,0.42,LH,LH,ambient,False,SUP-030,A-12-13,True,193,70
PO-7121-2736,Gear selector Gen 2,Powertrain,24.46,24.46,24.46,LH,LH,ambient,False,SUP-116,Q-04-07,True,144,69
FL-2053-2737,Brake fluid reservoir LH,Fluids,19.15,19.15,19.15,LH,LH,ambient,True,SUP-071,Q-04-05,True,110,78
PO-6171-2738,Clutch actuator RH,Powertrain,23.19,23.19,23.19,RH,RH,ambient,False,SUP-096,JIS-07-17,True,219,69
PO-2256-2739,Fuel rail RH,Powertrain,20.55,20.55,20.55,RH,RH,ambient,False,SUP-034,A-12-05,True,101,55
IN-7724-2740,Console module Premium,Interior,5.71,5.71,5.71,RH,RH,ambient,False,SUP-194,A-12-16,True,91,58
CH-1306-2741,Wheel carrier Premium,Chassis,21.48,21.48,21.48,RH,RH,ambient,False,SUP-146,A-12-05,True,81,30
IN-7523-2742,Console module RH,Interior,22.34,22.34,22.34,RH,RH,ambient,False,SUP-001,JIS-07-16,True,195,42
PO-8395-2743,Clutch actuator LH,Powertrain,5.51,5.51,5.51,RH,RH,ambient,False,SUP-004,Q-04-04,True,184,28
IN-8698-2744,Door trim panel Premium,Interior,22.06,22.06,22.06,LH,LH,ambient,False,SUP-186,B-07-15,True,74,28
IN-8022-2745,Door trim panel Premium,Interior,2.22,2.22,2.22,LH,LH,ambient,False,SUP-059,JIS-07-01,True,179,80
FL-1612-2746,Washer concentrate RH,Fluids,8.18,8.18,8.18,LH,LH,ambient,False,SUP-179,HZ-02-08,True,220,86
EL-9049-2747,Camera harness Premium,Electronics,7.91,7.91,7.91,RH,RH,ambient,False,SUP-005,JIS-07-14,True,190,62
PO-4187-2748,Clutch actuator Premium,Powertrain,24.16,24.16,24.16,RH,RH,ambient,False,SUP-063,HZ-02-10,True,64,27
CH-4912-2749,Brake line manifold RH,Chassis,19.68,19.68,19.68,RH,RH,ambient,False,SUP-078,HZ-02-16,True,214,48
PO-1841-2750,Torque converter RH,Powertrain,20.69,20.69,20.69,LH,LH,ambient,False,SUP-147,JIS-07-15,True,141,54
CH-5912-2751,Steering knuckle Premium,Chassis,4.67,4.67,4.67,RH,RH,ambient,False,SUP-158,A-12-11,True,100,41
CH-9328-2752,Wheel carrier LH,Chassis,23.06,23.06,23.06,LH,LH,ambient,False,SUP-047,HZ-02-10,True,133,58
FL-7722-2753,Brake fluid reservoir LH,Fluids,3.65,3.65,3.65,LH,LH,hazmat,False,SUP-078,B-07-16,True,183,33
FL-1703-2754,Sealant cartridge RH,Fluids,8.15,8.15,8.15,LH,LH,hazmat,True,SUP-027,JIS-07-01,True,64,60
CH-8987-2755,Control arm LH,Chassis,11.41,11.41,11.41,LH,LH,ambient,False,SUP-013,Q-04-17,True,193,42
IN-5400-2756,Wiring harness assembly Gen 2,Interior,14.7,14.7,14.7,LH,LH,ambient,False,SUP-026,B-07-01,True,93,56
IN-5135-2757,Seat rail Premium,Interior,15.43,15.43,15.43,RH,RH,ambient,False,SUP-099,A-12-13,True,101,34
CH-3035-2758,Wheel carrier Gen 2,Chassis,0.77,0.77,0.77,LH,LH,ambient,False,SUP-099,Q-04-05,True,83,87
EL-1519-2759,ECU control module RH,Electronics,20.33,20.33,20.33,RH,RH,ambient,False,SUP-053,B-07-16,True,121,75
PO-1871-2760,Torque converter Gen 2,Powertrain,0.92,0.92,0.92,LH,LH,ambient,False,SUP-022,B-07-18,True,169,34
CH-7148-2761,Wheel carrier RH,Chassis,1.54,1.54,1.54,RH,RH,ambient,False,SUP-177,A-12-01,True,91,48
CH-1370-2762,Wheel carrier RH,Chassis,7.1,7.1,7.1,RH,RH,ambient,False,SUP-149,Q-04-01,True,118,81
EL-3454-2763,ECU control module Gen 2,Electronics,16.3,16.3,16.3,RH,RH,ambient,False,SUP-161,B-07-18,True,214,66
PO-6007-2764,Gear selector LH,Powertrain,19.12,19.12,19.12,RH,RH,ambient,False,SUP-131,Q-04-17,True,116,69
CH-5112-2765,Brake line manifold Gen 2,Chassis,23.8,23.8,23.8,LH,LH,ambient,False,SUP-067,Q-04-02,True,146,80
FL-4869-2766,Coolant additive Premium,Fluids,16.98,16.98,16.98,LH,LH,ambient,False,SUP-034,B-07-14,True,167,64
EL-8362-2767,Radar sensor Gen 2,Electronics,1.97,1.97,1.97,RH,RH,ambient,False,SUP-085,JIS-07-09,True,191,29
EL-1935-2768,Radar sensor RH,Electronics,8.94,8.94,8.94,RH,RH,ambient,False,SUP-186,B-07-09,True,97,35
CH-4446-2769,Brake line manifold LH,Chassis,10.86,10.86,10.86,RH,RH,ambient,False,SUP-012,JIS-07-10,True,134,48
FL-9295-2770,Coolant additive LH,Fluids,10.4,10.4,10.4,LH,LH,ambient,True,SUP-189,A-12-13,True,220,87
PO-8548-2771,Clutch actuator Premium,Powertrain,22.71,22.71,22.71,LH,LH,ambient,False,SUP-059,A-12-06,True,164,40
PO-5459-2772,Torque converter LH,Powertrain,20.28,20.28,20.28,RH,RH,ambient,False,SUP-058,HZ-02-05,True,176,48
FL-5413-2773,Sealant cartridge LH,Fluids,5.64,5.64,5.64,RH,RH,hazmat,False,SUP-163,JIS-07-04,True,95,25
EL-3344-2774,Power distribution unit RH,Electronics,8.79,8.79,8.79,LH,LH,ambient,False,SUP-035,B-07-03,True,121,41
EL-7040-2775,ECU control module LH,Electronics,7.42,7.42,7.42,LH,LH,ambient,False,SUP-128,HZ-02-03,True,150,32
PO-7802-2776,Fuel rail LH,Powertrain,22.96,22.96,22.96,LH,LH,ambient,False,SUP-069,Q-04-15,True,175,55
CH-6145-2777,Steering knuckle RH,Chassis,13.08,13.08,13.08,RH,RH,ambient,False,SUP-057,Q-04-14,True,119,39
IN-2882-2778,Seat rail Gen 2,Interior,17.01,17.01,17.01,RH,RH,ambient,False,SUP-002,HZ-02-12,True,220,67
PO-9082-2779,Gear selector Premium,Powertrain,11.84,11.84,11.84,RH,RH,ambient,False,SUP-193,B-07-11,True,149,31
EL-3322-2780,Radar sensor RH,Electronics,2.82,2.82,2.82,LH,LH,ambient,False,SUP-133,Q-04-12,True,136,25
FL-5147-2781,Coolant additive Gen 2,Fluids,4.39,4.39,4.39,RH,RH,ambient,False,SUP-060,B-07-01,True,202,73
FL-7401-2782,Coolant additive RH,Fluids,20.63,20.63,20.63,LH,LH,hazmat,True,SUP-037,A-12-10,True,79,89
IN-2459-2783,Seat rail Gen 2,Interior,4.43,4.43,4.43,LH,LH,ambient,False,SUP-196,A-12-16,True,201,26
IN-6713-2784,Seat rail Gen 2,Interior,17.12,17.12,17.12,RH,RH,ambient,False,SUP-181,JIS-07-08,True,85,29
IN-8905-2785,Wiring harness assembly Premium,Interior,5.73,5.73,5.73,LH,LH,ambient,False,SUP-189,JIS-07-12,True,199,37
CH-6404-2786,Steering knuckle LH,Chassis,19.18,19.18,19.18,RH,RH,ambient,False,SUP-165,A-12-07,True,188,25
CH-4072-2787,Control arm LH,Chassis,15.3,15.3,15.3,RH,RH,ambient,False,SUP-137,HZ-02-14,True,168,65
PO-1993-2788,Clutch actuator Gen 2,Powertrain,17.28,17.28,17.28,LH,LH,ambient,False,SUP-001,B-07-03,True,102,75
CH-9747-2789,Wheel carrier RH,Chassis,16.1,16.1,16.1,RH,RH,ambient,False,SUP-057,JIS-07-03,True,117,88
PO-9966-2790,Gear selector LH,Powertrain,23.6,23.6,23.6,LH,LH,ambient,False,SUP-058,A-12-05,True,122,58
EL-8931-2791,Camera harness Premium,Electronics,9.69,9.69,9.69,LH,LH,ambient,False,SUP-045,HZ-02-17,True,144,31
EL-7676-2792,Power distribution unit RH,Electronics,7.52,7.52,7.52,LH,LH,ambient,False,SUP-047,JIS-07-17,True,136,34
EL-2506-2793,Camera harness Premium,Electronics,19.66,19.66,19.66,RH,RH,ambient,False,SUP-079,HZ-02-18,True,169,71
FL-3857-2794,Coolant additive RH,Fluids,6.71,6.71,6.71,LH,LH,ambient,False,SUP-059,HZ-02-01,True,151,83
EL-8293-2795,Power distribution unit RH,Electronics,9.77,9.77,9.77,RH,RH,ambient,False,SUP-200,B-07-09,True,142,65
PO-8760-2796,Torque converter Gen 2,Powertrain,19.91,19.91,19.91,LH,LH,ambient,False,SUP-089,HZ-02-10,True,122,30
FL-1417-2797,Coolant additive Gen 2,Fluids,4.1,4.1,4.1,RH,RH,ambient,False,SUP-008,A-12-04,True,96,48
IN-5068-2798,Wiring harness assembly RH,Interior,18.5,18.5,18.5,LH,LH,ambient,False,SUP-091,JIS-07-13,True,187,68
FL-9992-2799,Coolant additive RH,Fluids,15.09,15.09,15.09,LH,LH,ambient,True,SUP-119,B-07-11,True,192,86
IN-2470-2800,Door trim panel RH,Interior,6.78,6.78,6.78,LH,LH,ambient,False,SUP-059,JIS-07-06,True,166,46
IN-5365-2801,Wiring harness assembly RH,Interior,12.51,12.51,12.51,LH,LH,ambient,False,SUP-043,Q-04-08,True,120,47
CH-2009-2802,Wheel carrier LH,Chassis,6.03,6.03,6.03,RH,RH,ambient,False,SUP-095,HZ-02-12,True,170,86
IN-3590-2803,Seat rail RH,Interior,18.96,18.96,18.96,RH,RH,ambient,False,SUP-096,A-12-14,True,136,73
EL-3382-2804,Power distribution unit Premium,Electronics,20.21,20.21,20.21,RH,RH,ambient,False,SUP-143,A-12-18,True,155,78
CH-2680-2805,Control arm Gen 2,Chassis,8.78,8.78,8.78,LH,LH,ambient,False,SUP-052,JIS-07-17,True,120,32
FL-2490-2806,Washer concentrate Premium,Fluids,3.35,3.35,3.35,LH,LH,ambient,True,SUP-185,A-12-14,True,150,29
FL-9695-2807,Coolant additive LH,Fluids,11.34,11.34,11.34,RH,RH,hazmat,False,SUP-130,B-07-12,True,214,85
FL-8311-2808,Brake fluid reservoir RH,Fluids,23.37,23.37,23.37,LH,LH,hazmat,False,SUP-036,Q-04-14,True,102,73
FL-1790-2809,Sealant cartridge LH,Fluids,11.57,11.57,11.57,LH,LH,ambient,False,SUP-086,HZ-02-15,True,192,64
IN-9480-2810,Seat rail Premium,Interior,22.75,22.75,22.75,RH,RH,ambient,False,SUP-005,HZ-02-01,True,214,61
PO-5901-2811,Torque converter RH,Powertrain,19.06,19.06,19.06,RH,RH,ambient,False,SUP-130,A-12-13,True,206,54
EL-4635-2812,Power distribution unit Gen 2,Electronics,6.16,6.16,6.16,LH,LH,ambient,False,SUP-062,Q-04-18,True,130,27
IN-2857-2813,Console module Premium,Interior,2.73,2.73,2.73,RH,RH,ambient,False,SUP-064,A-12-08,True,146,86
EL-6026-2814,ECU control module Premium,Electronics,7.78,7.78,7.78,LH,LH,ambient,False,SUP-068,JIS-07-04,True,157,85
IN-2321-2815,Console module Premium,Interior,6.26,6.26,6.26,RH,RH,ambient,False,SUP-137,Q-04-03,True,149,46
PO-3606-2816,Clutch actuator Premium,Powertrain,6.16,6.16,6.16,RH,RH,ambient,False,SUP-102,Q-04-18,True,63,63
FL-9686-2817,Sealant cartridge Gen 2,Fluids,19.85,19.85,19.85,LH,LH,hazmat,False,SUP-135,Q-04-14,True,212,55
FL-4248-2818,Sealant cartridge Premium,Fluids,13.37,13.37,13.37,LH,LH,hazmat,False,SUP-061,HZ-02-18,True,164,33
EL-5549-2819,Radar sensor RH,Electronics,2.35,2.35,2.35,RH,RH,ambient,False,SUP-095,A-12-09,True,199,45
EL-1127-2820,Power distribution unit Premium,Electronics,23.81,23.81,23.81,LH,LH,ambient,False,SUP-178,B-07-18,True,149,63
CH-1525-2821,Control arm Premium,Chassis,13.6,13.6,13.6,LH,LH,ambient,False,SUP-146,JIS-07-18,True,143,50
CH-6804-2822,Steering knuckle LH,Chassis,2.14,2.14,2.14,LH,LH,ambient,False,SUP-009,Q-04-17,True,92,64
IN-4628-2823,Wiring harness assembly LH,Interior,12.31,12.31,12.31,LH,LH,ambient,False,SUP-188,HZ-02-07,True,65,64
CH-4528-2824,Wheel carrier LH,Chassis,15.81,15.81,15.81,RH,RH,ambient,False,SUP-139,B-07-14,True,137,47
CH-8474-2825,Steering knuckle LH,Chassis,5.19,5.19,5.19,RH,RH,ambient,False,SUP-189,Q-04-12,True,129,70
CH-3746-2826,Wheel carrier LH,Chassis,1.47,1.47,1.47,LH,LH,ambient,False,SUP-153,JIS-07-14,True,130,31
CH-4707-2827,Control arm LH,Chassis,17.89,17.89,17.89,RH,RH,ambient,False,SUP-078,JIS-07-03,True,204,65
PO-5771-2828,Fuel rail LH,Powertrain,3.62,3.62,3.62,RH,RH,ambient,False,SUP-013,JIS-07-18,True,149,67
IN-4259-2829,Door trim panel RH,Interior,16.86,16.86,16.86,LH,LH,ambient,False,SUP-047,HZ-02-08,True,93,76
EL-7041-2830,Radar sensor RH,Electronics,9.37,9.37,9.37,RH,RH,ambient,False,SUP-142,B-07-05,True,137,87
CH-1170-2831,Brake line manifold Premium,Chassis,12.86,12.86,12.86,LH,LH,ambient,False,SUP-085,JIS-07-13,True,203,34
FL-7736-2832,Sealant cartridge Gen 2,Fluids,22.96,22.96,22.96,RH,RH,hazmat,False,SUP-172,Q-04-15,True,118,54
FL-8175-2833,Washer concentrate RH,Fluids,17.94,17.94,17.94,RH,RH,ambient,False,SUP-149,JIS-07-01,True,190,70
EL-9731-2834,Power distribution unit Premium,Electronics,23.08,23.08,23.08,LH,LH,ambient,False,SUP-181,JIS-07-05,True,187,61
IN-1890-2835,Wiring harness assembly LH,Interior,14.09,14.09,14.09,LH,LH,ambient,False,SUP-095,JIS-07-05,True,145,67
FL-9729-2836,Washer concentrate Gen 2,Fluids,4.18,4.18,4.18,RH,RH,hazmat,False,SUP-013,B-07-08,True,85,52
FL-2070-2837,Washer concentrate Premium,Fluids,11.11,11.11,11.11,LH,LH,hazmat,True,SUP-191,Q-04-16,True,116,42
CH-3926-2838,Wheel carrier RH,Chassis,3.03,3.03,3.03,RH,RH,ambient,False,SUP-039,B-07-12,True,78,32
EL-2722-2839,Camera harness Gen 2,Electronics,17.02,17.02,17.02,RH,RH,ambient,False,SUP-006,A-12-07,True,95,69
CH-8718-2840,Brake line manifold Gen 2,Chassis,19.03,19.03,19.03,LH,LH,ambient,False,SUP-016,JIS-07-13,True,128,87
IN-7403-2841,Seat rail LH,Interior,3.57,3.57,3.57,RH,RH,ambient,False,SUP-111,A-12-17,True,192,26
PO-9025-2842,Gear selector Gen 2,Powertrain,23.5,23.5,23.5,LH,LH,ambient,False,SUP-042,B-07-04,True,191,29
IN-8419-2843,Door trim panel Premium,Interior,15.53,15.53,15.53,RH,RH,ambient,False,SUP-025,HZ-02-16,True,135,26
EL-5811-2844,Power distribution unit Premium,Electronics,13.56,13.56,13.56,LH,LH,ambient,False,SUP-174,B-07-02,True,200,89
PO-2455-2845,Torque converter LH,Powertrain,9.31,9.31,9.31,LH,LH,ambient,False,SUP-057,HZ-02-05,True,149,80
EL-1267-2846,Power distribution unit LH,Electronics,11.32,11.32,11.32,RH,RH,ambient,False,SUP-155,A-12-10,True,89,59
EL-6663-2847,ECU control module RH,Electronics,13.2,13.2,13.2,LH,LH,ambient,False,SUP-192,A-12-10,True,99,67
FL-9249-2848,Washer concentrate RH,Fluids,15.41,15.41,15.41,LH,LH,ambient,True,SUP-116,JIS-07-13,True,166,77
CH-9744-2849,Wheel carrier RH,Chassis,12.13,12.13,12.13,LH,LH,ambient,False,SUP-172,Q-04-05,True,114,75
PO-3940-2850,Gear selector LH,Powertrain,10.62,10.62,10.62,RH,RH,ambient,False,SUP-032,HZ-02-06,True,205,34
PO-1842-2851,Clutch actuator LH,Powertrain,23.57,23.57,23.57,RH,RH,ambient,False,SUP-155,B-07-01,True,151,69
EL-9863-2852,Power distribution unit Premium,Electronics,22.45,22.45,22.45,LH,LH,ambient,False,SUP-018,JIS-07-12,True,81,59
CH-3562-2853,Wheel carrier Gen 2,Chassis,18.83,18.83,18.83,LH,LH,ambient,False,SUP-089,HZ-02-02,True,211,80
IN-3562-2854,Seat rail Premium,Interior,12.82,12.82,12.82,RH,RH,ambient,False,SUP-039,JIS-07-11,True,149,79
IN-7681-2855,Console module Gen 2,Interior,6.78,6.78,6.78,RH,RH,ambient,False,SUP-036,B-07-17,True,133,70
CH-7091-2856,Control arm LH,Chassis,1.88,1.88,1.88,RH,RH,ambient,False,SUP-120,A-12-13,True,80,60
FL-7871-2857,Brake fluid reservoir RH,Fluids,19.51,19.51,19.51,LH,LH,ambient,True,SUP-141,A-12-17,True,187,75
CH-4944-2858,Control arm LH,Chassis,21.21,21.21,21.21,LH,LH,ambient,False,SUP-128,HZ-02-17,True,161,81
IN-5700-2859,Door trim panel LH,Interior,12.26,12.26,12.26,LH,LH,ambient,False,SUP-175,JIS-07-12,True,101,32
CH-9420-2860,Wheel carrier RH,Chassis,4.98,4.98,4.98,LH,LH,ambient,False,SUP-085,Q-04-01,True,60,89
FL-3602-2861,Washer concentrate RH,Fluids,3.25,3.25,3.25,LH,LH,hazmat,True,SUP-083,Q-04-02,True,97,60
IN-1719-2862,Wiring harness assembly LH,Interior,12.74,12.74,12.74,LH,LH,ambient,False,SUP-182,Q-04-01,True,207,36
FL-4744-2863,Coolant additive Gen 2,Fluids,8.98,8.98,8.98,LH,LH,hazmat,True,SUP-134,JIS-07-10,True,160,42
EL-8120-2864,Radar sensor LH,Electronics,12.26,12.26,12.26,LH,LH,ambient,False,SUP-001,Q-04-05,True,217,71
FL-4354-2865,Coolant additive Gen 2,Fluids,21.76,21.76,21.76,LH,LH,hazmat,True,SUP-003,HZ-02-04,True,158,64
FL-2673-2866,Coolant additive LH,Fluids,15.96,15.96,15.96,LH,LH,hazmat,True,SUP-060,B-07-02,True,139,34
EL-7962-2867,ECU control module LH,Electronics,21.6,21.6,21.6,RH,RH,ambient,False,SUP-013,JIS-07-16,True,128,54
PO-8303-2868,Fuel rail Gen 2,Powertrain,20.23,20.23,20.23,LH,LH,ambient,False,SUP-153,A-12-12,True,219,45
IN-1398-2869,Wiring harness assembly Gen 2,Interior,5.05,5.05,5.05,LH,LH,ambient,False,SUP-196,Q-04-10,True,215,63
IN-3498-2870,Door trim panel LH,Interior,3.07,3.07,3.07,RH,RH,ambient,False,SUP-167,B-07-06,True,213,26
CH-8110-2871,Steering knuckle Premium,Chassis,10.55,10.55,10.55,RH,RH,ambient,False,SUP-083,Q-04-06,True,67,60
IN-8917-2872,Seat rail RH,Interior,5.5,5.5,5.5,RH,RH,ambient,False,SUP-080,JIS-07-08,True,123,60
IN-6680-2873,Door trim panel LH,Interior,6.74,6.74,6.74,RH,RH,ambient,False,SUP-011,B-07-17,True,67,54
IN-5901-2874,Seat rail Gen 2,Interior,16.14,16.14,16.14,RH,RH,ambient,False,SUP-031,HZ-02-10,True,115,74
FL-7685-2875,Washer concentrate Gen 2,Fluids,11.62,11.62,11.62,LH,LH,hazmat,False,SUP-090,A-12-16,True,181,57
FL-9669-2876,Sealant cartridge LH,Fluids,16.45,16.45,16.45,RH,RH,hazmat,True,SUP-016,A-12-14,True,148,86
FL-4599-2877,Washer concentrate Premium,Fluids,1.12,1.12,1.12,LH,LH,ambient,True,SUP-167,Q-04-08,True,140,41
IN-2651-2878,Seat rail Premium,Interior,7.72,7.72,7.72,LH,LH,ambient,False,SUP-045,JIS-07-07,True,99,70
EL-3510-2879,Camera harness LH,Electronics,4.82,4.82,4.82,LH,LH,ambient,False,SUP-185,JIS-07-02,True,209,56
IN-4941-2880,Seat rail Gen 2,Interior,16.0,16.0,16.0,RH,RH,ambient,False,SUP-155,A-12-03,True,60,85
FL-8705-2881,Sealant cartridge LH,Fluids,20.18,20.18,20.18,RH,RH,hazmat,False,SUP-086,HZ-02-14,True,128,65
IN-6226-2882,Door trim panel LH,Interior,22.19,22.19,22.19,LH,LH,ambient,False,SUP-050,B-07-17,True,138,42
FL-3907-2883,Brake fluid reservoir Premium,Fluids,21.79,21.79,21.79,RH,RH,ambient,True,SUP-074,B-07-16,True,202,61
CH-7190-2884,Brake line manifold LH,Chassis,20.42,20.42,20.42,RH,RH,ambient,False,SUP-045,B-07-11,True,149,48
IN-9182-2885,Seat rail Gen 2,Interior,12.11,12.11,12.11,LH,LH,ambient,False,SUP-110,JIS-07-02,True,82,90
EL-1771-2886,Radar sensor Gen 2,Electronics,13.18,13.18,13.18,RH,RH,ambient,False,SUP-002,A-12-05,True,70,86
CH-6273-2887,Wheel carrier LH,Chassis,3.65,3.65,3.65,LH,LH,ambient,False,SUP-064,JIS-07-18,True,181,43
FL-9328-2888,Brake fluid reservoir RH,Fluids,2.3,2.3,2.3,LH,LH,ambient,True,SUP-103,Q-04-05,True,91,56
CH-9640-2889,Wheel carrier Gen 2,Chassis,7.86,7.86,7.86,LH,LH,ambient,False,SUP-152,A-12-07,True,193,66
IN-6885-2890,Console module RH,Interior,19.35,19.35,19.35,RH,RH,ambient,False,SUP-088,JIS-07-01,True,171,68
FL-6836-2891,Coolant additive Gen 2,Fluids,11.38,11.38,11.38,RH,RH,ambient,True,SUP-063,Q-04-17,True,131,31
PO-6667-2892,Fuel rail Premium,Powertrain,14.26,14.26,14.26,RH,RH,ambient,False,SUP-193,Q-04-18,True,89,75
CH-6697-2893,Wheel carrier RH,Chassis,20.58,20.58,20.58,LH,LH,ambient,False,SUP-119,B-07-04,True,126,36
IN-3677-2894,Seat rail RH,Interior,2.3,2.3,2.3,LH,LH,ambient,False,SUP-072,B-07-06,True,157,87
IN-9757-2895,Seat rail Premium,Interior,16.29,16.29,16.29,RH,RH,ambient,False,SUP-122,A-12-14,True,215,57
FL-7807-2896,Sealant cartridge RH,Fluids,16.07,16.07,16.07,LH,LH,hazmat,True,SUP-166,Q-04-18,True,190,78
EL-5315-2897,Power distribution unit RH,Electronics,22.22,22.22,22.22,LH,LH,ambient,False,SUP-100,A-12-05,True,150,78
CH-2442-2898,Control arm RH,Chassis,8.59,8.59,8.59,RH,RH,ambient,False,SUP-053,HZ-02-02,True,110,89
IN-2670-2899,Wiring harness assembly Gen 2,Interior,3.61,3.61,3.61,RH,RH,ambient,False,SUP-198,Q-04-09,True,116,32
IN-2747-2900,Wiring harness assembly RH,Interior,14.41,14.41,14.41,RH,RH,ambient,False,SUP-078,JIS-07-01,True,65,88
CH-7108-2901,Steering knuckle RH,Chassis,2.32,2.32,2.32,RH,RH,ambient,False,SUP-099,B-07-14,True,122,55
EL-8989-2902,Radar sensor RH,Electronics,3.19,3.19,3.19,RH,RH,ambient,False,SUP-091,B-07-05,True,180,60
CH-5218-2903,Brake line manifold Gen 2,Chassis,22.78,22.78,22.78,RH,RH,ambient,False,SUP-034,B-07-14,True,119,84
CH-8485-2904,Steering knuckle Premium,Chassis,5.8,5.8,5.8,RH,RH,ambient,False,SUP-058,A-12-17,True,156,73
CH-8007-2905,Steering knuckle LH,Chassis,21.35,21.35,21.35,RH,RH,ambient,False,SUP-025,A-12-16,True,106,42
CH-3401-2906,Control arm LH,Chassis,9.38,9.38,9.38,LH,LH,ambient,False,SUP-075,A-12-11,True,136,69
FL-8467-2907,Coolant additive RH,Fluids,13.63,13.63,13.63,RH,RH,ambient,False,SUP-088,Q-04-17,True,210,41
FL-9174-2908,Brake fluid reservoir Gen 2,Fluids,3.94,3.94,3.94,RH,RH,ambient,True,SUP-172,A-12-09,True,72,36
PO-9078-2909,Gear selector LH,Powertrain,10.91,10.91,10.91,LH,LH,ambient,False,SUP-143,JIS-07-08,True,169,74
CH-9597-2910,Wheel carrier Gen 2,Chassis,1.08,1.08,1.08,LH,LH,ambient,False,SUP-092,A-12-11,True,201,54
IN-3613-2911,Wiring harness assembly RH,Interior,7.99,7.99,7.99,LH,LH,ambient,False,SUP-131,JIS-07-06,True,154,79
EL-9070-2912,Power distribution unit RH,Electronics,3.32,3.32,3.32,LH,LH,ambient,False,SUP-188,B-07-12,True,167,85
PO-1268-2913,Clutch actuator LH,Powertrain,8.37,8.37,8.37,RH,RH,ambient,False,SUP-102,B-07-10,True,114,69
FL-4497-2914,Washer concentrate LH,Fluids,4.64,4.64,4.64,RH,RH,ambient,False,SUP-179,JIS-07-16,True,166,47
CH-6795-2915,Brake line manifold Gen 2,Chassis,18.33,18.33,18.33,RH,RH,ambient,False,SUP-007,JIS-07-04,True,147,85
FL-2542-2916,Washer concentrate LH,Fluids,18.74,18.74,18.74,LH,LH,hazmat,True,SUP-102,HZ-02-07,True,95,34
CH-9327-2917,Steering knuckle Gen 2,Chassis,14.22,14.22,14.22,LH,LH,ambient,False,SUP-111,JIS-07-01,True,138,73
PO-6360-2918,Fuel rail LH,Powertrain,7.91,7.91,7.91,LH,LH,ambient,False,SUP-032,Q-04-12,True,117,86
IN-1213-2919,Console module Premium,Interior,5.21,5.21,5.21,RH,RH,ambient,False,SUP-089,Q-04-05,True,60,79
CH-2225-2920,Wheel carrier RH,Chassis,19.41,19.41,19.41,LH,LH,ambient,False,SUP-041,JIS-07-08,True,152,85
PO-1856-2921,Gear selector LH,Powertrain,7.71,7.71,7.71,RH,RH,ambient,False,SUP-064,Q-04-06,True,104,61
FL-5429-2922,Coolant additive Gen 2,Fluids,14.26,14.26,14.26,RH,RH,ambient,False,SUP-062,B-07-03,True,129,60
FL-1444-2923,Brake fluid reservoir Gen 2,Fluids,16.03,16.03,16.03,RH,RH,ambient,False,SUP-019,JIS-07-10,True,219,59
FL-9964-2924,Coolant additive LH,Fluids,20.13,20.13,20.13,LH,LH,ambient,True,SUP-030,Q-04-17,True,128,54
FL-8330-2925,Washer concentrate Premium,Fluids,16.92,16.92,16.92,RH,RH,ambient,True,SUP-168,B-07-07,True,72,43
PO-9317-2926,Fuel rail Gen 2,Powertrain,12.42,12.42,12.42,RH,RH,ambient,False,SUP-126,A-12-14,True,134,88
EL-2940-2927,ECU control module Premium,Electronics,9.39,9.39,9.39,RH,RH,ambient,False,SUP-106,HZ-02-02,True,125,65
PO-8037-2928,Gear selector Gen 2,Powertrain,22.95,22.95,22.95,LH,LH,ambient,False,SUP-152,JIS-07-13,True,139,28
FL-1492-2929,Washer concentrate RH,Fluids,5.25,5.25,5.25,LH,LH,ambient,False,SUP-030,A-12-09,True,70,57
IN-8033-2930,Wiring harness assembly RH,Interior,3.23,3.23,3.23,LH,LH,ambient,False,SUP-022,Q-04-07,True,198,62
EL-7579-2931,Camera harness Premium,Electronics,5.86,5.86,5.86,RH,RH,ambient,False,SUP-029,JIS-07-12,True,199,54
FL-8539-2932,Washer concentrate LH,Fluids,11.49,11.49,11.49,LH,LH,hazmat,True,SUP-121,Q-04-05,True,155,87
PO-4121-2933,Clutch actuator Gen 2,Powertrain,15.97,15.97,15.97,LH,LH,ambient,False,SUP-046,HZ-02-02,True,165,90
FL-8944-2934,Washer concentrate LH,Fluids,16.01,16.01,16.01,LH,LH,hazmat,False,SUP-175,B-07-17,True,63,45
CH-8309-2935,Control arm Gen 2,Chassis,7.0,7.0,7.0,RH,RH,ambient,False,SUP-054,A-12-05,True,166,37
CH-8628-2936,Steering knuckle Premium,Chassis,11.57,11.57,11.57,LH,LH,ambient,False,SUP-075,JIS-07-06,True,105,26
FL-6960-2937,Coolant additive Premium,Fluids,5.86,5.86,5.86,LH,LH,hazmat,False,SUP-013,B-07-10,True,157,25
FL-3776-2938,Washer concentrate LH,Fluids,6.41,6.41,6.41,LH,LH,ambient,True,SUP-083,B-07-02,True,175,30
CH-8599-2939,Wheel carrier RH,Chassis,13.48,13.48,13.48,LH,LH,ambient,False,SUP-159,Q-04-18,True,127,38
CH-9752-2940,Brake line manifold Gen 2,Chassis,20.51,20.51,20.51,RH,RH,ambient,False,SUP-086,B-07-04,True,203,67
PO-6564-2941,Clutch actuator Gen 2,Powertrain,19.03,19.03,19.03,LH,LH,ambient,False,SUP-091,A-12-08,True,116,44
EL-7486-2942,ECU control module Gen 2,Electronics,14.69,14.69,14.69,RH,RH,ambient,False,SUP-059,JIS-07-14,True,79,47
EL-1442-2943,Power distribution unit LH,Electronics,5.78,5.78,5.78,LH,LH,ambient,False,SUP-200,HZ-02-03,True,73,52
IN-3342-2944,Seat rail RH,Interior,7.71,7.71,7.71,RH,RH,ambient,False,SUP-027,Q-04-03,True,127,58
FL-4481-2945,Sealant cartridge Premium,Fluids,7.77,7.77,7.77,RH,RH,hazmat,False,SUP-048,A-12-08,True,143,72
CH-2421-2946,Wheel carrier RH,Chassis,1.88,1.88,1.88,LH,LH,ambient,False,SUP-148,B-07-15,True,68,89
PO-2796-2947,Clutch actuator RH,Powertrain,20.93,20.93,20.93,RH,RH,ambient,False,SUP-180,A-12-05,True,173,80
EL-5325-2948,Power distribution unit Gen 2,Electronics,4.18,4.18,4.18,LH,LH,ambient,False,SUP-179,Q-04-03,True,190,49
CH-6368-2949,Control arm RH,Chassis,13.07,13.07,13.07,RH,RH,ambient,False,SUP-061,HZ-02-14,True,80,85
PO-1287-2950,Gear selector RH,Powertrain,13.03,13.03,13.03,LH,LH,ambient,False,SUP-021,JIS-07-05,True,160,72
CH-8375-2951,Control arm RH,Chassis,12.87,12.87,12.87,LH,LH,ambient,False,SUP-164,A-12-13,True,149,28
PO-3262-2952,Fuel rail RH,Powertrain,21.29,21.29,21.29,LH,LH,ambient,False,SUP-161,JIS-07-04,True,218,52
EL-5201-2953,Radar sensor RH,Electronics,3.76,3.76,3.76,LH,LH,ambient,False,SUP-195,JIS-07-08,True,172,65
PO-3787-2954,Fuel rail LH,Powertrain,16.41,16.41,16.41,LH,LH,ambient,False,SUP-176,Q-04-08,True,142,71
FL-8092-2955,Washer concentrate Premium,Fluids,1.58,1.58,1.58,RH,RH,hazmat,False,SUP-043,Q-04-01,True,103,88
CH-5874-2956,Control arm Premium,Chassis,8.55,8.55,8.55,LH,LH,ambient,False,SUP-078,B-07-16,True,80,38
PO-7203-2957,Torque converter RH,Powertrain,20.32,20.32,20.32,LH,LH,ambient,False,SUP-011,HZ-02-15,True,68,80
CH-4663-2958,Steering knuckle RH,Chassis,21.76,21.76,21.76,RH,RH,ambient,False,SUP-138,HZ-02-08,True,102,33
EL-8916-2959,Radar sensor Premium,Electronics,24.05,24.05,24.05,LH,LH,ambient,False,SUP-140,A-12-06,True,210,67
EL-6206-2960,Power distribution unit Gen 2,Electronics,21.41,21.41,21.41,RH,RH,ambient,False,SUP-161,A-12-04,True,75,80
IN-3632-2961,Wiring harness assembly RH,Interior,10.25,10.25,10.25,RH,RH,ambient,False,SUP-091,B-07-17,True,80,63
PO-7100-2962,Gear selector LH,Powertrain,12.14,12.14,12.14,RH,RH,ambient,False,SUP-115,HZ-02-14,True,82,36
FL-6163-2963,Washer concentrate Gen 2,Fluids,19.19,19.19,19.19,LH,LH,hazmat,False,SUP-025,JIS-07-08,True,109,79
FL-2517-2964,Brake fluid reservoir RH,Fluids,9.25,9.25,9.25,LH,LH,ambient,False,SUP-159,Q-04-18,True,85,55
IN-1286-2965,Door trim panel Premium,Interior,11.35,11.35,11.35,LH,LH,ambient,False,SUP-100,Q-04-10,True,141,84
FL-4188-2966,Washer concentrate LH,Fluids,20.07,20.07,20.07,RH,RH,ambient,False,SUP-085,JIS-07-07,True,80,25
IN-2202-2967,Console module Gen 2,Interior,0.9,0.9,0.9,LH,LH,ambient,False,SUP-101,JIS-07-07,True,83,82
FL-5625-2968,Brake fluid reservoir LH,Fluids,16.79,16.79,16.79,LH,LH,hazmat,False,SUP-156,A-12-18,True,127,77
FL-2649-2969,Coolant additive Premium,Fluids,15.28,15.28,15.28,RH,RH,ambient,False,SUP-106,HZ-02-17,True,176,56
IN-7919-2970,Seat rail RH,Interior,0.91,0.91,0.91,LH,LH,ambient,False,SUP-022,Q-04-14,True,158,68
IN-6967-2971,Door trim panel Gen 2,Interior,19.1,19.1,19.1,LH,LH,ambient,False,SUP-173,JIS-07-07,True,96,36
FL-1356-2972,Sealant cartridge LH,Fluids,14.17,14.17,14.17,RH,RH,hazmat,True,SUP-151,B-07-08,True,129,45
EL-9984-2973,ECU control module Premium,Electronics,17.58,17.58,17.58,RH,RH,ambient,False,SUP-076,Q-04-09,True,168,43
FL-3589-2974,Coolant additive Gen 2,Fluids,8.86,8.86,8.86,RH,RH,ambient,False,SUP-097,Q-04-11,True,82,34
IN-6457-2975,Door trim panel Gen 2,Interior,11.57,11.57,11.57,RH,RH,ambient,False,SUP-035,Q-04-17,True,198,80
FL-1829-2976,Coolant additive Premium,Fluids,16.57,16.57,16.57,RH,RH,ambient,False,SUP-104,B-07-04,True,157,89
IN-9653-2977,Door trim panel LH,Interior,10.88,10.88,10.88,LH,LH,ambient,False,SUP-122,B-07-14,True,122,41
PO-4562-2978,Clutch actuator Gen 2,Powertrain,14.42,14.42,14.42,RH,RH,ambient,False,SUP-082,A-12-04,True,180,29
EL-3607-2979,Power distribution unit Premium,Electronics,13.97,13.97,13.97,RH,RH,ambient,False,SUP-182,Q-04-04,True,130,54
EL-9116-2980,Radar sensor LH,Electronics,9.05,9.05,9.05,RH,RH,ambient,False,SUP-119,HZ-02-14,True,140,72
PO-3841-2981,Gear selector RH,Powertrain,1.52,1.52,1.52,RH,RH,ambient,False,SUP-053,HZ-02-15,True,212,40
PO-3161-2982,Clutch actuator LH,Powertrain,23.98,23.98,23.98,LH,LH,ambient,False,SUP-200,Q-04-16,True,79,64
CH-4402-2983,Control arm Premium,Chassis,3.91,3.91,3.91,LH,LH,ambient,False,SUP-179,Q-04-16,True,168,84
PO-1138-2984,Clutch actuator RH,Powertrain,16.7,16.7,16.7,LH,LH,ambient,False,SUP-061,JIS-07-06,True,140,60
PO-3630-2985,Clutch actuator RH,Powertrain,2.67,2.67,2.67,RH,RH,ambient,False,SUP-170,Q-04-15,True,99,67
PO-3644-2986,Torque converter Premium,Powertrain,15.77,15.77,15.77,RH,RH,ambient,False,SUP-052,HZ-02-15,True,116,65
EL-3212-2987,Camera harness RH,Electronics,9.95,9.95,9.95,LH,LH,ambient,False,SUP-171,JIS-07-02,True,106,45
IN-7570-2988,Seat rail Gen 2,Interior,21.26,21.26,21.26,LH,LH,ambient,False,SUP-003,JIS-07-04,True,162,28
CH-8369-2989,Wheel carrier Premium,Chassis,6.02,6.02,6.02,LH,LH,ambient,False,SUP-033,JIS-07-03,True,155,45
IN-3058-2990,Wiring harness assembly Gen 2,Interior,8.4,8.4,8.4,RH,RH,ambient,False,SUP-089,B-07-18,True,179,27
EL-4666-2991,Power distribution unit Premium,Electronics,16.26,16.26,16.26,RH,RH,ambient,False,SUP-091,HZ-02-09,True,151,38
FL-4890-2992,Washer concentrate Gen 2,Fluids,14.18,14.18,14.18,RH,RH,ambient,True,SUP-111,A-12-10,True,179,27
IN-6816-2993,Seat rail Gen 2,Interior,15.0,15.0,15.0,RH,RH,ambient,False,SUP-082,HZ-02-09,True,159,85
FL-7602-2994,Washer concentrate Premium,Fluids,13.35,13.35,13.35,RH,RH,ambient,False,SUP-024,JIS-07-06,True,92,71
IN-3880-2995,Door trim panel Gen 2,Interior,15.31,15.31,15.31,RH,RH,ambient,False,SUP-157,Q-04-17,True,119,84
CH-2359-2996,Wheel carrier RH,Chassis,3.11,3.11,3.11,RH,RH,ambient,False,SUP-124,JIS-07-18,True,176,49
IN-7971-2997,Console module Gen 2,Interior,21.27,21.27,21.27,RH,RH,ambient,False,SUP-102,HZ-02-03,True,151,52
FL-2028-2998,Brake fluid reservoir LH,Fluids,8.56,8.56,8.56,RH,RH,ambient,False,SUP-060,Q-04-08,True,96,54
IN-8203-2999,Seat rail Premium,Interior,7.83,7.83,7.83,LH,LH,ambient,False,SUP-034,Q-04-17,True,206,32
IN-7724-3000,Door trim panel Gen 2,Interior,20.41,20.41,20.41,RH,RH,ambient,False,SUP-157,A-12-03,True,138,53
CH-4154-3001,Brake line manifold Premium,Chassis,17.62,17.62,17.62,LH,LH,ambient,False,SUP-003,B-07-02,True,186,80
CH-7355-3002,Wheel carrier LH,Chassis,19.18,19.18,19.18,LH,LH,ambient,False,SUP-012,JIS-07-09,True,180,39
FL-1875-3003,Washer concentrate LH,Fluids,13.93,13.93,13.93,RH,RH,hazmat,False,SUP-134,A-12-08,True,200,42
FL-6542-3004,Sealant cartridge Premium,Fluids,22.0,22.0,22.0,LH,LH,hazmat,False,SUP-067,B-07-04,True,90,31
EL-4131-3005,ECU control module RH,Electronics,5.5,5.5,5.5,RH,RH,ambient,False,SUP-033,Q-04-13,True,189,65
CH-6424-3006,Wheel carrier LH,Chassis,19.13,19.13,19.13,RH,RH,ambient,False,SUP-055,Q-04-05,True,72,85
FL-3657-3007,Coolant additive RH,Fluids,19.35,19.35,19.35,LH,LH,hazmat,False,SUP-137,JIS-07-17,True,69,48
FL-6250-3008,Sealant cartridge RH,Fluids,7.55,7.55,7.55,LH,LH,ambient,True,SUP-199,Q-04-02,True,204,40
IN-4205-3009,Console module RH,Interior,2.2,2.2,2.2,LH,LH,ambient,False,SUP-041,A-12-14,True,186,52
CH-8156-3010,Wheel carrier RH,Chassis,20.88,20.88,20.88,LH,LH,ambient,False,SUP-122,Q-04-09,True,73,49
EL-4680-3011,Camera harness Premium,Electronics,3.29,3.29,3.29,RH,RH,ambient,False,SUP-178,JIS-07-08,True,122,72
PO-8875-3012,Torque converter RH,Powertrain,4.78,4.78,4.78,LH,LH,ambient,False,SUP-186,HZ-02-14,True,92,39
IN-1267-3013,Seat rail LH,Interior,6.63,6.63,6.63,RH,RH,ambient,False,SUP-166,B-07-15,True,154,61
PO-8879-3014,Torque converter RH,Powertrain,23.45,23.45,23.45,LH,LH,ambient,False,SUP-126,B-07-05,True,118,32
IN-3948-3015,Seat rail RH,Interior,12.92,12.92,12.92,RH,RH,ambient,False,SUP-015,A-12-08,True,187,51
CH-9668-3016,Wheel carrier Premium,Chassis,22.27,22.27,22.27,RH,RH,ambient,False,SUP-147,HZ-02-14,True,215,65
IN-6061-3017,Wiring harness assembly Gen 2,Interior,22.95,22.95,22.95,RH,RH,ambient,False,SUP-140,Q-04-06,True,153,66
CH-3129-3018,Steering knuckle LH,Chassis,17.72,17.72,17.72,RH,RH,ambient,False,SUP-196,A-12-02,True,107,33
CH-5221-3019,Wheel carrier Premium,Chassis,10.05,10.05,10.05,RH,RH,ambient,False,SUP-149,A-12-13,True,165,57
FL-6757-3020,Sealant cartridge Gen 2,Fluids,15.33,15.33,15.33,LH,LH,ambient,True,SUP-101,A-12-06,True,72,27
PO-8366-3021,Gear selector Gen 2,Powertrain,14.68,14.68,14.68,LH,LH,ambient,False,SUP-197,Q-04-04,True,154,35
EL-3749-3022,Radar sensor Premium,Electronics,2.39,2.39,2.39,RH,RH,ambient,False,SUP-005,HZ-02-02,True,179,65
PO-6418-3023,Torque converter LH,Powertrain,9.34,9.34,9.34,RH,RH,ambient,False,SUP-159,Q-04-11,True,128,74
PO-6058-3024,Fuel rail Premium,Powertrain,10.75,10.75,10.75,LH,LH,ambient,False,SUP-003,HZ-02-11,True,176,90
CH-1888-3025,Wheel carrier Premium,Chassis,14.34,14.34,14.34,LH,LH,ambient,False,SUP-090,HZ-02-06,True,151,48
EL-5422-3026,Power distribution unit LH,Electronics,12.85,12.85,12.85,RH,RH,ambient,False,SUP-019,JIS-07-03,True,170,80
IN-8813-3027,Seat rail Premium,Interior,23.75,23.75,23.75,RH,RH,ambient,False,SUP-098,HZ-02-14,True,180,41
PO-3451-3028,Fuel rail Gen 2,Powertrain,20.19,20.19,20.19,RH,RH,ambient,False,SUP-191,JIS-07-02,True,169,74
IN-3281-3029,Seat rail Gen 2,Interior,13.22,13.22,13.22,LH,LH,ambient,False,SUP-030,B-07-15,True,127,36
IN-2501-3030,Wiring harness assembly LH,Interior,16.64,16.64,16.64,LH,LH,ambient,False,SUP-073,Q-04-17,True,112,48
EL-5146-3031,Camera harness LH,Electronics,23.11,23.11,23.11,RH,RH,ambient,False,SUP-092,Q-04-17,True,60,57
IN-5694-3032,Seat rail LH,Interior,16.85,16.85,16.85,RH,RH,ambient,False,SUP-177,JIS-07-07,True,176,30
FL-1701-3033,Brake fluid reservoir LH,Fluids,1.28,1.28,1.28,RH,RH,ambient,True,SUP-153,B-07-08,True,158,88
FL-6951-3034,Coolant additive LH,Fluids,5.87,5.87,5.87,LH,LH,hazmat,True,SUP-188,A-12-15,True,125,56
PO-2068-3035,Gear selector LH,Powertrain,14.39,14.39,14.39,LH,LH,ambient,False,SUP-075,Q-04-09,True,188,37
EL-8898-3036,Camera harness Gen 2,Electronics,2.64,2.64,2.64,LH,LH,ambient,False,SUP-114,A-12-09,True,190,78
IN-4941-3037,Console module Premium,Interior,2.91,2.91,2.91,RH,RH,ambient,False,SUP-018,Q-04-07,True,96,85
IN-1155-3038,Console module Premium,Interior,2.31,2.31,2.31,RH,RH,ambient,False,SUP-105,JIS-07-07,True,144,29
EL-6937-3039,Radar sensor RH,Electronics,16.63,16.63,16.63,RH,RH,ambient,False,SUP-056,Q-04-13,True,183,39
IN-7267-3040,Console module LH,Interior,11.28,11.28,11.28,LH,LH,ambient,False,SUP-053,B-07-11,True,167,32
IN-3296-3041,Wiring harness assembly LH,Interior,14.84,14.84,14.84,LH,LH,ambient,False,SUP-112,A-12-12,True,81,79
FL-2412-3042,Sealant cartridge LH,Fluids,13.94,13.94,13.94,LH,LH,ambient,False,SUP-052,JIS-07-09,True,219,66
CH-7187-3043,Brake line manifold Premium,Chassis,20.26,20.26,20.26,RH,RH,ambient,False,SUP-048,Q-04-06,True,157,58
EL-7452-3044,ECU control module LH,Electronics,23.29,23.29,23.29,RH,RH,ambient,False,SUP-136,Q-04-12,True,145,50
EL-5189-3045,Camera harness Premium,Electronics,24.28,24.28,24.28,RH,RH,ambient,False,SUP-161,HZ-02-15,True,217,59
IN-9473-3046,Door trim panel LH,Interior,12.22,12.22,12.22,RH,RH,ambient,False,SUP-068,JIS-07-16,True,154,58
IN-3784-3047,Seat rail Premium,Interior,12.24,12.24,12.24,LH,LH,ambient,False,SUP-111,B-07-01,True,151,32
CH-3773-3048,Steering knuckle LH,Chassis,14.46,14.46,14.46,LH,LH,ambient,False,SUP-067,B-07-10,True,69,41
PO-3618-3049,Clutch actuator RH,Powertrain,7.63,7.63,7.63,LH,LH,ambient,False,SUP-037,JIS-07-15,True,194,64
FL-5442-3050,Coolant additive Premium,Fluids,6.48,6.48,6.48,LH,LH,hazmat,True,SUP-075,HZ-02-14,True,193,63
FL-6865-3051,Brake fluid reservoir RH,Fluids,20.67,20.67,20.67,RH,RH,ambient,True,SUP-077,JIS-07-01,True,161,58
EL-7864-3052,ECU control module LH,Electronics,5.0,5.0,5.0,LH,LH,ambient,False,SUP-125,HZ-02-15,True,126,75
EL-1499-3053,Camera harness LH,Electronics,22.0,22.0,22.0,RH,RH,ambient,False,SUP-173,Q-04-02,True,114,31
FL-9312-3054,Sealant cartridge Premium,Fluids,8.89,8.89,8.89,RH,RH,ambient,False,SUP-055,B-07-04,True,98,78
FL-5714-3055,Coolant additive LH,Fluids,12.28,12.28,12.28,RH,RH,ambient,False,SUP-009,Q-04-03,True,192,84
IN-8146-3056,Door trim panel Premium,Interior,2.95,2.95,2.95,LH,LH,ambient,False,SUP-176,JIS-07-05,True,180,44
PO-5337-3057,Torque converter Premium,Powertrain,6.13,6.13,6.13,RH,RH,ambient,False,SUP-113,A-12-06,True,106,70
PO-6183-3058,Clutch actuator Gen 2,Powertrain,16.33,16.33,16.33,RH,RH,ambient,False,SUP-157,HZ-02-04,True,177,76
CH-2293-3059,Wheel carrier RH,Chassis,21.12,21.12,21.12,RH,RH,ambient,False,SUP-104,HZ-02-17,True,161,66
EL-7827-3060,Radar sensor RH,Electronics,11.75,11.75,11.75,LH,LH,ambient,False,SUP-002,B-07-10,True,108,39
IN-7664-3061,Console module RH,Interior,5.95,5.95,5.95,LH,LH,ambient,False,SUP-076,B-07-12,True,113,61
IN-7167-3062,Wiring harness assembly Gen 2,Interior,3.57,3.57,3.57,RH,RH,ambient,False,SUP-151,Q-04-18,True,91,57
EL-2809-3063,ECU control module Gen 2,Electronics,5.19,5.19,5.19,RH,RH,ambient,False,SUP-111,B-07-17,True,97,75
PO-5352-3064,Fuel rail RH,Powertrain,8.47,8.47,8.47,LH,LH,ambient,False,SUP-170,A-12-01,True,64,35
PO-6071-3065,Fuel rail RH,Powertrain,22.94,22.94,22.94,LH,LH,ambient,False,SUP-177,A-12-03,True,188,27
PO-3871-3066,Torque converter Gen 2,Powertrain,3.11,3.11,3.11,RH,RH,ambient,False,SUP-140,HZ-02-16,True,63,54
PO-2673-3067,Torque converter Gen 2,Powertrain,16.65,16.65,16.65,RH,RH,ambient,False,SUP-152,HZ-02-05,True,170,53
FL-9589-3068,Sealant cartridge LH,Fluids,9.5,9.5,9.5,RH,RH,ambient,False,SUP-129,B-07-11,True,149,36
CH-7536-3069,Control arm Gen 2,Chassis,4.42,4.42,4.42,LH,LH,ambient,False,SUP-048,A-12-12,True,60,72
EL-6468-3070,Radar sensor RH,Electronics,20.75,20.75,20.75,RH,RH,ambient,False,SUP-136,HZ-02-08,True,206,72
PO-8775-3071,Torque converter Gen 2,Powertrain,6.26,6.26,6.26,RH,RH,ambient,False,SUP-090,JIS-07-16,True,144,56
EL-9268-3072,Power distribution unit Premium,Electronics,2.46,2.46,2.46,RH,RH,ambient,False,SUP-111,JIS-07-15,True,110,32
CH-7156-3073,Brake line manifold LH,Chassis,0.55,0.55,0.55,LH,LH,ambient,False,SUP-030,JIS-07-16,True,159,36
CH-8222-3074,Wheel carrier Gen 2,Chassis,8.58,8.58,8.58,RH,RH,ambient,False,SUP-088,A-12-15,True,198,44
PO-1897-3075,Gear selector Gen 2,Powertrain,2.96,2.96,2.96,LH,LH,ambient,False,SUP-052,HZ-02-15,True,85,68
FL-3908-3076,Brake fluid reservoir RH,Fluids,16.68,16.68,16.68,RH,RH,hazmat,False,SUP-025,B-07-07,True,114,89
IN-2931-3077,Seat rail RH,Interior,21.78,21.78,21.78,RH,RH,ambient,False,SUP-058,HZ-02-15,True,111,82
FL-3288-3078,Coolant additive RH,Fluids,20.68,20.68,20.68,RH,RH,ambient,True,SUP-011,HZ-02-14,True,66,42
IN-1071-3079,Seat rail RH,Interior,2.75,2.75,2.75,LH,LH,ambient,False,SUP-142,HZ-02-04,True,63,90
CH-3036-3080,Steering knuckle Gen 2,Chassis,16.94,16.94,16.94,LH,LH,ambient,False,SUP-189,JIS-07-12,True,195,63
CH-3143-3081,Control arm RH,Chassis,13.98,13.98,13.98,LH,LH,ambient,False,SUP-163,Q-04-09,True,71,31
FL-7235-3082,Coolant additive Gen 2,Fluids,18.35,18.35,18.35,LH,LH,ambient,False,SUP-062,Q-04-11,True,210,35
CH-1669-3083,Steering knuckle LH,Chassis,3.25,3.25,3.25,RH,RH,ambient,False,SUP-007,HZ-02-03,True,66,73
EL-3661-3084,Power distribution unit Premium,Electronics,15.32,15.32,15.32,RH,RH,ambient,False,SUP-192,A-12-04,True,208,38
CH-3897-3085,Brake line manifold LH,Chassis,3.82,3.82,3.82,LH,LH,ambient,False,SUP-172,JIS-07-03,True,144,88
IN-7566-3086,Seat rail RH,Interior,18.33,18.33,18.33,LH,LH,ambient,False,SUP-001,A-12-17,True,159,90
IN-7358-3087,Seat rail LH,Interior,12.31,12.31,12.31,RH,RH,ambient,False,SUP-163,A-12-16,True,217,40
PO-2838-3088,Fuel rail Gen 2,Powertrain,11.1,11.1,11.1,LH,LH,ambient,False,SUP-004,JIS-07-05,True,94,66
IN-4271-3089,Seat rail Premium,Interior,13.15,13.15,13.15,LH,LH,ambient,False,SUP-028,A-12-10,True,141,48
IN-6316-3090,Seat rail RH,Interior,2.55,2.55,2.55,LH,LH,ambient,False,SUP-002,JIS-07-14,True,207,53
IN-6846-3091,Seat rail RH,Interior,21.53,21.53,21.53,RH,RH,ambient,False,SUP-050,Q-04-06,True,86,58
EL-8887-3092,ECU control module Premium,Electronics,14.08,14.08,14.08,LH,LH,ambient,False,SUP-073,JIS-07-18,True,184,66
EL-1026-3093,Power distribution unit Premium,Electronics,6.3,6.3,6.3,RH,RH,ambient,False,SUP-078,B-07-16,True,136,45
FL-9708-3094,Sealant cartridge RH,Fluids,0.7,0.7,0.7,RH,RH,hazmat,False,SUP-148,A-12-04,True,68,34
EL-4553-3095,Radar sensor Gen 2,Electronics,10.65,10.65,10.65,LH,LH,ambient,False,SUP-163,JIS-07-16,True,80,51
IN-1333-3096,Console module Gen 2,Interior,0.6,0.6,0.6,LH,LH,ambient,False,SUP-099,Q-04-11,True,127,25
FL-4193-3097,Sealant cartridge RH,Fluids,14.22,14.22,14.22,RH,RH,hazmat,True,SUP-095,HZ-02-12,True,191,62
IN-1742-3098,Console module RH,Interior,1.15,1.15,1.15,LH,LH,ambient,False,SUP-014,B-07-11,True,68,27
IN-4348-3099,Door trim panel RH,Interior,2.4,2.4,2.4,LH,LH,ambient,False,SUP-155,Q-04-01,True,95,57
FL-3666-3100,Brake fluid reservoir Gen 2,Fluids,7.02,7.02,7.02,LH,LH,hazmat,False,SUP-142,B-07-18,True,62,41
CH-9711-3101,Brake line manifold LH,Chassis,2.22,2.22,2.22,LH,LH,ambient,False,SUP-168,B-07-02,True,139,52
PO-9015-3102,Gear selector Premium,Powertrain,13.99,13.99,13.99,RH,RH,ambient,False,SUP-163,A-12-01,True,67,69
FL-1127-3103,Coolant additive RH,Fluids,7.11,7.11,7.11,RH,RH,ambient,True,SUP-069,A-12-03,True,170,73
FL-8554-3104,Sealant cartridge RH,Fluids,2.58,2.58,2.58,LH,LH,ambient,False,SUP-054,HZ-02-16,True,169,83
CH-7355-3105,Wheel carrier RH,Chassis,1.65,1.65,1.65,LH,LH,ambient,False,SUP-173,HZ-02-14,True,121,70
FL-6010-3106,Coolant additive Premium,Fluids,17.9,17.9,17.9,LH,LH,ambient,True,SUP-089,B-07-08,True,141,64
PO-9329-3107,Gear selector RH,Powertrain,4.16,4.16,4.16,LH,LH,ambient,False,SUP-165,B-07-13,True,218,50
CH-9964-3108,Control arm RH,Chassis,5.21,5.21,5.21,RH,RH,ambient,False,SUP-101,A-12-02,True,152,66
IN-6750-3109,Wiring harness assembly RH,Interior,9.12,9.12,9.12,RH,RH,ambient,False,SUP-107,Q-04-01,True,134,57
IN-4918-3110,Door trim panel LH,Interior,14.26,14.26,14.26,RH,RH,ambient,False,SUP-072,B-07-12,True,79,79
IN-8879-3111,Console module Gen 2,Interior,17.94,17.94,17.94,RH,RH,ambient,False,SUP-171,JIS-07-10,True,164,43
IN-6760-3112,Console module Premium,Interior,12.41,12.41,12.41,RH,RH,ambient,False,SUP-133,Q-04-18,True,205,48
PO-2657-3113,Fuel rail LH,Powertrain,22.89,22.89,22.89,RH,RH,ambient,False,SUP-093,A-12-15,True,136,34
EL-9567-3114,Camera harness RH,Electronics,21.44,21.44,21.44,RH,RH,ambient,False,SUP-115,B-07-02,True,206,40
IN-3401-3115,Wiring harness assembly Premium,Interior,18.97,18.97,18.97,LH,LH,ambient,False,SUP-174,A-12-03,True,73,74
FL-5379-3116,Washer concentrate Gen 2,Fluids,0.71,0.71,0.71,RH,RH,ambient,False,SUP-151,HZ-02-14,True,113,50
CH-4873-3117,Wheel carrier RH,Chassis,12.03,12.03,12.03,LH,LH,ambient,False,SUP-145,Q-04-01,True,216,85
CH-8088-3118,Brake line manifold LH,Chassis,20.01,20.01,20.01,LH,LH,ambient,False,SUP-096,HZ-02-17,True,123,83
EL-1004-3119,ECU control module LH,Electronics,10.65,10.65,10.65,RH,RH,ambient,False,SUP-141,B-07-05,True,99,62
PO-7672-3120,Gear selector Gen 2,Powertrain,17.92,17.92,17.92,RH,RH,ambient,False,SUP-054,A-12-06,True,194,73
PO-8757-3121,Gear selector Premium,Powertrain,2.94,2.94,2.94,LH,LH,ambient,False,SUP-076,HZ-02-14,True,142,27
CH-7050-3122,Brake line manifold Gen 2,Chassis,14.07,14.07,14.07,LH,LH,ambient,False,SUP-090,A-12-13,True,157,49
FL-6525-3123,Coolant additive RH,Fluids,23.01,23.01,23.01,RH,RH,hazmat,False,SUP-108,HZ-02-08,True,142,41
EL-2930-3124,Camera harness RH,Electronics,16.88,16.88,16.88,LH,LH,ambient,False,SUP-014,A-12-09,True,113,78
FL-9336-3125,Washer concentrate LH,Fluids,16.45,16.45,16.45,LH,LH,ambient,True,SUP-052,B-07-12,True,200,73
PO-1201-3126,Fuel rail Gen 2,Powertrain,11.62,11.62,11.62,RH,RH,ambient,False,SUP-141,Q-04-17,True,121,61
EL-3469-3127,Power distribution unit LH,Electronics,14.73,14.73,14.73,RH,RH,ambient,False,SUP-199,JIS-07-03,True,76,51
FL-6417-3128,Brake fluid reservoir Premium,Fluids,7.62,7.62,7.62,RH,RH,hazmat,False,SUP-086,HZ-02-15,True,128,84
EL-2414-3129,Power distribution unit Premium,Electronics,24.0,24.0,24.0,LH,LH,ambient,False,SUP-119,HZ-02-09,True,130,79
IN-3570-3130,Door trim panel LH,Interior,3.03,3.03,3.03,RH,RH,ambient,False,SUP-101,Q-04-11,True,66,69
IN-3922-3131,Wiring harness assembly RH,Interior,1.74,1.74,1.74,RH,RH,ambient,False,SUP-107,Q-04-09,True,188,56
FL-6690-3132,Sealant cartridge LH,Fluids,12.7,12.7,12.7,LH,LH,ambient,True,SUP-146,B-07-15,True,62,54
EL-7873-3133,Radar sensor Gen 2,Electronics,3.67,3.67,3.67,LH,LH,ambient,False,SUP-116,B-07-15,True,184,55
CH-1953-3134,Steering knuckle Premium,Chassis,6.54,6.54,6.54,LH,LH,ambient,False,SUP-058,A-12-07,True,184,44
CH-9496-3135,Wheel carrier LH,Chassis,4.92,4.92,4.92,RH,RH,ambient,False,SUP-146,HZ-02-09,True,179,89
EL-4258-3136,Camera harness Premium,Electronics,8.82,8.82,8.82,RH,RH,ambient,False,SUP-192,JIS-07-09,True,171,57
FL-7174-3137,Coolant additive LH,Fluids,4.31,4.31,4.31,LH,LH,ambient,True,SUP-028,B-07-02,True,204,68
EL-8448-3138,Power distribution unit Gen 2,Electronics,4.86,4.86,4.86,RH,RH,ambient,False,SUP-006,JIS-07-12,True,163,26
FL-7431-3139,Sealant cartridge Premium,Fluids,3.82,3.82,3.82,LH,LH,ambient,False,SUP-186,JIS-07-15,True,139,60
PO-1127-3140,Fuel rail LH,Powertrain,18.41,18.41,18.41,RH,RH,ambient,False,SUP-049,Q-04-13,True,66,30
IN-8299-3141,Console module Gen 2,Interior,4.71,4.71,4.71,LH,LH,ambient,False,SUP-199,Q-04-13,True,143,53
IN-4352-3142,Door trim panel LH,Interior,16.8,16.8,16.8,RH,RH,ambient,False,SUP-134,Q-04-08,True,167,39
EL-9035-3143,ECU control module Gen 2,Electronics,6.44,6.44,6.44,LH,LH,ambient,False,SUP-051,A-12-03,True,154,71
CH-7129-3144,Control arm Gen 2,Chassis,3.64,3.64,3.64,LH,LH,ambient,False,SUP-105,Q-04-09,True,98,36
CH-3523-3145,Brake line manifold Gen 2,Chassis,12.2,12.2,12.2,LH,LH,ambient,False,SUP-188,JIS-07-17,True,129,65
CH-3146-3146,Steering knuckle Premium,Chassis,1.18,1.18,1.18,LH,LH,ambient,False,SUP-072,HZ-02-09,True,91,73
PO-9424-3147,Gear selector Gen 2,Powertrain,24.3,24.3,24.3,RH,RH,ambient,False,SUP-165,B-07-16,True,208,60
IN-1604-3148,Seat rail Gen 2,Interior,14.0,14.0,14.0,RH,RH,ambient,False,SUP-019,HZ-02-07,True,78,47
PO-9208-3149,Clutch actuator RH,Powertrain,18.78,18.78,18.78,RH,RH,ambient,False,SUP-163,A-12-06,True,137,81
EL-1883-3150,Power distribution unit Premium,Electronics,0.78,0.78,0.78,LH,LH,ambient,False,SUP-084,Q-04-17,True,107,74
FL-2651-3151,Sealant cartridge Premium,Fluids,4.67,4.67,4.67,RH,RH,hazmat,False,SUP-196,HZ-02-15,True,210,86
PO-7215-3152,Gear selector Gen 2,Powertrain,20.13,20.13,20.13,RH,RH,ambient,False,SUP-142,Q-04-03,True,168,47
PO-9530-3153,Fuel rail Gen 2,Powertrain,10.95,10.95,10.95,RH,RH,ambient,False,SUP-056,Q-04-01,True,188,44
FL-4292-3154,Sealant cartridge Premium,Fluids,14.34,14.34,14.34,LH,LH,ambient,False,SUP-072,JIS-07-04,True,78,29
EL-7642-3155,Power distribution unit Premium,Electronics,6.96,6.96,6.96,LH,LH,ambient,False,SUP-037,JIS-07-13,True,213,62
EL-2032-3156,Power distribution unit Gen 2,Electronics,19.66,19.66,19.66,LH,LH,ambient,False,SUP-154,Q-04-14,True,179,83
CH-5917-3157,Wheel carrier Gen 2,Chassis,11.73,11.73,11.73,LH,LH,ambient,False,SUP-001,B-07-08,True,192,52
FL-2519-3158,Brake fluid reservoir RH,Fluids,16.64,16.64,16.64,LH,LH,ambient,False,SUP-065,JIS-07-16,True,100,66
EL-8402-3159,ECU control module LH,Electronics,5.36,5.36,5.36,RH,RH,ambient,False,SUP-129,B-07-04,True,130,38
PO-3523-3160,Clutch actuator RH,Powertrain,4.78,4.78,4.78,LH,LH,ambient,False,SUP-067,JIS-07-05,True,210,86
CH-7141-3161,Wheel carrier LH,Chassis,11.65,11.65,11.65,RH,RH,ambient,False,SUP-114,Q-04-18,True,137,87
IN-9976-3162,Door trim panel LH,Interior,9.17,9.17,9.17,LH,LH,ambient,False,SUP-160,B-07-02,True,108,59
EL-3101-3163,Power distribution unit Premium,Electronics,18.29,18.29,18.29,RH,RH,ambient,False,SUP-079,Q-04-10,True,124,62
IN-4659-3164,Seat rail RH,Interior,11.37,11.37,11.37,RH,RH,ambient,False,SUP-112,HZ-02-03,True,160,59
CH-7657-3165,Brake line manifold RH,Chassis,6.34,6.34,6.34,RH,RH,ambient,False,SUP-103,HZ-02-06,True,201,80
CH-3132-3166,Wheel carrier LH,Chassis,13.85,13.85,13.85,RH,RH,ambient,False,SUP-089,Q-04-10,True,196,43
EL-6095-3167,Radar sensor RH,Electronics,22.49,22.49,22.49,LH,LH,ambient,False,SUP-013,A-12-18,True,208,65
FL-4368-3168,Coolant additive Gen 2,Fluids,20.75,20.75,20.75,LH,LH,ambient,False,SUP-051,A-12-04,True,170,46
PO-3058-3169,Torque converter Gen 2,Powertrain,18.9,18.9,18.9,LH,LH,ambient,False,SUP-126,HZ-02-01,True,183,35
CH-1878-3170,Control arm RH,Chassis,15.56,15.56,15.56,RH,RH,ambient,False,SUP-010,A-12-13,True,200,56
IN-9773-3171,Seat rail LH,Interior,20.01,20.01,20.01,RH,RH,ambient,False,SUP-186,A-12-16,True,161,48
CH-8567-3172,Brake line manifold Gen 2,Chassis,19.19,19.19,19.19,LH,LH,ambient,False,SUP-142,HZ-02-10,True,217,47
CH-4993-3173,Brake line manifold RH,Chassis,4.12,4.12,4.12,LH,LH,ambient,False,SUP-119,HZ-02-12,True,89,48
CH-1970-3174,Wheel carrier RH,Chassis,20.51,20.51,20.51,LH,LH,ambient,False,SUP-028,B-07-09,True,188,59
FL-3681-3175,Sealant cartridge Gen 2,Fluids,15.94,15.94,15.94,RH,RH,ambient,False,SUP-102,JIS-07-05,True,61,56
CH-6618-3176,Brake line manifold Gen 2,Chassis,18.3,18.3,18.3,RH,RH,ambient,False,SUP-100,JIS-07-11,True,152,49
IN-5321-3177,Wiring harness assembly RH,Interior,6.45,6.45,6.45,LH,LH,ambient,False,SUP-122,JIS-07-12,True,116,50
FL-8545-3178,Washer concentrate RH,Fluids,4.3,4.3,4.3,RH,RH,ambient,False,SUP-004,A-12-01,True,143,25
PO-1493-3179,Fuel rail Premium,Powertrain,3.52,3.52,3.52,RH,RH,ambient,False,SUP-017,A-12-13,True,119,39
PO-1186-3180,Torque converter Premium,Powertrain,1.96,1.96,1.96,RH,RH,ambient,False,SUP-042,Q-04-15,True,60,26
CH-1543-3181,Brake line manifold LH,Chassis,3.19,3.19,3.19,LH,LH,ambient,False,SUP-165,JIS-07-07,True,151,89
CH-9810-3182,Steering knuckle RH,Chassis,10.59,10.59,10.59,LH,LH,ambient,False,SUP-134,B-07-09,True,199,87
FL-5208-3183,Sealant cartridge LH,Fluids,4.26,4.26,4.26,LH,LH,ambient,False,SUP-144,Q-04-15,True,118,64
FL-9079-3184,Sealant cartridge LH,Fluids,13.4,13.4,13.4,RH,RH,ambient,True,SUP-092,JIS-07-08,True,164,41
PO-3879-3185,Clutch actuator Premium,Powertrain,23.06,23.06,23.06,RH,RH,ambient,False,SUP-141,A-12-05,True,161,58
IN-2905-3186,Door trim panel Premium,Interior,4.71,4.71,4.71,RH,RH,ambient,False,SUP-101,Q-04-16,True,160,34
CH-2033-3187,Brake line manifold RH,Chassis,21.7,21.7,21.7,LH,LH,ambient,False,SUP-179,HZ-02-03,True,63,36
FL-3516-3188,Washer concentrate Gen 2,Fluids,14.78,14.78,14.78,RH,RH,ambient,False,SUP-154,JIS-07-01,True,195,63
CH-6586-3189,Wheel carrier Gen 2,Chassis,22.32,22.32,22.32,RH,RH,ambient,False,SUP-197,JIS-07-03,True,211,36
PO-9142-3190,Fuel rail RH,Powertrain,14.54,14.54,14.54,LH,LH,ambient,False,SUP-103,B-07-06,True,92,69
EL-4820-3191,Radar sensor Premium,Electronics,2.14,2.14,2.14,LH,LH,ambient,False,SUP-060,HZ-02-12,True,213,30
EL-4695-3192,ECU control module Premium,Electronics,6.89,6.89,6.89,LH,LH,ambient,False,SUP-135,B-07-15,True,199,33
PO-7246-3193,Clutch actuator LH,Powertrain,21.51,21.51,21.51,RH,RH,ambient,False,SUP-171,Q-04-11,True,119,32
FL-6883-3194,Washer concentrate LH,Fluids,17.53,17.53,17.53,LH,LH,ambient,True,SUP-113,HZ-02-04,True,142,75
FL-4596-3195,Washer concentrate LH,Fluids,19.66,19.66,19.66,RH,RH,ambient,False,SUP-160,JIS-07-16,True,166,38
CH-8741-3196,Wheel carrier RH,Chassis,22.69,22.69,22.69,RH,RH,ambient,False,SUP-167,JIS-07-10,True,175,59
IN-3556-3197,Seat rail LH,Interior,22.52,22.52,22.52,LH,LH,ambient,False,SUP-195,HZ-02-18,True,70,25
FL-2499-3198,Washer concentrate Gen 2,Fluids,6.85,6.85,6.85,RH,RH,ambient,True,SUP-110,B-07-12,True,114,54
FL-5419-3199,Washer concentrate Premium,Fluids,21.73,21.73,21.73,LH,LH,ambient,False,SUP-130,JIS-07-09,True,116,62
CH-2475-3200,Brake line manifold LH,Chassis,14.48,14.48,14.48,RH,RH,ambient,False,SUP-132,JIS-07-17,True,129,69
CH-1640-3201,Brake line manifold LH,Chassis,8.74,8.74,8.74,LH,LH,ambient,False,SUP-046,HZ-02-12,True,61,64
PO-4251-3202,Torque converter Premium,Powertrain,21.67,21.67,21.67,LH,LH,ambient,False,SUP-166,B-07-09,True,185,47
EL-5350-3203,ECU control module Premium,Electronics,10.26,10.26,10.26,LH,LH,ambient,False,SUP-048,A-12-16,True,191,67
CH-5700-3204,Steering knuckle LH,Chassis,17.2,17.2,17.2,LH,LH,ambient,False,SUP-093,A-12-16,True,201,70
IN-1002-3205,Wiring harness assembly Gen 2,Interior,17.3,17.3,17.3,LH,LH,ambient,False,SUP-148,Q-04-17,True,192,58
CH-3892-3206,Control arm LH,Chassis,7.07,7.07,7.07,LH,LH,ambient,False,SUP-127,Q-04-12,True,103,90
FL-2633-3207,Washer concentrate Premium,Fluids,2.19,2.19,2.19,RH,RH,hazmat,False,SUP-196,JIS-07-18,True,196,77
FL-8224-3208,Washer concentrate RH,Fluids,14.42,14.42,14.42,LH,LH,ambient,False,SUP-095,B-07-07,True,128,62
FL-3225-3209,Coolant additive LH,Fluids,1.78,1.78,1.78,RH,RH,hazmat,True,SUP-084,HZ-02-14,True,96,66
FL-3895-3210,Washer concentrate Gen 2,Fluids,14.78,14.78,14.78,LH,LH,ambient,False,SUP-151,HZ-02-12,True,107,37
EL-7707-3211,Power distribution unit Gen 2,Electronics,9.18,9.18,9.18,LH,LH,ambient,False,SUP-193,HZ-02-05,True,197,66
FL-3204-3212,Sealant cartridge Gen 2,Fluids,15.15,15.15,15.15,RH,RH,hazmat,False,SUP-073,JIS-07-09,True,69,27
IN-1179-3213,Seat rail Gen 2,Interior,6.56,6.56,6.56,LH,LH,ambient,False,SUP-142,JIS-07-13,True,152,65
EL-7199-3214,ECU control module Gen 2,Electronics,23.57,23.57,23.57,RH,RH,ambient,False,SUP-082,B-07-16,True,125,31
PO-3490-3215,Fuel rail RH,Powertrain,9.75,9.75,9.75,RH,RH,ambient,False,SUP-173,HZ-02-18,True,201,86
PO-2064-3216,Clutch actuator Gen 2,Powertrain,21.83,21.83,21.83,RH,RH,ambient,False,SUP-044,A-12-17,True,203,52
IN-4246-3217,Console module RH,Interior,2.28,2.28,2.28,LH,LH,ambient,False,SUP-171,B-07-05,True,187,64
IN-3330-3218,Seat rail Gen 2,Interior,15.55,15.55,15.55,RH,RH,ambient,False,SUP-038,HZ-02-05,True,152,73
EL-5166-3219,Camera harness Premium,Electronics,9.13,9.13,9.13,LH,LH,ambient,False,SUP-159,JIS-07-02,True,200,27
FL-6818-3220,Brake fluid reservoir Gen 2,Fluids,5.0,5.0,5.0,LH,LH,ambient,False,SUP-165,Q-04-05,True,167,30
FL-9469-3221,Brake fluid reservoir RH,Fluids,20.41,20.41,20.41,RH,RH,ambient,False,SUP-103,JIS-07-11,True,88,30
PO-2133-3222,Gear selector LH,Powertrain,15.45,15.45,15.45,RH,RH,ambient,False,SUP-053,Q-04-04,True,72,60
CH-2863-3223,Control arm Premium,Chassis,12.36,12.36,12.36,RH,RH,ambient,False,SUP-053,JIS-07-10,True,108,44
IN-5341-3224,Console module Gen 2,Interior,23.1,23.1,23.1,RH,RH,ambient,False,SUP-054,HZ-02-11,True,194,49
FL-4088-3225,Sealant cartridge RH,Fluids,16.64,16.64,16.64,RH,RH,hazmat,True,SUP-079,HZ-02-06,True,173,89
CH-7504-3226,Control arm Premium,Chassis,17.15,17.15,17.15,LH,LH,ambient,False,SUP-071,HZ-02-08,True,174,28
CH-7302-3227,Steering knuckle RH,Chassis,10.85,10.85,10.85,RH,RH,ambient,False,SUP-129,HZ-02-13,True,65,75
IN-4593-3228,Seat rail LH,Interior,3.41,3.41,3.41,LH,LH,ambient,False,SUP-077,JIS-07-04,True,198,87
CH-3625-3229,Steering knuckle Gen 2,Chassis,7.42,7.42,7.42,RH,RH,ambient,False,SUP-158,Q-04-03,True,175,79
PO-1870-3230,Clutch actuator RH,Powertrain,4.95,4.95,4.95,LH,LH,ambient,False,SUP-169,HZ-02-18,True,211,52
FL-7904-3231,Brake fluid reservoir LH,Fluids,6.13,6.13,6.13,LH,LH,hazmat,False,SUP-108,JIS-07-14,True,72,46
EL-9096-3232,Power distribution unit Premium,Electronics,12.01,12.01,12.01,LH,LH,ambient,False,SUP-092,A-12-02,True,132,79
CH-8439-3233,Brake line manifold Premium,Chassis,12.24,12.24,12.24,RH,RH,ambient,False,SUP-197,JIS-07-08,True,197,84
IN-6179-3234,Seat rail Gen 2,Interior,21.64,21.64,21.64,RH,RH,ambient,False,SUP-027,HZ-02-14,True,146,54
FL-7627-3235,Coolant additive LH,Fluids,16.92,16.92,16.92,RH,RH,hazmat,True,SUP-193,B-07-12,True,74,44
EL-9687-3236,Camera harness Gen 2,Electronics,15.58,15.58,15.58,LH,LH,ambient,False,SUP-020,B-07-17,True,213,73
IN-8926-3237,Wiring harness assembly Gen 2,Interior,13.89,13.89,13.89,RH,RH,ambient,False,SUP-052,Q-04-03,True,134,57
PO-5918-3238,Fuel rail Gen 2,Powertrain,2.12,2.12,2.12,LH,LH,ambient,False,SUP-125,B-07-16,True,91,66
PO-5600-3239,Gear selector RH,Powertrain,22.37,22.37,22.37,LH,LH,ambient,False,SUP-033,JIS-07-07,True,126,70
CH-4838-3240,Wheel carrier LH,Chassis,17.62,17.62,17.62,RH,RH,ambient,False,SUP-046,HZ-02-14,True,217,41
PO-4993-3241,Gear selector LH,Powertrain,6.34,6.34,6.34,LH,LH,ambient,False,SUP-017,A-12-09,True,69,41
EL-9410-3242,Radar sensor RH,Electronics,17.57,17.57,17.57,LH,LH,ambient,False,SUP-165,JIS-07-10,True,66,64
CH-3962-3243,Wheel carrier LH,Chassis,2.77,2.77,2.77,LH,LH,ambient,False,SUP-163,B-07-02,True,144,85
FL-4626-3244,Coolant additive Premium,Fluids,18.2,18.2,18.2,RH,RH,ambient,False,SUP-157,B-07-17,True,170,52
IN-5150-3245,Door trim panel LH,Interior,5.8,5.8,5.8,RH,RH,ambient,False,SUP-115,A-12-01,True,170,61
PO-9670-3246,Torque converter Gen 2,Powertrain,0.77,0.77,0.77,RH,RH,ambient,False,SUP-113,HZ-02-05,True,63,54
FL-9997-3247,Coolant additive Premium,Fluids,15.57,15.57,15.57,RH,RH,ambient,False,SUP-192,Q-04-11,True,196,45
EL-9573-3248,Radar sensor Gen 2,Electronics,6.0,6.0,6.0,LH,LH,ambient,False,SUP-012,HZ-02-04,True,103,28
PO-4272-3249,Fuel rail LH,Powertrain,15.68,15.68,15.68,RH,RH,ambient,False,SUP-016,JIS-07-11,True,67,78
FL-5098-3250,Brake fluid reservoir Gen 2,Fluids,19.58,19.58,19.58,LH,LH,ambient,False,SUP-189,JIS-07-18,True,80,77
IN-7598-3251,Seat rail LH,Interior,16.06,16.06,16.06,LH,LH,ambient,False,SUP-166,B-07-04,True,72,31
FL-1905-3252,Brake fluid reservoir LH,Fluids,6.87,6.87,6.87,LH,LH,hazmat,True,SUP-074,Q-04-06,True,143,45
FL-4540-3253,Coolant additive LH,Fluids,1.95,1.95,1.95,LH,LH,ambient,True,SUP-041,Q-04-05,True,63,43
PO-8303-3254,Fuel rail LH,Powertrain,22.14,22.14,22.14,RH,RH,ambient,False,SUP-048,B-07-01,True,106,45
FL-3140-3255,Washer concentrate RH,Fluids,4.42,4.42,4.42,LH,LH,ambient,False,SUP-041,B-07-15,True,175,54
IN-2221-3256,Door trim panel RH,Interior,2.52,2.52,2.52,RH,RH,ambient,False,SUP-052,JIS-07-11,True,85,70
CH-8311-3257,Wheel carrier Gen 2,Chassis,19.54,19.54,19.54,RH,RH,ambient,False,SUP-086,HZ-02-13,True,204,43
CH-2142-3258,Control arm RH,Chassis,19.73,19.73,19.73,LH,LH,ambient,False,SUP-045,A-12-16,True,196,87
FL-1987-3259,Coolant additive Premium,Fluids,12.46,12.46,12.46,RH,RH,ambient,True,SUP-138,Q-04-07,True,69,77
EL-3213-3260,Camera harness RH,Electronics,6.72,6.72,6.72,RH,RH,ambient,False,SUP-134,A-12-07,True,148,84
PO-6373-3261,Fuel rail Premium,Powertrain,19.05,19.05,19.05,LH,LH,ambient,False,SUP-125,Q-04-05,True,123,80
FL-4299-3262,Brake fluid reservoir Premium,Fluids,13.55,13.55,13.55,LH,LH,ambient,True,SUP-008,JIS-07-01,True,107,39
CH-5794-3263,Brake line manifold Premium,Chassis,12.6,12.6,12.6,RH,RH,ambient,False,SUP-031,A-12-15,True,135,38
IN-7500-3264,Wiring harness assembly Premium,Interior,8.34,8.34,8.34,LH,LH,ambient,False,SUP-145,JIS-07-11,True,204,62
IN-1450-3265,Door trim panel Premium,Interior,1.31,1.31,1.31,LH,LH,ambient,False,SUP-035,B-07-06,True,93,84
FL-6694-3266,Washer concentrate Premium,Fluids,11.61,11.61,11.61,RH,RH,hazmat,False,SUP-162,Q-04-10,True,202,90
PO-7658-3267,Clutch actuator LH,Powertrain,11.99,11.99,11.99,RH,RH,ambient,False,SUP-129,B-07-07,True,92,58
FL-6259-3268,Washer concentrate RH,Fluids,3.46,3.46,3.46,LH,LH,ambient,False,SUP-097,HZ-02-01,True,186,51
IN-7591-3269,Door trim panel Gen 2,Interior,23.97,23.97,23.97,RH,RH,ambient,False,SUP-062,JIS-07-04,True,210,44
IN-9828-3270,Console module Premium,Interior,9.55,9.55,9.55,LH,LH,ambient,False,SUP-089,HZ-02-02,True,104,33
CH-1965-3271,Steering knuckle RH,Chassis,13.5,13.5,13.5,RH,RH,ambient,False,SUP-159,JIS-07-12,True,151,58
PO-1504-3272,Torque converter Premium,Powertrain,3.48,3.48,3.48,LH,LH,ambient,False,SUP-041,Q-04-11,True,151,62
FL-5575-3273,Washer concentrate Premium,Fluids,23.3,23.3,23.3,RH,RH,ambient,True,SUP-184,HZ-02-13,True,144,84
CH-2488-3274,Wheel carrier RH,Chassis,10.25,10.25,10.25,LH,LH,ambient,False,SUP-194,JIS-07-14,True,189,78
PO-5806-3275,Fuel rail RH,Powertrain,23.65,23.65,23.65,RH,RH,ambient,False,SUP-031,Q-04-10,True,218,49
CH-3713-3276,Control arm Gen 2,Chassis,1.42,1.42,1.42,RH,RH,ambient,False,SUP-174,HZ-02-10,True,213,78
EL-6700-3277,Power distribution unit LH,Electronics,0.73,0.73,0.73,RH,RH,ambient,False,SUP-194,JIS-07-06,True,206,79
PO-5415-3278,Torque converter LH,Powertrain,16.09,16.09,16.09,RH,RH,ambient,False,SUP-033,Q-04-11,True,217,35
CH-4029-3279,Control arm Gen 2,Chassis,8.89,8.89,8.89,RH,RH,ambient,False,SUP-142,HZ-02-18,True,191,72
FL-5540-3280,Brake fluid reservoir Gen 2,Fluids,7.42,7.42,7.42,RH,RH,ambient,True,SUP-141,A-12-02,True,199,45
FL-1889-3281,Brake fluid reservoir Gen 2,Fluids,10.67,10.67,10.67,LH,LH,hazmat,False,SUP-114,Q-04-10,True,162,79
EL-2421-3282,Radar sensor Gen 2,Electronics,13.63,13.63,13.63,LH,LH,ambient,False,SUP-181,JIS-07-16,True,160,28
PO-3041-3283,Gear selector Premium,Powertrain,18.73,18.73,18.73,RH,RH,ambient,False,SUP-064,JIS-07-18,True,120,38
CH-6811-3284,Steering knuckle Premium,Chassis,3.26,3.26,3.26,LH,LH,ambient,False,SUP-172,Q-04-10,True,163,49
EL-5404-3285,Radar sensor RH,Electronics,7.39,7.39,7.39,LH,LH,ambient,False,SUP-148,A-12-11,True,128,56
IN-4247-3286,Wiring harness assembly Gen 2,Interior,24.19,24.19,24.19,LH,LH,ambient,False,SUP-196,HZ-02-10,True,205,33
PO-1657-3287,Torque converter LH,Powertrain,24.02,24.02,24.02,LH,LH,ambient,False,SUP-096,A-12-06,True,188,49
PO-6594-3288,Fuel rail LH,Powertrain,23.07,23.07,23.07,LH,LH,ambient,False,SUP-015,JIS-07-15,True,118,30
EL-6834-3289,ECU control module Gen 2,Electronics,23.62,23.62,23.62,RH,RH,ambient,False,SUP-073,Q-04-12,True,89,77
EL-2778-3290,Radar sensor Premium,Electronics,7.37,7.37,7.37,RH,RH,ambient,False,SUP-186,A-12-06,True,200,85
PO-3956-3291,Torque converter RH,Powertrain,14.92,14.92,14.92,RH,RH,ambient,False,SUP-074,B-07-12,True,182,30
PO-3254-3292,Gear selector RH,Powertrain,21.23,21.23,21.23,LH,LH,ambient,False,SUP-082,A-12-02,True,179,52
EL-7550-3293,Camera harness LH,Electronics,24.23,24.23,24.23,RH,RH,ambient,False,SUP-018,Q-04-08,True,105,74
CH-3650-3294,Brake line manifold Premium,Chassis,2.55,2.55,2.55,LH,LH,ambient,False,SUP-026,B-07-07,True,82,59
FL-3194-3295,Coolant additive RH,Fluids,18.24,18.24,18.24,LH,LH,hazmat,False,SUP-121,JIS-07-05,True,125,33
CH-6671-3296,Control arm Premium,Chassis,12.84,12.84,12.84,RH,RH,ambient,False,SUP-059,Q-04-04,True,203,54
IN-8960-3297,Wiring harness assembly Gen 2,Interior,3.58,3.58,3.58,RH,RH,ambient,False,SUP-165,B-07-18,True,133,27
PO-4265-3298,Gear selector Gen 2,Powertrain,13.12,13.12,13.12,RH,RH,ambient,False,SUP-072,HZ-02-16,True,69,79
FL-6507-3299,Brake fluid reservoir Gen 2,Fluids,11.54,11.54,11.54,RH,RH,ambient,False,SUP-049,A-12-01,True,112,77
PO-4287-3300,Torque converter Gen 2,Powertrain,2.45,2.45,2.45,RH,RH,ambient,False,SUP-195,A-12-04,True,85,82
IN-8316-3301,Door trim panel LH,Interior,20.65,20.65,20.65,RH,RH,ambient,False,SUP-158,Q-04-05,True,65,83
PO-3983-3302,Torque converter LH,Powertrain,0.9,0.9,0.9,RH,RH,ambient,False,SUP-145,JIS-07-10,True,162,70
CH-9135-3303,Brake line manifold RH,Chassis,6.91,6.91,6.91,RH,RH,ambient,False,SUP-179,JIS-07-10,True,66,30
IN-6050-3304,Seat rail Gen 2,Interior,5.99,5.99,5.99,RH,RH,ambient,False,SUP-108,HZ-02-06,True,204,35
PO-1621-3305,Fuel rail RH,Powertrain,4.72,4.72,4.72,RH,RH,ambient,False,SUP-023,Q-04-14,True,73,31
FL-4387-3306,Sealant cartridge RH,Fluids,12.06,12.06,12.06,LH,LH,ambient,False,SUP-094,HZ-02-18,True,99,32
IN-3524-3307,Console module Gen 2,Interior,19.9,19.9,19.9,RH,RH,ambient,False,SUP-095,A-12-03,True,141,90
FL-2256-3308,Sealant cartridge RH,Fluids,9.69,9.69,9.69,RH,RH,ambient,True,SUP-062,JIS-07-07,True,97,71
CH-3484-3309,Wheel carrier Gen 2,Chassis,4.48,4.48,4.48,RH,RH,ambient,False,SUP-084,Q-04-15,True,212,56
FL-2479-3310,Sealant cartridge Premium,Fluids,11.74,11.74,11.74,RH,RH,hazmat,False,SUP-175,Q-04-01,True,150,56
CH-1683-3311,Brake line manifold Premium,Chassis,12.19,12.19,12.19,LH,LH,ambient,False,SUP-032,HZ-02-13,True,139,55
FL-4638-3312,Sealant cartridge RH,Fluids,11.09,11.09,11.09,LH,LH,hazmat,False,SUP-188,A-12-06,True,129,74
EL-7473-3313,ECU control module Premium,Electronics,3.08,3.08,3.08,LH,LH,ambient,False,SUP-108,HZ-02-12,True,219,87
IN-2095-3314,Door trim panel Premium,Interior,16.93,16.93,16.93,LH,LH,ambient,False,SUP-101,HZ-02-06,True,172,33
EL-7099-3315,Radar sensor Premium,Electronics,10.83,10.83,10.83,RH,RH,ambient,False,SUP-028,B-07-15,True,207,45
EL-7609-3316,Camera harness RH,Electronics,15.34,15.34,15.34,RH,RH,ambient,False,SUP-074,B-07-15,True,181,47
CH-7373-3317,Brake line manifold Premium,Chassis,9.86,9.86,9.86,RH,RH,ambient,False,SUP-183,JIS-07-05,True,81,32
PO-8153-3318,Clutch actuator LH,Powertrain,6.19,6.19,6.19,LH,LH,ambient,False,SUP-118,HZ-02-16,True,103,25
EL-8282-3319,Camera harness Gen 2,Electronics,11.03,11.03,11.03,RH,RH,ambient,False,SUP-120,Q-04-11,True,144,41
FL-4207-3320,Brake fluid reservoir LH,Fluids,21.99,21.99,21.99,RH,RH,ambient,False,SUP-192,A-12-17,True,206,78
CH-2633-3321,Brake line manifold Premium,Chassis,21.22,21.22,21.22,RH,RH,ambient,False,SUP-019,A-12-08,True,145,28
FL-9031-3322,Coolant additive LH,Fluids,8.87,8.87,8.87,RH,RH,hazmat,True,SUP-039,HZ-02-10,True,170,34
EL-1953-3323,Power distribution unit RH,Electronics,17.86,17.86,17.86,LH,LH,ambient,False,SUP-022,Q-04-06,True,81,62
PO-1764-3324,Gear selector Premium,Powertrain,11.82,11.82,11.82,LH,LH,ambient,False,SUP-155,A-12-11,True,202,67
FL-1696-3325,Brake fluid reservoir Gen 2,Fluids,5.57,5.57,5.57,RH,RH,ambient,False,SUP-136,JIS-07-10,True,183,70
FL-1300-3326,Coolant additive RH,Fluids,23.56,23.56,23.56,LH,LH,ambient,False,SUP-174,HZ-02-10,True,73,57
PO-6967-3327,Fuel rail LH,Powertrain,18.98,18.98,18.98,RH,RH,ambient,False,SUP-167,Q-04-14,True,130,32
CH-4588-3328,Control arm LH,Chassis,23.09,23.09,23.09,LH,LH,ambient,False,SUP-004,JIS-07-08,True,80,26
PO-1080-3329,Clutch actuator Gen 2,Powertrain,15.52,15.52,15.52,RH,RH,ambient,False,SUP-061,JIS-07-02,True,216,28
PO-3237-3330,Fuel rail Gen 2,Powertrain,6.14,6.14,6.14,LH,LH,ambient,False,SUP-135,B-07-04,True,62,52
EL-1327-3331,ECU control module LH,Electronics,4.32,4.32,4.32,LH,LH,ambient,False,SUP-002,A-12-14,True,214,76
EL-1754-3332,Camera harness RH,Electronics,19.92,19.92,19.92,RH,RH,ambient,False,SUP-026,JIS-07-17,True,173,40
FL-8375-3333,Washer concentrate RH,Fluids,6.56,6.56,6.56,RH,RH,ambient,False,SUP-117,Q-04-11,True,178,37
IN-5316-3334,Wiring harness assembly Premium,Interior,20.13,20.13,20.13,RH,RH,ambient,False,SUP-180,B-07-10,True,65,27
EL-1553-3335,Power distribution unit LH,Electronics,20.9,20.9,20.9,LH,LH,ambient,False,SUP-019,HZ-02-04,True,75,70
CH-8003-3336,Brake line manifold Gen 2,Chassis,23.28,23.28,23.28,LH,LH,ambient,False,SUP-144,HZ-02-11,True,176,61
IN-5061-3337,Wiring harness assembly Gen 2,Interior,4.11,4.11,4.11,LH,LH,ambient,False,SUP-153,HZ-02-10,True,140,90
FL-7274-3338,Washer concentrate Premium,Fluids,19.29,19.29,19.29,RH,RH,hazmat,False,SUP-152,A-12-08,True,160,74
CH-5801-3339,Wheel carrier RH,Chassis,14.93,14.93,14.93,RH,RH,ambient,False,SUP-067,B-07-06,True,78,67
PO-1028-3340,Clutch actuator Gen 2,Powertrain,12.35,12.35,12.35,RH,RH,ambient,False,SUP-112,A-12-11,True,183,37
EL-3754-3341,ECU control module Premium,Electronics,10.73,10.73,10.73,LH,LH,ambient,False,SUP-080,Q-04-11,True,183,85
CH-2197-3342,Control arm Gen 2,Chassis,6.88,6.88,6.88,RH,RH,ambient,False,SUP-154,JIS-07-07,True,169,45
FL-1278-3343,Coolant additive Premium,Fluids,16.14,16.14,16.14,RH,RH,ambient,False,SUP-125,Q-04-15,True,60,65
EL-8751-3344,ECU control module Premium,Electronics,18.16,18.16,18.16,LH,LH,ambient,False,SUP-176,A-12-06,True,76,81
CH-2032-3345,Control arm Gen 2,Chassis,6.58,6.58,6.58,RH,RH,ambient,False,SUP-189,JIS-07-17,True,150,70
CH-5390-3346,Wheel carrier Premium,Chassis,15.11,15.11,15.11,LH,LH,ambient,False,SUP-001,HZ-02-16,True,180,36
EL-4093-3347,ECU control module LH,Electronics,6.81,6.81,6.81,RH,RH,ambient,False,SUP-028,HZ-02-18,True,103,46
PO-9226-3348,Clutch actuator RH,Powertrain,9.45,9.45,9.45,LH,LH,ambient,False,SUP-074,HZ-02-03,True,179,71
EL-1216-3349,Camera harness Premium,Electronics,10.64,10.64,10.64,RH,RH,ambient,False,SUP-152,A-12-12,True,124,49
EL-4819-3350,Camera harness Gen 2,Electronics,18.01,18.01,18.01,RH,RH,ambient,False,SUP-147,JIS-07-07,True,125,65
IN-1562-3351,Door trim panel Premium,Interior,1.05,1.05,1.05,RH,RH,ambient,False,SUP-054,B-07-10,True,181,85
FL-8849-3352,Washer concentrate RH,Fluids,3.43,3.43,3.43,LH,LH,ambient,True,SUP-144,HZ-02-18,True,109,88
PO-6593-3353,Torque converter Gen 2,Powertrain,1.79,1.79,1.79,LH,LH,ambient,False,SUP-129,B-07-02,True,135,34
IN-1417-3354,Seat rail RH,Interior,22.69,22.69,22.69,RH,RH,ambient,False,SUP-044,HZ-02-12,True,211,87
CH-8555-3355,Wheel carrier RH,Chassis,8.29,8.29,8.29,RH,RH,ambient,False,SUP-002,A-12-08,True,183,72
PO-5902-3356,Torque converter RH,Powertrain,24.48,24.48,24.48,RH,RH,ambient,False,SUP-189,JIS-07-11,True,66,30
EL-5981-3357,Radar sensor RH,Electronics,5.73,5.73,5.73,LH,LH,ambient,False,SUP-107,Q-04-13,True,64,82
FL-8720-3358,Coolant additive LH,Fluids,2.27,2.27,2.27,RH,RH,hazmat,True,SUP-009,B-07-18,True,76,70
PO-5241-3359,Gear selector Premium,Powertrain,20.95,20.95,20.95,RH,RH,ambient,False,SUP-165,Q-04-08,True,211,29
PO-8022-3360,Clutch actuator Premium,Powertrain,2.84,2.84,2.84,RH,RH,ambient,False,SUP-053,B-07-05,True,150,27
FL-9873-3361,Brake fluid reservoir RH,Fluids,3.98,3.98,3.98,LH,LH,hazmat,False,SUP-098,A-12-07,True,60,71
PO-7079-3362,Fuel rail Gen 2,Powertrain,8.64,8.64,8.64,RH,RH,ambient,False,SUP-162,A-12-14,True,106,88
CH-7119-3363,Wheel carrier Gen 2,Chassis,11.53,11.53,11.53,LH,LH,ambient,False,SUP-190,JIS-07-10,True,195,71
IN-4885-3364,Wiring harness assembly LH,Interior,22.06,22.06,22.06,LH,LH,ambient,False,SUP-056,B-07-05,True,166,42
IN-3491-3365,Wiring harness assembly Premium,Interior,6.76,6.76,6.76,LH,LH,ambient,False,SUP-087,Q-04-12,True,151,32
CH-6309-3366,Steering knuckle Premium,Chassis,3.21,3.21,3.21,LH,LH,ambient,False,SUP-152,A-12-13,True,157,27
IN-7460-3367,Door trim panel LH,Interior,19.53,19.53,19.53,RH,RH,ambient,False,SUP-158,B-07-01,True,92,89
FL-6774-3368,Brake fluid reservoir Gen 2,Fluids,16.99,16.99,16.99,RH,RH,hazmat,False,SUP-022,JIS-07-12,True,152,69
EL-1000-3369,Radar sensor RH,Electronics,20.51,20.51,20.51,RH,RH,ambient,False,SUP-113,JIS-07-12,True,121,41
PO-7789-3370,Gear selector Gen 2,Powertrain,11.09,11.09,11.09,RH,RH,ambient,False,SUP-102,JIS-07-09,True,124,63
CH-5627-3371,Control arm Premium,Chassis,4.46,4.46,4.46,LH,LH,ambient,False,SUP-145,B-07-06,True,72,85
CH-9237-3372,Wheel carrier RH,Chassis,19.46,19.46,19.46,RH,RH,ambient,False,SUP-043,JIS-07-12,True,212,69
PO-3596-3373,Gear selector Premium,Powertrain,0.55,0.55,0.55,RH,RH,ambient,False,SUP-034,A-12-12,True,145,47
FL-6577-3374,Brake fluid reservoir Premium,Fluids,15.88,15.88,15.88,RH,RH,ambient,True,SUP-099,A-12-11,True,106,76
EL-2037-3375,ECU control module LH,Electronics,11.13,11.13,11.13,LH,LH,ambient,False,SUP-130,Q-04-04,True,150,59
CH-2508-3376,Brake line manifold LH,Chassis,12.04,12.04,12.04,LH,LH,ambient,False,SUP-096,HZ-02-01,True,170,46
CH-6295-3377,Control arm RH,Chassis,0.97,0.97,0.97,RH,RH,ambient,False,SUP-152,Q-04-09,True,102,44
EL-4649-3378,Power distribution unit Gen 2,Electronics,8.45,8.45,8.45,LH,LH,ambient,False,SUP-055,JIS-07-16,True,206,52
IN-5972-3379,Wiring harness assembly Premium,Interior,14.03,14.03,14.03,RH,RH,ambient,False,SUP-129,B-07-15,True,204,45
EL-6022-3380,Radar sensor LH,Electronics,15.94,15.94,15.94,LH,LH,ambient,False,SUP-067,A-12-02,True,164,59
IN-5955-3381,Seat rail Gen 2,Interior,13.87,13.87,13.87,RH,RH,ambient,False,SUP-058,JIS-07-06,True,80,72
EL-5854-3382,Radar sensor Premium,Electronics,6.45,6.45,6.45,LH,LH,ambient,False,SUP-087,A-12-05,True,196,74
IN-3555-3383,Console module Gen 2,Interior,3.58,3.58,3.58,LH,LH,ambient,False,SUP-127,B-07-15,True,185,25
IN-9491-3384,Console module RH,Interior,18.84,18.84,18.84,RH,RH,ambient,False,SUP-108,HZ-02-04,True,164,36
EL-4966-3385,Power distribution unit RH,Electronics,6.04,6.04,6.04,LH,LH,ambient,False,SUP-197,B-07-05,True,82,83
IN-4940-3386,Seat rail Premium,Interior,8.27,8.27,8.27,LH,LH,ambient,False,SUP-137,JIS-07-13,True,106,40
PO-8774-3387,Torque converter RH,Powertrain,12.5,12.5,12.5,RH,RH,ambient,False,SUP-045,Q-04-08,True,134,61
IN-7623-3388,Seat rail Gen 2,Interior,0.93,0.93,0.93,RH,RH,ambient,False,SUP-174,JIS-07-03,True,114,52
FL-5762-3389,Brake fluid reservoir Gen 2,Fluids,23.67,23.67,23.67,LH,LH,hazmat,True,SUP-199,Q-04-02,True,62,72
FL-5337-3390,Sealant cartridge Premium,Fluids,13.96,13.96,13.96,LH,LH,ambient,False,SUP-162,A-12-18,True,217,62
FL-7590-3391,Coolant additive Premium,Fluids,16.74,16.74,16.74,LH,LH,ambient,True,SUP-104,Q-04-16,True,196,31
PO-1726-3392,Clutch actuator RH,Powertrain,1.04,1.04,1.04,RH,RH,ambient,False,SUP-093,B-07-10,True,158,29
IN-1783-3393,Seat rail Gen 2,Interior,4.34,4.34,4.34,RH,RH,ambient,False,SUP-159,A-12-15,True,98,86
EL-1366-3394,Camera harness Gen 2,Electronics,23.45,23.45,23.45,LH,LH,ambient,False,SUP-134,A-12-12,True,135,35
EL-1994-3395,ECU control module Gen 2,Electronics,17.69,17.69,17.69,LH,LH,ambient,False,SUP-066,HZ-02-01,True,163,58
EL-9607-3396,Camera harness Premium,Electronics,18.03,18.03,18.03,RH,RH,ambient,False,SUP-023,A-12-03,True,99,47
IN-3971-3397,Wiring harness assembly Premium,Interior,23.89,23.89,23.89,RH,RH,ambient,False,SUP-030,A-12-09,True,180,42
FL-7286-3398,Coolant additive RH,Fluids,17.45,17.45,17.45,LH,LH,hazmat,True,SUP-102,A-12-04,True,193,74
CH-1533-3399,Brake line manifold LH,Chassis,20.28,20.28,20.28,LH,LH,ambient,False,SUP-092,JIS-07-05,True,125,75
IN-4202-3400,Wiring harness assembly RH,Interior,2.48,2.48,2.48,RH,RH,ambient,False,SUP-015,HZ-02-06,True,98,85
FL-9879-3401,Brake fluid reservoir Gen 2,Fluids,13.09,13.09,13.09,RH,RH,hazmat,True,SUP-086,Q-04-16,True,115,53
IN-3094-3402,Door trim panel LH,Interior,1.54,1.54,1.54,LH,LH,ambient,False,SUP-199,A-12-11,True,184,67
CH-7098-3403,Control arm LH,Chassis,4.07,4.07,4.07,RH,RH,ambient,False,SUP-006,Q-04-18,True,120,78
FL-5557-3404,Washer concentrate Premium,Fluids,18.08,18.08,18.08,RH,RH,hazmat,False,SUP-196,Q-04-04,True,64,85
IN-8495-3405,Wiring harness assembly Gen 2,Interior,8.44,8.44,8.44,LH,LH,ambient,False,SUP-194,HZ-02-12,True,127,69
FL-7587-3406,Brake fluid reservoir RH,Fluids,5.13,5.13,5.13,LH,LH,hazmat,False,SUP-027,JIS-07-16,True,98,66
FL-8525-3407,Brake fluid reservoir Gen 2,Fluids,13.79,13.79,13.79,LH,LH,ambient,False,SUP-190,A-12-12,True,100,48
IN-5041-3408,Door trim panel Premium,Interior,12.83,12.83,12.83,LH,LH,ambient,False,SUP-160,HZ-02-02,True,103,48
IN-3320-3409,Console module RH,Interior,1.86,1.86,1.86,LH,LH,ambient,False,SUP-148,Q-04-15,True,70,89
PO-5975-3410,Fuel rail RH,Powertrain,5.08,5.08,5.08,RH,RH,ambient,False,SUP-185,A-12-06,True,83,31
PO-6868-3411,Gear selector LH,Powertrain,23.86,23.86,23.86,RH,RH,ambient,False,SUP-042,B-07-12,True,149,48
PO-7215-3412,Clutch actuator LH,Powertrain,1.4,1.4,1.4,RH,RH,ambient,False,SUP-055,Q-04-16,True,175,85
EL-8491-3413,ECU control module Premium,Electronics,17.62,17.62,17.62,RH,RH,ambient,False,SUP-097,A-12-16,True,200,67
EL-3636-3414,Power distribution unit RH,Electronics,9.97,9.97,9.97,RH,RH,ambient,False,SUP-142,A-12-16,True,211,31
FL-9558-3415,Sealant cartridge RH,Fluids,1.41,1.41,1.41,RH,RH,ambient,False,SUP-188,B-07-06,True,163,26
PO-8035-3416,Clutch actuator Gen 2,Powertrain,7.61,7.61,7.61,LH,LH,ambient,False,SUP-117,HZ-02-13,True,188,60
FL-6904-3417,Coolant additive Gen 2,Fluids,18.07,18.07,18.07,LH,LH,hazmat,True,SUP-014,B-07-18,True,167,48
IN-3531-3418,Seat rail RH,Interior,6.86,6.86,6.86,LH,LH,ambient,False,SUP-198,Q-04-08,True,92,38
IN-9712-3419,Seat rail LH,Interior,1.01,1.01,1.01,RH,RH,ambient,False,SUP-136,A-12-04,True,188,87
FL-2199-3420,Sealant cartridge LH,Fluids,20.55,20.55,20.55,LH,LH,ambient,False,SUP-139,A-12-09,True,156,60
IN-2136-3421,Door trim panel RH,Interior,17.69,17.69,17.69,RH,RH,ambient,False,SUP-028,A-12-13,True,90,61
EL-5464-3422,ECU control module Premium,Electronics,19.2,19.2,19.2,RH,RH,ambient,False,SUP-114,JIS-07-07,True,135,35
IN-6722-3423,Door trim panel RH,Interior,5.43,5.43,5.43,RH,RH,ambient,False,SUP-112,Q-04-06,True,124,59
IN-2629-3424,Door trim panel LH,Interior,13.63,13.63,13.63,LH,LH,ambient,False,SUP-100,B-07-16,True,98,73
FL-3171-3425,Sealant cartridge Gen 2,Fluids,22.52,22.52,22.52,RH,RH,ambient,True,SUP-124,B-07-15,True,200,69
FL-5227-3426,Brake fluid reservoir Premium,Fluids,16.23,16.23,16.23,RH,RH,ambient,False,SUP-001,JIS-07-16,True,132,53
IN-3848-3427,Wiring harness assembly Gen 2,Interior,14.65,14.65,14.65,LH,LH,ambient,False,SUP-178,JIS-07-09,True,160,83
IN-4912-3428,Door trim panel Premium,Interior,16.41,16.41,16.41,LH,LH,ambient,False,SUP-198,B-07-08,True,81,54
PO-7665-3429,Clutch actuator Premium,Powertrain,1.54,1.54,1.54,LH,LH,ambient,False,SUP-046,A-12-15,True,124,75
EL-7413-3430,ECU control module LH,Electronics,2.55,2.55,2.55,RH,RH,ambient,False,SUP-033,A-12-01,True,69,41
PO-6474-3431,Clutch actuator RH,Powertrain,5.09,5.09,5.09,RH,RH,ambient,False,SUP-090,HZ-02-11,True,100,74
CH-1660-3432,Steering knuckle Premium,Chassis,23.87,23.87,23.87,RH,RH,ambient,False,SUP-079,B-07-11,True,67,39
IN-8654-3433,Wiring harness assembly RH,Interior,22.83,22.83,22.83,LH,LH,ambient,False,SUP-156,HZ-02-04,True,119,44
EL-4307-3434,Camera harness Premium,Electronics,11.75,11.75,11.75,RH,RH,ambient,False,SUP-130,JIS-07-07,True,78,59
PO-1852-3435,Fuel rail LH,Powertrain,20.6,20.6,20.6,RH,RH,ambient,False,SUP-023,A-12-12,True,75,61
FL-3481-3436,Brake fluid reservoir Gen 2,Fluids,1.5,1.5,1.5,RH,RH,ambient,False,SUP-153,JIS-07-04,True,80,35
CH-8826-3437,Control arm Premium,Chassis,7.15,7.15,7.15,RH,RH,ambient,False,SUP-017,JIS-07-10,True,114,35
EL-9077-3438,ECU control module Premium,Electronics,2.0,2.0,2.0,LH,LH,ambient,False,SUP-143,JIS-07-01,True,177,64
EL-7258-3439,Power distribution unit RH,Electronics,15.94,15.94,15.94,LH,LH,ambient,False,SUP-049,Q-04-17,True,110,27
CH-2902-3440,Steering knuckle LH,Chassis,2.1,2.1,2.1,RH,RH,ambient,False,SUP-153,B-07-10,True,212,58
IN-5509-3441,Wiring harness assembly LH,Interior,10.64,10.64,10.64,RH,RH,ambient,False,SUP-064,JIS-07-02,True,197,42
FL-1053-3442,Washer concentrate Premium,Fluids,20.37,20.37,20.37,RH,RH,ambient,True,SUP-069,HZ-02-05,True,216,32
IN-4255-3443,Console module LH,Interior,5.53,5.53,5.53,RH,RH,ambient,False,SUP-171,HZ-02-08,True,198,86
FL-1973-3444,Sealant cartridge Premium,Fluids,24.4,24.4,24.4,LH,LH,ambient,False,SUP-138,JIS-07-03,True,157,63
PO-6982-3445,Gear selector LH,Powertrain,14.34,14.34,14.34,RH,RH,ambient,False,SUP-123,B-07-06,True,209,51
FL-4799-3446,Sealant cartridge LH,Fluids,11.78,11.78,11.78,LH,LH,ambient,False,SUP-157,A-12-13,True,185,42
CH-8951-3447,Control arm Gen 2,Chassis,8.81,8.81,8.81,RH,RH,ambient,False,SUP-127,A-12-03,True,156,80
EL-3641-3448,Radar sensor Premium,Electronics,8.27,8.27,8.27,LH,LH,ambient,False,SUP-140,HZ-02-02,True,66,53
EL-9689-3449,ECU control module RH,Electronics,1.57,1.57,1.57,RH,RH,ambient,False,SUP-092,A-12-12,True,164,86
CH-6621-3450,Control arm Premium,Chassis,6.51,6.51,6.51,LH,LH,ambient,False,SUP-169,Q-04-04,True,81,43
FL-6660-3451,Sealant cartridge RH,Fluids,17.32,17.32,17.32,LH,LH,ambient,True,SUP-141,B-07-16,True,160,42
IN-7538-3452,Wiring harness assembly RH,Interior,11.96,11.96,11.96,RH,RH,ambient,False,SUP-160,HZ-02-18,True,168,59
IN-4514-3453,Door trim panel Premium,Interior,17.1,17.1,17.1,LH,LH,ambient,False,SUP-044,JIS-07-18,True,180,57
IN-6273-3454,Seat rail LH,Interior,1.74,1.74,1.74,LH,LH,ambient,False,SUP-172,Q-04-03,True,94,90
CH-3680-3455,Wheel carrier Gen 2,Chassis,5.31,5.31,5.31,RH,RH,ambient,False,SUP-120,A-12-11,True,209,78
CH-8419-3456,Control arm Premium,Chassis,16.51,16.51,16.51,RH,RH,ambient,False,SUP-017,A-12-16,True,95,56
IN-8833-3457,Wiring harness assembly Gen 2,Interior,4.19,4.19,4.19,LH,LH,ambient,False,SUP-112,JIS-07-14,True,64,42
IN-5601-3458,Seat rail Gen 2,Interior,22.06,22.06,22.06,LH,LH,ambient,False,SUP-123,B-07-03,True,91,67
EL-2348-3459,Power distribution unit RH,Electronics,5.2,5.2,5.2,LH,LH,ambient,False,SUP-153,A-12-08,True,150,33
EL-6608-3460,Radar sensor LH,Electronics,4.69,4.69,4.69,RH,RH,ambient,False,SUP-071,JIS-07-05,True,68,28
FL-9658-3461,Sealant cartridge Premium,Fluids,1.86,1.86,1.86,RH,RH,hazmat,True,SUP-052,Q-04-02,True,151,30
IN-2669-3462,Seat rail RH,Interior,19.69,19.69,19.69,RH,RH,ambient,False,SUP-067,Q-04-06,True,134,35
EL-5622-3463,Power distribution unit RH,Electronics,18.56,18.56,18.56,RH,RH,ambient,False,SUP-090,JIS-07-13,True,191,80
EL-2204-3464,Camera harness RH,Electronics,18.13,18.13,18.13,RH,RH,ambient,False,SUP-079,JIS-07-15,True,128,53
PO-2370-3465,Gear selector Premium,Powertrain,23.57,23.57,23.57,LH,LH,ambient,False,SUP-122,HZ-02-11,True,192,59
CH-8395-3466,Wheel carrier Premium,Chassis,14.7,14.7,14.7,LH,LH,ambient,False,SUP-083,JIS-07-06,True,161,73
PO-3864-3467,Fuel rail Premium,Powertrain,7.15,7.15,7.15,LH,LH,ambient,False,SUP-148,JIS-07-11,True,123,70
CH-5051-3468,Wheel carrier RH,Chassis,22.35,22.35,22.35,RH,RH,ambient,False,SUP-049,HZ-02-14,True,83,57
EL-4357-3469,ECU control module Premium,Electronics,9.17,9.17,9.17,RH,RH,ambient,False,SUP-157,A-12-13,True,134,59
CH-9047-3470,Wheel carrier Gen 2,Chassis,17.97,17.97,17.97,LH,LH,ambient,False,SUP-057,A-12-02,True,189,69
PO-9263-3471,Gear selector RH,Powertrain,11.5,11.5,11.5,RH,RH,ambient,False,SUP-012,A-12-14,True,114,84
PO-2995-3472,Gear selector RH,Powertrain,9.02,9.02,9.02,LH,LH,ambient,False,SUP-026,A-12-09,True,195,25
IN-7543-3473,Wiring harness assembly RH,Interior,22.82,22.82,22.82,LH,LH,ambient,False,SUP-070,A-12-12,True,114,35
EL-8132-3474,ECU control module Gen 2,Electronics,3.08,3.08,3.08,LH,LH,ambient,False,SUP-036,A-12-05,True,220,25
CH-9344-3475,Brake line manifold LH,Chassis,3.26,3.26,3.26,LH,LH,ambient,False,SUP-040,HZ-02-15,True,176,28
CH-7545-3476,Wheel carrier Premium,Chassis,15.31,15.31,15.31,RH,RH,ambient,False,SUP-132,Q-04-13,True,130,52
PO-3356-3477,Fuel rail LH,Powertrain,12.24,12.24,12.24,RH,RH,ambient,False,SUP-063,JIS-07-09,True,100,66
IN-8535-3478,Door trim panel Premium,Interior,5.27,5.27,5.27,LH,LH,ambient,False,SUP-197,B-07-06,True,219,69
CH-3592-3479,Steering knuckle Gen 2,Chassis,5.7,5.7,5.7,LH,LH,ambient,False,SUP-023,HZ-02-09,True,174,67
FL-1533-3480,Washer concentrate Gen 2,Fluids,24.31,24.31,24.31,RH,RH,hazmat,False,SUP-054,HZ-02-05,True,64,48
EL-6884-3481,ECU control module RH,Electronics,20.82,20.82,20.82,RH,RH,ambient,False,SUP-119,JIS-07-02,True,219,85
FL-9198-3482,Brake fluid reservoir LH,Fluids,12.98,12.98,12.98,RH,RH,hazmat,False,SUP-078,B-07-04,True,133,81
CH-9731-3483,Brake line manifold LH,Chassis,20.69,20.69,20.69,LH,LH,ambient,False,SUP-036,B-07-12,True,103,33
PO-8064-3484,Clutch actuator LH,Powertrain,17.09,17.09,17.09,LH,LH,ambient,False,SUP-074,Q-04-03,True,148,34
EL-2574-3485,ECU control module Premium,Electronics,15.92,15.92,15.92,LH,LH,ambient,False,SUP-003,JIS-07-16,True,91,67
CH-4481-3486,Control arm Premium,Chassis,18.58,18.58,18.58,LH,LH,ambient,False,SUP-118,Q-04-04,True,156,68
PO-6785-3487,Clutch actuator Gen 2,Powertrain,6.91,6.91,6.91,RH,RH,ambient,False,SUP-068,Q-04-16,True,141,29
FL-3756-3488,Coolant additive Gen 2,Fluids,5.26,5.26,5.26,RH,RH,ambient,False,SUP-089,A-12-14,True,113,62
FL-8637-3489,Coolant additive Premium,Fluids,10.26,10.26,10.26,LH,LH,ambient,False,SUP-157,HZ-02-05,True,153,64
IN-6912-3490,Wiring harness assembly LH,Interior,13.26,13.26,13.26,LH,LH,ambient,False,SUP-137,B-07-07,True,131,41
FL-6197-3491,Washer concentrate Gen 2,Fluids,22.83,22.83,22.83,RH,RH,ambient,False,SUP-074,A-12-04,True,123,48
FL-2608-3492,Brake fluid reservoir RH,Fluids,3.44,3.44,3.44,LH,LH,ambient,False,SUP-028,A-12-13,True,102,64
IN-4644-3493,Seat rail RH,Interior,2.39,2.39,2.39,RH,RH,ambient,False,SUP-078,JIS-07-02,True,213,52
PO-5361-3494,Gear selector Gen 2,Powertrain,2.87,2.87,2.87,RH,RH,ambient,False,SUP-139,A-12-03,True,162,29
EL-3668-3495,Radar sensor Premium,Electronics,4.43,4.43,4.43,LH,LH,ambient,False,SUP-054,HZ-02-11,True,204,58
IN-1252-3496,Wiring harness assembly LH,Interior,10.55,10.55,10.55,LH,LH,ambient,False,SUP-054,A-12-01,True,168,82
CH-9422-3497,Steering knuckle Premium,Chassis,18.66,18.66,18.66,LH,LH,ambient,False,SUP-142,JIS-07-07,True,94,35
PO-7506-3498,Torque converter RH,Powertrain,11.43,11.43,11.43,RH,RH,ambient,False,SUP-047,A-12-13,True,140,36
EL-6798-3499,Camera harness Premium,Electronics,4.97,4.97,4.97,LH,LH,ambient,False,SUP-114,HZ-02-01,True,67,82
EL-1963-3500,Camera harness Gen 2,Electronics,11.38,11.38,11.38,RH,RH,ambient,False,SUP-073,HZ-02-14,True,104,68
EL-7102-3501,Camera harness Gen 2,Electronics,12.51,12.51,12.51,RH,RH,ambient,False,SUP-100,JIS-07-07,True,160,39
FL-4771-3502,Coolant additive Premium,Fluids,8.32,8.32,8.32,RH,RH,ambient,False,SUP-085,JIS-07-01,True,113,61
PO-9492-3503,Fuel rail LH,Powertrain,3.29,3.29,3.29,LH,LH,ambient,False,SUP-200,B-07-16,True,98,71
PO-5291-3504,Torque converter Gen 2,Powertrain,11.87,11.87,11.87,RH,RH,ambient,False,SUP-144,Q-04-09,True,77,76
FL-9915-3505,Coolant additive RH,Fluids,1.26,1.26,1.26,LH,LH,ambient,True,SUP-182,A-12-17,True,141,57
IN-8638-3506,Console module RH,Interior,22.29,22.29,22.29,LH,LH,ambient,False,SUP-155,A-12-12,True,124,60
IN-3118-3507,Door trim panel Gen 2,Interior,7.76,7.76,7.76,RH,RH,ambient,False,SUP-052,A-12-10,True,177,46
EL-6512-3508,Camera harness Premium,Electronics,2.48,2.48,2.48,LH,LH,ambient,False,SUP-198,A-12-14,True,64,35
PO-9581-3509,Torque converter LH,Powertrain,14.27,14.27,14.27,LH,LH,ambient,False,SUP-149,Q-04-05,True,74,72
IN-5110-3510,Wiring harness assembly Gen 2,Interior,18.74,18.74,18.74,LH,LH,ambient,False,SUP-086,B-07-01,True,126,86
FL-8808-3511,Coolant additive Gen 2,Fluids,3.97,3.97,3.97,LH,LH,ambient,False,SUP-010,A-12-05,True,205,56
EL-5867-3512,Camera harness Premium,Electronics,16.27,16.27,16.27,RH,RH,ambient,False,SUP-060,B-07-16,True,136,27
PO-5164-3513,Clutch actuator LH,Powertrain,20.79,20.79,20.79,LH,LH,ambient,False,SUP-047,A-12-07,True,86,73
IN-5304-3514,Console module LH,Interior,4.34,4.34,4.34,RH,RH,ambient,False,SUP-178,HZ-02-11,True,100,39
CH-9693-3515,Steering knuckle LH,Chassis,2.78,2.78,2.78,LH,LH,ambient,False,SUP-163,B-07-12,True,129,90
EL-2689-3516,Power distribution unit Gen 2,Electronics,3.95,3.95,3.95,LH,LH,ambient,False,SUP-168,JIS-07-14,True,76,50
IN-7429-3517,Seat rail LH,Interior,16.37,16.37,16.37,RH,RH,ambient,False,SUP-133,JIS-07-07,True,72,65
EL-6924-3518,Radar sensor Gen 2,Electronics,1.5,1.5,1.5,LH,LH,ambient,False,SUP-070,A-12-12,True,152,68
IN-5504-3519,Seat rail Premium,Interior,11.47,11.47,11.47,LH,LH,ambient,False,SUP-084,JIS-07-01,True,76,82
CH-8760-3520,Brake line manifold Gen 2,Chassis,4.59,4.59,4.59,RH,RH,ambient,False,SUP-122,HZ-02-01,True,188,43
IN-1670-3521,Console module RH,Interior,11.85,11.85,11.85,RH,RH,ambient,False,SUP-012,HZ-02-11,True,207,29
EL-3224-3522,ECU control module RH,Electronics,14.55,14.55,14.55,RH,RH,ambient,False,SUP-108,HZ-02-10,True,65,78
PO-1457-3523,Gear selector LH,Powertrain,23.18,23.18,23.18,LH,LH,ambient,False,SUP-159,B-07-05,True,88,32
CH-1281-3524,Wheel carrier LH,Chassis,13.15,13.15,13.15,LH,LH,ambient,False,SUP-177,A-12-07,True,182,33
CH-4441-3525,Steering knuckle Premium,Chassis,20.37,20.37,20.37,RH,RH,ambient,False,SUP-167,Q-04-10,True,132,84
EL-8670-3526,Power distribution unit RH,Electronics,2.14,2.14,2.14,RH,RH,ambient,False,SUP-060,Q-04-01,True,90,90
PO-5806-3527,Fuel rail Gen 2,Powertrain,10.02,10.02,10.02,RH,RH,ambient,False,SUP-122,JIS-07-15,True,114,35
FL-6722-3528,Sealant cartridge RH,Fluids,11.53,11.53,11.53,RH,RH,ambient,False,SUP-162,Q-04-01,True,186,79
EL-6784-3529,Power distribution unit Premium,Electronics,15.78,15.78,15.78,RH,RH,ambient,False,SUP-007,B-07-18,True,185,64
PO-7980-3530,Torque converter LH,Powertrain,0.54,0.54,0.54,RH,RH,ambient,False,SUP-170,HZ-02-09,True,146,59
PO-4449-3531,Fuel rail Gen 2,Powertrain,13.87,13.87,13.87,LH,LH,ambient,False,SUP-118,Q-04-12,True,152,89
IN-4772-3532,Wiring harness assembly Gen 2,Interior,8.25,8.25,8.25,RH,RH,ambient,False,SUP-074,A-12-07,True,218,50
EL-4548-3533,Radar sensor Gen 2,Electronics,22.08,22.08,22.08,RH,RH,ambient,False,SUP-116,B-07-16,True,190,71
CH-5964-3534,Wheel carrier Premium,Chassis,16.19,16.19,16.19,LH,LH,ambient,False,SUP-190,HZ-02-06,True,170,37
EL-2464-3535,ECU control module LH,Electronics,7.4,7.4,7.4,RH,RH,ambient,False,SUP-016,B-07-05,True,121,29
EL-1105-3536,ECU control module RH,Electronics,12.35,12.35,12.35,LH,LH,ambient,False,SUP-064,B-07-04,True,213,57
IN-9228-3537,Console module RH,Interior,6.72,6.72,6.72,RH,RH,ambient,False,SUP-182,JIS-07-08,True,192,50
CH-6035-3538,Brake line manifold RH,Chassis,5.98,5.98,5.98,RH,RH,ambient,False,SUP-013,HZ-02-05,True,109,63
IN-6775-3539,Seat rail Gen 2,Interior,11.15,11.15,11.15,LH,LH,ambient,False,SUP-018,HZ-02-07,True,140,42
EL-7524-3540,ECU control module RH,Electronics,19.94,19.94,19.94,RH,RH,ambient,False,SUP-169,JIS-07-08,True,149,31
EL-8685-3541,Camera harness RH,Electronics,3.09,3.09,3.09,LH,LH,ambient,False,SUP-105,A-12-12,True,219,69
CH-4942-3542,Steering knuckle RH,Chassis,11.25,11.25,11.25,RH,RH,ambient,False,SUP-068,Q-04-18,True,154,84
CH-8505-3543,Brake line manifold Premium,Chassis,1.52,1.52,1.52,LH,LH,ambient,False,SUP-014,HZ-02-06,True,128,89
EL-8135-3544,Power distribution unit Premium,Electronics,13.62,13.62,13.62,LH,LH,ambient,False,SUP-042,B-07-12,True,61,67
IN-4190-3545,Seat rail Premium,Interior,0.61,0.61,0.61,RH,RH,ambient,False,SUP-034,A-12-10,True,208,75
FL-5247-3546,Coolant additive RH,Fluids,21.5,21.5,21.5,RH,RH,hazmat,False,SUP-098,HZ-02-10,True,108,60
PO-8148-3547,Clutch actuator Gen 2,Powertrain,16.11,16.11,16.11,RH,RH,ambient,False,SUP-015,B-07-08,True,94,60
FL-4422-3548,Brake fluid reservoir RH,Fluids,19.52,19.52,19.52,LH,LH,ambient,False,SUP-117,B-07-06,True,184,55
EL-1892-3549,Power distribution unit Gen 2,Electronics,11.89,11.89,11.89,LH,LH,ambient,False,SUP-002,A-12-16,True,207,52
CH-7723-3550,Steering knuckle LH,Chassis,8.63,8.63,8.63,LH,LH,ambient,False,SUP-091,HZ-02-09,True,135,43
FL-4373-3551,Coolant additive LH,Fluids,14.13,14.13,14.13,LH,LH,ambient,True,SUP-149,Q-04-07,True,217,33
EL-7599-3552,Radar sensor LH,Electronics,12.27,12.27,12.27,RH,RH,ambient,False,SUP-006,B-07-06,True,77,43
FL-7091-3553,Washer concentrate LH,Fluids,21.74,21.74,21.74,LH,LH,hazmat,False,SUP-089,JIS-07-06,True,150,80
EL-5447-3554,Power distribution unit Gen 2,Electronics,2.83,2.83,2.83,LH,LH,ambient,False,SUP-154,B-07-10,True,92,49
CH-5389-3555,Brake line manifold Gen 2,Chassis,3.65,3.65,3.65,RH,RH,ambient,False,SUP-031,JIS-07-02,True,112,63
FL-1691-3556,Coolant additive Premium,Fluids,15.73,15.73,15.73,RH,RH,ambient,False,SUP-148,Q-04-14,True,107,90
EL-1071-3557,Radar sensor RH,Electronics,21.87,21.87,21.87,RH,RH,ambient,False,SUP-076,HZ-02-03,True,128,47
CH-4726-3558,Brake line manifold Premium,Chassis,9.93,9.93,9.93,LH,LH,ambient,False,SUP-063,B-07-16,True,190,63
CH-2226-3559,Steering knuckle Gen 2,Chassis,24.09,24.09,24.09,LH,LH,ambient,False,SUP-116,HZ-02-02,True,205,85
FL-6665-3560,Coolant additive RH,Fluids,21.61,21.61,21.61,RH,RH,ambient,True,SUP-065,A-12-01,True,97,73
EL-6587-3561,ECU control module RH,Electronics,18.69,18.69,18.69,RH,RH,ambient,False,SUP-064,B-07-09,True,94,54
IN-4462-3562,Console module LH,Interior,6.77,6.77,6.77,RH,RH,ambient,False,SUP-082,A-12-10,True,205,85
EL-1006-3563,Radar sensor Gen 2,Electronics,0.44,0.44,0.44,RH,RH,ambient,False,SUP-187,Q-04-14,True,116,71
IN-5490-3564,Wiring harness assembly Gen 2,Interior,4.21,4.21,4.21,LH,LH,ambient,False,SUP-197,A-12-09,True,149,59
PO-2898-3565,Clutch actuator Gen 2,Powertrain,1.51,1.51,1.51,RH,RH,ambient,False,SUP-101,HZ-02-05,True,91,68
CH-3388-3566,Control arm LH,Chassis,11.84,11.84,11.84,RH,RH,ambient,False,SUP-193,B-07-10,True,114,64
IN-2530-3567,Console module Premium,Interior,20.94,20.94,20.94,RH,RH,ambient,False,SUP-142,JIS-07-16,True,213,35
EL-3141-3568,Power distribution unit LH,Electronics,6.3,6.3,6.3,RH,RH,ambient,False,SUP-133,HZ-02-17,True,152,76
PO-5430-3569,Fuel rail Gen 2,Powertrain,20.88,20.88,20.88,RH,RH,ambient,False,SUP-102,HZ-02-11,True,139,80
IN-5961-3570,Seat rail Gen 2,Interior,20.64,20.64,20.64,LH,LH,ambient,False,SUP-122,Q-04-09,True,220,66
CH-6638-3571,Steering knuckle Premium,Chassis,15.08,15.08,15.08,RH,RH,ambient,False,SUP-014,B-07-08,True,124,40
EL-3901-3572,Power distribution unit Premium,Electronics,21.1,21.1,21.1,RH,RH,ambient,False,SUP-185,Q-04-03,True,143,72
IN-3169-3573,Wiring harness assembly Premium,Interior,8.65,8.65,8.65,LH,LH,ambient,False,SUP-077,A-12-11,True,174,63
FL-4075-3574,Washer concentrate LH,Fluids,10.39,10.39,10.39,RH,RH,ambient,True,SUP-050,A-12-11,True,129,90
PO-3964-3575,Fuel rail Premium,Powertrain,12.97,12.97,12.97,RH,RH,ambient,False,SUP-148,B-07-04,True,201,46
IN-6255-3576,Door trim panel Premium,Interior,5.69,5.69,5.69,RH,RH,ambient,False,SUP-189,HZ-02-10,True,144,50
PO-6620-3577,Gear selector RH,Powertrain,20.73,20.73,20.73,RH,RH,ambient,False,SUP-003,A-12-16,True,92,27
FL-7464-3578,Washer concentrate Gen 2,Fluids,15.92,15.92,15.92,LH,LH,hazmat,False,SUP-104,JIS-07-18,True,148,68
PO-2466-3579,Fuel rail Gen 2,Powertrain,10.31,10.31,10.31,LH,LH,ambient,False,SUP-166,B-07-05,True,217,48
FL-1480-3580,Coolant additive LH,Fluids,6.43,6.43,6.43,LH,LH,ambient,False,SUP-143,Q-04-10,True,209,78
CH-4010-3581,Wheel carrier Premium,Chassis,13.9,13.9,13.9,LH,LH,ambient,False,SUP-135,B-07-04,True,109,82
CH-8589-3582,Steering knuckle LH,Chassis,18.12,18.12,18.12,RH,RH,ambient,False,SUP-066,HZ-02-09,True,125,76
PO-4483-3583,Gear selector Gen 2,Powertrain,18.41,18.41,18.41,RH,RH,ambient,False,SUP-142,B-07-11,True,98,43
PO-1764-3584,Gear selector RH,Powertrain,5.07,5.07,5.07,LH,LH,ambient,False,SUP-157,JIS-07-02,True,118,39
CH-3588-3585,Wheel carrier LH,Chassis,17.09,17.09,17.09,RH,RH,ambient,False,SUP-092,B-07-10,True,93,64
FL-3891-3586,Coolant additive RH,Fluids,18.35,18.35,18.35,LH,LH,ambient,False,SUP-022,B-07-18,True,67,46
IN-5987-3587,Console module RH,Interior,5.25,5.25,5.25,LH,LH,ambient,False,SUP-183,A-12-15,True,199,47
IN-8647-3588,Seat rail Premium,Interior,3.58,3.58,3.58,RH,RH,ambient,False,SUP-134,HZ-02-16,True,118,32
PO-7576-3589,Fuel rail Premium,Powertrain,5.06,5.06,5.06,RH,RH,ambient,False,SUP-140,A-12-14,True,208,45
PO-6913-3590,Gear selector RH,Powertrain,4.43,4.43,4.43,LH,LH,ambient,False,SUP-092,JIS-07-12,True,122,61
EL-2887-3591,ECU control module Premium,Electronics,0.94,0.94,0.94,RH,RH,ambient,False,SUP-185,JIS-07-07,True,188,41
FL-9494-3592,Sealant cartridge RH,Fluids,9.72,9.72,9.72,RH,RH,hazmat,False,SUP-049,HZ-02-10,True,120,51
CH-5886-3593,Control arm RH,Chassis,2.15,2.15,2.15,LH,LH,ambient,False,SUP-150,JIS-07-09,True,128,83
IN-3413-3594,Door trim panel RH,Interior,23.33,23.33,23.33,RH,RH,ambient,False,SUP-118,A-12-10,True,180,54
EL-3959-3595,Radar sensor Premium,Electronics,18.86,18.86,18.86,RH,RH,ambient,False,SUP-154,A-12-10,True,105,30
EL-5427-3596,Camera harness LH,Electronics,9.27,9.27,9.27,RH,RH,ambient,False,SUP-140,HZ-02-03,True,177,30
FL-4569-3597,Washer concentrate Gen 2,Fluids,8.2,8.2,8.2,RH,RH,ambient,False,SUP-194,Q-04-18,True,76,46
EL-3897-3598,Radar sensor Premium,Electronics,10.15,10.15,10.15,RH,RH,ambient,False,SUP-153,HZ-02-17,True,217,75
EL-3620-3599,Camera harness Premium,Electronics,3.59,3.59,3.59,LH,LH,ambient,False,SUP-006,HZ-02-03,True,108,61
EL-4925-3600,ECU control module Premium,Electronics,19.93,19.93,19.93,LH,LH,ambient,False,SUP-086,JIS-07-02,True,112,43
IN-7022-3601,Wiring harness assembly RH,Interior,2.43,2.43,2.43,LH,LH,ambient,False,SUP-156,Q-04-15,True,101,47
PO-9312-3602,Gear selector LH,Powertrain,10.61,10.61,10.61,LH,LH,ambient,False,SUP-054,JIS-07-04,True,168,25
CH-9957-3603,Steering knuckle RH,Chassis,5.65,5.65,5.65,LH,LH,ambient,False,SUP-015,Q-04-16,True,76,75
FL-4849-3604,Washer concentrate Premium,Fluids,16.76,16.76,16.76,LH,LH,hazmat,False,SUP-147,JIS-07-07,True,155,59
PO-9700-3605,Fuel rail RH,Powertrain,11.15,11.15,11.15,LH,LH,ambient,False,SUP-061,A-12-06,True,130,53
CH-3454-3606,Brake line manifold RH,Chassis,4.44,4.44,4.44,LH,LH,ambient,False,SUP-032,A-12-17,True,167,66
PO-9432-3607,Clutch actuator Premium,Powertrain,4.41,4.41,4.41,LH,LH,ambient,False,SUP-010,Q-04-11,True,115,76
CH-5661-3608,Wheel carrier RH,Chassis,21.55,21.55,21.55,RH,RH,ambient,False,SUP-015,Q-04-05,True,93,72
CH-6347-3609,Steering knuckle Premium,Chassis,3.78,3.78,3.78,RH,RH,ambient,False,SUP-180,JIS-07-10,True,207,60
EL-8999-3610,Radar sensor Premium,Electronics,9.96,9.96,9.96,LH,LH,ambient,False,SUP-042,JIS-07-05,True,75,28
CH-2223-3611,Brake line manifold Premium,Chassis,5.35,5.35,5.35,LH,LH,ambient,False,SUP-106,Q-04-02,True,212,37
FL-7465-3612,Coolant additive LH,Fluids,4.91,4.91,4.91,RH,RH,hazmat,False,SUP-137,Q-04-17,True,84,40
EL-3606-3613,Radar sensor RH,Electronics,6.53,6.53,6.53,RH,RH,ambient,False,SUP-154,JIS-07-13,True,218,36
CH-1609-3614,Wheel carrier Premium,Chassis,1.87,1.87,1.87,RH,RH,ambient,False,SUP-130,B-07-13,True,121,44
IN-9458-3615,Wiring harness assembly LH,Interior,14.68,14.68,14.68,LH,LH,ambient,False,SUP-055,A-12-04,True,206,35
CH-2093-3616,Control arm Premium,Chassis,0.95,0.95,0.95,LH,LH,ambient,False,SUP-084,JIS-07-18,True,84,67
FL-5662-3617,Brake fluid reservoir Premium,Fluids,22.63,22.63,22.63,LH,LH,ambient,True,SUP-120,B-07-09,True,134,25
EL-2502-3618,Camera harness RH,Electronics,24.08,24.08,24.08,LH,LH,ambient,False,SUP-145,A-12-14,True,202,57
PO-3283-3619,Gear selector LH,Powertrain,2.81,2.81,2.81,LH,LH,ambient,False,SUP-082,HZ-02-15,True,132,36
PO-4353-3620,Clutch actuator Premium,Powertrain,23.35,23.35,23.35,RH,RH,ambient,False,SUP-142,HZ-02-16,True,216,37
EL-8556-3621,Camera harness LH,Electronics,20.95,20.95,20.95,RH,RH,ambient,False,SUP-039,HZ-02-16,True,145,53
FL-8120-3622,Brake fluid reservoir Premium,Fluids,12.86,12.86,12.86,LH,LH,hazmat,False,SUP-158,JIS-07-13,True,137,85
EL-1791-3623,Power distribution unit Premium,Electronics,19.48,19.48,19.48,RH,RH,ambient,False,SUP-170,B-07-10,True,132,49
PO-8192-3624,Gear selector Premium,Powertrain,6.09,6.09,6.09,LH,LH,ambient,False,SUP-091,B-07-17,True,175,54
PO-5081-3625,Torque converter Gen 2,Powertrain,22.0,22.0,22.0,RH,RH,ambient,False,SUP-135,Q-04-06,True,200,71
CH-9440-3626,Brake line manifold Gen 2,Chassis,21.8,21.8,21.8,RH,RH,ambient,False,SUP-006,HZ-02-02,True,191,32
CH-9465-3627,Brake line manifold LH,Chassis,9.08,9.08,9.08,RH,RH,ambient,False,SUP-148,HZ-02-04,True,146,62
FL-8351-3628,Sealant cartridge RH,Fluids,1.9,1.9,1.9,LH,LH,hazmat,True,SUP-168,Q-04-04,True,196,29
PO-9959-3629,Clutch actuator LH,Powertrain,14.0,14.0,14.0,LH,LH,ambient,False,SUP-118,B-07-07,True,72,51
FL-3433-3630,Sealant cartridge LH,Fluids,13.97,13.97,13.97,LH,LH,hazmat,False,SUP-024,B-07-11,True,98,59
CH-5569-3631,Control arm Gen 2,Chassis,22.55,22.55,22.55,RH,RH,ambient,False,SUP-031,JIS-07-01,True,130,89
FL-1169-3632,Washer concentrate Premium,Fluids,18.02,18.02,18.02,LH,LH,hazmat,False,SUP-092,B-07-16,True,197,74
EL-3449-3633,ECU control module Premium,Electronics,9.8,9.8,9.8,LH,LH,ambient,False,SUP-010,HZ-02-05,True,120,36
CH-4081-3634,Wheel carrier RH,Chassis,14.3,14.3,14.3,LH,LH,ambient,False,SUP-107,Q-04-04,True,138,56
PO-5544-3635,Torque converter Gen 2,Powertrain,7.3,7.3,7.3,LH,LH,ambient,False,SUP-094,B-07-18,True,105,54
FL-7134-3636,Coolant additive Gen 2,Fluids,22.08,22.08,22.08,LH,LH,ambient,False,SUP-056,JIS-07-03,True,134,47
IN-9118-3637,Console module Gen 2,Interior,4.65,4.65,4.65,LH,LH,ambient,False,SUP-107,B-07-10,True,96,62
IN-8080-3638,Seat rail LH,Interior,10.93,10.93,10.93,RH,RH,ambient,False,SUP-123,Q-04-10,True,129,37
IN-2607-3639,Door trim panel RH,Interior,16.43,16.43,16.43,RH,RH,ambient,False,SUP-072,B-07-03,True,154,59
CH-9401-3640,Control arm Premium,Chassis,15.59,15.59,15.59,LH,LH,ambient,False,SUP-162,Q-04-01,True,131,32
PO-1804-3641,Fuel rail Premium,Powertrain,6.52,6.52,6.52,LH,LH,ambient,False,SUP-194,JIS-07-03,True,81,47
EL-8957-3642,Camera harness Premium,Electronics,21.32,21.32,21.32,LH,LH,ambient,False,SUP-036,HZ-02-17,True,193,44
PO-7591-3643,Torque converter RH,Powertrain,15.98,15.98,15.98,RH,RH,ambient,False,SUP-135,HZ-02-18,True,69,32
EL-1733-3644,Radar sensor Premium,Electronics,1.22,1.22,1.22,LH,LH,ambient,False,SUP-096,B-07-04,True,93,65
EL-8280-3645,Camera harness Gen 2,Electronics,22.92,22.92,22.92,LH,LH,ambient,False,SUP-039,A-12-11,True,162,30
PO-9663-3646,Clutch actuator Gen 2,Powertrain,10.09,10.09,10.09,RH,RH,ambient,False,SUP-173,A-12-18,True,159,33
FL-4104-3647,Coolant additive Premium,Fluids,15.12,15.12,15.12,LH,LH,hazmat,False,SUP-195,Q-04-10,True,154,53
FL-1434-3648,Brake fluid reservoir LH,Fluids,6.0,6.0,6.0,LH,LH,ambient,True,SUP-170,B-07-10,True,147,28
IN-5843-3649,Seat rail LH,Interior,11.51,11.51,11.51,LH,LH,ambient,False,SUP-005,B-07-03,True,69,26
PO-7703-3650,Clutch actuator LH,Powertrain,5.18,5.18,5.18,RH,RH,ambient,False,SUP-111,B-07-10,True,86,75
CH-4055-3651,Steering knuckle Gen 2,Chassis,9.09,9.09,9.09,RH,RH,ambient,False,SUP-076,B-07-14,True,180,41
CH-8516-3652,Control arm RH,Chassis,19.75,19.75,19.75,RH,RH,ambient,False,SUP-192,A-12-04,True,72,52
EL-2030-3653,ECU control module Premium,Electronics,23.06,23.06,23.06,LH,LH,ambient,False,SUP-131,A-12-03,True,94,60
FL-2886-3654,Washer concentrate Gen 2,Fluids,13.54,13.54,13.54,LH,LH,ambient,False,SUP-198,HZ-02-09,True,129,44
IN-5759-3655,Wiring harness assembly Premium,Interior,7.62,7.62,7.62,RH,RH,ambient,False,SUP-095,A-12-11,True,113,81
FL-8138-3656,Sealant cartridge RH,Fluids,22.29,22.29,22.29,RH,RH,hazmat,True,SUP-173,Q-04-08,True,101,52
CH-7090-3657,Wheel carrier RH,Chassis,12.65,12.65,12.65,RH,RH,ambient,False,SUP-179,JIS-07-14,True,90,76
FL-6852-3658,Washer concentrate RH,Fluids,4.31,4.31,4.31,LH,LH,hazmat,False,SUP-090,HZ-02-17,True,113,67
IN-3027-3659,Door trim panel Gen 2,Interior,17.45,17.45,17.45,RH,RH,ambient,False,SUP-107,JIS-07-04,True,157,30
PO-7779-3660,Fuel rail RH,Powertrain,12.21,12.21,12.21,LH,LH,ambient,False,SUP-051,A-12-08,True,178,38
CH-5775-3661,Control arm Gen 2,Chassis,18.03,18.03,18.03,LH,LH,ambient,False,SUP-007,HZ-02-11,True,187,39
CH-8970-3662,Brake line manifold LH,Chassis,18.87,18.87,18.87,LH,LH,ambient,False,SUP-100,B-07-07,True,177,45
EL-3230-3663,Power distribution unit Premium,Electronics,13.12,13.12,13.12,RH,RH,ambient,False,SUP-122,A-12-13,True,150,55
IN-5721-3664,Console module Premium,Interior,5.05,5.05,5.05,RH,RH,ambient,False,SUP-061,Q-04-18,True,127,63
CH-3510-3665,Control arm RH,Chassis,23.98,23.98,23.98,LH,LH,ambient,False,SUP-095,HZ-02-12,True,107,85
FL-6550-3666,Coolant additive RH,Fluids,3.64,3.64,3.64,RH,RH,hazmat,True,SUP-124,JIS-07-17,True,115,69
IN-4373-3667,Wiring harness assembly LH,Interior,1.07,1.07,1.07,LH,LH,ambient,False,SUP-024,B-07-14,True,126,69
FL-6617-3668,Sealant cartridge RH,Fluids,2.73,2.73,2.73,RH,RH,ambient,True,SUP-146,A-12-11,True,161,73
CH-6773-3669,Steering knuckle LH,Chassis,16.0,16.0,16.0,LH,LH,ambient,False,SUP-058,HZ-02-07,True,122,47
EL-9288-3670,ECU control module RH,Electronics,12.06,12.06,12.06,LH,LH,ambient,False,SUP-174,JIS-07-03,True,116,65
CH-5284-3671,Brake line manifold Gen 2,Chassis,21.22,21.22,21.22,RH,RH,ambient,False,SUP-153,JIS-07-10,True,179,84
IN-9448-3672,Door trim panel Premium,Interior,11.67,11.67,11.67,RH,RH,ambient,False,SUP-128,JIS-07-09,True,205,46
CH-7205-3673,Steering knuckle Premium,Chassis,18.71,18.71,18.71,RH,RH,ambient,False,SUP-175,B-07-03,True,220,65
FL-8789-3674,Brake fluid reservoir Gen 2,Fluids,2.91,2.91,2.91,RH,RH,ambient,True,SUP-183,HZ-02-16,True,88,66
PO-5788-3675,Fuel rail RH,Powertrain,24.38,24.38,24.38,LH,LH,ambient,False,SUP-182,Q-04-18,True,154,74
CH-3796-3676,Steering knuckle Premium,Chassis,21.46,21.46,21.46,RH,RH,ambient,False,SUP-186,Q-04-17,True,93,44
EL-9764-3677,Camera harness LH,Electronics,20.75,20.75,20.75,RH,RH,ambient,False,SUP-027,Q-04-10,True,113,45
CH-7680-3678,Brake line manifold RH,Chassis,1.09,1.09,1.09,RH,RH,ambient,False,SUP-142,A-12-16,True,196,37
EL-5030-3679,Radar sensor LH,Electronics,2.4,2.4,2.4,LH,LH,ambient,False,SUP-022,B-07-13,True,202,32
EL-6469-3680,Camera harness RH,Electronics,14.91,14.91,14.91,LH,LH,ambient,False,SUP-050,JIS-07-03,True,71,78
CH-7639-3681,Brake line manifold Gen 2,Chassis,5.96,5.96,5.96,LH,LH,ambient,False,SUP-200,JIS-07-13,True,140,82
CH-8610-3682,Control arm RH,Chassis,21.86,21.86,21.86,LH,LH,ambient,False,SUP-097,Q-04-05,True,75,86
CH-7655-3683,Steering knuckle LH,Chassis,2.19,2.19,2.19,LH,LH,ambient,False,SUP-040,Q-04-09,True,140,29
CH-8651-3684,Control arm Premium,Chassis,19.34,19.34,19.34,RH,RH,ambient,False,SUP-152,Q-04-02,True,73,69
FL-7553-3685,Sealant cartridge Gen 2,Fluids,1.06,1.06,1.06,RH,RH,ambient,False,SUP-081,JIS-07-08,True,217,38
EL-2539-3686,Radar sensor LH,Electronics,16.45,16.45,16.45,LH,LH,ambient,False,SUP-019,A-12-07,True,188,25
IN-1115-3687,Wiring harness assembly LH,Interior,2.71,2.71,2.71,LH,LH,ambient,False,SUP-110,B-07-16,True,109,84
FL-2752-3688,Brake fluid reservoir RH,Fluids,13.3,13.3,13.3,RH,RH,hazmat,False,SUP-176,HZ-02-01,True,137,47
EL-5569-3689,Power distribution unit Premium,Electronics,1.04,1.04,1.04,LH,LH,ambient,False,SUP-104,Q-04-07,True,63,60
FL-6112-3690,Brake fluid reservoir RH,Fluids,21.64,21.64,21.64,RH,RH,hazmat,True,SUP-056,B-07-18,True,121,89
PO-5080-3691,Fuel rail Premium,Powertrain,10.93,10.93,10.93,LH,LH,ambient,False,SUP-196,HZ-02-06,True,61,28
PO-8498-3692,Fuel rail Gen 2,Powertrain,1.2,1.2,1.2,LH,LH,ambient,False,SUP-175,B-07-13,True,64,50
CH-4819-3693,Wheel carrier RH,Chassis,24.03,24.03,24.03,RH,RH,ambient,False,SUP-196,A-12-11,True,76,33
PO-1525-3694,Clutch actuator Gen 2,Powertrain,1.56,1.56,1.56,RH,RH,ambient,False,SUP-097,B-07-06,True,114,82
EL-8090-3695,ECU control module LH,Electronics,16.46,16.46,16.46,RH,RH,ambient,False,SUP-051,A-12-13,True,216,34
FL-1610-3696,Brake fluid reservoir RH,Fluids,1.72,1.72,1.72,LH,LH,ambient,False,SUP-174,Q-04-11,True,92,36
PO-8825-3697,Torque converter RH,Powertrain,22.58,22.58,22.58,LH,LH,ambient,False,SUP-181,B-07-08,True,64,65
CH-4453-3698,Wheel carrier LH,Chassis,3.18,3.18,3.18,LH,LH,ambient,False,SUP-184,A-12-12,True,171,63
EL-9906-3699,Radar sensor Gen 2,Electronics,9.21,9.21,9.21,RH,RH,ambient,False,SUP-026,HZ-02-12,True,124,85
IN-8494-3700,Seat rail Gen 2,Interior,14.74,14.74,14.74,LH,LH,ambient,False,SUP-007,A-12-14,True,154,84
EL-4631-3701,Camera harness Gen 2,Electronics,18.09,18.09,18.09,RH,RH,ambient,False,SUP-044,Q-04-10,True,79,45
CH-2760-3702,Steering knuckle Gen 2,Chassis,18.11,18.11,18.11,RH,RH,ambient,False,SUP-003,A-12-17,True,121,90
PO-2041-3703,Gear selector Premium,Powertrain,4.0,4.0,4.0,LH,LH,ambient,False,SUP-135,Q-04-08,True,83,31
FL-8912-3704,Washer concentrate LH,Fluids,6.95,6.95,6.95,LH,LH,ambient,False,SUP-044,JIS-07-05,True,97,41
EL-2408-3705,Radar sensor LH,Electronics,18.62,18.62,18.62,LH,LH,ambient,False,SUP-107,B-07-14,True,198,34
EL-3176-3706,Radar sensor Gen 2,Electronics,24.09,24.09,24.09,LH,LH,ambient,False,SUP-085,HZ-02-10,True,139,32
EL-2392-3707,Camera harness RH,Electronics,4.13,4.13,4.13,RH,RH,ambient,False,SUP-172,A-12-09,True,86,66
EL-3905-3708,Radar sensor LH,Electronics,11.71,11.71,11.71,RH,RH,ambient,False,SUP-039,HZ-02-03,True,123,88
PO-6259-3709,Torque converter RH,Powertrain,19.67,19.67,19.67,LH,LH,ambient,False,SUP-125,A-12-03,True,159,40
IN-3667-3710,Wiring harness assembly RH,Interior,5.96,5.96,5.96,LH,LH,ambient,False,SUP-197,Q-04-01,True,143,38
IN-7520-3711,Wiring harness assembly Premium,Interior,18.73,18.73,18.73,RH,RH,ambient,False,SUP-058,Q-04-15,True,153,35
FL-4515-3712,Coolant additive RH,Fluids,11.7,11.7,11.7,LH,LH,hazmat,False,SUP-155,HZ-02-11,True,207,86
FL-7446-3713,Sealant cartridge RH,Fluids,11.39,11.39,11.39,RH,RH,hazmat,False,SUP-148,A-12-11,True,89,80
EL-5471-3714,Camera harness Gen 2,Electronics,4.08,4.08,4.08,LH,LH,ambient,False,SUP-057,Q-04-14,True,193,73
CH-7750-3715,Brake line manifold Premium,Chassis,18.96,18.96,18.96,LH,LH,ambient,False,SUP-150,JIS-07-04,True,93,62
FL-6957-3716,Brake fluid reservoir LH,Fluids,6.04,6.04,6.04,RH,RH,ambient,False,SUP-145,JIS-07-09,True,132,61
IN-2585-3717,Wiring harness assembly Gen 2,Interior,6.18,6.18,6.18,RH,RH,ambient,False,SUP-173,Q-04-18,True,159,57
IN-4196-3718,Seat rail Premium,Interior,17.85,17.85,17.85,LH,LH,ambient,False,SUP-160,Q-04-05,True,152,39
FL-5458-3719,Washer concentrate RH,Fluids,22.52,22.52,22.52,LH,LH,hazmat,True,SUP-043,JIS-07-06,True,101,65
IN-7925-3720,Console module Gen 2,Interior,11.01,11.01,11.01,LH,LH,ambient,False,SUP-182,JIS-07-05,True,174,74
EL-8608-3721,ECU control module Gen 2,Electronics,16.83,16.83,16.83,LH,LH,ambient,False,SUP-025,B-07-12,True,207,60
CH-8363-3722,Brake line manifold LH,Chassis,13.89,13.89,13.89,LH,LH,ambient,False,SUP-094,B-07-01,True,153,55
IN-7743-3723,Console module Gen 2,Interior,19.45,19.45,19.45,RH,RH,ambient,False,SUP-009,A-12-01,True,220,30
EL-8160-3724,Camera harness RH,Electronics,6.96,6.96,6.96,RH,RH,ambient,False,SUP-060,B-07-16,True,116,51
IN-2449-3725,Console module RH,Interior,21.32,21.32,21.32,LH,LH,ambient,False,SUP-111,A-12-03,True,120,47
PO-5785-3726,Fuel rail RH,Powertrain,8.34,8.34,8.34,RH,RH,ambient,False,SUP-079,A-12-10,True,90,44
PO-2511-3727,Gear selector Gen 2,Powertrain,16.82,16.82,16.82,LH,LH,ambient,False,SUP-147,HZ-02-02,True,95,86
IN-4976-3728,Wiring harness assembly LH,Interior,13.65,13.65,13.65,LH,LH,ambient,False,SUP-084,B-07-06,True,220,85
CH-9945-3729,Steering knuckle LH,Chassis,11.96,11.96,11.96,RH,RH,ambient,False,SUP-036,B-07-16,True,86,54
PO-2311-3730,Fuel rail LH,Powertrain,12.52,12.52,12.52,LH,LH,ambient,False,SUP-089,Q-04-14,True,190,58
CH-9904-3731,Control arm Gen 2,Chassis,8.68,8.68,8.68,RH,RH,ambient,False,SUP-060,B-07-13,True,135,77
CH-2993-3732,Steering knuckle LH,Chassis,1.39,1.39,1.39,RH,RH,ambient,False,SUP-125,B-07-06,True,63,42
PO-4085-3733,Fuel rail Gen 2,Powertrain,5.0,5.0,5.0,LH,LH,ambient,False,SUP-052,HZ-02-13,True,209,78
EL-4525-3734,ECU control module Gen 2,Electronics,12.77,12.77,12.77,RH,RH,ambient,False,SUP-104,A-12-07,True,191,26
PO-1106-3735,Gear selector Premium,Powertrain,5.74,5.74,5.74,LH,LH,ambient,False,SUP-091,Q-04-18,True,144,75
FL-4941-3736,Sealant cartridge Gen 2,Fluids,2.96,2.96,2.96,LH,LH,hazmat,True,SUP-043,Q-04-06,True,152,71
PO-6500-3737,Fuel rail LH,Powertrain,8.88,8.88,8.88,LH,LH,ambient,False,SUP-084,HZ-02-15,True,146,69
CH-3112-3738,Wheel carrier Premium,Chassis,16.47,16.47,16.47,LH,LH,ambient,False,SUP-023,HZ-02-01,True,201,29
PO-3816-3739,Fuel rail Gen 2,Powertrain,14.73,14.73,14.73,RH,RH,ambient,False,SUP-114,A-12-17,True,187,31
CH-5055-3740,Steering knuckle Premium,Chassis,22.01,22.01,22.01,LH,LH,ambient,False,SUP-102,HZ-02-17,True,171,28
FL-3941-3741,Washer concentrate Premium,Fluids,21.62,21.62,21.62,RH,RH,hazmat,True,SUP-059,Q-04-01,True,206,70
CH-6449-3742,Wheel carrier LH,Chassis,3.07,3.07,3.07,RH,RH,ambient,False,SUP-043,JIS-07-02,True,104,79
PO-3558-3743,Fuel rail Gen 2,Powertrain,14.21,14.21,14.21,LH,LH,ambient,False,SUP-194,JIS-07-01,True,214,59
PO-8419-3744,Clutch actuator Premium,Powertrain,23.6,23.6,23.6,LH,LH,ambient,False,SUP-083,JIS-07-10,True,115,30
EL-5465-3745,Camera harness Gen 2,Electronics,14.32,14.32,14.32,LH,LH,ambient,False,SUP-181,HZ-02-07,True,108,42
EL-2357-3746,Camera harness RH,Electronics,24.24,24.24,24.24,RH,RH,ambient,False,SUP-004,A-12-02,True,69,67
IN-2689-3747,Wiring harness assembly Premium,Interior,17.6,17.6,17.6,RH,RH,ambient,False,SUP-028,JIS-07-02,True,94,81
IN-4946-3748,Door trim panel Premium,Interior,4.12,4.12,4.12,LH,LH,ambient,False,SUP-070,A-12-02,True,129,63
EL-9750-3749,Power distribution unit RH,Electronics,21.27,21.27,21.27,RH,RH,ambient,False,SUP-006,HZ-02-03,True,76,48
EL-5576-3750,Radar sensor RH,Electronics,18.86,18.86,18.86,LH,LH,ambient,False,SUP-056,Q-04-10,True,180,87
PO-7614-3751,Gear selector Premium,Powertrain,2.34,2.34,2.34,LH,LH,ambient,False,SUP-193,B-07-12,True,120,41
CH-1743-3752,Steering knuckle Premium,Chassis,9.41,9.41,9.41,LH,LH,ambient,False,SUP-035,HZ-02-04,True,66,54
PO-8581-3753,Fuel rail LH,Powertrain,11.59,11.59,11.59,LH,LH,ambient,False,SUP-081,Q-04-07,True,114,74
EL-9078-3754,Radar sensor Gen 2,Electronics,8.53,8.53,8.53,LH,LH,ambient,False,SUP-058,JIS-07-07,True,122,39
FL-7702-3755,Washer concentrate Gen 2,Fluids,12.51,12.51,12.51,LH,LH,ambient,False,SUP-113,A-12-04,True,81,82
EL-7032-3756,ECU control module Gen 2,Electronics,17.35,17.35,17.35,LH,LH,ambient,False,SUP-128,JIS-07-15,True,215,39
EL-4660-3757,Camera harness LH,Electronics,9.99,9.99,9.99,RH,RH,ambient,False,SUP-008,Q-04-13,True,92,65
CH-6816-3758,Steering knuckle Premium,Chassis,2.45,2.45,2.45,RH,RH,ambient,False,SUP-081,HZ-02-06,True,219,85
EL-7186-3759,ECU control module RH,Electronics,7.84,7.84,7.84,RH,RH,ambient,False,SUP-183,B-07-08,True,80,60
FL-6639-3760,Coolant additive Gen 2,Fluids,22.4,22.4,22.4,RH,RH,ambient,True,SUP-056,A-12-14,True,184,57
PO-9165-3761,Clutch actuator LH,Powertrain,4.56,4.56,4.56,RH,RH,ambient,False,SUP-195,HZ-02-06,True,188,39
IN-7522-3762,Door trim panel Premium,Interior,6.24,6.24,6.24,RH,RH,ambient,False,SUP-107,A-12-15,True,156,41
IN-7246-3763,Door trim panel Gen 2,Interior,12.13,12.13,12.13,LH,LH,ambient,False,SUP-039,B-07-06,True,68,89
FL-9791-3764,Sealant cartridge Premium,Fluids,16.96,16.96,16.96,LH,LH,ambient,False,SUP-065,Q-04-18,True,177,62
EL-6256-3765,Power distribution unit RH,Electronics,9.81,9.81,9.81,LH,LH,ambient,False,SUP-161,A-12-08,True,172,59
PO-6270-3766,Gear selector LH,Powertrain,0.71,0.71,0.71,RH,RH,ambient,False,SUP-004,Q-04-15,True,104,40
IN-7291-3767,Door trim panel Premium,Interior,0.7,0.7,0.7,LH,LH,ambient,False,SUP-085,JIS-07-17,True,212,43
EL-3002-3768,Radar sensor Gen 2,Electronics,0.58,0.58,0.58,LH,LH,ambient,False,SUP-043,HZ-02-06,True,149,78
IN-9712-3769,Seat rail RH,Interior,8.5,8.5,8.5,RH,RH,ambient,False,SUP-005,Q-04-05,True,164,55
CH-3916-3770,Brake line manifold Premium,Chassis,10.54,10.54,10.54,LH,LH,ambient,False,SUP-124,Q-04-06,True,156,59
EL-8706-3771,Power distribution unit LH,Electronics,6.79,6.79,6.79,LH,LH,ambient,False,SUP-044,HZ-02-04,True,157,75
EL-9582-3772,Radar sensor LH,Electronics,18.64,18.64,18.64,RH,RH,ambient,False,SUP-199,B-07-17,True,173,83
PO-7915-3773,Torque converter Premium,Powertrain,16.43,16.43,16.43,LH,LH,ambient,False,SUP-096,Q-04-10,True,175,65
PO-5950-3774,Gear selector LH,Powertrain,11.99,11.99,11.99,RH,RH,ambient,False,SUP-125,B-07-09,True,91,73
PO-4383-3775,Fuel rail RH,Powertrain,9.9,9.9,9.9,LH,LH,ambient,False,SUP-169,Q-04-07,True,203,47
CH-4038-3776,Wheel carrier Gen 2,Chassis,3.53,3.53,3.53,RH,RH,ambient,False,SUP-099,JIS-07-12,True,187,50
FL-5786-3777,Brake fluid reservoir Gen 2,Fluids,11.87,11.87,11.87,LH,LH,hazmat,True,SUP-153,Q-04-11,True,160,78
PO-7559-3778,Gear selector Premium,Powertrain,18.33,18.33,18.33,RH,RH,ambient,False,SUP-199,B-07-03,True,75,80
IN-3893-3779,Wiring harness assembly LH,Interior,16.46,16.46,16.46,LH,LH,ambient,False,SUP-010,A-12-11,True,150,31
CH-4800-3780,Control arm Gen 2,Chassis,0.95,0.95,0.95,RH,RH,ambient,False,SUP-005,HZ-02-14,True,213,44
FL-2708-3781,Brake fluid reservoir Gen 2,Fluids,7.1,7.1,7.1,RH,RH,ambient,False,SUP-023,JIS-07-05,True,95,64
PO-8096-3782,Gear selector Gen 2,Powertrain,1.12,1.12,1.12,LH,LH,ambient,False,SUP-136,Q-04-11,True,98,59
PO-2424-3783,Fuel rail Gen 2,Powertrain,20.33,20.33,20.33,LH,LH,ambient,False,SUP-130,Q-04-11,True,179,81
PO-4706-3784,Torque converter Premium,Powertrain,11.31,11.31,11.31,RH,RH,ambient,False,SUP-079,JIS-07-04,True,159,79
EL-4567-3785,Power distribution unit RH,Electronics,10.74,10.74,10.74,LH,LH,ambient,False,SUP-091,JIS-07-14,True,79,44
FL-6523-3786,Brake fluid reservoir Gen 2,Fluids,1.15,1.15,1.15,RH,RH,ambient,False,SUP-014,HZ-02-11,True,202,29
EL-8680-3787,Radar sensor RH,Electronics,22.88,22.88,22.88,RH,RH,ambient,False,SUP-118,B-07-09,True,198,81
IN-8991-3788,Seat rail LH,Interior,2.97,2.97,2.97,RH,RH,ambient,False,SUP-012,B-07-17,True,120,89
CH-5110-3789,Control arm Gen 2,Chassis,10.02,10.02,10.02,RH,RH,ambient,False,SUP-092,HZ-02-05,True,178,26
PO-3805-3790,Clutch actuator Premium,Powertrain,17.37,17.37,17.37,LH,LH,ambient,False,SUP-198,JIS-07-05,True,78,68
FL-5778-3791,Coolant additive Premium,Fluids,2.24,2.24,2.24,LH,LH,ambient,False,SUP-001,HZ-02-09,True,128,33
FL-4970-3792,Brake fluid reservoir RH,Fluids,18.16,18.16,18.16,LH,LH,ambient,True,SUP-099,A-12-13,True,119,38
PO-5470-3793,Gear selector RH,Powertrain,5.55,5.55,5.55,RH,RH,ambient,False,SUP-197,JIS-07-05,True,91,53
EL-7258-3794,ECU control module Premium,Electronics,15.79,15.79,15.79,LH,LH,ambient,False,SUP-120,JIS-07-05,True,122,62
IN-7604-3795,Console module RH,Interior,5.28,5.28,5.28,RH,RH,ambient,False,SUP-067,A-12-09,True,199,53
FL-9781-3796,Brake fluid reservoir Premium,Fluids,19.01,19.01,19.01,LH,LH,ambient,True,SUP-200,B-07-09,True,120,74
PO-3961-3797,Torque converter LH,Powertrain,13.62,13.62,13.62,LH,LH,ambient,False,SUP-189,B-07-14,True,114,29
PO-5314-3798,Torque converter RH,Powertrain,13.85,13.85,13.85,RH,RH,ambient,False,SUP-043,B-07-06,True,84,74
FL-4680-3799,Washer concentrate Gen 2,Fluids,20.8,20.8,20.8,RH,RH,ambient,True,SUP-164,HZ-02-18,True,127,73
PO-2584-3800,Clutch actuator Premium,Powertrain,19.25,19.25,19.25,RH,RH,ambient,False,SUP-139,Q-04-04,True,194,80
PO-4222-3801,Gear selector LH,Powertrain,22.31,22.31,22.31,LH,LH,ambient,False,SUP-171,A-12-08,True,129,26
FL-5799-3802,Sealant cartridge LH,Fluids,5.73,5.73,5.73,LH,LH,hazmat,False,SUP-013,HZ-02-13,True,169,40
CH-4931-3803,Brake line manifold LH,Chassis,11.31,11.31,11.31,LH,LH,ambient,False,SUP-121,HZ-02-02,True,168,62
IN-9772-3804,Wiring harness assembly Premium,Interior,5.78,5.78,5.78,LH,LH,ambient,False,SUP-179,Q-04-16,True,145,71
CH-6959-3805,Brake line manifold Premium,Chassis,3.33,3.33,3.33,RH,RH,ambient,False,SUP-003,Q-04-05,True,75,53
IN-8110-3806,Console module Premium,Interior,11.86,11.86,11.86,LH,LH,ambient,False,SUP-117,B-07-05,True,218,31
EL-1484-3807,Camera harness LH,Electronics,13.23,13.23,13.23,RH,RH,ambient,False,SUP-037,HZ-02-02,True,85,87
EL-9567-3808,ECU control module LH,Electronics,17.61,17.61,17.61,LH,LH,ambient,False,SUP-122,JIS-07-08,True,140,47
EL-9482-3809,Camera harness RH,Electronics,22.51,22.51,22.51,RH,RH,ambient,False,SUP-145,Q-04-11,True,166,33
FL-8186-3810,Sealant cartridge Premium,Fluids,2.53,2.53,2.53,RH,RH,ambient,True,SUP-183,JIS-07-17,True,69,56
IN-6155-3811,Seat rail Gen 2,Interior,0.75,0.75,0.75,RH,RH,ambient,False,SUP-099,Q-04-17,True,180,64
CH-6331-3812,Steering knuckle RH,Chassis,14.89,14.89,14.89,RH,RH,ambient,False,SUP-077,HZ-02-18,True,85,44
PO-2962-3813,Torque converter RH,Powertrain,18.66,18.66,18.66,LH,LH,ambient,False,SUP-163,B-07-13,True,164,88
CH-3983-3814,Brake line manifold Premium,Chassis,18.57,18.57,18.57,LH,LH,ambient,False,SUP-068,JIS-07-15,True,218,29
FL-5475-3815,Coolant additive Gen 2,Fluids,2.36,2.36,2.36,RH,RH,ambient,False,SUP-059,B-07-09,True,167,26
IN-7640-3816,Seat rail Premium,Interior,3.47,3.47,3.47,LH,LH,ambient,False,SUP-187,JIS-07-07,True,64,84
EL-2825-3817,Power distribution unit LH,Electronics,6.0,6.0,6.0,RH,RH,ambient,False,SUP-136,HZ-02-08,True,169,55
PO-3143-3818,Gear selector RH,Powertrain,23.38,23.38,23.38,LH,LH,ambient,False,SUP-108,JIS-07-15,True,200,67
IN-6966-3819,Console module RH,Interior,15.65,15.65,15.65,RH,RH,ambient,False,SUP-028,A-12-16,True,66,52
EL-6448-3820,Power distribution unit Gen 2,Electronics,6.42,6.42,6.42,LH,LH,ambient,False,SUP-141,A-12-02,True,163,42
EL-1864-3821,Camera harness RH,Electronics,16.84,16.84,16.84,LH,LH,ambient,False,SUP-033,B-07-12,True,156,72
PO-4088-3822,Gear selector Premium,Powertrain,4.12,4.12,4.12,LH,LH,ambient,False,SUP-155,A-12-09,True,153,25
CH-2581-3823,Brake line manifold Premium,Chassis,22.21,22.21,22.21,RH,RH,ambient,False,SUP-108,A-12-14,True,88,67
FL-4841-3824,Sealant cartridge Premium,Fluids,21.33,21.33,21.33,RH,RH,ambient,True,SUP-171,B-07-04,True,160,40
IN-5354-3825,Seat rail LH,Interior,9.03,9.03,9.03,LH,LH,ambient,False,SUP-099,JIS-07-06,True,117,37
EL-6584-3826,ECU control module RH,Electronics,16.58,16.58,16.58,LH,LH,ambient,False,SUP-017,B-07-09,True,180,73
IN-3727-3827,Console module RH,Interior,2.35,2.35,2.35,RH,RH,ambient,False,SUP-110,A-12-18,True,66,55
EL-6356-3828,Power distribution unit LH,Electronics,16.97,16.97,16.97,RH,RH,ambient,False,SUP-100,B-07-07,True,97,82
IN-9793-3829,Console module Premium,Interior,23.85,23.85,23.85,RH,RH,ambient,False,SUP-149,Q-04-18,True,161,59
IN-9588-3830,Wiring harness assembly Gen 2,Interior,23.04,23.04,23.04,LH,LH,ambient,False,SUP-128,JIS-07-07,True,187,73
EL-2948-3831,ECU control module Gen 2,Electronics,2.95,2.95,2.95,RH,RH,ambient,False,SUP-167,A-12-13,True,100,29
PO-4317-3832,Gear selector LH,Powertrain,11.91,11.91,11.91,RH,RH,ambient,False,SUP-155,B-07-17,True,190,30
EL-2779-3833,Radar sensor Gen 2,Electronics,5.7,5.7,5.7,RH,RH,ambient,False,SUP-006,A-12-17,True,83,56
FL-6837-3834,Coolant additive Gen 2,Fluids,16.42,16.42,16.42,LH,LH,ambient,True,SUP-067,A-12-11,True,185,77
PO-6263-3835,Fuel rail Gen 2,Powertrain,7.52,7.52,7.52,RH,RH,ambient,False,SUP-153,Q-04-16,True,212,42
CH-2988-3836,Control arm Gen 2,Chassis,24.36,24.36,24.36,RH,RH,ambient,False,SUP-120,HZ-02-08,True,83,56
IN-8319-3837,Wiring harness assembly LH,Interior,4.01,4.01,4.01,LH,LH,ambient,False,SUP-082,A-12-12,True,96,48
CH-2776-3838,Wheel carrier Premium,Chassis,16.33,16.33,16.33,LH,LH,ambient,False,SUP-055,A-12-14,True,60,36
CH-8561-3839,Brake line manifold RH,Chassis,14.31,14.31,14.31,RH,RH,ambient,False,SUP-013,A-12-09,True,178,42
IN-1263-3840,Wiring harness assembly Gen 2,Interior,14.45,14.45,14.45,LH,LH,ambient,False,SUP-010,Q-04-05,True,117,31
PO-9940-3841,Torque converter Premium,Powertrain,15.12,15.12,15.12,RH,RH,ambient,False,SUP-110,A-12-11,True,78,68
PO-9620-3842,Fuel rail RH,Powertrain,18.51,18.51,18.51,LH,LH,ambient,False,SUP-144,B-07-18,True,214,77
IN-5533-3843,Wiring harness assembly LH,Interior,18.33,18.33,18.33,LH,LH,ambient,False,SUP-179,HZ-02-04,True,185,69
CH-4089-3844,Brake line manifold Premium,Chassis,18.29,18.29,18.29,RH,RH,ambient,False,SUP-083,JIS-07-11,True,135,62
CH-3481-3845,Wheel carrier RH,Chassis,14.12,14.12,14.12,RH,RH,ambient,False,SUP-015,HZ-02-02,True,118,27
PO-8676-3846,Torque converter RH,Powertrain,18.4,18.4,18.4,RH,RH,ambient,False,SUP-160,Q-04-13,True,166,36
PO-6244-3847,Fuel rail Premium,Powertrain,20.94,20.94,20.94,RH,RH,ambient,False,SUP-146,HZ-02-04,True,122,51
EL-1889-3848,Radar sensor Gen 2,Electronics,1.9,1.9,1.9,RH,RH,ambient,False,SUP-174,B-07-17,True,86,27
CH-9861-3849,Wheel carrier Premium,Chassis,16.24,16.24,16.24,LH,LH,ambient,False,SUP-199,JIS-07-07,True,175,34
IN-7652-3850,Console module RH,Interior,18.87,18.87,18.87,RH,RH,ambient,False,SUP-019,HZ-02-07,True,212,48
EL-6342-3851,Power distribution unit RH,Electronics,17.42,17.42,17.42,LH,LH,ambient,False,SUP-018,HZ-02-15,True,77,41
EL-1328-3852,Radar sensor LH,Electronics,13.26,13.26,13.26,RH,RH,ambient,False,SUP-114,JIS-07-13,True,190,40
PO-8993-3853,Gear selector LH,Powertrain,5.74,5.74,5.74,LH,LH,ambient,False,SUP-119,B-07-06,True,198,69
PO-5940-3854,Torque converter RH,Powertrain,4.72,4.72,4.72,RH,RH,ambient,False,SUP-157,HZ-02-15,True,103,74
IN-7162-3855,Door trim panel Premium,Interior,19.12,19.12,19.12,LH,LH,ambient,False,SUP-042,Q-04-06,True,112,79
PO-9413-3856,Gear selector RH,Powertrain,7.24,7.24,7.24,RH,RH,ambient,False,SUP-002,B-07-04,True,125,84
IN-4921-3857,Console module LH,Interior,23.14,23.14,23.14,LH,LH,ambient,False,SUP-134,A-12-07,True,87,59
FL-9440-3858,Sealant cartridge Premium,Fluids,6.53,6.53,6.53,RH,RH,ambient,True,SUP-035,B-07-11,True,157,81
CH-6375-3859,Brake line manifold Premium,Chassis,20.11,20.11,20.11,RH,RH,ambient,False,SUP-153,Q-04-09,True,178,35
EL-6218-3860,Radar sensor Gen 2,Electronics,22.72,22.72,22.72,LH,LH,ambient,False,SUP-127,Q-04-07,True,189,89
FL-8441-3861,Coolant additive LH,Fluids,23.66,23.66,23.66,LH,LH,ambient,False,SUP-100,A-12-12,True,217,34
FL-8003-3862,Sealant cartridge Premium,Fluids,23.14,23.14,23.14,LH,LH,hazmat,True,SUP-068,A-12-05,True,60,77
FL-3397-3863,Coolant additive Gen 2,Fluids,11.3,11.3,11.3,LH,LH,hazmat,False,SUP-011,HZ-02-03,True,114,87
PO-2816-3864,Clutch actuator RH,Powertrain,4.45,4.45,4.45,RH,RH,ambient,False,SUP-123,B-07-11,True,93,40
IN-9509-3865,Door trim panel LH,Interior,19.9,19.9,19.9,RH,RH,ambient,False,SUP-101,HZ-02-15,True,212,86
IN-7972-3866,Door trim panel RH,Interior,16.52,16.52,16.52,RH,RH,ambient,False,SUP-012,B-07-03,True,94,29
CH-6787-3867,Steering knuckle LH,Chassis,3.89,3.89,3.89,LH,LH,ambient,False,SUP-047,JIS-07-10,True,209,76
IN-7795-3868,Console module RH,Interior,7.45,7.45,7.45,LH,LH,ambient,False,SUP-046,A-12-11,True,139,86
FL-7306-3869,Coolant additive LH,Fluids,17.38,17.38,17.38,RH,RH,hazmat,False,SUP-087,A-12-04,True,63,45
PO-7315-3870,Gear selector RH,Powertrain,23.07,23.07,23.07,RH,RH,ambient,False,SUP-061,B-07-18,True,70,53
PO-7049-3871,Torque converter Gen 2,Powertrain,7.56,7.56,7.56,RH,RH,ambient,False,SUP-198,A-12-17,True,144,82
EL-7798-3872,Radar sensor RH,Electronics,23.39,23.39,23.39,RH,RH,ambient,False,SUP-165,HZ-02-02,True,69,29
PO-7585-3873,Fuel rail Premium,Powertrain,18.59,18.59,18.59,RH,RH,ambient,False,SUP-168,B-07-10,True,205,84
CH-1575-3874,Brake line manifold RH,Chassis,19.33,19.33,19.33,LH,LH,ambient,False,SUP-178,JIS-07-08,True,99,27
FL-6047-3875,Coolant additive Premium,Fluids,21.05,21.05,21.05,LH,LH,ambient,False,SUP-113,JIS-07-16,True,88,84
EL-6309-3876,Camera harness LH,Electronics,11.67,11.67,11.67,RH,RH,ambient,False,SUP-015,A-12-08,True,115,36
IN-7895-3877,Seat rail RH,Interior,9.59,9.59,9.59,LH,LH,ambient,False,SUP-030,Q-04-10,True,72,71
PO-7154-3878,Clutch actuator LH,Powertrain,21.94,21.94,21.94,RH,RH,ambient,False,SUP-113,Q-04-07,True,126,69
CH-5379-3879,Wheel carrier RH,Chassis,1.08,1.08,1.08,RH,RH,ambient,False,SUP-106,JIS-07-01,True,190,46
EL-3863-3880,Camera harness RH,Electronics,7.42,7.42,7.42,LH,LH,ambient,False,SUP-078,Q-04-11,True,69,31
CH-7701-3881,Wheel carrier RH,Chassis,19.09,19.09,19.09,LH,LH,ambient,False,SUP-196,Q-04-07,True,146,81
IN-9297-3882,Door trim panel Gen 2,Interior,8.21,8.21,8.21,RH,RH,ambient,False,SUP-138,JIS-07-14,True,176,86
CH-8368-3883,Brake line manifold RH,Chassis,15.75,15.75,15.75,LH,LH,ambient,False,SUP-075,HZ-02-05,True,101,46
PO-2246-3884,Gear selector RH,Powertrain,23.41,23.41,23.41,RH,RH,ambient,False,SUP-018,HZ-02-14,True,193,59
PO-8391-3885,Torque converter Gen 2,Powertrain,11.58,11.58,11.58,LH,LH,ambient,False,SUP-070,HZ-02-02,True,213,50
PO-4074-3886,Torque converter LH,Powertrain,22.86,22.86,22.86,RH,RH,ambient,False,SUP-095,A-12-17,True,178,67
CH-4397-3887,Control arm RH,Chassis,13.9,13.9,13.9,RH,RH,ambient,False,SUP-088,A-12-16,True,196,55
EL-5498-3888,Power distribution unit RH,Electronics,14.94,14.94,14.94,LH,LH,ambient,False,SUP-081,HZ-02-12,True,161,41
CH-9824-3889,Wheel carrier Gen 2,Chassis,3.52,3.52,3.52,LH,LH,ambient,False,SUP-037,B-07-10,True,130,55
FL-4526-3890,Coolant additive RH,Fluids,12.61,12.61,12.61,RH,RH,hazmat,False,SUP-197,JIS-07-07,True,169,25
PO-6725-3891,Fuel rail Premium,Powertrain,19.39,19.39,19.39,RH,RH,ambient,False,SUP-032,B-07-13,True,81,41
IN-7405-3892,Console module RH,Interior,13.68,13.68,13.68,RH,RH,ambient,False,SUP-063,B-07-05,True,124,55
PO-9552-3893,Fuel rail LH,Powertrain,4.65,4.65,4.65,RH,RH,ambient,False,SUP-023,A-12-07,True,183,88
IN-7048-3894,Door trim panel RH,Interior,2.76,2.76,2.76,RH,RH,ambient,False,SUP-111,A-12-08,True,117,74
EL-9288-3895,Radar sensor LH,Electronics,4.1,4.1,4.1,LH,LH,ambient,False,SUP-056,Q-04-02,True,103,33
CH-5695-3896,Wheel carrier Premium,Chassis,17.17,17.17,17.17,RH,RH,ambient,False,SUP-099,HZ-02-07,True,159,28
EL-6162-3897,ECU control module Gen 2,Electronics,7.56,7.56,7.56,LH,LH,ambient,False,SUP-155,A-12-07,True,156,37
FL-2923-3898,Sealant cartridge RH,Fluids,23.75,23.75,23.75,RH,RH,hazmat,True,SUP-007,JIS-07-04,True,84,58
CH-3968-3899,Steering knuckle LH,Chassis,14.73,14.73,14.73,RH,RH,ambient,False,SUP-095,HZ-02-11,True,200,61
PO-3956-3900,Gear selector Premium,Powertrain,9.89,9.89,9.89,RH,RH,ambient,False,SUP-028,B-07-12,True,99,84
CH-9233-3901,Steering knuckle RH,Chassis,6.03,6.03,6.03,LH,LH,ambient,False,SUP-182,HZ-02-06,True,202,83
EL-5198-3902,ECU control module RH,Electronics,11.16,11.16,11.16,LH,LH,ambient,False,SUP-157,Q-04-06,True,161,36
PO-8463-3903,Fuel rail Gen 2,Powertrain,18.38,18.38,18.38,RH,RH,ambient,False,SUP-095,JIS-07-08,True,173,50
FL-2116-3904,Sealant cartridge LH,Fluids,21.99,21.99,21.99,RH,RH,ambient,True,SUP-142,A-12-07,True,192,37
IN-6945-3905,Door trim panel Premium,Interior,11.95,11.95,11.95,RH,RH,ambient,False,SUP-119,Q-04-10,True,113,34
IN-5058-3906,Wiring harness assembly LH,Interior,5.31,5.31,5.31,LH,LH,ambient,False,SUP-153,A-12-17,True,64,90
IN-5069-3907,Console module RH,Interior,6.34,6.34,6.34,LH,LH,ambient,False,SUP-091,JIS-07-13,True,178,45
IN-2487-3908,Wiring harness assembly Gen 2,Interior,14.04,14.04,14.04,LH,LH,ambient,False,SUP-074,Q-04-13,True,86,45
FL-5012-3909,Coolant additive Premium,Fluids,14.04,14.04,14.04,LH,LH,ambient,True,SUP-040,A-12-17,True,117,87
EL-1526-3910,ECU control module Gen 2,Electronics,22.09,22.09,22.09,RH,RH,ambient,False,SUP-130,HZ-02-07,True,63,62
CH-1739-3911,Wheel carrier RH,Chassis,11.73,11.73,11.73,LH,LH,ambient,False,SUP-069,HZ-02-13,True,64,56
EL-2188-3912,Radar sensor LH,Electronics,7.23,7.23,7.23,LH,LH,ambient,False,SUP-020,B-07-07,True,165,36
EL-4810-3913,Power distribution unit Gen 2,Electronics,12.63,12.63,12.63,RH,RH,ambient,False,SUP-128,JIS-07-12,True,215,68
FL-2567-3914,Brake fluid reservoir LH,Fluids,9.89,9.89,9.89,LH,LH,hazmat,True,SUP-142,B-07-18,True,170,66
EL-8450-3915,ECU control module Gen 2,Electronics,13.38,13.38,13.38,RH,RH,ambient,False,SUP-084,B-07-07,True,142,42
CH-9370-3916,Wheel carrier Gen 2,Chassis,5.91,5.91,5.91,RH,RH,ambient,False,SUP-119,Q-04-07,True,113,32
CH-2374-3917,Brake line manifold RH,Chassis,23.65,23.65,23.65,LH,LH,ambient,False,SUP-128,B-07-13,True,105,82
PO-9557-3918,Gear selector Gen 2,Powertrain,21.62,21.62,21.62,LH,LH,ambient,False,SUP-129,HZ-02-15,True,157,64
IN-9195-3919,Console module RH,Interior,12.61,12.61,12.61,LH,LH,ambient,False,SUP-159,Q-04-08,True,137,80
IN-1824-3920,Seat rail Gen 2,Interior,23.56,23.56,23.56,LH,LH,ambient,False,SUP-011,JIS-07-07,True,155,52
PO-7870-3921,Clutch actuator Premium,Powertrain,15.88,15.88,15.88,RH,RH,ambient,False,SUP-187,HZ-02-02,True,150,78
IN-3931-3922,Seat rail Premium,Interior,16.44,16.44,16.44,RH,RH,ambient,False,SUP-084,Q-04-14,True,93,50
FL-5840-3923,Sealant cartridge RH,Fluids,1.17,1.17,1.17,LH,LH,hazmat,True,SUP-098,JIS-07-04,True,107,72
FL-1380-3924,Sealant cartridge RH,Fluids,14.76,14.76,14.76,RH,RH,ambient,False,SUP-142,A-12-01,True,177,78
EL-7630-3925,ECU control module LH,Electronics,6.55,6.55,6.55,LH,LH,ambient,False,SUP-147,HZ-02-03,True,150,40
FL-2414-3926,Brake fluid reservoir Gen 2,Fluids,13.46,13.46,13.46,RH,RH,hazmat,False,SUP-071,A-12-17,True,183,25
CH-9978-3927,Control arm RH,Chassis,23.9,23.9,23.9,RH,RH,ambient,False,SUP-021,Q-04-02,True,192,43
CH-3978-3928,Wheel carrier Gen 2,Chassis,15.72,15.72,15.72,LH,LH,ambient,False,SUP-184,B-07-14,True,146,47
CH-9560-3929,Wheel carrier RH,Chassis,23.65,23.65,23.65,LH,LH,ambient,False,SUP-042,Q-04-17,True,77,64
EL-7426-3930,Radar sensor RH,Electronics,9.51,9.51,9.51,RH,RH,ambient,False,SUP-095,Q-04-08,True,204,74
CH-7458-3931,Wheel carrier LH,Chassis,13.36,13.36,13.36,LH,LH,ambient,False,SUP-105,B-07-04,True,170,51
CH-9826-3932,Brake line manifold Premium,Chassis,19.29,19.29,19.29,LH,LH,ambient,False,SUP-028,Q-04-14,True,99,68
IN-1228-3933,Seat rail RH,Interior,14.54,14.54,14.54,RH,RH,ambient,False,SUP-058,A-12-11,True,169,89
EL-3791-3934,Radar sensor Gen 2,Electronics,9.33,9.33,9.33,RH,RH,ambient,False,SUP-084,A-12-05,True,124,72
PO-1947-3935,Torque converter Premium,Powertrain,24.06,24.06,24.06,LH,LH,ambient,False,SUP-098,HZ-02-06,True,79,80
EL-5248-3936,Radar sensor Gen 2,Electronics,12.75,12.75,12.75,LH,LH,ambient,False,SUP-068,A-12-13,True,127,46
EL-7570-3937,Camera harness Gen 2,Electronics,13.97,13.97,13.97,LH,LH,ambient,False,SUP-054,Q-04-12,True,212,56
FL-9904-3938,Sealant cartridge RH,Fluids,19.41,19.41,19.41,LH,LH,ambient,False,SUP-011,HZ-02-07,True,131,59
FL-9482-3939,Brake fluid reservoir RH,Fluids,21.76,21.76,21.76,LH,LH,ambient,False,SUP-076,A-12-08,True,100,26
PO-7297-3940,Clutch actuator RH,Powertrain,23.78,23.78,23.78,LH,LH,ambient,False,SUP-136,JIS-07-11,True,84,43
CH-6715-3941,Brake line manifold LH,Chassis,21.52,21.52,21.52,LH,LH,ambient,False,SUP-031,B-07-10,True,217,81
EL-3411-3942,Power distribution unit LH,Electronics,20.54,20.54,20.54,RH,RH,ambient,False,SUP-195,B-07-18,True,217,44
PO-6145-3943,Clutch actuator Gen 2,Powertrain,10.14,10.14,10.14,RH,RH,ambient,False,SUP-114,A-12-11,True,168,84
EL-9342-3944,Radar sensor RH,Electronics,7.51,7.51,7.51,LH,LH,ambient,False,SUP-178,JIS-07-05,True,188,73
EL-7083-3945,ECU control module Gen 2,Electronics,11.9,11.9,11.9,RH,RH,ambient,False,SUP-141,A-12-11,True,161,75
PO-7862-3946,Clutch actuator RH,Powertrain,22.57,22.57,22.57,RH,RH,ambient,False,SUP-130,Q-04-17,True,86,42
EL-8663-3947,Radar sensor Premium,Electronics,7.32,7.32,7.32,LH,LH,ambient,False,SUP-146,Q-04-16,True,208,67
FL-4237-3948,Washer concentrate Premium,Fluids,9.37,9.37,9.37,LH,LH,ambient,False,SUP-161,Q-04-17,True,205,31
EL-5748-3949,ECU control module RH,Electronics,17.59,17.59,17.59,RH,RH,ambient,False,SUP-093,A-12-02,True,193,88
IN-5299-3950,Console module Gen 2,Interior,13.22,13.22,13.22,LH,LH,ambient,False,SUP-007,HZ-02-02,True,175,52
EL-7542-3951,ECU control module Premium,Electronics,10.04,10.04,10.04,RH,RH,ambient,False,SUP-019,B-07-12,True,116,82
CH-9351-3952,Steering knuckle RH,Chassis,10.5,10.5,10.5,LH,LH,ambient,False,SUP-057,JIS-07-01,True,110,39
FL-1769-3953,Coolant additive Premium,Fluids,12.29,12.29,12.29,RH,RH,ambient,False,SUP-192,JIS-07-05,True,70,59
CH-2029-3954,Wheel carrier RH,Chassis,20.27,20.27,20.27,RH,RH,ambient,False,SUP-075,Q-04-17,True,174,31
FL-5886-3955,Sealant cartridge RH,Fluids,21.32,21.32,21.32,LH,LH,hazmat,False,SUP-076,JIS-07-13,True,158,37
PO-7988-3956,Torque converter RH,Powertrain,9.48,9.48,9.48,RH,RH,ambient,False,SUP-012,B-07-08,True,96,55
EL-7818-3957,Power distribution unit RH,Electronics,12.73,12.73,12.73,LH,LH,ambient,False,SUP-132,B-07-18,True,161,29
IN-8049-3958,Console module RH,Interior,2.14,2.14,2.14,RH,RH,ambient,False,SUP-136,HZ-02-14,True,120,26
IN-8743-3959,Seat rail LH,Interior,2.63,2.63,2.63,LH,LH,ambient,False,SUP-033,JIS-07-09,True,100,45
PO-9480-3960,Clutch actuator RH,Powertrain,18.12,18.12,18.12,RH,RH,ambient,False,SUP-067,HZ-02-17,True,194,65
EL-8784-3961,Radar sensor Gen 2,Electronics,13.39,13.39,13.39,RH,RH,ambient,False,SUP-176,A-12-10,True,219,59
PO-4275-3962,Gear selector LH,Powertrain,19.29,19.29,19.29,RH,RH,ambient,False,SUP-138,HZ-02-04,True,151,37
FL-1381-3963,Coolant additive Gen 2,Fluids,22.96,22.96,22.96,LH,LH,ambient,True,SUP-160,JIS-07-02,True,196,50
EL-7727-3964,Power distribution unit RH,Electronics,13.34,13.34,13.34,RH,RH,ambient,False,SUP-089,Q-04-16,True,168,48
EL-5740-3965,Radar sensor LH,Electronics,7.29,7.29,7.29,LH,LH,ambient,False,SUP-108,Q-04-08,True,152,33
FL-1726-3966,Washer concentrate Gen 2,Fluids,4.55,4.55,4.55,LH,LH,hazmat,False,SUP-014,B-07-13,True,156,57
FL-3125-3967,Washer concentrate RH,Fluids,19.67,19.67,19.67,LH,LH,ambient,False,SUP-175,HZ-02-17,True,95,43
PO-6573-3968,Torque converter RH,Powertrain,18.3,18.3,18.3,LH,LH,ambient,False,SUP-155,Q-04-16,True,88,37
IN-5784-3969,Wiring harness assembly RH,Interior,22.33,22.33,22.33,LH,LH,ambient,False,SUP-032,A-12-09,True,203,76
FL-5540-3970,Sealant cartridge Premium,Fluids,17.26,17.26,17.26,RH,RH,ambient,True,SUP-106,HZ-02-08,True,146,68
CH-8301-3971,Brake line manifold LH,Chassis,22.06,22.06,22.06,LH,LH,ambient,False,SUP-132,HZ-02-13,True,159,50
IN-5061-3972,Seat rail Gen 2,Interior,5.65,5.65,5.65,LH,LH,ambient,False,SUP-130,A-12-07,True,137,48
PO-7800-3973,Clutch actuator RH,Powertrain,20.62,20.62,20.62,LH,LH,ambient,False,SUP-095,JIS-07-14,True,202,25
FL-3214-3974,Brake fluid reservoir LH,Fluids,6.13,6.13,6.13,RH,RH,ambient,True,SUP-151,B-07-11,True,126,74
CH-7025-3975,Brake line manifold Gen 2,Chassis,23.69,23.69,23.69,RH,RH,ambient,False,SUP-181,Q-04-01,True,137,83
EL-7356-3976,ECU control module Gen 2,Electronics,6.35,6.35,6.35,RH,RH,ambient,False,SUP-101,A-12-15,True,137,86
EL-3216-3977,Radar sensor RH,Electronics,2.01,2.01,2.01,LH,LH,ambient,False,SUP-050,B-07-07,True,161,88
IN-9187-3978,Door trim panel Gen 2,Interior,9.05,9.05,9.05,LH,LH,ambient,False,SUP-083,HZ-02-10,True,106,84
IN-4891-3979,Console module RH,Interior,18.26,18.26,18.26,RH,RH,ambient,False,SUP-196,B-07-12,True,156,51
CH-3972-3980,Wheel carrier RH,Chassis,19.86,19.86,19.86,LH,LH,ambient,False,SUP-079,A-12-13,True,80,89
CH-8453-3981,Brake line manifold Premium,Chassis,11.87,11.87,11.87,LH,LH,ambient,False,SUP-119,HZ-02-15,True,76,43
FL-9343-3982,Washer concentrate Gen 2,Fluids,11.74,11.74,11.74,LH,LH,ambient,True,SUP-162,A-12-07,True,182,73
CH-6588-3983,Steering knuckle Premium,Chassis,2.3,2.3,2.3,LH,LH,ambient,False,SUP-077,A-12-12,True,73,89
IN-6677-3984,Seat rail Premium,Interior,9.33,9.33,9.33,RH,RH,ambient,False,SUP-027,HZ-02-13,True,145,41
CH-3930-3985,Steering knuckle LH,Chassis,12.91,12.91,12.91,LH,LH,ambient,False,SUP-082,Q-04-15,True,209,41
CH-1193-3986,Brake line manifold LH,Chassis,6.71,6.71,6.71,LH,LH,ambient,False,SUP-035,HZ-02-13,True,79,80
PO-9844-3987,Clutch actuator Gen 2,Powertrain,21.4,21.4,21.4,RH,RH,ambient,False,SUP-193,B-07-18,True,115,58
EL-7857-3988,ECU control module Premium,Electronics,18.82,18.82,18.82,RH,RH,ambient,False,SUP-175,JIS-07-01,True,105,82
FL-1775-3989,Washer concentrate Premium,Fluids,20.18,20.18,20.18,RH,RH,ambient,True,SUP-198,HZ-02-01,True,88,82
EL-5086-3990,Radar sensor RH,Electronics,4.46,4.46,4.46,LH,LH,ambient,False,SUP-195,JIS-07-07,True,199,66
EL-6671-3991,Power distribution unit LH,Electronics,2.02,2.02,2.02,RH,RH,ambient,False,SUP-111,HZ-02-17,True,186,54
CH-6647-3992,Steering knuckle RH,Chassis,19.76,19.76,19.76,RH,RH,ambient,False,SUP-056,A-12-09,True,101,73
PO-8724-3993,Fuel rail Premium,Powertrain,10.86,10.86,10.86,RH,RH,ambient,False,SUP-004,JIS-07-05,True,212,34
CH-9584-3994,Wheel carrier Gen 2,Chassis,18.36,18.36,18.36,RH,RH,ambient,False,SUP-089,Q-04-14,True,156,79
CH-3230-3995,Brake line manifold LH,Chassis,3.44,3.44,3.44,LH,LH,ambient,False,SUP-022,Q-04-16,True,82,47
CH-1806-3996,Wheel carrier RH,Chassis,23.38,23.38,23.38,LH,LH,ambient,False,SUP-197,Q-04-05,True,65,45
FL-5167-3997,Sealant cartridge Gen 2,Fluids,3.44,3.44,3.44,RH,RH,ambient,True,SUP-106,JIS-07-06,True,129,81
CH-4730-3998,Wheel carrier RH,Chassis,12.02,12.02,12.02,LH,LH,ambient,False,SUP-131,A-12-04,True,88,74
CH-7582-3999,Steering knuckle Premium,Chassis,14.49,14.49,14.49,RH,RH,ambient,False,SUP-032,Q-04-02,True,77,61
CH-5595-4000,Control arm Gen 2,Chassis,14.21,14.21,14.21,LH,LH,ambient,False,SUP-025,HZ-02-10,True,61,30
EL-2823-4001,Camera harness LH,Electronics,8.47,8.47,8.47,LH,LH,ambient,False,SUP-034,A-12-11,True,119,76
FL-5631-4002,Sealant cartridge Gen 2,Fluids,14.97,14.97,14.97,LH,LH,ambient,True,SUP-071,A-12-01,True,64,38
CH-2017-4003,Wheel carrier RH,Chassis,5.3,5.3,5.3,LH,LH,ambient,False,SUP-093,Q-04-03,True,132,51
IN-9110-4004,Console module Premium,Interior,11.86,11.86,11.86,RH,RH,ambient,False,SUP-189,Q-04-17,True,178,54
EL-4571-4005,Camera harness LH,Electronics,23.8,23.8,23.8,LH,LH,ambient,False,SUP-156,JIS-07-08,True,209,32
FL-7810-4006,Coolant additive LH,Fluids,17.46,17.46,17.46,RH,RH,ambient,False,SUP-102,HZ-02-12,True,133,31
FL-7044-4007,Washer concentrate RH,Fluids,9.44,9.44,9.44,RH,RH,hazmat,False,SUP-195,A-12-18,True,214,74
IN-7125-4008,Wiring harness assembly Premium,Interior,3.28,3.28,3.28,RH,RH,ambient,False,SUP-149,Q-04-14,True,160,81
CH-1184-4009,Control arm LH,Chassis,7.29,7.29,7.29,LH,LH,ambient,False,SUP-153,B-07-14,True,217,63
EL-5130-4010,Radar sensor Premium,Electronics,19.09,19.09,19.09,LH,LH,ambient,False,SUP-134,Q-04-12,True,136,85
IN-6902-4011,Door trim panel Premium,Interior,22.86,22.86,22.86,RH,RH,ambient,False,SUP-017,JIS-07-03,True,185,60
FL-7271-4012,Washer concentrate LH,Fluids,2.98,2.98,2.98,LH,LH,ambient,False,SUP-163,JIS-07-16,True,124,31
CH-4330-4013,Control arm RH,Chassis,22.22,22.22,22.22,RH,RH,ambient,False,SUP-014,A-12-09,True,147,80
PO-2813-4014,Gear selector LH,Powertrain,21.5,21.5,21.5,RH,RH,ambient,False,SUP-197,B-07-10,True,134,88
EL-4168-4015,Camera harness RH,Electronics,3.89,3.89,3.89,RH,RH,ambient,False,SUP-002,A-12-15,True,188,25
CH-7480-4016,Steering knuckle RH,Chassis,2.82,2.82,2.82,RH,RH,ambient,False,SUP-125,JIS-07-05,True,63,55
PO-7833-4017,Clutch actuator Gen 2,Powertrain,6.53,6.53,6.53,RH,RH,ambient,False,SUP-173,JIS-07-02,True,183,79
IN-5159-4018,Console module Premium,Interior,18.53,18.53,18.53,LH,LH,ambient,False,SUP-191,B-07-15,True,135,72
IN-1296-4019,Wiring harness assembly Premium,Interior,9.47,9.47,9.47,LH,LH,ambient,False,SUP-106,A-12-02,True,138,41
EL-6243-4020,ECU control module RH,Electronics,19.97,19.97,19.97,RH,RH,ambient,False,SUP-002,A-12-16,True,120,25
IN-4013-4021,Door trim panel RH,Interior,19.03,19.03,19.03,LH,LH,ambient,False,SUP-129,Q-04-18,True,214,39
FL-4650-4022,Washer concentrate LH,Fluids,19.52,19.52,19.52,LH,LH,hazmat,True,SUP-126,A-12-10,True,110,70
EL-8447-4023,Radar sensor RH,Electronics,19.09,19.09,19.09,LH,LH,ambient,False,SUP-169,Q-04-06,True,131,72
PO-7550-4024,Torque converter Premium,Powertrain,12.15,12.15,12.15,RH,RH,ambient,False,SUP-052,Q-04-12,True,181,46
CH-2737-4025,Wheel carrier RH,Chassis,17.47,17.47,17.47,LH,LH,ambient,False,SUP-162,Q-04-14,True,191,90
CH-3770-4026,Wheel carrier Gen 2,Chassis,14.06,14.06,14.06,RH,RH,ambient,False,SUP-097,A-12-05,True,171,67
FL-8829-4027,Brake fluid reservoir Gen 2,Fluids,16.44,16.44,16.44,RH,RH,hazmat,False,SUP-194,Q-04-08,True,62,35
EL-4019-4028,Camera harness RH,Electronics,15.45,15.45,15.45,LH,LH,ambient,False,SUP-084,JIS-07-16,True,138,90
PO-3779-4029,Torque converter Premium,Powertrain,9.49,9.49,9.49,RH,RH,ambient,False,SUP-016,B-07-02,True,61,51
IN-8040-4030,Console module Gen 2,Interior,1.07,1.07,1.07,RH,RH,ambient,False,SUP-090,JIS-07-03,True,197,51
PO-1332-4031,Fuel rail RH,Powertrain,16.77,16.77,16.77,LH,LH,ambient,False,SUP-161,Q-04-04,True,100,60
PO-9706-4032,Gear selector Gen 2,Powertrain,4.12,4.12,4.12,RH,RH,ambient,False,SUP-182,B-07-01,True,73,31
CH-2931-4033,Control arm Gen 2,Chassis,4.53,4.53,4.53,RH,RH,ambient,False,SUP-157,Q-04-16,True,125,77
IN-9845-4034,Wiring harness assembly Gen 2,Interior,1.31,1.31,1.31,LH,LH,ambient,False,SUP-086,Q-04-04,True,193,27
EL-8373-4035,ECU control module Premium,Electronics,9.01,9.01,9.01,LH,LH,ambient,False,SUP-073,HZ-02-13,True,163,48
EL-8934-4036,Camera harness LH,Electronics,8.96,8.96,8.96,LH,LH,ambient,False,SUP-138,A-12-01,True,183,26
EL-9026-4037,Power distribution unit LH,Electronics,3.15,3.15,3.15,RH,RH,ambient,False,SUP-003,A-12-11,True,87,68
FL-3417-4038,Washer concentrate Premium,Fluids,11.44,11.44,11.44,LH,LH,hazmat,False,SUP-166,B-07-18,True,154,51
IN-6413-4039,Wiring harness assembly Premium,Interior,10.37,10.37,10.37,RH,RH,ambient,False,SUP-015,HZ-02-11,True,80,89
PO-9215-4040,Gear selector Gen 2,Powertrain,10.05,10.05,10.05,RH,RH,ambient,False,SUP-159,HZ-02-12,True,206,33
IN-8836-4041,Door trim panel RH,Interior,1.15,1.15,1.15,RH,RH,ambient,False,SUP-102,B-07-07,True,186,30
PO-6437-4042,Torque converter RH,Powertrain,20.57,20.57,20.57,LH,LH,ambient,False,SUP-043,Q-04-08,True,171,34
PO-7258-4043,Fuel rail LH,Powertrain,22.36,22.36,22.36,LH,LH,ambient,False,SUP-070,B-07-18,True,120,80
IN-2641-4044,Door trim panel LH,Interior,21.18,21.18,21.18,RH,RH,ambient,False,SUP-073,B-07-13,True,84,65
IN-9114-4045,Door trim panel LH,Interior,1.34,1.34,1.34,RH,RH,ambient,False,SUP-028,JIS-07-12,True,121,51
CH-5759-4046,Wheel carrier LH,Chassis,3.89,3.89,3.89,RH,RH,ambient,False,SUP-050,JIS-07-09,True,165,54
EL-6463-4047,Power distribution unit LH,Electronics,22.85,22.85,22.85,LH,LH,ambient,False,SUP-066,A-12-14,True,92,57
EL-6103-4048,Camera harness Premium,Electronics,22.73,22.73,22.73,LH,LH,ambient,False,SUP-061,A-12-14,True,170,27
CH-8336-4049,Control arm Premium,Chassis,3.79,3.79,3.79,RH,RH,ambient,False,SUP-007,B-07-17,True,166,51
IN-1154-4050,Door trim panel Premium,Interior,23.19,23.19,23.19,LH,LH,ambient,False,SUP-142,JIS-07-14,True,201,39
FL-1531-4051,Coolant additive Premium,Fluids,5.4,5.4,5.4,RH,RH,ambient,True,SUP-167,A-12-01,True,212,63
EL-5412-4052,Power distribution unit Gen 2,Electronics,22.39,22.39,22.39,RH,RH,ambient,False,SUP-050,HZ-02-06,True,145,42
CH-2205-4053,Wheel carrier Gen 2,Chassis,15.8,15.8,15.8,LH,LH,ambient,False,SUP-142,Q-04-16,True,203,56
PO-9501-4054,Fuel rail LH,Powertrain,21.58,21.58,21.58,RH,RH,ambient,False,SUP-121,A-12-14,True,176,79
PO-8505-4055,Clutch actuator Gen 2,Powertrain,5.16,5.16,5.16,RH,RH,ambient,False,SUP-050,HZ-02-04,True,76,62
EL-1871-4056,ECU control module Premium,Electronics,3.99,3.99,3.99,RH,RH,ambient,False,SUP-116,A-12-17,True,121,43
EL-4277-4057,Camera harness Premium,Electronics,4.38,4.38,4.38,LH,LH,ambient,False,SUP-099,A-12-01,True,163,65
IN-5854-4058,Console module LH,Interior,23.0,23.0,23.0,LH,LH,ambient,False,SUP-102,B-07-04,True,90,41
PO-5102-4059,Clutch actuator LH,Powertrain,12.18,12.18,12.18,LH,LH,ambient,False,SUP-113,HZ-02-07,True,151,77
CH-1440-4060,Control arm Premium,Chassis,20.19,20.19,20.19,RH,RH,ambient,False,SUP-182,B-07-01,True,203,33
CH-6301-4061,Steering knuckle LH,Chassis,10.72,10.72,10.72,RH,RH,ambient,False,SUP-185,Q-04-02,True,146,60
CH-2886-4062,Control arm Premium,Chassis,15.17,15.17,15.17,RH,RH,ambient,False,SUP-188,Q-04-01,True,206,41
EL-9859-4063,ECU control module LH,Electronics,15.93,15.93,15.93,LH,LH,ambient,False,SUP-011,Q-04-10,True,89,61
CH-4597-4064,Wheel carrier RH,Chassis,22.2,22.2,22.2,LH,LH,ambient,False,SUP-135,B-07-05,True,216,74
FL-5539-4065,Washer concentrate LH,Fluids,21.97,21.97,21.97,RH,RH,ambient,True,SUP-021,A-12-06,True,83,35
IN-4228-4066,Console module Premium,Interior,13.04,13.04,13.04,RH,RH,ambient,False,SUP-097,B-07-05,True,136,84
EL-5472-4067,Camera harness RH,Electronics,0.41,0.41,0.41,RH,RH,ambient,False,SUP-080,B-07-07,True,161,72
PO-1900-4068,Torque converter Gen 2,Powertrain,9.85,9.85,9.85,RH,RH,ambient,False,SUP-123,Q-04-02,True,171,66
CH-1883-4069,Steering knuckle RH,Chassis,1.28,1.28,1.28,LH,LH,ambient,False,SUP-118,JIS-07-13,True,177,44
PO-3372-4070,Clutch actuator RH,Powertrain,20.04,20.04,20.04,RH,RH,ambient,False,SUP-177,B-07-08,True,94,80
IN-9891-4071,Door trim panel LH,Interior,21.37,21.37,21.37,LH,LH,ambient,False,SUP-088,HZ-02-18,True,200,81
EL-8277-4072,Camera harness Gen 2,Electronics,6.35,6.35,6.35,RH,RH,ambient,False,SUP-154,A-12-09,True,218,73
EL-6510-4073,Radar sensor Premium,Electronics,5.45,5.45,5.45,RH,RH,ambient,False,SUP-007,Q-04-16,True,138,59
EL-3287-4074,Camera harness Premium,Electronics,1.79,1.79,1.79,RH,RH,ambient,False,SUP-092,B-07-03,True,162,81
PO-7861-4075,Torque converter Premium,Powertrain,12.52,12.52,12.52,RH,RH,ambient,False,SUP-087,B-07-05,True,178,28
PO-8747-4076,Gear selector Premium,Powertrain,8.62,8.62,8.62,LH,LH,ambient,False,SUP-116,A-12-18,True,153,38
FL-4631-4077,Brake fluid reservoir Premium,Fluids,20.69,20.69,20.69,LH,LH,ambient,True,SUP-118,Q-04-18,True,112,28
IN-3542-4078,Wiring harness assembly RH,Interior,24.35,24.35,24.35,LH,LH,ambient,False,SUP-154,A-12-16,True,131,69
EL-8601-4079,Camera harness RH,Electronics,5.92,5.92,5.92,RH,RH,ambient,False,SUP-090,Q-04-03,True,89,60
FL-2094-4080,Brake fluid reservoir RH,Fluids,2.62,2.62,2.62,LH,LH,ambient,True,SUP-071,HZ-02-17,True,130,43
CH-1645-4081,Brake line manifold LH,Chassis,5.59,5.59,5.59,LH,LH,ambient,False,SUP-080,Q-04-17,True,86,43
FL-6085-4082,Brake fluid reservoir Gen 2,Fluids,2.51,2.51,2.51,RH,RH,hazmat,True,SUP-036,B-07-15,True,117,47
FL-5777-4083,Brake fluid reservoir Premium,Fluids,24.11,24.11,24.11,RH,RH,ambient,False,SUP-103,B-07-01,True,96,45
EL-6841-4084,Camera harness Gen 2,Electronics,2.29,2.29,2.29,LH,LH,ambient,False,SUP-164,HZ-02-09,True,205,56
FL-8067-4085,Brake fluid reservoir Premium,Fluids,3.25,3.25,3.25,LH,LH,ambient,True,SUP-035,Q-04-06,True,87,35
EL-2900-4086,Radar sensor LH,Electronics,10.54,10.54,10.54,RH,RH,ambient,False,SUP-126,Q-04-08,True,139,53
IN-7018-4087,Wiring harness assembly RH,Interior,3.97,3.97,3.97,LH,LH,ambient,False,SUP-093,Q-04-08,True,156,89
IN-1074-4088,Wiring harness assembly RH,Interior,11.61,11.61,11.61,LH,LH,ambient,False,SUP-086,HZ-02-12,True,112,79
PO-4661-4089,Gear selector LH,Powertrain,17.36,17.36,17.36,RH,RH,ambient,False,SUP-133,B-07-12,True,210,78
EL-6611-4090,Camera harness LH,Electronics,0.68,0.68,0.68,RH,RH,ambient,False,SUP-177,B-07-05,True,69,47
IN-5367-4091,Wiring harness assembly Gen 2,Interior,24.34,24.34,24.34,RH,RH,ambient,False,SUP-178,HZ-02-17,True,213,39
EL-2115-4092,Camera harness Gen 2,Electronics,16.65,16.65,16.65,LH,LH,ambient,False,SUP-002,B-07-03,True,97,79
FL-2053-4093,Coolant additive LH,Fluids,9.34,9.34,9.34,LH,LH,hazmat,True,SUP-037,HZ-02-02,True,98,82
PO-2261-4094,Fuel rail Premium,Powertrain,3.02,3.02,3.02,LH,LH,ambient,False,SUP-121,A-12-06,True,86,84
IN-4673-4095,Seat rail RH,Interior,2.64,2.64,2.64,RH,RH,ambient,False,SUP-185,JIS-07-17,True,100,90
IN-5258-4096,Door trim panel RH,Interior,22.63,22.63,22.63,LH,LH,ambient,False,SUP-168,HZ-02-08,True,145,42
EL-7004-4097,Camera harness RH,Electronics,8.01,8.01,8.01,LH,LH,ambient,False,SUP-176,A-12-03,True,155,67
CH-4596-4098,Steering knuckle LH,Chassis,17.69,17.69,17.69,RH,RH,ambient,False,SUP-187,Q-04-14,True,146,29
IN-3331-4099,Door trim panel Premium,Interior,11.29,11.29,11.29,RH,RH,ambient,False,SUP-175,Q-04-09,True,213,26
PO-7947-4100,Clutch actuator Gen 2,Powertrain,22.69,22.69,22.69,LH,LH,ambient,False,SUP-187,JIS-07-06,True,189,43
EL-2099-4101,Radar sensor Gen 2,Electronics,13.13,13.13,13.13,RH,RH,ambient,False,SUP-038,Q-04-13,True,138,29
IN-7739-4102,Door trim panel LH,Interior,2.73,2.73,2.73,RH,RH,ambient,False,SUP-161,Q-04-16,True,180,30
PO-9493-4103,Clutch actuator LH,Powertrain,4.63,4.63,4.63,LH,LH,ambient,False,SUP-111,B-07-08,True,216,77
EL-8976-4104,Power distribution unit LH,Electronics,10.84,10.84,10.84,LH,LH,ambient,False,SUP-008,A-12-01,True,133,37
PO-7065-4105,Clutch actuator LH,Powertrain,16.85,16.85,16.85,LH,LH,ambient,False,SUP-075,Q-04-06,True,119,58
PO-6557-4106,Clutch actuator RH,Powertrain,23.03,23.03,23.03,RH,RH,ambient,False,SUP-036,JIS-07-16,True,205,31
PO-3146-4107,Clutch actuator Gen 2,Powertrain,11.64,11.64,11.64,LH,LH,ambient,False,SUP-056,A-12-18,True,148,54
EL-9757-4108,ECU control module RH,Electronics,14.16,14.16,14.16,LH,LH,ambient,False,SUP-016,A-12-11,True,177,80
CH-8001-4109,Brake line manifold RH,Chassis,7.16,7.16,7.16,RH,RH,ambient,False,SUP-104,HZ-02-05,True,68,61
EL-4270-4110,Power distribution unit RH,Electronics,12.2,12.2,12.2,LH,LH,ambient,False,SUP-032,JIS-07-01,True,73,56
EL-9189-4111,Power distribution unit Premium,Electronics,10.63,10.63,10.63,RH,RH,ambient,False,SUP-055,Q-04-06,True,91,28
FL-3363-4112,Coolant additive LH,Fluids,24.21,24.21,24.21,LH,LH,hazmat,True,SUP-031,HZ-02-06,True,182,27
EL-6546-4113,ECU control module RH,Electronics,3.45,3.45,3.45,LH,LH,ambient,False,SUP-163,JIS-07-09,True,186,38
IN-3982-4114,Console module LH,Interior,19.97,19.97,19.97,RH,RH,ambient,False,SUP-169,B-07-08,True,102,64
EL-9754-4115,Power distribution unit RH,Electronics,1.78,1.78,1.78,RH,RH,ambient,False,SUP-092,B-07-05,True,219,44
PO-7507-4116,Clutch actuator RH,Powertrain,20.16,20.16,20.16,RH,RH,ambient,False,SUP-063,Q-04-05,True,171,77
EL-6155-4117,Camera harness RH,Electronics,14.38,14.38,14.38,RH,RH,ambient,False,SUP-110,Q-04-01,True,130,82
CH-1660-4118,Steering knuckle LH,Chassis,7.55,7.55,7.55,LH,LH,ambient,False,SUP-002,A-12-07,True,165,55
CH-6898-4119,Wheel carrier Gen 2,Chassis,21.36,21.36,21.36,LH,LH,ambient,False,SUP-030,JIS-07-10,True,104,46
PO-2253-4120,Gear selector LH,Powertrain,15.09,15.09,15.09,LH,LH,ambient,False,SUP-188,B-07-18,True,98,27
EL-5269-4121,Camera harness LH,Electronics,17.53,17.53,17.53,LH,LH,ambient,False,SUP-014,JIS-07-11,True,131,82
PO-6097-4122,Torque converter RH,Powertrain,9.94,9.94,9.94,RH,RH,ambient,False,SUP-132,Q-04-15,True,178,57
PO-7078-4123,Torque converter Premium,Powertrain,18.88,18.88,18.88,LH,LH,ambient,False,SUP-183,B-07-13,True,122,33
IN-1340-4124,Console module Gen 2,Interior,8.58,8.58,8.58,RH,RH,ambient,False,SUP-026,Q-04-16,True,203,87
PO-3358-4125,Torque converter Gen 2,Powertrain,10.05,10.05,10.05,LH,LH,ambient,False,SUP-128,A-12-02,True,164,88
FL-9583-4126,Sealant cartridge Gen 2,Fluids,15.75,15.75,15.75,RH,RH,hazmat,True,SUP-099,B-07-08,True,66,62
EL-4726-4127,Radar sensor LH,Electronics,2.35,2.35,2.35,RH,RH,ambient,False,SUP-051,B-07-16,True,157,47
CH-3140-4128,Steering knuckle Gen 2,Chassis,1.15,1.15,1.15,LH,LH,ambient,False,SUP-064,B-07-07,True,113,50
EL-8737-4129,Power distribution unit Gen 2,Electronics,6.38,6.38,6.38,LH,LH,ambient,False,SUP-011,HZ-02-18,True,110,87
IN-4533-4130,Seat rail Gen 2,Interior,20.98,20.98,20.98,RH,RH,ambient,False,SUP-084,JIS-07-07,True,128,34
CH-2834-4131,Brake line manifold Premium,Chassis,15.16,15.16,15.16,RH,RH,ambient,False,SUP-092,JIS-07-12,True,150,46
IN-9585-4132,Seat rail Premium,Interior,11.27,11.27,11.27,LH,LH,ambient,False,SUP-053,A-12-14,True,156,74
EL-9390-4133,Power distribution unit RH,Electronics,12.74,12.74,12.74,RH,RH,ambient,False,SUP-025,B-07-04,True,113,74
EL-9923-4134,Radar sensor Gen 2,Electronics,16.27,16.27,16.27,RH,RH,ambient,False,SUP-018,Q-04-16,True,113,65
CH-8938-4135,Brake line manifold LH,Chassis,17.57,17.57,17.57,RH,RH,ambient,False,SUP-052,HZ-02-04,True,66,40
IN-2538-4136,Seat rail Gen 2,Interior,1.68,1.68,1.68,LH,LH,ambient,False,SUP-083,A-12-06,True,130,77
EL-6227-4137,Camera harness Premium,Electronics,1.91,1.91,1.91,LH,LH,ambient,False,SUP-116,B-07-18,True,131,35
FL-5853-4138,Washer concentrate RH,Fluids,0.83,0.83,0.83,RH,RH,ambient,False,SUP-184,JIS-07-02,True,158,41
CH-4177-4139,Steering knuckle RH,Chassis,0.86,0.86,0.86,LH,LH,ambient,False,SUP-012,Q-04-17,True,148,50
EL-7166-4140,Radar sensor Premium,Electronics,16.53,16.53,16.53,RH,RH,ambient,False,SUP-192,HZ-02-17,True,185,58
CH-5234-4141,Steering knuckle Premium,Chassis,13.74,13.74,13.74,RH,RH,ambient,False,SUP-150,B-07-10,True,180,31
PO-2505-4142,Fuel rail RH,Powertrain,18.1,18.1,18.1,LH,LH,ambient,False,SUP-200,B-07-15,True,91,87
PO-8094-4143,Fuel rail Premium,Powertrain,22.97,22.97,22.97,RH,RH,ambient,False,SUP-183,HZ-02-11,True,111,47
CH-4781-4144,Brake line manifold Gen 2,Chassis,4.26,4.26,4.26,RH,RH,ambient,False,SUP-009,HZ-02-11,True,72,69
PO-1358-4145,Fuel rail RH,Powertrain,5.87,5.87,5.87,RH,RH,ambient,False,SUP-068,Q-04-04,True,171,44
PO-9529-4146,Gear selector Premium,Powertrain,8.19,8.19,8.19,LH,LH,ambient,False,SUP-065,Q-04-15,True,218,41
PO-7160-4147,Fuel rail LH,Powertrain,0.55,0.55,0.55,LH,LH,ambient,False,SUP-015,A-12-12,True,220,64
FL-7567-4148,Washer concentrate LH,Fluids,20.43,20.43,20.43,RH,RH,ambient,True,SUP-069,A-12-01,True,86,88
EL-8904-4149,Radar sensor LH,Electronics,7.16,7.16,7.16,RH,RH,ambient,False,SUP-122,Q-04-08,True,142,46
IN-2237-4150,Wiring harness assembly LH,Interior,3.07,3.07,3.07,LH,LH,ambient,False,SUP-084,HZ-02-01,True,184,49
FL-5637-4151,Washer concentrate RH,Fluids,9.21,9.21,9.21,LH,LH,ambient,False,SUP-111,Q-04-15,True,168,52
EL-8829-4152,ECU control module RH,Electronics,8.37,8.37,8.37,LH,LH,ambient,False,SUP-022,A-12-11,True,88,81
CH-4146-4153,Brake line manifold Premium,Chassis,1.26,1.26,1.26,RH,RH,ambient,False,SUP-085,B-07-16,True,99,27
EL-1711-4154,Power distribution unit LH,Electronics,18.39,18.39,18.39,RH,RH,ambient,False,SUP-031,HZ-02-02,True,179,53
FL-1624-4155,Brake fluid reservoir RH,Fluids,14.29,14.29,14.29,LH,LH,ambient,True,SUP-098,A-12-16,True,155,71
FL-3849-4156,Washer concentrate RH,Fluids,6.31,6.31,6.31,RH,RH,hazmat,False,SUP-185,HZ-02-15,True,152,84
IN-7835-4157,Door trim panel Premium,Interior,23.11,23.11,23.11,LH,LH,ambient,False,SUP-137,A-12-11,True,131,42
EL-1937-4158,Power distribution unit RH,Electronics,18.38,18.38,18.38,RH,RH,ambient,False,SUP-197,Q-04-02,True,211,67
CH-1194-4159,Steering knuckle RH,Chassis,16.18,16.18,16.18,LH,LH,ambient,False,SUP-037,B-07-17,True,72,33
EL-7763-4160,Radar sensor Premium,Electronics,24.36,24.36,24.36,RH,RH,ambient,False,SUP-119,HZ-02-06,True,79,84
CH-4723-4161,Control arm LH,Chassis,0.86,0.86,0.86,LH,LH,ambient,False,SUP-108,Q-04-16,True,92,48
FL-9474-4162,Brake fluid reservoir RH,Fluids,18.66,18.66,18.66,LH,LH,hazmat,False,SUP-135,A-12-11,True,173,62
CH-8245-4163,Steering knuckle Premium,Chassis,3.15,3.15,3.15,LH,LH,ambient,False,SUP-149,B-07-16,True,196,75
IN-9625-4164,Seat rail LH,Interior,2.97,2.97,2.97,LH,LH,ambient,False,SUP-041,A-12-12,True,206,27
FL-4611-4165,Coolant additive RH,Fluids,11.5,11.5,11.5,RH,RH,hazmat,False,SUP-016,HZ-02-12,True,93,30
IN-9673-4166,Console module RH,Interior,2.19,2.19,2.19,LH,LH,ambient,False,SUP-087,HZ-02-02,True,111,36
IN-7141-4167,Console module LH,Interior,19.44,19.44,19.44,RH,RH,ambient,False,SUP-102,JIS-07-10,True,125,54
CH-8134-4168,Wheel carrier Premium,Chassis,9.41,9.41,9.41,RH,RH,ambient,False,SUP-009,A-12-09,True,171,60
FL-2911-4169,Brake fluid reservoir LH,Fluids,4.29,4.29,4.29,RH,RH,ambient,True,SUP-015,JIS-07-02,True,183,90
PO-5445-4170,Gear selector RH,Powertrain,19.9,19.9,19.9,RH,RH,ambient,False,SUP-059,HZ-02-11,True,209,25
FL-4369-4171,Coolant additive Gen 2,Fluids,3.06,3.06,3.06,LH,LH,hazmat,True,SUP-146,JIS-07-13,True,60,68
EL-6225-4172,Camera harness LH,Electronics,8.36,8.36,8.36,RH,RH,ambient,False,SUP-161,A-12-18,True,180,88
CH-9406-4173,Wheel carrier LH,Chassis,0.64,0.64,0.64,LH,LH,ambient,False,SUP-047,B-07-08,True,188,35
FL-1894-4174,Sealant cartridge LH,Fluids,20.82,20.82,20.82,LH,LH,hazmat,True,SUP-075,A-12-17,True,66,81
IN-6165-4175,Console module Premium,Interior,2.97,2.97,2.97,RH,RH,ambient,False,SUP-136,B-07-14,True,60,84
FL-1674-4176,Washer concentrate RH,Fluids,0.58,0.58,0.58,RH,RH,hazmat,False,SUP-069,A-12-04,True,93,86
FL-3059-4177,Sealant cartridge Gen 2,Fluids,15.63,15.63,15.63,RH,RH,ambient,False,SUP-019,HZ-02-08,True,161,57
FL-8677-4178,Sealant cartridge RH,Fluids,8.24,8.24,8.24,RH,RH,ambient,False,SUP-144,Q-04-02,True,142,87
PO-2892-4179,Gear selector LH,Powertrain,9.58,9.58,9.58,LH,LH,ambient,False,SUP-018,JIS-07-18,True,195,90
IN-2113-4180,Console module RH,Interior,13.72,13.72,13.72,LH,LH,ambient,False,SUP-069,A-12-11,True,90,68
FL-8263-4181,Washer concentrate Gen 2,Fluids,2.34,2.34,2.34,LH,LH,ambient,False,SUP-113,A-12-03,True,156,50
IN-9068-4182,Seat rail LH,Interior,5.74,5.74,5.74,RH,RH,ambient,False,SUP-171,JIS-07-03,True,189,82
FL-1651-4183,Washer concentrate Premium,Fluids,16.38,16.38,16.38,LH,LH,ambient,True,SUP-093,Q-04-08,True,194,26
CH-7658-4184,Wheel carrier Premium,Chassis,16.28,16.28,16.28,LH,LH,ambient,False,SUP-115,A-12-15,True,150,86
EL-3564-4185,ECU control module LH,Electronics,6.68,6.68,6.68,LH,LH,ambient,False,SUP-181,B-07-01,True,189,41
FL-1992-4186,Sealant cartridge Premium,Fluids,7.47,7.47,7.47,LH,LH,ambient,False,SUP-100,JIS-07-08,True,61,60
EL-6471-4187,Power distribution unit Gen 2,Electronics,7.36,7.36,7.36,RH,RH,ambient,False,SUP-004,HZ-02-09,True,132,90
IN-9454-4188,Seat rail Premium,Interior,3.54,3.54,3.54,RH,RH,ambient,False,SUP-138,JIS-07-08,True,146,35
EL-9560-4189,Camera harness Gen 2,Electronics,6.28,6.28,6.28,LH,LH,ambient,False,SUP-045,JIS-07-04,True,167,49
IN-4596-4190,Console module Premium,Interior,21.35,21.35,21.35,LH,LH,ambient,False,SUP-181,Q-04-12,True,168,62
IN-2281-4191,Door trim panel Gen 2,Interior,13.63,13.63,13.63,LH,LH,ambient,False,SUP-107,A-12-09,True,190,84
FL-1235-4192,Coolant additive Premium,Fluids,16.56,16.56,16.56,LH,LH,ambient,True,SUP-132,B-07-16,True,111,36
PO-5427-4193,Gear selector Gen 2,Powertrain,15.12,15.12,15.12,RH,RH,ambient,False,SUP-105,JIS-07-08,True,163,90
CH-6512-4194,Wheel carrier RH,Chassis,24.45,24.45,24.45,RH,RH,ambient,False,SUP-152,HZ-02-11,True,111,44
CH-9131-4195,Steering knuckle Gen 2,Chassis,11.69,11.69,11.69,LH,LH,ambient,False,SUP-143,B-07-05,True,87,30
CH-1080-4196,Wheel carrier Premium,Chassis,19.64,19.64,19.64,RH,RH,ambient,False,SUP-180,HZ-02-13,True,116,46
PO-5610-4197,Gear selector RH,Powertrain,24.32,24.32,24.32,LH,LH,ambient,False,SUP-030,A-12-13,True,161,38
CH-8550-4198,Brake line manifold Gen 2,Chassis,18.48,18.48,18.48,LH,LH,ambient,False,SUP-143,B-07-15,True,210,36
FL-6465-4199,Sealant cartridge LH,Fluids,5.45,5.45,5.45,RH,RH,ambient,False,SUP-121,B-07-03,True,63,72
PO-6601-4200,Fuel rail RH,Powertrain,16.66,16.66,16.66,RH,RH,ambient,False,SUP-071,Q-04-04,True,190,66
IN-5748-4201,Console module LH,Interior,5.1,5.1,5.1,RH,RH,ambient,False,SUP-166,HZ-02-15,True,220,74
FL-2372-4202,Brake fluid reservoir RH,Fluids,3.42,3.42,3.42,RH,RH,hazmat,False,SUP-045,HZ-02-11,True,87,62
FL-9716-4203,Brake fluid reservoir Gen 2,Fluids,22.17,22.17,22.17,LH,LH,ambient,False,SUP-109,JIS-07-14,True,149,51
PO-3640-4204,Torque converter Premium,Powertrain,6.47,6.47,6.47,RH,RH,ambient,False,SUP-114,HZ-02-08,True,115,27
FL-9437-4205,Washer concentrate LH,Fluids,24.38,24.38,24.38,LH,LH,ambient,False,SUP-006,A-12-18,True,64,79
IN-4184-4206,Door trim panel LH,Interior,11.13,11.13,11.13,RH,RH,ambient,False,SUP-057,HZ-02-10,True,198,25
FL-7180-4207,Sealant cartridge Gen 2,Fluids,15.64,15.64,15.64,LH,LH,ambient,True,SUP-040,JIS-07-01,True,84,71
EL-8576-4208,Camera harness Gen 2,Electronics,14.08,14.08,14.08,LH,LH,ambient,False,SUP-067,JIS-07-02,True,174,66
PO-7897-4209,Fuel rail LH,Powertrain,23.8,23.8,23.8,RH,RH,ambient,False,SUP-020,HZ-02-10,True,162,30
EL-3305-4210,ECU control module Gen 2,Electronics,2.13,2.13,2.13,RH,RH,ambient,False,SUP-081,JIS-07-05,True,171,32
CH-7869-4211,Wheel carrier LH,Chassis,20.29,20.29,20.29,LH,LH,ambient,False,SUP-119,A-12-15,True,215,35
IN-8493-4212,Door trim panel Gen 2,Interior,24.34,24.34,24.34,LH,LH,ambient,False,SUP-120,JIS-07-07,True,88,50
PO-1259-4213,Gear selector RH,Powertrain,17.32,17.32,17.32,LH,LH,ambient,False,SUP-170,JIS-07-08,True,82,85
PO-7282-4214,Fuel rail LH,Powertrain,13.28,13.28,13.28,RH,RH,ambient,False,SUP-187,B-07-12,True,76,85
PO-2562-4215,Gear selector RH,Powertrain,22.34,22.34,22.34,RH,RH,ambient,False,SUP-180,B-07-09,True,81,53
EL-1384-4216,ECU control module LH,Electronics,4.89,4.89,4.89,LH,LH,ambient,False,SUP-186,JIS-07-08,True,107,85
PO-2631-4217,Torque converter Premium,Powertrain,11.19,11.19,11.19,LH,LH,ambient,False,SUP-177,B-07-03,True,117,38
IN-8778-4218,Console module LH,Interior,23.37,23.37,23.37,RH,RH,ambient,False,SUP-168,JIS-07-14,True,187,57
PO-8300-4219,Clutch actuator LH,Powertrain,3.96,3.96,3.96,RH,RH,ambient,False,SUP-123,B-07-09,True,111,86
EL-8637-4220,Camera harness RH,Electronics,9.69,9.69,9.69,RH,RH,ambient,False,SUP-119,HZ-02-11,True,139,34
IN-3522-4221,Wiring harness assembly RH,Interior,24.12,24.12,24.12,LH,LH,ambient,False,SUP-094,A-12-16,True,171,27
PO-8997-4222,Gear selector Premium,Powertrain,23.0,23.0,23.0,LH,LH,ambient,False,SUP-150,HZ-02-08,True,181,47
EL-1549-4223,Power distribution unit Gen 2,Electronics,10.58,10.58,10.58,LH,LH,ambient,False,SUP-091,A-12-02,True,73,63
CH-7541-4224,Control arm LH,Chassis,24.26,24.26,24.26,RH,RH,ambient,False,SUP-022,Q-04-12,True,125,26
PO-8963-4225,Torque converter Premium,Powertrain,3.52,3.52,3.52,RH,RH,ambient,False,SUP-146,Q-04-08,True,66,36
IN-5978-4226,Wiring harness assembly LH,Interior,3.37,3.37,3.37,LH,LH,ambient,False,SUP-121,Q-04-13,True,180,80
IN-2216-4227,Wiring harness assembly Gen 2,Interior,21.0,21.0,21.0,LH,LH,ambient,False,SUP-174,JIS-07-07,True,133,78
EL-2028-4228,Camera harness LH,Electronics,10.29,10.29,10.29,LH,LH,ambient,False,SUP-038,JIS-07-09,True,156,83
EL-1455-4229,Radar sensor RH,Electronics,13.38,13.38,13.38,LH,LH,ambient,False,SUP-041,A-12-06,True,75,87
PO-8986-4230,Fuel rail Gen 2,Powertrain,4.0,4.0,4.0,LH,LH,ambient,False,SUP-008,A-12-12,True,202,62
EL-5578-4231,Radar sensor Premium,Electronics,16.37,16.37,16.37,RH,RH,ambient,False,SUP-119,B-07-18,True,95,47
PO-2971-4232,Fuel rail LH,Powertrain,24.06,24.06,24.06,RH,RH,ambient,False,SUP-040,JIS-07-03,True,107,80
EL-7016-4233,ECU control module LH,Electronics,21.82,21.82,21.82,RH,RH,ambient,False,SUP-172,Q-04-11,True,197,86
PO-1375-4234,Gear selector LH,Powertrain,13.1,13.1,13.1,RH,RH,ambient,False,SUP-120,A-12-16,True,171,33
CH-9829-4235,Steering knuckle Gen 2,Chassis,22.82,22.82,22.82,LH,LH,ambient,False,SUP-088,HZ-02-02,True,185,31
FL-5476-4236,Brake fluid reservoir LH,Fluids,17.76,17.76,17.76,RH,RH,hazmat,False,SUP-066,JIS-07-18,True,211,54
CH-9881-4237,Brake line manifold Premium,Chassis,19.71,19.71,19.71,LH,LH,ambient,False,SUP-057,A-12-06,True,115,79
PO-9428-4238,Fuel rail LH,Powertrain,10.68,10.68,10.68,LH,LH,ambient,False,SUP-097,B-07-02,True,162,50
IN-7510-4239,Console module Premium,Interior,2.81,2.81,2.81,RH,RH,ambient,False,SUP-119,Q-04-03,True,166,83
EL-9012-4240,ECU control module Premium,Electronics,22.2,22.2,22.2,LH,LH,ambient,False,SUP-152,B-07-11,True,86,80
IN-7093-4241,Console module Gen 2,Interior,11.53,11.53,11.53,RH,RH,ambient,False,SUP-191,Q-04-18,True,68,81
EL-9037-4242,ECU control module LH,Electronics,20.72,20.72,20.72,RH,RH,ambient,False,SUP-016,B-07-14,True,108,54
FL-4183-4243,Coolant additive Gen 2,Fluids,14.43,14.43,14.43,RH,RH,ambient,True,SUP-002,A-12-08,True,148,42
EL-7289-4244,Camera harness Gen 2,Electronics,3.78,3.78,3.78,LH,LH,ambient,False,SUP-021,A-12-08,True,108,74
PO-6565-4245,Gear selector Gen 2,Powertrain,3.17,3.17,3.17,RH,RH,ambient,False,SUP-149,B-07-15,True,90,75
CH-3595-4246,Brake line manifold LH,Chassis,9.99,9.99,9.99,RH,RH,ambient,False,SUP-179,HZ-02-16,True,121,44
PO-5889-4247,Clutch actuator LH,Powertrain,5.03,5.03,5.03,RH,RH,ambient,False,SUP-033,Q-04-10,True,169,81
FL-4724-4248,Coolant additive Gen 2,Fluids,17.84,17.84,17.84,LH,LH,ambient,False,SUP-092,Q-04-11,True,140,74
IN-7699-4249,Console module Premium,Interior,14.23,14.23,14.23,LH,LH,ambient,False,SUP-098,A-12-10,True,219,63
PO-8053-4250,Clutch actuator LH,Powertrain,17.19,17.19,17.19,LH,LH,ambient,False,SUP-097,Q-04-12,True,174,83
PO-1328-4251,Gear selector LH,Powertrain,18.5,18.5,18.5,LH,LH,ambient,False,SUP-120,B-07-10,True,77,29
PO-9019-4252,Torque converter LH,Powertrain,17.06,17.06,17.06,LH,LH,ambient,False,SUP-169,A-12-05,True,65,77
FL-3923-4253,Sealant cartridge LH,Fluids,20.98,20.98,20.98,RH,RH,ambient,False,SUP-022,HZ-02-11,True,76,33
EL-4809-4254,Radar sensor Gen 2,Electronics,12.7,12.7,12.7,LH,LH,ambient,False,SUP-137,Q-04-16,True,178,86
PO-3466-4255,Fuel rail LH,Powertrain,18.58,18.58,18.58,LH,LH,ambient,False,SUP-032,JIS-07-04,True,127,69
IN-1863-4256,Seat rail Premium,Interior,15.8,15.8,15.8,RH,RH,ambient,False,SUP-153,B-07-08,True,188,49
IN-1042-4257,Wiring harness assembly RH,Interior,23.59,23.59,23.59,LH,LH,ambient,False,SUP-008,A-12-07,True,200,70
PO-8961-4258,Torque converter RH,Powertrain,20.3,20.3,20.3,LH,LH,ambient,False,SUP-151,HZ-02-07,True,85,69
CH-1002-4259,Brake line manifold LH,Chassis,23.24,23.24,23.24,LH,LH,ambient,False,SUP-041,Q-04-16,True,63,39
CH-6766-4260,Wheel carrier LH,Chassis,2.45,2.45,2.45,LH,LH,ambient,False,SUP-117,A-12-14,True,151,60
EL-1195-4261,Radar sensor LH,Electronics,2.87,2.87,2.87,RH,RH,ambient,False,SUP-171,HZ-02-02,True,116,56
FL-8615-4262,Coolant additive LH,Fluids,8.77,8.77,8.77,RH,RH,ambient,False,SUP-121,A-12-16,True,139,53
IN-7650-4263,Console module RH,Interior,1.61,1.61,1.61,RH,RH,ambient,False,SUP-147,HZ-02-13,True,94,41
IN-8459-4264,Seat rail LH,Interior,10.15,10.15,10.15,RH,RH,ambient,False,SUP-015,Q-04-08,True,108,56
EL-8410-4265,Camera harness Gen 2,Electronics,24.33,24.33,24.33,LH,LH,ambient,False,SUP-149,Q-04-05,True,162,27
EL-2943-4266,Camera harness RH,Electronics,20.48,20.48,20.48,LH,LH,ambient,False,SUP-126,Q-04-03,True,98,45
IN-2771-4267,Wiring harness assembly LH,Interior,9.43,9.43,9.43,LH,LH,ambient,False,SUP-150,A-12-09,True,164,88
PO-4777-4268,Gear selector Premium,Powertrain,1.44,1.44,1.44,RH,RH,ambient,False,SUP-149,A-12-16,True,69,65
EL-4874-4269,ECU control module Premium,Electronics,2.6,2.6,2.6,LH,LH,ambient,False,SUP-002,A-12-09,True,85,29
IN-4518-4270,Console module LH,Interior,21.63,21.63,21.63,LH,LH,ambient,False,SUP-184,HZ-02-02,True,208,46
FL-3924-4271,Washer concentrate Gen 2,Fluids,11.55,11.55,11.55,RH,RH,ambient,True,SUP-162,B-07-07,True,129,88
CH-1167-4272,Control arm RH,Chassis,18.29,18.29,18.29,LH,LH,ambient,False,SUP-150,JIS-07-13,True,131,58
CH-5623-4273,Wheel carrier Premium,Chassis,1.19,1.19,1.19,LH,LH,ambient,False,SUP-143,B-07-16,True,69,82
CH-1026-4274,Wheel carrier Premium,Chassis,10.2,10.2,10.2,LH,LH,ambient,False,SUP-048,Q-04-13,True,218,90
IN-2217-4275,Console module Premium,Interior,9.53,9.53,9.53,LH,LH,ambient,False,SUP-008,Q-04-16,True,92,26
PO-4931-4276,Clutch actuator LH,Powertrain,8.44,8.44,8.44,LH,LH,ambient,False,SUP-186,B-07-12,True,202,61
CH-3696-4277,Wheel carrier Premium,Chassis,24.48,24.48,24.48,LH,LH,ambient,False,SUP-140,HZ-02-14,True,175,87
IN-6862-4278,Seat rail Gen 2,Interior,4.69,4.69,4.69,RH,RH,ambient,False,SUP-109,JIS-07-03,True,138,49
FL-3322-4279,Coolant additive RH,Fluids,24.11,24.11,24.11,RH,RH,hazmat,True,SUP-049,B-07-16,True,198,46
EL-7838-4280,Power distribution unit LH,Electronics,8.15,8.15,8.15,RH,RH,ambient,False,SUP-065,HZ-02-18,True,184,69
PO-3165-4281,Clutch actuator Gen 2,Powertrain,24.03,24.03,24.03,RH,RH,ambient,False,SUP-109,HZ-02-13,True,142,63
EL-8800-4282,Camera harness Gen 2,Electronics,7.77,7.77,7.77,RH,RH,ambient,False,SUP-063,A-12-13,True,70,80
EL-1579-4283,Radar sensor Premium,Electronics,20.58,20.58,20.58,LH,LH,ambient,False,SUP-005,B-07-10,True,81,70
IN-8076-4284,Door trim panel Premium,Interior,14.72,14.72,14.72,RH,RH,ambient,False,SUP-003,HZ-02-03,True,198,57
CH-5598-4285,Brake line manifold LH,Chassis,10.84,10.84,10.84,LH,LH,ambient,False,SUP-154,JIS-07-12,True,202,44
IN-4347-4286,Seat rail RH,Interior,13.41,13.41,13.41,RH,RH,ambient,False,SUP-077,A-12-01,True,82,61
PO-8402-4287,Gear selector RH,Powertrain,6.55,6.55,6.55,RH,RH,ambient,False,SUP-052,JIS-07-12,True,163,54
EL-8047-4288,Camera harness RH,Electronics,12.98,12.98,12.98,RH,RH,ambient,False,SUP-013,B-07-10,True,103,49
IN-9704-4289,Seat rail Gen 2,Interior,2.21,2.21,2.21,RH,RH,ambient,False,SUP-198,JIS-07-05,True,199,66
CH-9247-4290,Steering knuckle LH,Chassis,5.14,5.14,5.14,LH,LH,ambient,False,SUP-123,A-12-02,True,114,41
FL-9546-4291,Brake fluid reservoir RH,Fluids,20.66,20.66,20.66,RH,RH,ambient,True,SUP-049,JIS-07-06,True,117,73
CH-4575-4292,Brake line manifold Gen 2,Chassis,9.0,9.0,9.0,LH,LH,ambient,False,SUP-009,A-12-09,True,81,70
IN-2566-4293,Seat rail RH,Interior,24.02,24.02,24.02,RH,RH,ambient,False,SUP-106,A-12-16,True,76,52
EL-4381-4294,Radar sensor Premium,Electronics,5.35,5.35,5.35,LH,LH,ambient,False,SUP-053,HZ-02-07,True,121,81
CH-7370-4295,Control arm RH,Chassis,18.65,18.65,18.65,LH,LH,ambient,False,SUP-139,A-12-02,True,69,87
IN-5208-4296,Seat rail Premium,Interior,22.49,22.49,22.49,LH,LH,ambient,False,SUP-189,HZ-02-03,True,212,62
EL-4825-4297,ECU control module Premium,Electronics,0.59,0.59,0.59,LH,LH,ambient,False,SUP-097,A-12-13,True,151,55
CH-9311-4298,Steering knuckle Gen 2,Chassis,15.53,15.53,15.53,LH,LH,ambient,False,SUP-191,HZ-02-13,True,175,26
EL-6861-4299,ECU control module Premium,Electronics,17.09,17.09,17.09,RH,RH,ambient,False,SUP-193,HZ-02-07,True,130,73
PO-9292-4300,Gear selector Gen 2,Powertrain,18.65,18.65,18.65,RH,RH,ambient,False,SUP-089,JIS-07-15,True,190,75
IN-8832-4301,Seat rail LH,Interior,16.45,16.45,16.45,LH,LH,ambient,False,SUP-067,A-12-08,True,124,48
IN-7392-4302,Console module Gen 2,Interior,23.65,23.65,23.65,RH,RH,ambient,False,SUP-192,A-12-10,True,168,59
FL-2630-4303,Sealant cartridge LH,Fluids,14.99,14.99,14.99,LH,LH,hazmat,False,SUP-172,Q-04-06,True,88,79
FL-5287-4304,Brake fluid reservoir Gen 2,Fluids,1.06,1.06,1.06,LH,LH,ambient,False,SUP-058,Q-04-08,True,159,47
EL-1575-4305,ECU control module RH,Electronics,2.04,2.04,2.04,RH,RH,ambient,False,SUP-198,A-12-10,True,90,68
FL-9114-4306,Sealant cartridge RH,Fluids,5.43,5.43,5.43,RH,RH,hazmat,False,SUP-151,Q-04-11,True,62,80
IN-7468-4307,Seat rail Gen 2,Interior,15.65,15.65,15.65,RH,RH,ambient,False,SUP-033,A-12-13,True,63,61
CH-4345-4308,Wheel carrier Gen 2,Chassis,24.42,24.42,24.42,LH,LH,ambient,False,SUP-091,Q-04-16,True,151,90
FL-6325-4309,Brake fluid reservoir LH,Fluids,21.67,21.67,21.67,RH,RH,ambient,True,SUP-069,Q-04-08,True,216,88
EL-4320-4310,Power distribution unit RH,Electronics,3.11,3.11,3.11,LH,LH,ambient,False,SUP-018,B-07-17,True,156,46
IN-7032-4311,Seat rail Gen 2,Interior,22.74,22.74,22.74,RH,RH,ambient,False,SUP-060,HZ-02-12,True,79,46
PO-3312-4312,Gear selector Gen 2,Powertrain,10.66,10.66,10.66,LH,LH,ambient,False,SUP-045,JIS-07-05,True,97,39
EL-7139-4313,Camera harness RH,Electronics,6.31,6.31,6.31,RH,RH,ambient,False,SUP-149,JIS-07-11,True,215,54
CH-2656-4314,Brake line manifold Gen 2,Chassis,8.91,8.91,8.91,LH,LH,ambient,False,SUP-030,Q-04-05,True,196,67
EL-3043-4315,Camera harness Premium,Electronics,12.44,12.44,12.44,LH,LH,ambient,False,SUP-136,Q-04-01,True,63,62
FL-5081-4316,Washer concentrate Premium,Fluids,8.62,8.62,8.62,RH,RH,hazmat,True,SUP-137,A-12-13,True,115,74
PO-4651-4317,Clutch actuator RH,Powertrain,15.45,15.45,15.45,LH,LH,ambient,False,SUP-107,JIS-07-12,True,83,52
CH-3845-4318,Brake line manifold LH,Chassis,18.32,18.32,18.32,RH,RH,ambient,False,SUP-025,A-12-18,True,70,51
CH-3084-4319,Brake line manifold LH,Chassis,1.48,1.48,1.48,RH,RH,ambient,False,SUP-043,HZ-02-11,True,124,67
PO-4512-4320,Gear selector Premium,Powertrain,8.98,8.98,8.98,RH,RH,ambient,False,SUP-155,Q-04-02,True,182,60
CH-8557-4321,Steering knuckle Gen 2,Chassis,3.1,3.1,3.1,RH,RH,ambient,False,SUP-119,B-07-02,True,90,69
CH-7825-4322,Wheel carrier Premium,Chassis,6.91,6.91,6.91,RH,RH,ambient,False,SUP-058,HZ-02-13,True,185,65
FL-9283-4323,Sealant cartridge LH,Fluids,8.54,8.54,8.54,RH,RH,ambient,False,SUP-110,Q-04-14,True,185,64
PO-7018-4324,Gear selector RH,Powertrain,1.54,1.54,1.54,LH,LH,ambient,False,SUP-058,A-12-02,True,108,58
CH-6311-4325,Steering knuckle RH,Chassis,23.2,23.2,23.2,RH,RH,ambient,False,SUP-160,Q-04-04,True,69,77
CH-9762-4326,Control arm RH,Chassis,24.37,24.37,24.37,LH,LH,ambient,False,SUP-090,JIS-07-05,True,103,48
PO-1292-4327,Fuel rail RH,Powertrain,8.25,8.25,8.25,LH,LH,ambient,False,SUP-182,JIS-07-16,True,158,64
FL-5297-4328,Sealant cartridge LH,Fluids,10.24,10.24,10.24,LH,LH,ambient,True,SUP-182,B-07-09,True,88,58
PO-2620-4329,Gear selector Premium,Powertrain,2.8,2.8,2.8,LH,LH,ambient,False,SUP-168,B-07-17,True,136,72
FL-9233-4330,Sealant cartridge Premium,Fluids,0.58,0.58,0.58,LH,LH,ambient,True,SUP-104,JIS-07-15,True,214,87
IN-9843-4331,Wiring harness assembly Premium,Interior,6.68,6.68,6.68,LH,LH,ambient,False,SUP-104,B-07-13,True,79,44
FL-2384-4332,Sealant cartridge Premium,Fluids,23.63,23.63,23.63,RH,RH,ambient,False,SUP-115,JIS-07-12,True,132,79
FL-5243-4333,Washer concentrate LH,Fluids,10.64,10.64,10.64,LH,LH,ambient,False,SUP-177,A-12-10,True,155,38
FL-3927-4334,Coolant additive LH,Fluids,6.49,6.49,6.49,RH,RH,ambient,True,SUP-090,HZ-02-07,True,137,27
FL-9243-4335,Brake fluid reservoir RH,Fluids,2.74,2.74,2.74,RH,RH,ambient,False,SUP-177,A-12-06,True,133,43
PO-4003-4336,Clutch actuator RH,Powertrain,21.72,21.72,21.72,RH,RH,ambient,False,SUP-141,A-12-08,True,139,29
EL-3530-4337,Radar sensor LH,Electronics,20.01,20.01,20.01,LH,LH,ambient,False,SUP-050,HZ-02-16,True,62,28
PO-1289-4338,Torque converter LH,Powertrain,21.81,21.81,21.81,RH,RH,ambient,False,SUP-103,A-12-07,True,110,64
EL-9764-4339,Power distribution unit Gen 2,Electronics,7.46,7.46,7.46,RH,RH,ambient,False,SUP-189,JIS-07-06,True,163,70
IN-8976-4340,Wiring harness assembly RH,Interior,14.8,14.8,14.8,RH,RH,ambient,False,SUP-123,A-12-01,True,93,61
CH-9465-4341,Wheel carrier Premium,Chassis,8.88,8.88,8.88,LH,LH,ambient,False,SUP-107,JIS-07-03,True,127,82
EL-8277-4342,Power distribution unit Gen 2,Electronics,16.42,16.42,16.42,RH,RH,ambient,False,SUP-044,A-12-11,True,108,38
PO-7263-4343,Clutch actuator Gen 2,Powertrain,11.06,11.06,11.06,RH,RH,ambient,False,SUP-169,B-07-17,True,123,84
EL-9012-4344,ECU control module Gen 2,Electronics,17.75,17.75,17.75,RH,RH,ambient,False,SUP-129,A-12-17,True,138,71
IN-7013-4345,Door trim panel LH,Interior,1.8,1.8,1.8,LH,LH,ambient,False,SUP-063,B-07-11,True,82,77
IN-2356-4346,Console module Premium,Interior,22.01,22.01,22.01,RH,RH,ambient,False,SUP-054,B-07-16,True,96,80
EL-9273-4347,Power distribution unit Premium,Electronics,5.2,5.2,5.2,LH,LH,ambient,False,SUP-068,JIS-07-07,True,220,36
FL-2123-4348,Coolant additive Gen 2,Fluids,5.99,5.99,5.99,LH,LH,ambient,False,SUP-093,B-07-17,True,169,78
CH-6814-4349,Steering knuckle RH,Chassis,0.48,0.48,0.48,RH,RH,ambient,False,SUP-108,HZ-02-15,True,68,42
FL-2898-4350,Sealant cartridge LH,Fluids,22.62,22.62,22.62,LH,LH,ambient,False,SUP-155,HZ-02-17,True,219,48
PO-2850-4351,Fuel rail LH,Powertrain,15.46,15.46,15.46,LH,LH,ambient,False,SUP-111,Q-04-09,True,72,82
CH-6374-4352,Brake line manifold RH,Chassis,9.53,9.53,9.53,RH,RH,ambient,False,SUP-117,B-07-13,True,178,71
FL-3658-4353,Washer concentrate Gen 2,Fluids,11.9,11.9,11.9,LH,LH,ambient,False,SUP-158,B-07-15,True,216,75
EL-2111-4354,Radar sensor Premium,Electronics,12.8,12.8,12.8,RH,RH,ambient,False,SUP-020,JIS-07-14,True,171,79
FL-1526-4355,Brake fluid reservoir Gen 2,Fluids,5.24,5.24,5.24,LH,LH,ambient,False,SUP-035,B-07-04,True,202,68
FL-3349-4356,Washer concentrate Gen 2,Fluids,3.02,3.02,3.02,RH,RH,hazmat,False,SUP-047,B-07-07,True,94,73
EL-5715-4357,Camera harness Premium,Electronics,22.07,22.07,22.07,LH,LH,ambient,False,SUP-050,Q-04-07,True,62,44
FL-7686-4358,Washer concentrate Premium,Fluids,0.47,0.47,0.47,RH,RH,ambient,True,SUP-191,HZ-02-17,True,219,77
EL-7565-4359,Camera harness LH,Electronics,1.15,1.15,1.15,LH,LH,ambient,False,SUP-175,A-12-10,True,131,35
PO-6360-4360,Gear selector LH,Powertrain,5.36,5.36,5.36,LH,LH,ambient,False,SUP-168,HZ-02-13,True,167,55
CH-2584-4361,Steering knuckle Premium,Chassis,13.94,13.94,13.94,RH,RH,ambient,False,SUP-082,HZ-02-02,True,197,68
EL-9340-4362,Camera harness Gen 2,Electronics,5.33,5.33,5.33,LH,LH,ambient,False,SUP-166,JIS-07-06,True,189,84
CH-2339-4363,Brake line manifold LH,Chassis,23.22,23.22,23.22,LH,LH,ambient,False,SUP-018,B-07-14,True,132,73
FL-6195-4364,Brake fluid reservoir Premium,Fluids,9.4,9.4,9.4,RH,RH,ambient,False,SUP-106,HZ-02-02,True,215,57
CH-9568-4365,Steering knuckle LH,Chassis,23.29,23.29,23.29,RH,RH,ambient,False,SUP-111,A-12-06,True,98,50
PO-2597-4366,Gear selector Gen 2,Powertrain,1.65,1.65,1.65,RH,RH,ambient,False,SUP-186,B-07-06,True,113,39
PO-6602-4367,Gear selector Gen 2,Powertrain,8.52,8.52,8.52,LH,LH,ambient,False,SUP-193,JIS-07-06,True,118,67
FL-3859-4368,Coolant additive Gen 2,Fluids,5.76,5.76,5.76,RH,RH,ambient,False,SUP-164,B-07-18,True,190,38
PO-8406-4369,Torque converter LH,Powertrain,9.76,9.76,9.76,RH,RH,ambient,False,SUP-027,A-12-10,True,142,74
FL-8372-4370,Sealant cartridge Gen 2,Fluids,3.66,3.66,3.66,LH,LH,ambient,False,SUP-023,HZ-02-13,True,194,59
EL-5415-4371,Radar sensor Gen 2,Electronics,13.5,13.5,13.5,RH,RH,ambient,False,SUP-193,A-12-18,True,193,84
EL-1447-4372,Radar sensor LH,Electronics,6.28,6.28,6.28,RH,RH,ambient,False,SUP-112,JIS-07-10,True,197,44
IN-9246-4373,Door trim panel LH,Interior,13.09,13.09,13.09,LH,LH,ambient,False,SUP-057,Q-04-09,True,146,71
PO-1112-4374,Fuel rail RH,Powertrain,24.45,24.45,24.45,RH,RH,ambient,False,SUP-180,HZ-02-11,True,89,39
FL-6627-4375,Sealant cartridge LH,Fluids,11.87,11.87,11.87,RH,RH,ambient,True,SUP-146,A-12-18,True,130,51
CH-2568-4376,Control arm LH,Chassis,4.98,4.98,4.98,RH,RH,ambient,False,SUP-165,JIS-07-07,True,89,73
EL-2773-4377,Power distribution unit LH,Electronics,9.66,9.66,9.66,LH,LH,ambient,False,SUP-003,B-07-06,True,208,76
IN-2937-4378,Seat rail Premium,Interior,7.73,7.73,7.73,LH,LH,ambient,False,SUP-076,HZ-02-01,True,189,48
IN-3264-4379,Door trim panel Premium,Interior,10.31,10.31,10.31,LH,LH,ambient,False,SUP-090,JIS-07-09,True,123,75
PO-9991-4380,Clutch actuator Premium,Powertrain,18.19,18.19,18.19,LH,LH,ambient,False,SUP-113,Q-04-12,True,122,78
PO-7580-4381,Gear selector RH,Powertrain,20.47,20.47,20.47,RH,RH,ambient,False,SUP-136,HZ-02-10,True,113,35
IN-5415-4382,Seat rail Gen 2,Interior,9.58,9.58,9.58,LH,LH,ambient,False,SUP-156,Q-04-14,True,99,69
EL-8657-4383,ECU control module RH,Electronics,13.83,13.83,13.83,LH,LH,ambient,False,SUP-200,Q-04-15,True,181,80
IN-1480-4384,Seat rail LH,Interior,12.6,12.6,12.6,RH,RH,ambient,False,SUP-011,JIS-07-02,True,79,28
PO-4828-4385,Clutch actuator LH,Powertrain,1.95,1.95,1.95,RH,RH,ambient,False,SUP-089,JIS-07-13,True,107,88
FL-3407-4386,Washer concentrate Premium,Fluids,9.52,9.52,9.52,RH,RH,hazmat,False,SUP-010,A-12-13,True,151,40
CH-7359-4387,Wheel carrier Premium,Chassis,17.76,17.76,17.76,RH,RH,ambient,False,SUP-169,HZ-02-18,True,201,88
EL-5901-4388,Radar sensor Premium,Electronics,17.66,17.66,17.66,RH,RH,ambient,False,SUP-151,B-07-02,True,71,37
PO-5553-4389,Torque converter LH,Powertrain,3.8,3.8,3.8,RH,RH,ambient,False,SUP-109,HZ-02-17,True,95,60
EL-8342-4390,ECU control module Premium,Electronics,0.68,0.68,0.68,RH,RH,ambient,False,SUP-058,JIS-07-09,True,196,43
IN-7122-4391,Seat rail LH,Interior,3.88,3.88,3.88,RH,RH,ambient,False,SUP-073,JIS-07-17,True,159,76
IN-6069-4392,Console module Premium,Interior,20.08,20.08,20.08,RH,RH,ambient,False,SUP-115,JIS-07-11,True,131,88
IN-5553-4393,Door trim panel RH,Interior,10.3,10.3,10.3,RH,RH,ambient,False,SUP-044,JIS-07-16,True,145,46
CH-9381-4394,Brake line manifold RH,Chassis,9.38,9.38,9.38,RH,RH,ambient,False,SUP-037,HZ-02-04,True,82,79
IN-6841-4395,Wiring harness assembly LH,Interior,6.67,6.67,6.67,RH,RH,ambient,False,SUP-118,JIS-07-13,True,72,41
EL-6488-4396,Power distribution unit Gen 2,Electronics,18.83,18.83,18.83,RH,RH,ambient,False,SUP-109,JIS-07-08,True,170,76
IN-6307-4397,Wiring harness assembly Premium,Interior,24.04,24.04,24.04,RH,RH,ambient,False,SUP-157,B-07-13,True,66,28
PO-8106-4398,Clutch actuator LH,Powertrain,17.14,17.14,17.14,LH,LH,ambient,False,SUP-051,Q-04-05,True,179,87
EL-5338-4399,Camera harness Gen 2,Electronics,4.87,4.87,4.87,LH,LH,ambient,False,SUP-166,HZ-02-01,True,199,41
IN-2141-4400,Seat rail LH,Interior,9.33,9.33,9.33,LH,LH,ambient,False,SUP-164,A-12-12,True,89,35
FL-1914-4401,Washer concentrate LH,Fluids,17.56,17.56,17.56,RH,RH,hazmat,True,SUP-177,A-12-14,True,195,54
CH-9679-4402,Steering knuckle RH,Chassis,3.27,3.27,3.27,LH,LH,ambient,False,SUP-167,A-12-01,True,124,48
FL-9771-4403,Sealant cartridge RH,Fluids,12.74,12.74,12.74,RH,RH,ambient,False,SUP-078,B-07-02,True,218,81
EL-6746-4404,Camera harness LH,Electronics,13.3,13.3,13.3,RH,RH,ambient,False,SUP-173,B-07-06,True,172,33
PO-4784-4405,Gear selector Premium,Powertrain,0.65,0.65,0.65,RH,RH,ambient,False,SUP-092,B-07-18,True,199,81
CH-4404-4406,Wheel carrier LH,Chassis,15.88,15.88,15.88,LH,LH,ambient,False,SUP-168,B-07-08,True,129,87
IN-1888-4407,Wiring harness assembly RH,Interior,5.85,5.85,5.85,LH,LH,ambient,False,SUP-170,A-12-09,True,203,74
EL-6912-4408,Radar sensor Premium,Electronics,23.07,23.07,23.07,LH,LH,ambient,False,SUP-173,Q-04-09,True,148,37
CH-5115-4409,Brake line manifold RH,Chassis,11.15,11.15,11.15,RH,RH,ambient,False,SUP-064,HZ-02-17,True,92,74
EL-7946-4410,Camera harness LH,Electronics,12.08,12.08,12.08,LH,LH,ambient,False,SUP-190,A-12-09,True,172,31
FL-1126-4411,Brake fluid reservoir Gen 2,Fluids,21.84,21.84,21.84,RH,RH,hazmat,False,SUP-037,B-07-10,True,193,69
CH-3220-4412,Steering knuckle Premium,Chassis,20.48,20.48,20.48,RH,RH,ambient,False,SUP-025,HZ-02-16,True,61,88
CH-6671-4413,Wheel carrier LH,Chassis,16.96,16.96,16.96,RH,RH,ambient,False,SUP-004,Q-04-02,True,196,52
CH-3507-4414,Wheel carrier LH,Chassis,9.86,9.86,9.86,LH,LH,ambient,False,SUP-046,Q-04-16,True,160,72
FL-5878-4415,Brake fluid reservoir LH,Fluids,14.31,14.31,14.31,RH,RH,ambient,True,SUP-192,HZ-02-05,True,167,62
IN-2006-4416,Seat rail LH,Interior,8.45,8.45,8.45,RH,RH,ambient,False,SUP-022,JIS-07-17,True,88,88
IN-7126-4417,Door trim panel Gen 2,Interior,12.76,12.76,12.76,RH,RH,ambient,False,SUP-001,JIS-07-10,True,69,64
IN-5430-4418,Console module Gen 2,Interior,15.53,15.53,15.53,LH,LH,ambient,False,SUP-049,B-07-05,True,79,63
FL-2666-4419,Coolant additive RH,Fluids,10.05,10.05,10.05,LH,LH,hazmat,False,SUP-124,JIS-07-08,True,96,43
PO-4925-4420,Gear selector Gen 2,Powertrain,16.19,16.19,16.19,RH,RH,ambient,False,SUP-128,Q-04-16,True,137,81
CH-6704-4421,Wheel carrier Gen 2,Chassis,18.62,18.62,18.62,RH,RH,ambient,False,SUP-009,JIS-07-05,True,129,78
IN-4143-4422,Door trim panel Premium,Interior,22.15,22.15,22.15,RH,RH,ambient,False,SUP-050,JIS-07-01,True,214,89
FL-4982-4423,Washer concentrate Premium,Fluids,6.9,6.9,6.9,LH,LH,hazmat,False,SUP-177,A-12-04,True,175,32
EL-7854-4424,Radar sensor Gen 2,Electronics,7.45,7.45,7.45,LH,LH,ambient,False,SUP-101,B-07-05,True,121,54
IN-2578-4425,Console module Premium,Interior,17.65,17.65,17.65,LH,LH,ambient,False,SUP-027,B-07-09,True,91,43
EL-6591-4426,Camera harness RH,Electronics,8.22,8.22,8.22,LH,LH,ambient,False,SUP-057,JIS-07-18,True,106,82
FL-1556-4427,Brake fluid reservoir Gen 2,Fluids,15.82,15.82,15.82,RH,RH,ambient,False,SUP-099,JIS-07-09,True,191,83
PO-9425-4428,Clutch actuator LH,Powertrain,14.82,14.82,14.82,RH,RH,ambient,False,SUP-091,B-07-06,True,192,26
CH-7774-4429,Brake line manifold Premium,Chassis,8.14,8.14,8.14,LH,LH,ambient,False,SUP-168,B-07-10,True,82,76
CH-5091-4430,Brake line manifold LH,Chassis,1.52,1.52,1.52,LH,LH,ambient,False,SUP-195,JIS-07-12,True,85,60
EL-2507-4431,Power distribution unit Premium,Electronics,5.37,5.37,5.37,RH,RH,ambient,False,SUP-111,JIS-07-15,True,174,53
CH-6408-4432,Brake line manifold Premium,Chassis,2.42,2.42,2.42,RH,RH,ambient,False,SUP-191,A-12-12,True,76,75
FL-4643-4433,Washer concentrate RH,Fluids,14.73,14.73,14.73,RH,RH,hazmat,False,SUP-128,HZ-02-13,True,214,47
FL-7062-4434,Sealant cartridge LH,Fluids,0.64,0.64,0.64,LH,LH,hazmat,False,SUP-176,JIS-07-06,True,146,39
IN-9910-4435,Seat rail Premium,Interior,7.9,7.9,7.9,RH,RH,ambient,False,SUP-143,Q-04-05,True,131,36
CH-6572-4436,Wheel carrier LH,Chassis,10.16,10.16,10.16,RH,RH,ambient,False,SUP-009,B-07-18,True,116,43
PO-7841-4437,Fuel rail Gen 2,Powertrain,20.7,20.7,20.7,LH,LH,ambient,False,SUP-197,A-12-02,True,123,32
PO-4213-4438,Torque converter Premium,Powertrain,4.84,4.84,4.84,LH,LH,ambient,False,SUP-132,Q-04-13,True,150,32
CH-1743-4439,Control arm Premium,Chassis,22.38,22.38,22.38,RH,RH,ambient,False,SUP-089,JIS-07-11,True,65,82
FL-7752-4440,Washer concentrate Premium,Fluids,9.74,9.74,9.74,LH,LH,ambient,False,SUP-192,A-12-09,True,178,33
CH-7314-4441,Control arm Gen 2,Chassis,10.87,10.87,10.87,RH,RH,ambient,False,SUP-199,B-07-07,True,172,73
EL-4778-4442,Power distribution unit Gen 2,Electronics,14.87,14.87,14.87,RH,RH,ambient,False,SUP-148,JIS-07-07,True,76,56
EL-1229-4443,Camera harness Gen 2,Electronics,20.04,20.04,20.04,LH,LH,ambient,False,SUP-025,A-12-02,True,172,77
IN-8739-4444,Door trim panel Premium,Interior,23.31,23.31,23.31,LH,LH,ambient,False,SUP-080,A-12-16,True,112,51
FL-7452-4445,Brake fluid reservoir RH,Fluids,5.72,5.72,5.72,LH,LH,ambient,True,SUP-067,A-12-03,True,121,81
PO-6494-4446,Torque converter Premium,Powertrain,22.13,22.13,22.13,LH,LH,ambient,False,SUP-032,A-12-01,True,150,86
CH-1428-4447,Wheel carrier RH,Chassis,21.35,21.35,21.35,LH,LH,ambient,False,SUP-017,A-12-05,True,191,89
PO-1300-4448,Fuel rail Gen 2,Powertrain,14.27,14.27,14.27,LH,LH,ambient,False,SUP-199,HZ-02-11,True,125,41
EL-8135-4449,Radar sensor RH,Electronics,15.01,15.01,15.01,LH,LH,ambient,False,SUP-081,JIS-07-14,True,113,38
PO-4570-4450,Clutch actuator LH,Powertrain,1.26,1.26,1.26,RH,RH,ambient,False,SUP-118,B-07-18,True,177,72
IN-5921-4451,Door trim panel RH,Interior,17.94,17.94,17.94,LH,LH,ambient,False,SUP-054,A-12-11,True,97,58
CH-2883-4452,Control arm LH,Chassis,9.07,9.07,9.07,LH,LH,ambient,False,SUP-064,Q-04-01,True,105,76
PO-1135-4453,Gear selector LH,Powertrain,19.07,19.07,19.07,LH,LH,ambient,False,SUP-130,B-07-09,True,110,33
EL-9042-4454,Radar sensor RH,Electronics,13.9,13.9,13.9,LH,LH,ambient,False,SUP-186,Q-04-13,True,175,32
EL-7757-4455,Radar sensor Gen 2,Electronics,19.63,19.63,19.63,LH,LH,ambient,False,SUP-128,A-12-04,True,155,68
IN-9398-4456,Seat rail Premium,Interior,10.38,10.38,10.38,RH,RH,ambient,False,SUP-060,Q-04-14,True,70,47
CH-9011-4457,Steering knuckle LH,Chassis,17.09,17.09,17.09,LH,LH,ambient,False,SUP-060,JIS-07-04,True,131,46
IN-5109-4458,Seat rail LH,Interior,9.81,9.81,9.81,RH,RH,ambient,False,SUP-097,Q-04-15,True,198,34
CH-6995-4459,Wheel carrier Gen 2,Chassis,17.37,17.37,17.37,RH,RH,ambient,False,SUP-079,JIS-07-10,True,141,27
FL-1337-4460,Brake fluid reservoir RH,Fluids,12.43,12.43,12.43,RH,RH,ambient,True,SUP-054,JIS-07-12,True,189,67
CH-6938-4461,Wheel carrier Premium,Chassis,6.02,6.02,6.02,LH,LH,ambient,False,SUP-197,B-07-08,True,188,52
EL-6539-4462,Power distribution unit LH,Electronics,14.16,14.16,14.16,LH,LH,ambient,False,SUP-172,B-07-13,True,124,26
FL-4431-4463,Sealant cartridge RH,Fluids,19.45,19.45,19.45,LH,LH,ambient,True,SUP-089,HZ-02-13,True,62,77
IN-5528-4464,Seat rail LH,Interior,1.04,1.04,1.04,LH,LH,ambient,False,SUP-040,B-07-01,True,88,84
IN-4679-4465,Door trim panel LH,Interior,7.6,7.6,7.6,LH,LH,ambient,False,SUP-114,B-07-16,True,115,80
CH-3368-4466,Wheel carrier LH,Chassis,7.97,7.97,7.97,RH,RH,ambient,False,SUP-171,Q-04-06,True,174,79
EL-8816-4467,Radar sensor LH,Electronics,0.68,0.68,0.68,LH,LH,ambient,False,SUP-141,A-12-10,True,170,53
CH-9575-4468,Steering knuckle Premium,Chassis,5.53,5.53,5.53,LH,LH,ambient,False,SUP-029,B-07-10,True,110,48
PO-1909-4469,Torque converter LH,Powertrain,11.62,11.62,11.62,LH,LH,ambient,False,SUP-078,Q-04-04,True,102,85
CH-1350-4470,Control arm RH,Chassis,12.83,12.83,12.83,RH,RH,ambient,False,SUP-120,A-12-05,True,123,87
FL-9751-4471,Coolant additive Premium,Fluids,22.06,22.06,22.06,RH,RH,hazmat,False,SUP-054,Q-04-18,True,70,42
EL-4385-4472,ECU control module Premium,Electronics,7.38,7.38,7.38,RH,RH,ambient,False,SUP-082,A-12-08,True,127,51
EL-4375-4473,Power distribution unit Premium,Electronics,14.01,14.01,14.01,LH,LH,ambient,False,SUP-106,A-12-17,True,108,26
PO-6381-4474,Fuel rail LH,Powertrain,21.78,21.78,21.78,RH,RH,ambient,False,SUP-148,B-07-05,True,147,27
FL-9706-4475,Washer concentrate Premium,Fluids,14.1,14.1,14.1,RH,RH,hazmat,True,SUP-064,JIS-07-18,True,99,31
PO-9741-4476,Clutch actuator RH,Powertrain,19.93,19.93,19.93,RH,RH,ambient,False,SUP-111,B-07-02,True,186,61
PO-4904-4477,Gear selector RH,Powertrain,11.83,11.83,11.83,LH,LH,ambient,False,SUP-104,JIS-07-12,True,185,67
PO-7479-4478,Gear selector RH,Powertrain,12.7,12.7,12.7,LH,LH,ambient,False,SUP-065,HZ-02-05,True,96,45
IN-7604-4479,Console module Gen 2,Interior,18.34,18.34,18.34,RH,RH,ambient,False,SUP-142,HZ-02-15,True,183,43
FL-1439-4480,Coolant additive LH,Fluids,3.86,3.86,3.86,LH,LH,ambient,False,SUP-071,Q-04-15,True,87,80
IN-8964-4481,Seat rail RH,Interior,22.45,22.45,22.45,RH,RH,ambient,False,SUP-062,Q-04-05,True,77,25
PO-6360-4482,Gear selector Gen 2,Powertrain,18.23,18.23,18.23,LH,LH,ambient,False,SUP-012,B-07-16,True,164,40
PO-5924-4483,Torque converter Gen 2,Powertrain,1.23,1.23,1.23,RH,RH,ambient,False,SUP-091,JIS-07-18,True,173,67
PO-9418-4484,Gear selector LH,Powertrain,3.02,3.02,3.02,LH,LH,ambient,False,SUP-164,B-07-12,True,159,66
IN-3091-4485,Seat rail LH,Interior,15.37,15.37,15.37,RH,RH,ambient,False,SUP-198,Q-04-10,True,91,65
FL-1241-4486,Sealant cartridge LH,Fluids,1.42,1.42,1.42,RH,RH,ambient,True,SUP-018,B-07-02,True,118,48
CH-4071-4487,Brake line manifold LH,Chassis,6.88,6.88,6.88,RH,RH,ambient,False,SUP-086,HZ-02-11,True,90,51
FL-3699-4488,Sealant cartridge Premium,Fluids,1.43,1.43,1.43,RH,RH,hazmat,True,SUP-117,HZ-02-17,True,210,86
EL-6418-4489,Power distribution unit RH,Electronics,7.43,7.43,7.43,RH,RH,ambient,False,SUP-093,JIS-07-01,True,107,54
FL-1361-4490,Washer concentrate LH,Fluids,15.7,15.7,15.7,RH,RH,hazmat,False,SUP-099,JIS-07-02,True,91,79
IN-1765-4491,Console module Gen 2,Interior,16.42,16.42,16.42,LH,LH,ambient,False,SUP-056,JIS-07-10,True,147,71
FL-6897-4492,Washer concentrate Premium,Fluids,5.75,5.75,5.75,RH,RH,ambient,True,SUP-116,A-12-07,True,159,57
EL-5027-4493,ECU control module Gen 2,Electronics,2.04,2.04,2.04,LH,LH,ambient,False,SUP-186,JIS-07-16,True,173,80
CH-8366-4494,Wheel carrier Premium,Chassis,8.43,8.43,8.43,LH,LH,ambient,False,SUP-113,Q-04-01,True,143,31
CH-9665-4495,Steering knuckle RH,Chassis,6.78,6.78,6.78,LH,LH,ambient,False,SUP-062,HZ-02-16,True,71,46
FL-3296-4496,Brake fluid reservoir Gen 2,Fluids,24.12,24.12,24.12,LH,LH,hazmat,False,SUP-061,JIS-07-16,True,207,58
FL-3203-4497,Sealant cartridge LH,Fluids,21.97,21.97,21.97,LH,LH,ambient,True,SUP-121,Q-04-16,True,75,70
IN-6388-4498,Seat rail RH,Interior,13.98,13.98,13.98,RH,RH,ambient,False,SUP-078,JIS-07-15,True,107,44
IN-4020-4499,Console module Premium,Interior,16.02,16.02,16.02,RH,RH,ambient,False,SUP-049,Q-04-10,True,109,56
FL-3842-4500,Washer concentrate Premium,Fluids,4.49,4.49,4.49,LH,LH,ambient,False,SUP-051,A-12-16,True,105,63
FL-1390-4501,Washer concentrate Premium,Fluids,3.22,3.22,3.22,LH,LH,ambient,False,SUP-160,Q-04-09,True,120,58
PO-4031-4502,Clutch actuator RH,Powertrain,5.41,5.41,5.41,LH,LH,ambient,False,SUP-119,A-12-06,True,93,78
CH-2846-4503,Wheel carrier LH,Chassis,21.65,21.65,21.65,LH,LH,ambient,False,SUP-132,A-12-11,True,113,89
EL-6091-4504,Camera harness RH,Electronics,19.94,19.94,19.94,LH,LH,ambient,False,SUP-190,HZ-02-07,True,170,88
IN-9160-4505,Console module LH,Interior,10.01,10.01,10.01,LH,LH,ambient,False,SUP-185,Q-04-05,True,82,84
FL-2028-4506,Coolant additive Premium,Fluids,21.17,21.17,21.17,RH,RH,ambient,False,SUP-117,B-07-04,True,69,79
CH-2164-4507,Wheel carrier LH,Chassis,10.79,10.79,10.79,RH,RH,ambient,False,SUP-149,A-12-05,True,92,86
IN-9795-4508,Door trim panel Premium,Interior,10.96,10.96,10.96,RH,RH,ambient,False,SUP-126,B-07-04,True,97,83
PO-6348-4509,Fuel rail LH,Powertrain,6.27,6.27,6.27,LH,LH,ambient,False,SUP-103,Q-04-14,True,215,62
FL-8480-4510,Sealant cartridge Premium,Fluids,5.36,5.36,5.36,RH,RH,ambient,False,SUP-151,HZ-02-03,True,65,48
IN-8241-4511,Wiring harness assembly Premium,Interior,23.34,23.34,23.34,LH,LH,ambient,False,SUP-174,B-07-09,True,72,75
PO-3355-4512,Gear selector Gen 2,Powertrain,15.18,15.18,15.18,RH,RH,ambient,False,SUP-058,B-07-15,True,102,90
PO-1907-4513,Gear selector RH,Powertrain,9.23,9.23,9.23,LH,LH,ambient,False,SUP-080,HZ-02-05,True,160,32
FL-7216-4514,Sealant cartridge Gen 2,Fluids,9.92,9.92,9.92,RH,RH,hazmat,False,SUP-175,A-12-04,True,60,55
CH-6961-4515,Control arm RH,Chassis,13.74,13.74,13.74,RH,RH,ambient,False,SUP-100,JIS-07-03,True,101,71
FL-7011-4516,Washer concentrate Premium,Fluids,12.04,12.04,12.04,LH,LH,ambient,True,SUP-121,B-07-15,True,99,59
IN-1969-4517,Console module LH,Interior,10.81,10.81,10.81,LH,LH,ambient,False,SUP-027,HZ-02-03,True,204,56
CH-3817-4518,Control arm Premium,Chassis,2.73,2.73,2.73,RH,RH,ambient,False,SUP-103,JIS-07-03,True,180,62
PO-2981-4519,Clutch actuator LH,Powertrain,12.39,12.39,12.39,RH,RH,ambient,False,SUP-189,A-12-10,True,103,81
PO-2391-4520,Torque converter Gen 2,Powertrain,10.08,10.08,10.08,RH,RH,ambient,False,SUP-193,A-12-03,True,220,70
PO-6368-4521,Clutch actuator LH,Powertrain,18.57,18.57,18.57,LH,LH,ambient,False,SUP-085,Q-04-15,True,113,55
IN-6286-4522,Wiring harness assembly RH,Interior,19.59,19.59,19.59,RH,RH,ambient,False,SUP-163,HZ-02-07,True,157,65
PO-8828-4523,Clutch actuator Premium,Powertrain,19.22,19.22,19.22,RH,RH,ambient,False,SUP-076,HZ-02-02,True,164,65
CH-3912-4524,Steering knuckle Gen 2,Chassis,16.15,16.15,16.15,LH,LH,ambient,False,SUP-080,B-07-03,True,72,83
FL-4113-4525,Sealant cartridge LH,Fluids,16.33,16.33,16.33,LH,LH,hazmat,False,SUP-137,HZ-02-06,True,128,52
PO-1286-4526,Fuel rail LH,Powertrain,7.2,7.2,7.2,RH,RH,ambient,False,SUP-186,B-07-06,True,117,58
IN-8865-4527,Console module Gen 2,Interior,22.19,22.19,22.19,LH,LH,ambient,False,SUP-138,B-07-01,True,76,35
FL-8069-4528,Washer concentrate Premium,Fluids,1.06,1.06,1.06,RH,RH,ambient,False,SUP-060,B-07-14,True,211,84
CH-6397-4529,Brake line manifold Gen 2,Chassis,17.74,17.74,17.74,LH,LH,ambient,False,SUP-164,A-12-10,True,211,88
FL-5668-4530,Sealant cartridge Gen 2,Fluids,7.53,7.53,7.53,RH,RH,ambient,False,SUP-065,B-07-11,True,207,57
EL-7481-4531,Power distribution unit RH,Electronics,15.59,15.59,15.59,LH,LH,ambient,False,SUP-144,B-07-13,True,209,50
EL-6640-4532,Camera harness Gen 2,Electronics,23.08,23.08,23.08,LH,LH,ambient,False,SUP-037,Q-04-11,True,84,78
EL-5004-4533,Radar sensor RH,Electronics,11.97,11.97,11.97,RH,RH,ambient,False,SUP-095,A-12-14,True,77,66
EL-5397-4534,ECU control module LH,Electronics,15.54,15.54,15.54,RH,RH,ambient,False,SUP-013,JIS-07-06,True,201,41
PO-2542-4535,Torque converter Gen 2,Powertrain,14.13,14.13,14.13,RH,RH,ambient,False,SUP-055,JIS-07-13,True,135,53
IN-1439-4536,Seat rail Premium,Interior,7.78,7.78,7.78,RH,RH,ambient,False,SUP-084,A-12-02,True,64,67
IN-9058-4537,Console module Premium,Interior,14.61,14.61,14.61,LH,LH,ambient,False,SUP-167,B-07-05,True,79,50
EL-1489-4538,Radar sensor Premium,Electronics,6.59,6.59,6.59,RH,RH,ambient,False,SUP-007,HZ-02-11,True,190,26
EL-4804-4539,ECU control module Gen 2,Electronics,13.64,13.64,13.64,LH,LH,ambient,False,SUP-196,A-12-10,True,143,71
IN-5400-4540,Wiring harness assembly LH,Interior,13.68,13.68,13.68,LH,LH,ambient,False,SUP-044,HZ-02-11,True,212,26
CH-1594-4541,Wheel carrier LH,Chassis,13.52,13.52,13.52,LH,LH,ambient,False,SUP-003,B-07-07,True,70,47
EL-7816-4542,Radar sensor RH,Electronics,4.51,4.51,4.51,LH,LH,ambient,False,SUP-043,Q-04-07,True,79,53
FL-2130-4543,Brake fluid reservoir Gen 2,Fluids,13.89,13.89,13.89,LH,LH,hazmat,False,SUP-067,B-07-05,True,202,56
FL-9083-4544,Sealant cartridge LH,Fluids,0.42,0.42,0.42,LH,LH,ambient,False,SUP-169,B-07-13,True,164,82
PO-4338-4545,Torque converter Premium,Powertrain,18.18,18.18,18.18,RH,RH,ambient,False,SUP-180,A-12-18,True,210,58
PO-6909-4546,Torque converter LH,Powertrain,22.42,22.42,22.42,LH,LH,ambient,False,SUP-091,JIS-07-16,True,181,75
EL-6599-4547,ECU control module RH,Electronics,14.2,14.2,14.2,LH,LH,ambient,False,SUP-028,HZ-02-04,True,97,49
FL-9375-4548,Coolant additive Premium,Fluids,5.73,5.73,5.73,RH,RH,ambient,False,SUP-126,B-07-08,True,103,50
EL-8397-4549,Radar sensor Premium,Electronics,16.63,16.63,16.63,LH,LH,ambient,False,SUP-110,B-07-09,True,159,25
FL-8905-4550,Brake fluid reservoir Gen 2,Fluids,4.22,4.22,4.22,RH,RH,ambient,False,SUP-166,HZ-02-10,True,176,48
FL-3249-4551,Sealant cartridge RH,Fluids,19.61,19.61,19.61,LH,LH,ambient,True,SUP-083,Q-04-18,True,69,87
PO-6190-4552,Torque converter Premium,Powertrain,18.76,18.76,18.76,RH,RH,ambient,False,SUP-093,A-12-02,True,133,32
EL-4902-4553,ECU control module Premium,Electronics,11.69,11.69,11.69,RH,RH,ambient,False,SUP-044,HZ-02-15,True,135,57
CH-3393-4554,Brake line manifold LH,Chassis,21.07,21.07,21.07,LH,LH,ambient,False,SUP-110,JIS-07-14,True,115,56
PO-5794-4555,Fuel rail LH,Powertrain,21.39,21.39,21.39,RH,RH,ambient,False,SUP-145,A-12-04,True,77,72
CH-4962-4556,Control arm Gen 2,Chassis,7.2,7.2,7.2,RH,RH,ambient,False,SUP-074,Q-04-17,True,188,72
IN-3408-4557,Door trim panel Premium,Interior,9.93,9.93,9.93,LH,LH,ambient,False,SUP-132,JIS-07-17,True,103,39
EL-1413-4558,Camera harness Gen 2,Electronics,22.22,22.22,22.22,LH,LH,ambient,False,SUP-035,JIS-07-17,True,157,86
EL-4630-4559,Power distribution unit LH,Electronics,21.76,21.76,21.76,LH,LH,ambient,False,SUP-195,B-07-10,True,100,49
PO-3700-4560,Torque converter Premium,Powertrain,21.27,21.27,21.27,RH,RH,ambient,False,SUP-189,Q-04-14,True,163,38
CH-7276-4561,Brake line manifold RH,Chassis,24.22,24.22,24.22,RH,RH,ambient,False,SUP-097,Q-04-10,True,121,90
IN-2849-4562,Console module Premium,Interior,1.45,1.45,1.45,LH,LH,ambient,False,SUP-146,JIS-07-08,True,124,64
FL-1343-4563,Coolant additive LH,Fluids,1.85,1.85,1.85,RH,RH,hazmat,False,SUP-141,B-07-18,True,102,60
IN-9307-4564,Door trim panel LH,Interior,12.04,12.04,12.04,RH,RH,ambient,False,SUP-041,Q-04-15,True,125,78
PO-5729-4565,Clutch actuator LH,Powertrain,20.32,20.32,20.32,LH,LH,ambient,False,SUP-001,HZ-02-02,True,199,25
IN-1112-4566,Console module Gen 2,Interior,0.43,0.43,0.43,RH,RH,ambient,False,SUP-141,HZ-02-04,True,175,68
FL-8202-4567,Washer concentrate Premium,Fluids,6.35,6.35,6.35,LH,LH,ambient,True,SUP-147,Q-04-06,True,129,58
PO-9177-4568,Clutch actuator Gen 2,Powertrain,21.13,21.13,21.13,RH,RH,ambient,False,SUP-182,Q-04-18,True,112,83
IN-8408-4569,Wiring harness assembly RH,Interior,23.63,23.63,23.63,LH,LH,ambient,False,SUP-083,B-07-02,True,131,78
FL-3930-4570,Sealant cartridge RH,Fluids,5.09,5.09,5.09,LH,LH,ambient,False,SUP-152,JIS-07-06,True,109,39
CH-9547-4571,Steering knuckle Premium,Chassis,20.92,20.92,20.92,RH,RH,ambient,False,SUP-172,B-07-14,True,92,42
EL-4758-4572,ECU control module RH,Electronics,9.74,9.74,9.74,LH,LH,ambient,False,SUP-011,HZ-02-03,True,214,80
FL-7378-4573,Coolant additive Premium,Fluids,9.09,9.09,9.09,LH,LH,ambient,False,SUP-106,HZ-02-06,True,169,56
CH-8916-4574,Steering knuckle RH,Chassis,5.6,5.6,5.6,RH,RH,ambient,False,SUP-028,HZ-02-03,True,85,70
IN-8068-4575,Seat rail Premium,Interior,17.63,17.63,17.63,RH,RH,ambient,False,SUP-008,Q-04-16,True,169,74
IN-8263-4576,Seat rail Gen 2,Interior,9.15,9.15,9.15,RH,RH,ambient,False,SUP-180,A-12-05,True,66,90
PO-4323-4577,Gear selector Gen 2,Powertrain,19.49,19.49,19.49,LH,LH,ambient,False,SUP-171,JIS-07-07,True,171,29
IN-3490-4578,Seat rail Premium,Interior,3.56,3.56,3.56,RH,RH,ambient,False,SUP-133,HZ-02-14,True,197,83
EL-1557-4579,ECU control module Premium,Electronics,19.46,19.46,19.46,RH,RH,ambient,False,SUP-040,JIS-07-04,True,184,59
PO-8240-4580,Clutch actuator Premium,Powertrain,16.42,16.42,16.42,LH,LH,ambient,False,SUP-050,B-07-09,True,114,51
CH-7065-4581,Brake line manifold Gen 2,Chassis,16.94,16.94,16.94,RH,RH,ambient,False,SUP-183,Q-04-12,True,172,51
IN-1988-4582,Door trim panel Premium,Interior,20.98,20.98,20.98,RH,RH,ambient,False,SUP-145,JIS-07-15,True,170,44
CH-3398-4583,Control arm LH,Chassis,23.62,23.62,23.62,LH,LH,ambient,False,SUP-135,B-07-08,True,155,62
IN-1436-4584,Door trim panel Gen 2,Interior,15.3,15.3,15.3,LH,LH,ambient,False,SUP-066,Q-04-17,True,180,74
CH-4531-4585,Steering knuckle LH,Chassis,4.75,4.75,4.75,LH,LH,ambient,False,SUP-138,HZ-02-17,True,123,79
IN-8829-4586,Door trim panel LH,Interior,3.63,3.63,3.63,RH,RH,ambient,False,SUP-085,A-12-08,True,70,50
FL-1474-4587,Coolant additive Premium,Fluids,18.22,18.22,18.22,RH,RH,ambient,True,SUP-129,Q-04-07,True,188,68
PO-5742-4588,Fuel rail RH,Powertrain,13.38,13.38,13.38,RH,RH,ambient,False,SUP-189,A-12-13,True,194,71
PO-5213-4589,Clutch actuator RH,Powertrain,18.47,18.47,18.47,RH,RH,ambient,False,SUP-052,A-12-14,True,128,28
CH-7080-4590,Brake line manifold Gen 2,Chassis,18.11,18.11,18.11,LH,LH,ambient,False,SUP-094,B-07-15,True,135,54
PO-5891-4591,Gear selector Gen 2,Powertrain,9.13,9.13,9.13,LH,LH,ambient,False,SUP-034,B-07-07,True,78,45
IN-8568-4592,Console module Gen 2,Interior,0.66,0.66,0.66,RH,RH,ambient,False,SUP-005,Q-04-15,True,190,30
FL-7337-4593,Washer concentrate RH,Fluids,22.59,22.59,22.59,RH,RH,hazmat,False,SUP-088,A-12-01,True,107,29
PO-9304-4594,Fuel rail RH,Powertrain,10.98,10.98,10.98,LH,LH,ambient,False,SUP-102,JIS-07-18,True,158,82
CH-5693-4595,Control arm Premium,Chassis,19.43,19.43,19.43,LH,LH,ambient,False,SUP-149,HZ-02-02,True,151,40
FL-4662-4596,Sealant cartridge Gen 2,Fluids,17.92,17.92,17.92,RH,RH,ambient,True,SUP-097,HZ-02-18,True,202,84
PO-6282-4597,Gear selector LH,Powertrain,16.74,16.74,16.74,LH,LH,ambient,False,SUP-116,HZ-02-14,True,168,32
CH-3330-4598,Wheel carrier Gen 2,Chassis,18.02,18.02,18.02,LH,LH,ambient,False,SUP-111,Q-04-05,True,219,65
IN-2761-4599,Door trim panel LH,Interior,2.74,2.74,2.74,RH,RH,ambient,False,SUP-104,A-12-02,True,218,84
IN-5681-4600,Seat rail Premium,Interior,17.81,17.81,17.81,RH,RH,ambient,False,SUP-177,Q-04-16,True,67,81
PO-6336-4601,Clutch actuator Gen 2,Powertrain,14.22,14.22,14.22,RH,RH,ambient,False,SUP-184,A-12-05,True,72,90
EL-9802-4602,Radar sensor Premium,Electronics,11.49,11.49,11.49,LH,LH,ambient,False,SUP-161,A-12-01,True,178,54
IN-9860-4603,Seat rail RH,Interior,5.21,5.21,5.21,LH,LH,ambient,False,SUP-058,A-12-15,True,185,49
IN-2829-4604,Seat rail Premium,Interior,2.4,2.4,2.4,RH,RH,ambient,False,SUP-073,Q-04-10,True,99,60
CH-6054-4605,Brake line manifold LH,Chassis,5.45,5.45,5.45,RH,RH,ambient,False,SUP-159,B-07-04,True,94,58
EL-8721-4606,Power distribution unit RH,Electronics,18.37,18.37,18.37,RH,RH,ambient,False,SUP-075,Q-04-10,True,203,41
PO-6947-4607,Fuel rail Premium,Powertrain,5.38,5.38,5.38,LH,LH,ambient,False,SUP-092,B-07-18,True,132,34
PO-8732-4608,Torque converter Gen 2,Powertrain,11.84,11.84,11.84,LH,LH,ambient,False,SUP-169,B-07-09,True,107,80
PO-8595-4609,Torque converter LH,Powertrain,4.0,4.0,4.0,RH,RH,ambient,False,SUP-102,B-07-05,True,106,36
CH-2169-4610,Brake line manifold RH,Chassis,20.48,20.48,20.48,LH,LH,ambient,False,SUP-044,B-07-08,True,177,63
EL-4720-4611,Power distribution unit LH,Electronics,18.48,18.48,18.48,RH,RH,ambient,False,SUP-058,JIS-07-09,True,114,87
IN-7113-4612,Door trim panel Premium,Interior,15.8,15.8,15.8,LH,LH,ambient,False,SUP-054,B-07-04,True,110,82
PO-9080-4613,Clutch actuator Gen 2,Powertrain,8.43,8.43,8.43,LH,LH,ambient,False,SUP-116,JIS-07-06,True,112,74
EL-6223-4614,Power distribution unit LH,Electronics,13.5,13.5,13.5,LH,LH,ambient,False,SUP-165,A-12-11,True,207,88
FL-9338-4615,Washer concentrate Premium,Fluids,19.15,19.15,19.15,LH,LH,ambient,True,SUP-058,Q-04-14,True,63,38
PO-3620-4616,Fuel rail Gen 2,Powertrain,3.16,3.16,3.16,RH,RH,ambient,False,SUP-108,HZ-02-08,True,154,35
CH-2634-4617,Wheel carrier LH,Chassis,7.58,7.58,7.58,RH,RH,ambient,False,SUP-162,B-07-10,True,194,36
EL-8719-4618,ECU control module Premium,Electronics,16.53,16.53,16.53,RH,RH,ambient,False,SUP-077,Q-04-07,True,154,35
FL-8531-4619,Washer concentrate Premium,Fluids,23.97,23.97,23.97,RH,RH,hazmat,False,SUP-097,A-12-06,True,187,87
PO-4207-4620,Clutch actuator Premium,Powertrain,6.49,6.49,6.49,LH,LH,ambient,False,SUP-102,B-07-10,True,177,58
PO-6219-4621,Fuel rail Premium,Powertrain,9.17,9.17,9.17,RH,RH,ambient,False,SUP-065,HZ-02-09,True,90,82
EL-8908-4622,Power distribution unit Premium,Electronics,1.49,1.49,1.49,LH,LH,ambient,False,SUP-047,JIS-07-12,True,172,59
IN-2039-4623,Wiring harness assembly Premium,Interior,17.61,17.61,17.61,LH,LH,ambient,False,SUP-022,A-12-18,True,141,29
PO-4292-4624,Torque converter RH,Powertrain,4.56,4.56,4.56,RH,RH,ambient,False,SUP-164,Q-04-17,True,188,66
EL-3718-4625,Radar sensor LH,Electronics,18.71,18.71,18.71,RH,RH,ambient,False,SUP-002,A-12-01,True,209,77
IN-5443-4626,Seat rail RH,Interior,12.66,12.66,12.66,RH,RH,ambient,False,SUP-184,B-07-09,True,212,61
PO-8014-4627,Fuel rail Gen 2,Powertrain,0.57,0.57,0.57,LH,LH,ambient,False,SUP-100,HZ-02-14,True,71,56
FL-6035-4628,Washer concentrate RH,Fluids,6.59,6.59,6.59,LH,LH,ambient,False,SUP-050,Q-04-07,True,75,62
IN-6338-4629,Wiring harness assembly RH,Interior,16.82,16.82,16.82,RH,RH,ambient,False,SUP-028,HZ-02-03,True,177,70
IN-1647-4630,Door trim panel RH,Interior,1.46,1.46,1.46,RH,RH,ambient,False,SUP-114,B-07-18,True,155,81
FL-3577-4631,Coolant additive Gen 2,Fluids,5.11,5.11,5.11,RH,RH,ambient,False,SUP-072,B-07-07,True,174,89
IN-1406-4632,Seat rail RH,Interior,12.36,12.36,12.36,RH,RH,ambient,False,SUP-095,JIS-07-11,True,100,42
PO-8613-4633,Gear selector RH,Powertrain,16.92,16.92,16.92,RH,RH,ambient,False,SUP-085,B-07-13,True,117,81
PO-8534-4634,Clutch actuator Gen 2,Powertrain,0.42,0.42,0.42,RH,RH,ambient,False,SUP-138,JIS-07-12,True,133,31
IN-1469-4635,Seat rail LH,Interior,14.61,14.61,14.61,LH,LH,ambient,False,SUP-004,B-07-12,True,188,42
PO-8817-4636,Fuel rail RH,Powertrain,17.39,17.39,17.39,LH,LH,ambient,False,SUP-050,A-12-16,True,108,34
PO-5645-4637,Clutch actuator Premium,Powertrain,1.95,1.95,1.95,LH,LH,ambient,False,SUP-163,A-12-07,True,81,72
PO-1692-4638,Fuel rail Gen 2,Powertrain,12.7,12.7,12.7,LH,LH,ambient,False,SUP-050,JIS-07-01,True,214,75
CH-3241-4639,Wheel carrier Premium,Chassis,6.93,6.93,6.93,LH,LH,ambient,False,SUP-119,A-12-16,True,80,50
FL-4065-4640,Sealant cartridge Gen 2,Fluids,18.46,18.46,18.46,RH,RH,ambient,False,SUP-006,JIS-07-18,True,122,31
PO-6633-4641,Clutch actuator Premium,Powertrain,13.62,13.62,13.62,RH,RH,ambient,False,SUP-012,B-07-07,True,213,56
EL-1840-4642,Radar sensor Gen 2,Electronics,8.3,8.3,8.3,RH,RH,ambient,False,SUP-107,Q-04-04,True,114,90
FL-8001-4643,Brake fluid reservoir LH,Fluids,19.89,19.89,19.89,LH,LH,ambient,True,SUP-110,B-07-09,True,152,58
FL-9611-4644,Sealant cartridge Gen 2,Fluids,22.73,22.73,22.73,LH,LH,hazmat,True,SUP-015,HZ-02-05,True,81,64
FL-4377-4645,Sealant cartridge LH,Fluids,2.77,2.77,2.77,LH,LH,hazmat,True,SUP-011,A-12-12,True,146,89
PO-7844-4646,Gear selector Gen 2,Powertrain,22.67,22.67,22.67,LH,LH,ambient,False,SUP-026,A-12-02,True,121,87
EL-2838-4647,ECU control module Premium,Electronics,20.14,20.14,20.14,LH,LH,ambient,False,SUP-049,JIS-07-09,True,93,64
IN-9086-4648,Door trim panel LH,Interior,6.37,6.37,6.37,RH,RH,ambient,False,SUP-105,B-07-12,True,127,44
FL-1577-4649,Washer concentrate RH,Fluids,21.39,21.39,21.39,LH,LH,ambient,False,SUP-027,JIS-07-08,True,92,69
EL-2831-4650,Power distribution unit RH,Electronics,18.37,18.37,18.37,LH,LH,ambient,False,SUP-149,JIS-07-10,True,212,79
PO-5977-4651,Clutch actuator RH,Powertrain,3.2,3.2,3.2,LH,LH,ambient,False,SUP-083,HZ-02-18,True,89,86
EL-9104-4652,Power distribution unit Premium,Electronics,17.83,17.83,17.83,RH,RH,ambient,False,SUP-094,HZ-02-08,True,156,53
EL-2935-4653,ECU control module Premium,Electronics,17.9,17.9,17.9,LH,LH,ambient,False,SUP-109,A-12-11,True,102,79
PO-1024-4654,Gear selector Gen 2,Powertrain,1.13,1.13,1.13,RH,RH,ambient,False,SUP-019,HZ-02-08,True,135,90
FL-7108-4655,Washer concentrate Gen 2,Fluids,4.0,4.0,4.0,RH,RH,ambient,True,SUP-002,A-12-05,True,167,29
PO-7801-4656,Torque converter RH,Powertrain,19.98,19.98,19.98,RH,RH,ambient,False,SUP-167,B-07-10,True,103,78
IN-3929-4657,Seat rail LH,Interior,24.25,24.25,24.25,RH,RH,ambient,False,SUP-042,HZ-02-12,True,145,72
IN-5049-4658,Console module RH,Interior,7.13,7.13,7.13,LH,LH,ambient,False,SUP-082,B-07-08,True,116,64
IN-9844-4659,Console module Gen 2,Interior,4.41,4.41,4.41,LH,LH,ambient,False,SUP-064,JIS-07-04,True,215,44
FL-4558-4660,Washer concentrate RH,Fluids,9.46,9.46,9.46,RH,RH,ambient,False,SUP-041,JIS-07-11,True,96,50
CH-6805-4661,Brake line manifold Gen 2,Chassis,19.51,19.51,19.51,RH,RH,ambient,False,SUP-129,A-12-16,True,61,54
FL-1962-4662,Coolant additive RH,Fluids,14.8,14.8,14.8,LH,LH,hazmat,True,SUP-017,A-12-02,True,117,72
FL-6444-4663,Coolant additive LH,Fluids,10.79,10.79,10.79,LH,LH,hazmat,True,SUP-172,A-12-06,True,129,82
EL-4575-4664,Radar sensor Gen 2,Electronics,14.73,14.73,14.73,LH,LH,ambient,False,SUP-129,A-12-04,True,212,36
PO-6661-4665,Torque converter Gen 2,Powertrain,13.63,13.63,13.63,LH,LH,ambient,False,SUP-109,JIS-07-16,True,219,26
PO-5188-4666,Clutch actuator Gen 2,Powertrain,16.86,16.86,16.86,LH,LH,ambient,False,SUP-085,HZ-02-01,True,140,74
CH-2559-4667,Control arm Premium,Chassis,14.73,14.73,14.73,LH,LH,ambient,False,SUP-170,A-12-02,True,66,59
PO-2333-4668,Clutch actuator RH,Powertrain,21.58,21.58,21.58,LH,LH,ambient,False,SUP-055,A-12-11,True,203,65
IN-4686-4669,Wiring harness assembly LH,Interior,7.9,7.9,7.9,LH,LH,ambient,False,SUP-200,B-07-04,True,107,38
EL-4198-4670,Power distribution unit RH,Electronics,12.84,12.84,12.84,LH,LH,ambient,False,SUP-013,HZ-02-05,True,90,55
FL-6056-4671,Coolant additive Premium,Fluids,18.47,18.47,18.47,RH,RH,ambient,False,SUP-136,B-07-05,True,173,26
FL-2018-4672,Washer concentrate LH,Fluids,22.35,22.35,22.35,LH,LH,hazmat,False,SUP-037,Q-04-07,True,185,65
EL-9954-4673,Radar sensor Gen 2,Electronics,24.26,24.26,24.26,RH,RH,ambient,False,SUP-174,HZ-02-08,True,69,34
IN-1483-4674,Console module LH,Interior,14.94,14.94,14.94,RH,RH,ambient,False,SUP-077,Q-04-13,True,83,71
IN-2409-4675,Seat rail RH,Interior,5.65,5.65,5.65,RH,RH,ambient,False,SUP-056,JIS-07-08,True,211,48
PO-2783-4676,Fuel rail LH,Powertrain,11.94,11.94,11.94,LH,LH,ambient,False,SUP-055,JIS-07-11,True,114,49
EL-5512-4677,Radar sensor LH,Electronics,7.07,7.07,7.07,RH,RH,ambient,False,SUP-160,A-12-09,True,61,83
PO-5452-4678,Gear selector RH,Powertrain,9.28,9.28,9.28,RH,RH,ambient,False,SUP-153,JIS-07-09,True,111,73
PO-8152-4679,Clutch actuator Premium,Powertrain,19.87,19.87,19.87,RH,RH,ambient,False,SUP-157,A-12-13,True,181,80
EL-8049-4680,ECU control module LH,Electronics,19.96,19.96,19.96,LH,LH,ambient,False,SUP-095,B-07-16,True,171,54
FL-2042-4681,Coolant additive RH,Fluids,4.79,4.79,4.79,RH,RH,ambient,False,SUP-125,HZ-02-01,True,91,25
EL-9224-4682,ECU control module Gen 2,Electronics,14.46,14.46,14.46,RH,RH,ambient,False,SUP-189,HZ-02-05,True,214,48
FL-6846-4683,Washer concentrate Premium,Fluids,19.33,19.33,19.33,RH,RH,hazmat,True,SUP-157,HZ-02-01,True,127,49
PO-4709-4684,Fuel rail RH,Powertrain,22.52,22.52,22.52,LH,LH,ambient,False,SUP-132,JIS-07-07,True,130,50
PO-8078-4685,Gear selector LH,Powertrain,1.33,1.33,1.33,LH,LH,ambient,False,SUP-110,Q-04-10,True,203,66
EL-3414-4686,Radar sensor Premium,Electronics,14.89,14.89,14.89,LH,LH,ambient,False,SUP-111,B-07-08,True,174,42
PO-2473-4687,Fuel rail RH,Powertrain,0.61,0.61,0.61,LH,LH,ambient,False,SUP-046,HZ-02-02,True,136,65
FL-7507-4688,Washer concentrate LH,Fluids,23.96,23.96,23.96,LH,LH,ambient,False,SUP-036,Q-04-05,True,92,82
PO-6933-4689,Gear selector RH,Powertrain,7.7,7.7,7.7,LH,LH,ambient,False,SUP-165,Q-04-07,True,71,26
EL-6670-4690,Camera harness Premium,Electronics,19.1,19.1,19.1,RH,RH,ambient,False,SUP-002,Q-04-07,True,89,40
CH-5298-4691,Wheel carrier RH,Chassis,5.97,5.97,5.97,RH,RH,ambient,False,SUP-023,HZ-02-17,True,129,67
IN-8375-4692,Wiring harness assembly Gen 2,Interior,12.73,12.73,12.73,LH,LH,ambient,False,SUP-135,HZ-02-08,True,194,28
FL-1306-4693,Coolant additive Premium,Fluids,19.08,19.08,19.08,RH,RH,hazmat,False,SUP-106,B-07-14,True,200,75
PO-9587-4694,Gear selector RH,Powertrain,19.81,19.81,19.81,RH,RH,ambient,False,SUP-049,Q-04-05,True,120,79
IN-8828-4695,Wiring harness assembly RH,Interior,23.46,23.46,23.46,RH,RH,ambient,False,SUP-135,B-07-12,True,118,28
CH-8838-4696,Control arm Premium,Chassis,0.6,0.6,0.6,LH,LH,ambient,False,SUP-158,Q-04-13,True,171,83
CH-8211-4697,Brake line manifold Gen 2,Chassis,16.52,16.52,16.52,LH,LH,ambient,False,SUP-079,B-07-18,True,120,84
EL-6441-4698,Power distribution unit LH,Electronics,21.02,21.02,21.02,LH,LH,ambient,False,SUP-067,JIS-07-02,True,169,81
IN-8136-4699,Wiring harness assembly RH,Interior,3.76,3.76,3.76,LH,LH,ambient,False,SUP-043,A-12-09,True,127,86
PO-2277-4700,Clutch actuator Gen 2,Powertrain,22.03,22.03,22.03,LH,LH,ambient,False,SUP-160,HZ-02-07,True,174,66
EL-9091-4701,Radar sensor RH,Electronics,10.48,10.48,10.48,LH,LH,ambient,False,SUP-132,B-07-03,True,63,82
IN-3592-4702,Wiring harness assembly LH,Interior,15.91,15.91,15.91,LH,LH,ambient,False,SUP-004,JIS-07-17,True,98,57
FL-3376-4703,Sealant cartridge LH,Fluids,11.36,11.36,11.36,LH,LH,ambient,True,SUP-039,Q-04-09,True,163,33
CH-1063-4704,Brake line manifold Gen 2,Chassis,15.33,15.33,15.33,LH,LH,ambient,False,SUP-052,Q-04-16,True,114,34
CH-7444-4705,Control arm Premium,Chassis,19.0,19.0,19.0,LH,LH,ambient,False,SUP-096,JIS-07-16,True,62,90
CH-3383-4706,Steering knuckle RH,Chassis,14.3,14.3,14.3,RH,RH,ambient,False,SUP-138,Q-04-15,True,176,80
EL-8867-4707,ECU control module RH,Electronics,19.02,19.02,19.02,LH,LH,ambient,False,SUP-018,A-12-09,True,154,38
IN-6317-4708,Seat rail Gen 2,Interior,8.07,8.07,8.07,LH,LH,ambient,False,SUP-100,B-07-08,True,63,70
IN-8283-4709,Wiring harness assembly RH,Interior,22.42,22.42,22.42,RH,RH,ambient,False,SUP-062,A-12-17,True,170,61
CH-4646-4710,Control arm RH,Chassis,20.43,20.43,20.43,RH,RH,ambient,False,SUP-014,A-12-02,True,100,68
CH-5032-4711,Steering knuckle Premium,Chassis,9.13,9.13,9.13,LH,LH,ambient,False,SUP-183,Q-04-01,True,142,80
FL-8764-4712,Sealant cartridge Premium,Fluids,12.69,12.69,12.69,RH,RH,hazmat,False,SUP-090,JIS-07-08,True,181,35
PO-2146-4713,Gear selector RH,Powertrain,18.43,18.43,18.43,LH,LH,ambient,False,SUP-109,Q-04-02,True,93,88
CH-2406-4714,Steering knuckle Gen 2,Chassis,10.17,10.17,10.17,LH,LH,ambient,False,SUP-194,HZ-02-02,True,206,80
CH-1499-4715,Steering knuckle RH,Chassis,20.34,20.34,20.34,LH,LH,ambient,False,SUP-167,Q-04-03,True,128,46
IN-1017-4716,Door trim panel Gen 2,Interior,19.32,19.32,19.32,LH,LH,ambient,False,SUP-019,B-07-10,True,106,31
FL-6953-4717,Sealant cartridge Gen 2,Fluids,16.28,16.28,16.28,LH,LH,ambient,True,SUP-081,B-07-09,True,180,58
EL-8401-4718,Camera harness RH,Electronics,23.97,23.97,23.97,RH,RH,ambient,False,SUP-184,Q-04-09,True,136,61
CH-8544-4719,Brake line manifold RH,Chassis,14.26,14.26,14.26,RH,RH,ambient,False,SUP-180,Q-04-13,True,135,73
FL-6957-4720,Brake fluid reservoir RH,Fluids,11.55,11.55,11.55,LH,LH,ambient,True,SUP-163,A-12-18,True,159,50
IN-8790-4721,Console module LH,Interior,7.14,7.14,7.14,RH,RH,ambient,False,SUP-161,Q-04-15,True,66,90
EL-3483-4722,Power distribution unit Premium,Electronics,0.94,0.94,0.94,RH,RH,ambient,False,SUP-114,B-07-02,True,84,77
FL-4451-4723,Coolant additive Premium,Fluids,19.64,19.64,19.64,RH,RH,ambient,False,SUP-110,B-07-13,True,111,39
CH-2687-4724,Steering knuckle Gen 2,Chassis,17.88,17.88,17.88,LH,LH,ambient,False,SUP-149,A-12-02,True,176,71
PO-9377-4725,Clutch actuator LH,Powertrain,16.15,16.15,16.15,LH,LH,ambient,False,SUP-103,JIS-07-06,True,116,63
EL-2482-4726,ECU control module Premium,Electronics,18.54,18.54,18.54,LH,LH,ambient,False,SUP-154,HZ-02-11,True,77,28
EL-4725-4727,ECU control module Gen 2,Electronics,9.69,9.69,9.69,LH,LH,ambient,False,SUP-105,JIS-07-14,True,107,85
CH-7658-4728,Wheel carrier LH,Chassis,20.77,20.77,20.77,RH,RH,ambient,False,SUP-005,HZ-02-02,True,64,53
EL-6506-4729,Power distribution unit LH,Electronics,5.59,5.59,5.59,LH,LH,ambient,False,SUP-010,JIS-07-07,True,131,40
CH-7518-4730,Brake line manifold LH,Chassis,1.6,1.6,1.6,RH,RH,ambient,False,SUP-109,Q-04-07,True,123,67
PO-3482-4731,Fuel rail Gen 2,Powertrain,6.76,6.76,6.76,LH,LH,ambient,False,SUP-182,Q-04-06,True,206,53
FL-8175-4732,Sealant cartridge Premium,Fluids,7.45,7.45,7.45,LH,LH,hazmat,False,SUP-053,HZ-02-17,True,158,53
FL-5116-4733,Washer concentrate Premium,Fluids,8.39,8.39,8.39,RH,RH,hazmat,True,SUP-118,Q-04-02,True,162,32
CH-3177-4734,Steering knuckle LH,Chassis,20.47,20.47,20.47,LH,LH,ambient,False,SUP-004,JIS-07-08,True,143,36
PO-9227-4735,Fuel rail RH,Powertrain,7.27,7.27,7.27,RH,RH,ambient,False,SUP-003,HZ-02-13,True,155,44
EL-4441-4736,Power distribution unit RH,Electronics,19.0,19.0,19.0,LH,LH,ambient,False,SUP-168,JIS-07-15,True,200,42
CH-1159-4737,Steering knuckle LH,Chassis,4.22,4.22,4.22,RH,RH,ambient,False,SUP-200,B-07-02,True,214,78
EL-9810-4738,Radar sensor LH,Electronics,3.61,3.61,3.61,RH,RH,ambient,False,SUP-119,HZ-02-06,True,207,89
FL-8885-4739,Brake fluid reservoir Gen 2,Fluids,15.72,15.72,15.72,LH,LH,ambient,False,SUP-009,Q-04-04,True,205,43
IN-4895-4740,Console module RH,Interior,15.36,15.36,15.36,LH,LH,ambient,False,SUP-121,Q-04-12,True,147,83
PO-4292-4741,Gear selector Gen 2,Powertrain,7.2,7.2,7.2,RH,RH,ambient,False,SUP-187,HZ-02-15,True,187,45
CH-6138-4742,Control arm LH,Chassis,13.76,13.76,13.76,LH,LH,ambient,False,SUP-178,B-07-03,True,185,90
EL-9934-4743,Radar sensor RH,Electronics,18.1,18.1,18.1,LH,LH,ambient,False,SUP-083,Q-04-15,True,67,31
FL-1532-4744,Coolant additive Gen 2,Fluids,8.65,8.65,8.65,LH,LH,ambient,False,SUP-176,JIS-07-13,True,166,66
CH-6095-4745,Wheel carrier Gen 2,Chassis,13.07,13.07,13.07,LH,LH,ambient,False,SUP-061,B-07-01,True,125,50
CH-3402-4746,Wheel carrier Premium,Chassis,14.85,14.85,14.85,RH,RH,ambient,False,SUP-193,Q-04-17,True,76,28
CH-4205-4747,Wheel carrier RH,Chassis,5.4,5.4,5.4,LH,LH,ambient,False,SUP-123,Q-04-04,True,155,65
IN-6488-4748,Wiring harness assembly RH,Interior,9.04,9.04,9.04,LH,LH,ambient,False,SUP-001,Q-04-08,True,214,78
FL-6528-4749,Brake fluid reservoir RH,Fluids,23.21,23.21,23.21,RH,RH,ambient,True,SUP-172,A-12-03,True,137,47
CH-9236-4750,Wheel carrier Premium,Chassis,3.0,3.0,3.0,RH,RH,ambient,False,SUP-161,JIS-07-02,True,105,50
EL-8098-4751,Camera harness LH,Electronics,6.81,6.81,6.81,LH,LH,ambient,False,SUP-145,B-07-15,True,106,81
CH-2757-4752,Wheel carrier RH,Chassis,22.11,22.11,22.11,RH,RH,ambient,False,SUP-066,B-07-16,True,151,61
IN-4778-4753,Wiring harness assembly RH,Interior,9.08,9.08,9.08,LH,LH,ambient,False,SUP-013,Q-04-13,True,151,30
EL-1456-4754,ECU control module Premium,Electronics,21.7,21.7,21.7,RH,RH,ambient,False,SUP-198,HZ-02-16,True,119,54
EL-5963-4755,Power distribution unit LH,Electronics,23.38,23.38,23.38,LH,LH,ambient,False,SUP-075,A-12-15,True,116,36
IN-4468-4756,Door trim panel LH,Interior,10.73,10.73,10.73,LH,LH,ambient,False,SUP-041,Q-04-10,True,67,67
EL-2627-4757,Camera harness Premium,Electronics,3.64,3.64,3.64,LH,LH,ambient,False,SUP-166,JIS-07-03,True,208,74
EL-5881-4758,Power distribution unit Gen 2,Electronics,24.28,24.28,24.28,LH,LH,ambient,False,SUP-159,Q-04-02,True,116,54
PO-9821-4759,Clutch actuator Gen 2,Powertrain,19.73,19.73,19.73,RH,RH,ambient,False,SUP-092,HZ-02-10,True,192,48
PO-8542-4760,Gear selector LH,Powertrain,1.18,1.18,1.18,LH,LH,ambient,False,SUP-199,HZ-02-12,True,66,36
FL-5105-4761,Coolant additive LH,Fluids,5.0,5.0,5.0,RH,RH,hazmat,False,SUP-060,Q-04-02,True,215,78
EL-6179-4762,Radar sensor Premium,Electronics,19.15,19.15,19.15,RH,RH,ambient,False,SUP-056,A-12-11,True,192,52
CH-6837-4763,Control arm RH,Chassis,1.05,1.05,1.05,RH,RH,ambient,False,SUP-095,Q-04-03,True,72,32
PO-4376-4764,Gear selector Gen 2,Powertrain,24.15,24.15,24.15,LH,LH,ambient,False,SUP-160,HZ-02-08,True,135,77
CH-8421-4765,Control arm RH,Chassis,10.87,10.87,10.87,LH,LH,ambient,False,SUP-114,JIS-07-09,True,155,38
IN-7175-4766,Wiring harness assembly LH,Interior,23.21,23.21,23.21,LH,LH,ambient,False,SUP-107,Q-04-04,True,190,48
PO-9115-4767,Fuel rail Gen 2,Powertrain,2.33,2.33,2.33,LH,LH,ambient,False,SUP-028,JIS-07-02,True,120,46
IN-4533-4768,Console module Premium,Interior,21.98,21.98,21.98,RH,RH,ambient,False,SUP-026,Q-04-17,True,62,53
EL-1706-4769,Camera harness LH,Electronics,24.13,24.13,24.13,LH,LH,ambient,False,SUP-153,B-07-01,True,141,61
CH-7547-4770,Brake line manifold Premium,Chassis,3.38,3.38,3.38,LH,LH,ambient,False,SUP-074,Q-04-12,True,147,51
IN-3658-4771,Door trim panel RH,Interior,15.92,15.92,15.92,LH,LH,ambient,False,SUP-126,HZ-02-08,True,161,49
PO-7357-4772,Fuel rail RH,Powertrain,0.92,0.92,0.92,LH,LH,ambient,False,SUP-020,B-07-02,True,175,90
IN-8247-4773,Console module Gen 2,Interior,21.36,21.36,21.36,RH,RH,ambient,False,SUP-192,HZ-02-14,True,96,29
IN-7069-4774,Seat rail Premium,Interior,8.9,8.9,8.9,RH,RH,ambient,False,SUP-094,B-07-02,True,154,75
IN-4800-4775,Seat rail Gen 2,Interior,4.16,4.16,4.16,RH,RH,ambient,False,SUP-071,A-12-02,True,110,73
FL-4783-4776,Coolant additive RH,Fluids,13.51,13.51,13.51,RH,RH,hazmat,True,SUP-041,B-07-02,True,201,57
FL-7519-4777,Brake fluid reservoir LH,Fluids,16.27,16.27,16.27,RH,RH,hazmat,False,SUP-119,JIS-07-18,True,119,40
EL-6786-4778,Radar sensor Gen 2,Electronics,0.99,0.99,0.99,LH,LH,ambient,False,SUP-014,JIS-07-08,True,169,85
PO-8062-4779,Clutch actuator Gen 2,Powertrain,23.41,23.41,23.41,LH,LH,ambient,False,SUP-060,B-07-18,True,216,77
FL-4762-4780,Brake fluid reservoir RH,Fluids,2.39,2.39,2.39,LH,LH,ambient,False,SUP-180,Q-04-09,True,158,27
EL-6995-4781,Power distribution unit Gen 2,Electronics,8.93,8.93,8.93,RH,RH,ambient,False,SUP-100,HZ-02-06,True,132,49
CH-5395-4782,Steering knuckle LH,Chassis,10.36,10.36,10.36,LH,LH,ambient,False,SUP-161,HZ-02-02,True,60,25
FL-4835-4783,Sealant cartridge Premium,Fluids,18.86,18.86,18.86,RH,RH,ambient,False,SUP-021,HZ-02-02,True,130,39
EL-8441-4784,Power distribution unit RH,Electronics,13.26,13.26,13.26,RH,RH,ambient,False,SUP-047,A-12-16,True,217,89
FL-5242-4785,Brake fluid reservoir RH,Fluids,4.47,4.47,4.47,LH,LH,ambient,False,SUP-182,B-07-01,True,208,59
FL-6438-4786,Sealant cartridge RH,Fluids,1.89,1.89,1.89,RH,RH,hazmat,False,SUP-153,JIS-07-16,True,208,57
IN-1257-4787,Door trim panel LH,Interior,8.02,8.02,8.02,RH,RH,ambient,False,SUP-087,B-07-11,True,207,39
PO-4088-4788,Clutch actuator RH,Powertrain,15.36,15.36,15.36,LH,LH,ambient,False,SUP-034,HZ-02-05,True,61,61
FL-3815-4789,Sealant cartridge LH,Fluids,19.14,19.14,19.14,LH,LH,ambient,False,SUP-044,B-07-03,True,146,51
IN-5920-4790,Door trim panel Premium,Interior,3.27,3.27,3.27,LH,LH,ambient,False,SUP-086,JIS-07-12,True,148,85
PO-9924-4791,Gear selector LH,Powertrain,21.93,21.93,21.93,RH,RH,ambient,False,SUP-147,Q-04-13,True,100,90
FL-4016-4792,Brake fluid reservoir Gen 2,Fluids,11.87,11.87,11.87,RH,RH,hazmat,True,SUP-156,A-12-15,True,98,40
CH-7386-4793,Brake line manifold Gen 2,Chassis,4.7,4.7,4.7,LH,LH,ambient,False,SUP-180,JIS-07-12,True,83,38
EL-1113-4794,Power distribution unit LH,Electronics,12.93,12.93,12.93,LH,LH,ambient,False,SUP-174,B-07-06,True,147,38
FL-1804-4795,Sealant cartridge Gen 2,Fluids,7.42,7.42,7.42,RH,RH,ambient,True,SUP-162,JIS-07-12,True,77,82
FL-9230-4796,Sealant cartridge Premium,Fluids,12.4,12.4,12.4,LH,LH,hazmat,True,SUP-022,HZ-02-04,True,150,57
CH-9411-4797,Control arm LH,Chassis,9.82,9.82,9.82,LH,LH,ambient,False,SUP-150,JIS-07-13,True,198,36
CH-4201-4798,Control arm Premium,Chassis,8.68,8.68,8.68,LH,LH,ambient,False,SUP-027,HZ-02-03,True,162,26
EL-5633-4799,Power distribution unit LH,Electronics,6.25,6.25,6.25,LH,LH,ambient,False,SUP-047,B-07-11,True,171,66
PO-8173-4800,Fuel rail LH,Powertrain,17.72,17.72,17.72,RH,RH,ambient,False,SUP-100,Q-04-10,True,72,67
CH-7076-4801,Steering knuckle Gen 2,Chassis,5.45,5.45,5.45,LH,LH,ambient,False,SUP-074,A-12-05,True,178,80
FL-6148-4802,Sealant cartridge LH,Fluids,20.45,20.45,20.45,RH,RH,hazmat,True,SUP-055,HZ-02-14,True,137,28
FL-3972-4803,Washer concentrate Premium,Fluids,8.39,8.39,8.39,LH,LH,ambient,False,SUP-046,JIS-07-13,True,135,32
EL-9581-4804,Power distribution unit Gen 2,Electronics,19.15,19.15,19.15,LH,LH,ambient,False,SUP-086,JIS-07-15,True,123,77
FL-6026-4805,Coolant additive Gen 2,Fluids,13.52,13.52,13.52,RH,RH,ambient,True,SUP-105,B-07-08,True,70,58
CH-1202-4806,Control arm Premium,Chassis,21.12,21.12,21.12,RH,RH,ambient,False,SUP-048,JIS-07-07,True,171,41
EL-7395-4807,Radar sensor Gen 2,Electronics,23.3,23.3,23.3,RH,RH,ambient,False,SUP-115,B-07-08,True,143,50
PO-2789-4808,Fuel rail LH,Powertrain,13.27,13.27,13.27,LH,LH,ambient,False,SUP-180,B-07-08,True,133,59
EL-6109-4809,Power distribution unit LH,Electronics,3.84,3.84,3.84,LH,LH,ambient,False,SUP-151,JIS-07-01,True,159,38
FL-8565-4810,Sealant cartridge RH,Fluids,5.1,5.1,5.1,LH,LH,ambient,False,SUP-123,HZ-02-11,True,65,31
PO-7346-4811,Fuel rail Premium,Powertrain,2.73,2.73,2.73,RH,RH,ambient,False,SUP-096,Q-04-17,True,116,86
EL-3458-4812,Radar sensor LH,Electronics,18.73,18.73,18.73,LH,LH,ambient,False,SUP-133,B-07-06,True,77,34
FL-4965-4813,Brake fluid reservoir RH,Fluids,12.7,12.7,12.7,RH,RH,hazmat,True,SUP-041,Q-04-02,True,158,79
EL-1472-4814,Radar sensor Premium,Electronics,2.95,2.95,2.95,RH,RH,ambient,False,SUP-050,A-12-18,True,69,68
CH-4002-4815,Wheel carrier LH,Chassis,14.03,14.03,14.03,LH,LH,ambient,False,SUP-128,B-07-10,True,133,90
CH-5060-4816,Steering knuckle Gen 2,Chassis,7.64,7.64,7.64,LH,LH,ambient,False,SUP-114,HZ-02-04,True,201,74
PO-5971-4817,Gear selector LH,Powertrain,0.49,0.49,0.49,LH,LH,ambient,False,SUP-051,HZ-02-10,True,144,83
FL-4316-4818,Sealant cartridge LH,Fluids,12.42,12.42,12.42,RH,RH,ambient,True,SUP-170,HZ-02-01,True,77,74
CH-7263-4819,Wheel carrier Premium,Chassis,21.22,21.22,21.22,LH,LH,ambient,False,SUP-009,JIS-07-14,True,79,76
CH-2502-4820,Brake line manifold LH,Chassis,7.69,7.69,7.69,LH,LH,ambient,False,SUP-148,HZ-02-05,True,153,36
EL-1989-4821,Camera harness Premium,Electronics,19.1,19.1,19.1,RH,RH,ambient,False,SUP-080,HZ-02-15,True,183,31
FL-9799-4822,Washer concentrate Premium,Fluids,17.99,17.99,17.99,RH,RH,ambient,True,SUP-023,Q-04-04,True,139,37
PO-9691-4823,Gear selector RH,Powertrain,15.1,15.1,15.1,LH,LH,ambient,False,SUP-020,JIS-07-01,True,147,33
FL-6524-4824,Sealant cartridge LH,Fluids,19.13,19.13,19.13,RH,RH,ambient,False,SUP-145,A-12-18,True,77,70
IN-8401-4825,Console module RH,Interior,23.15,23.15,23.15,RH,RH,ambient,False,SUP-051,JIS-07-02,True,196,49
IN-2989-4826,Console module LH,Interior,21.43,21.43,21.43,RH,RH,ambient,False,SUP-032,A-12-16,True,212,65
PO-3100-4827,Clutch actuator RH,Powertrain,15.78,15.78,15.78,LH,LH,ambient,False,SUP-109,A-12-09,True,96,35
PO-9789-4828,Gear selector LH,Powertrain,3.88,3.88,3.88,LH,LH,ambient,False,SUP-200,B-07-01,True,169,85
IN-7640-4829,Door trim panel RH,Interior,22.26,22.26,22.26,LH,LH,ambient,False,SUP-147,Q-04-03,True,159,47
EL-9073-4830,Power distribution unit RH,Electronics,1.06,1.06,1.06,LH,LH,ambient,False,SUP-112,A-12-03,True,121,90
CH-8801-4831,Brake line manifold LH,Chassis,21.46,21.46,21.46,LH,LH,ambient,False,SUP-108,B-07-05,True,186,68
FL-9056-4832,Sealant cartridge LH,Fluids,20.73,20.73,20.73,RH,RH,hazmat,False,SUP-199,JIS-07-13,True,152,34
IN-6409-4833,Wiring harness assembly LH,Interior,8.15,8.15,8.15,RH,RH,ambient,False,SUP-033,Q-04-09,True,165,50
IN-4646-4834,Wiring harness assembly LH,Interior,12.17,12.17,12.17,LH,LH,ambient,False,SUP-035,B-07-07,True,184,86
CH-1416-4835,Control arm LH,Chassis,13.54,13.54,13.54,RH,RH,ambient,False,SUP-193,Q-04-03,True,140,77
IN-4457-4836,Door trim panel Premium,Interior,7.36,7.36,7.36,RH,RH,ambient,False,SUP-167,HZ-02-08,True,94,28
FL-5326-4837,Sealant cartridge RH,Fluids,12.19,12.19,12.19,RH,RH,hazmat,False,SUP-036,JIS-07-11,True,110,25
EL-4284-4838,Camera harness Premium,Electronics,23.51,23.51,23.51,RH,RH,ambient,False,SUP-126,Q-04-11,True,67,74
FL-7604-4839,Sealant cartridge Gen 2,Fluids,12.95,12.95,12.95,LH,LH,ambient,False,SUP-110,HZ-02-13,True,76,88
CH-3571-4840,Wheel carrier Premium,Chassis,11.75,11.75,11.75,RH,RH,ambient,False,SUP-052,B-07-11,True,148,48
FL-8428-4841,Sealant cartridge RH,Fluids,7.3,7.3,7.3,RH,RH,ambient,False,SUP-091,JIS-07-02,True,81,57
IN-2568-4842,Seat rail Gen 2,Interior,18.49,18.49,18.49,RH,RH,ambient,False,SUP-062,JIS-07-09,True,90,38
PO-1616-4843,Torque converter Premium,Powertrain,12.08,12.08,12.08,RH,RH,ambient,False,SUP-011,A-12-05,True,205,85
IN-4299-4844,Wiring harness assembly RH,Interior,18.66,18.66,18.66,LH,LH,ambient,False,SUP-081,HZ-02-04,True,143,53
EL-4499-4845,Radar sensor LH,Electronics,3.54,3.54,3.54,RH,RH,ambient,False,SUP-111,Q-04-02,True,193,68
FL-7048-4846,Sealant cartridge RH,Fluids,7.7,7.7,7.7,LH,LH,hazmat,False,SUP-191,HZ-02-11,True,111,32
EL-5071-4847,Power distribution unit RH,Electronics,22.45,22.45,22.45,RH,RH,ambient,False,SUP-090,Q-04-13,True,175,53
FL-5496-4848,Brake fluid reservoir Gen 2,Fluids,23.72,23.72,23.72,RH,RH,hazmat,False,SUP-062,B-07-15,True,214,31
EL-3232-4849,ECU control module RH,Electronics,16.41,16.41,16.41,RH,RH,ambient,False,SUP-022,JIS-07-18,True,120,72
CH-2478-4850,Wheel carrier Gen 2,Chassis,8.09,8.09,8.09,LH,LH,ambient,False,SUP-015,B-07-13,True,187,73
EL-6635-4851,Power distribution unit RH,Electronics,4.99,4.99,4.99,RH,RH,ambient,False,SUP-118,B-07-13,True,103,41
FL-8494-4852,Coolant additive LH,Fluids,0.49,0.49,0.49,RH,RH,ambient,False,SUP-055,B-07-03,True,145,78
FL-5394-4853,Sealant cartridge LH,Fluids,1.09,1.09,1.09,LH,LH,ambient,True,SUP-150,B-07-14,True,187,48
FL-3024-4854,Coolant additive LH,Fluids,16.45,16.45,16.45,LH,LH,ambient,False,SUP-200,B-07-07,True,131,38
FL-6232-4855,Sealant cartridge Premium,Fluids,3.95,3.95,3.95,RH,RH,ambient,False,SUP-103,A-12-01,True,108,34
PO-8145-4856,Fuel rail Premium,Powertrain,17.35,17.35,17.35,LH,LH,ambient,False,SUP-030,A-12-01,True,167,38
CH-5757-4857,Wheel carrier Premium,Chassis,17.77,17.77,17.77,LH,LH,ambient,False,SUP-158,HZ-02-08,True,182,38
EL-6266-4858,Radar sensor Gen 2,Electronics,14.96,14.96,14.96,LH,LH,ambient,False,SUP-102,Q-04-17,True,147,48
CH-5834-4859,Brake line manifold Premium,Chassis,11.87,11.87,11.87,RH,RH,ambient,False,SUP-009,B-07-01,True,126,50
EL-8762-4860,ECU control module Gen 2,Electronics,9.16,9.16,9.16,RH,RH,ambient,False,SUP-094,Q-04-02,True,132,49
PO-8864-4861,Clutch actuator Gen 2,Powertrain,14.74,14.74,14.74,RH,RH,ambient,False,SUP-154,JIS-07-18,True,177,70
CH-2777-4862,Steering knuckle Premium,Chassis,5.03,5.03,5.03,LH,LH,ambient,False,SUP-022,JIS-07-04,True,148,39
FL-3896-4863,Washer concentrate RH,Fluids,1.64,1.64,1.64,LH,LH,ambient,True,SUP-147,JIS-07-02,True,187,81
FL-6759-4864,Brake fluid reservoir Gen 2,Fluids,11.86,11.86,11.86,LH,LH,ambient,True,SUP-154,JIS-07-10,True,159,83
EL-2074-4865,ECU control module LH,Electronics,23.01,23.01,23.01,RH,RH,ambient,False,SUP-012,B-07-14,True,144,83
IN-6291-4866,Seat rail LH,Interior,16.43,16.43,16.43,RH,RH,ambient,False,SUP-057,HZ-02-02,True,157,80
PO-7959-4867,Torque converter Gen 2,Powertrain,15.16,15.16,15.16,LH,LH,ambient,False,SUP-152,A-12-04,True,94,62
FL-7195-4868,Coolant additive Premium,Fluids,19.84,19.84,19.84,RH,RH,ambient,False,SUP-134,B-07-09,True,161,72
PO-8175-4869,Fuel rail Gen 2,Powertrain,23.22,23.22,23.22,RH,RH,ambient,False,SUP-057,B-07-16,True,129,61
FL-6571-4870,Coolant additive Premium,Fluids,17.8,17.8,17.8,LH,LH,ambient,True,SUP-149,A-12-02,True,150,44
CH-8065-4871,Wheel carrier Gen 2,Chassis,7.14,7.14,7.14,RH,RH,ambient,False,SUP-091,JIS-07-14,True,138,46
IN-1690-4872,Console module Premium,Interior,14.8,14.8,14.8,LH,LH,ambient,False,SUP-153,A-12-18,True,80,74
PO-5839-4873,Gear selector Gen 2,Powertrain,4.18,4.18,4.18,LH,LH,ambient,False,SUP-036,Q-04-03,True,69,36
IN-1503-4874,Seat rail LH,Interior,10.82,10.82,10.82,RH,RH,ambient,False,SUP-185,JIS-07-05,True,95,61
EL-5169-4875,Radar sensor LH,Electronics,15.07,15.07,15.07,LH,LH,ambient,False,SUP-046,HZ-02-13,True,174,69
EL-1396-4876,Radar sensor Premium,Electronics,12.07,12.07,12.07,LH,LH,ambient,False,SUP-099,B-07-01,True,181,31
FL-8199-4877,Sealant cartridge Gen 2,Fluids,4.32,4.32,4.32,RH,RH,hazmat,False,SUP-095,A-12-07,True,85,47
EL-7027-4878,Camera harness Premium,Electronics,21.19,21.19,21.19,LH,LH,ambient,False,SUP-159,HZ-02-09,True,124,59
CH-3683-4879,Control arm Premium,Chassis,10.38,10.38,10.38,LH,LH,ambient,False,SUP-054,Q-04-11,True,110,36
CH-1306-4880,Control arm RH,Chassis,18.8,18.8,18.8,LH,LH,ambient,False,SUP-022,Q-04-10,True,80,59
EL-7983-4881,Camera harness RH,Electronics,10.94,10.94,10.94,LH,LH,ambient,False,SUP-171,Q-04-12,True,152,38
IN-6973-4882,Wiring harness assembly Premium,Interior,20.07,20.07,20.07,LH,LH,ambient,False,SUP-076,A-12-15,True,119,53
EL-6749-4883,Camera harness RH,Electronics,7.84,7.84,7.84,LH,LH,ambient,False,SUP-006,Q-04-17,True,219,75
FL-3602-4884,Washer concentrate LH,Fluids,22.14,22.14,22.14,LH,LH,ambient,False,SUP-075,Q-04-13,True,209,37
IN-5806-4885,Wiring harness assembly Gen 2,Interior,21.93,21.93,21.93,RH,RH,ambient,False,SUP-018,B-07-04,True,156,37
CH-8717-4886,Wheel carrier LH,Chassis,16.93,16.93,16.93,RH,RH,ambient,False,SUP-016,JIS-07-18,True,90,26
PO-7189-4887,Gear selector LH,Powertrain,16.88,16.88,16.88,LH,LH,ambient,False,SUP-048,A-12-14,True,134,42
FL-4560-4888,Sealant cartridge RH,Fluids,19.3,19.3,19.3,RH,RH,ambient,False,SUP-002,Q-04-11,True,196,54
CH-3853-4889,Wheel carrier Premium,Chassis,22.88,22.88,22.88,RH,RH,ambient,False,SUP-113,A-12-16,True,134,65
IN-2316-4890,Door trim panel Premium,Interior,13.89,13.89,13.89,RH,RH,ambient,False,SUP-190,A-12-16,True,90,40
IN-4196-4891,Console module Premium,Interior,2.3,2.3,2.3,LH,LH,ambient,False,SUP-139,B-07-09,True,183,86
IN-6326-4892,Seat rail RH,Interior,6.5,6.5,6.5,RH,RH,ambient,False,SUP-144,A-12-03,True,103,26
EL-8706-4893,Radar sensor RH,Electronics,5.36,5.36,5.36,LH,LH,ambient,False,SUP-074,Q-04-13,True,93,73
EL-3341-4894,Power distribution unit RH,Electronics,6.69,6.69,6.69,LH,LH,ambient,False,SUP-011,B-07-13,True,105,28
FL-1648-4895,Brake fluid reservoir RH,Fluids,11.11,11.11,11.11,LH,LH,ambient,True,SUP-131,HZ-02-12,True,116,72
FL-9596-4896,Washer concentrate LH,Fluids,7.77,7.77,7.77,RH,RH,hazmat,True,SUP-008,HZ-02-16,True,95,73
PO-7401-4897,Fuel rail Premium,Powertrain,12.9,12.9,12.9,LH,LH,ambient,False,SUP-094,A-12-09,True,204,60
PO-9465-4898,Torque converter LH,Powertrain,13.73,13.73,13.73,RH,RH,ambient,False,SUP-017,B-07-08,True,161,64
IN-7641-4899,Console module Gen 2,Interior,23.94,23.94,23.94,LH,LH,ambient,False,SUP-130,B-07-14,True,220,69
CH-3135-4900,Steering knuckle RH,Chassis,1.78,1.78,1.78,LH,LH,ambient,False,SUP-107,Q-04-08,True,147,78
PO-8904-4901,Clutch actuator Gen 2,Powertrain,23.33,23.33,23.33,LH,LH,ambient,False,SUP-104,JIS-07-09,True,69,80
EL-5526-4902,Power distribution unit RH,Electronics,19.04,19.04,19.04,RH,RH,ambient,False,SUP-032,B-07-17,True,155,76
FL-7932-4903,Sealant cartridge Gen 2,Fluids,13.08,13.08,13.08,LH,LH,ambient,False,SUP-098,B-07-05,True,188,50
FL-8983-4904,Washer concentrate Premium,Fluids,11.72,11.72,11.72,LH,LH,ambient,False,SUP-147,HZ-02-03,True,65,41
CH-2644-4905,Control arm RH,Chassis,10.87,10.87,10.87,LH,LH,ambient,False,SUP-188,HZ-02-16,True,202,45
FL-7306-4906,Brake fluid reservoir Premium,Fluids,22.65,22.65,22.65,RH,RH,hazmat,True,SUP-132,B-07-07,True,101,65
EL-7332-4907,ECU control module RH,Electronics,14.08,14.08,14.08,RH,RH,ambient,False,SUP-132,JIS-07-15,True,124,44
IN-2154-4908,Seat rail RH,Interior,8.9,8.9,8.9,LH,LH,ambient,False,SUP-080,JIS-07-09,True,70,63
CH-9664-4909,Control arm Gen 2,Chassis,22.09,22.09,22.09,RH,RH,ambient,False,SUP-097,B-07-13,True,95,75
FL-2938-4910,Washer concentrate RH,Fluids,5.68,5.68,5.68,LH,LH,hazmat,False,SUP-193,HZ-02-13,True,150,58
EL-3975-4911,Power distribution unit Premium,Electronics,12.18,12.18,12.18,RH,RH,ambient,False,SUP-065,JIS-07-16,True,161,74
FL-6855-4912,Washer concentrate Premium,Fluids,21.34,21.34,21.34,LH,LH,ambient,True,SUP-045,A-12-14,True,151,46
EL-3321-4913,Power distribution unit RH,Electronics,23.8,23.8,23.8,LH,LH,ambient,False,SUP-174,HZ-02-11,True,142,51
CH-3750-4914,Brake line manifold RH,Chassis,21.89,21.89,21.89,LH,LH,ambient,False,SUP-178,A-12-16,True,142,75
EL-8603-4915,Camera harness LH,Electronics,19.02,19.02,19.02,LH,LH,ambient,False,SUP-178,HZ-02-13,True,104,54
CH-6861-4916,Brake line manifold Gen 2,Chassis,18.2,18.2,18.2,RH,RH,ambient,False,SUP-166,A-12-06,True,123,31
IN-9514-4917,Wiring harness assembly RH,Interior,15.44,15.44,15.44,LH,LH,ambient,False,SUP-051,Q-04-17,True,187,54
IN-4254-4918,Console module Premium,Interior,23.22,23.22,23.22,RH,RH,ambient,False,SUP-121,HZ-02-18,True,73,58
EL-5343-4919,Camera harness Premium,Electronics,3.52,3.52,3.52,LH,LH,ambient,False,SUP-123,A-12-16,True,190,40
IN-9825-4920,Seat rail Gen 2,Interior,20.13,20.13,20.13,RH,RH,ambient,False,SUP-191,B-07-09,True,181,41
EL-5286-4921,Power distribution unit Premium,Electronics,6.07,6.07,6.07,LH,LH,ambient,False,SUP-069,JIS-07-05,True,128,73
EL-3714-4922,ECU control module LH,Electronics,21.64,21.64,21.64,RH,RH,ambient,False,SUP-072,A-12-09,True,206,68
IN-1981-4923,Door trim panel Gen 2,Interior,6.37,6.37,6.37,LH,LH,ambient,False,SUP-195,B-07-06,True,83,32
IN-3926-4924,Console module RH,Interior,8.88,8.88,8.88,RH,RH,ambient,False,SUP-090,Q-04-07,True,184,74
EL-4310-4925,Camera harness RH,Electronics,13.85,13.85,13.85,LH,LH,ambient,False,SUP-165,B-07-07,True,162,88
FL-2227-4926,Washer concentrate LH,Fluids,21.78,21.78,21.78,RH,RH,ambient,True,SUP-193,B-07-18,True,204,65
FL-3297-4927,Coolant additive RH,Fluids,9.02,9.02,9.02,RH,RH,ambient,False,SUP-023,JIS-07-17,True,206,86
CH-9284-4928,Steering knuckle Premium,Chassis,3.84,3.84,3.84,LH,LH,ambient,False,SUP-040,HZ-02-05,True,175,67
FL-1726-4929,Coolant additive Premium,Fluids,5.86,5.86,5.86,LH,LH,ambient,True,SUP-065,B-07-18,True,219,48
FL-7104-4930,Coolant additive RH,Fluids,14.07,14.07,14.07,LH,LH,ambient,False,SUP-160,HZ-02-02,True,87,27
PO-2622-4931,Fuel rail LH,Powertrain,1.05,1.05,1.05,RH,RH,ambient,False,SUP-099,HZ-02-01,True,76,78
FL-9727-4932,Sealant cartridge Premium,Fluids,13.57,13.57,13.57,LH,LH,hazmat,False,SUP-066,A-12-18,True,144,75
PO-9131-4933,Clutch actuator RH,Powertrain,23.3,23.3,23.3,LH,LH,ambient,False,SUP-013,B-07-05,True,162,46
FL-3530-4934,Brake fluid reservoir LH,Fluids,8.21,8.21,8.21,LH,LH,ambient,False,SUP-050,Q-04-06,True,169,85
CH-5120-4935,Steering knuckle RH,Chassis,16.94,16.94,16.94,LH,LH,ambient,False,SUP-025,A-12-13,True,218,85
IN-5630-4936,Door trim panel LH,Interior,19.78,19.78,19.78,LH,LH,ambient,False,SUP-187,B-07-03,True,116,80
CH-1731-4937,Brake line manifold Gen 2,Chassis,14.32,14.32,14.32,LH,LH,ambient,False,SUP-073,A-12-06,True,98,43
EL-6099-4938,ECU control module RH,Electronics,2.15,2.15,2.15,RH,RH,ambient,False,SUP-089,B-07-08,True,76,49
EL-1739-4939,Power distribution unit Premium,Electronics,1.41,1.41,1.41,LH,LH,ambient,False,SUP-010,A-12-11,True,207,67
EL-6473-4940,Power distribution unit RH,Electronics,13.19,13.19,13.19,RH,RH,ambient,False,SUP-071,Q-04-09,True,82,74
PO-4645-4941,Torque converter Gen 2,Powertrain,2.78,2.78,2.78,RH,RH,ambient,False,SUP-044,HZ-02-13,True,112,30
CH-2311-4942,Brake line manifold Gen 2,Chassis,14.67,14.67,14.67,LH,LH,ambient,False,SUP-035,HZ-02-03,True,190,27
EL-4992-4943,Power distribution unit Gen 2,Electronics,3.02,3.02,3.02,LH,LH,ambient,False,SUP-077,B-07-11,True,151,72
CH-4787-4944,Control arm LH,Chassis,11.25,11.25,11.25,RH,RH,ambient,False,SUP-078,HZ-02-11,True,195,84
IN-4999-4945,Door trim panel RH,Interior,22.84,22.84,22.84,LH,LH,ambient,False,SUP-142,HZ-02-11,True,215,42
EL-8957-4946,Camera harness Gen 2,Electronics,11.65,11.65,11.65,LH,LH,ambient,False,SUP-090,HZ-02-18,True,197,85
PO-2899-4947,Clutch actuator Gen 2,Powertrain,7.56,7.56,7.56,LH,LH,ambient,False,SUP-009,HZ-02-04,True,141,58
PO-3075-4948,Clutch actuator RH,Powertrain,6.65,6.65,6.65,RH,RH,ambient,False,SUP-166,A-12-12,True,205,53
IN-6188-4949,Console module LH,Interior,1.54,1.54,1.54,LH,LH,ambient,False,SUP-135,JIS-07-13,True,183,58
CH-6212-4950,Brake line manifold Premium,Chassis,11.92,11.92,11.92,RH,RH,ambient,False,SUP-005,JIS-07-01,True,191,38
IN-7315-4951,Wiring harness assembly Gen 2,Interior,1.18,1.18,1.18,LH,LH,ambient,False,SUP-048,Q-04-07,True,70,81
CH-8657-4952,Steering knuckle RH,Chassis,11.39,11.39,11.39,RH,RH,ambient,False,SUP-002,A-12-01,True,104,60
CH-4273-4953,Control arm RH,Chassis,15.24,15.24,15.24,RH,RH,ambient,False,SUP-002,A-12-11,True,71,26
IN-9975-4954,Console module Gen 2,Interior,23.35,23.35,23.35,LH,LH,ambient,False,SUP-055,Q-04-01,True,196,41
FL-2514-4955,Coolant additive RH,Fluids,10.7,10.7,10.7,RH,RH,ambient,False,SUP-120,B-07-17,True,67,47
PO-5901-4956,Torque converter Gen 2,Powertrain,20.31,20.31,20.31,LH,LH,ambient,False,SUP-045,JIS-07-02,True,138,55
EL-5739-4957,Power distribution unit RH,Electronics,0.95,0.95,0.95,LH,LH,ambient,False,SUP-021,A-12-13,True,76,39
IN-1310-4958,Door trim panel RH,Interior,11.38,11.38,11.38,LH,LH,ambient,False,SUP-106,Q-04-06,True,97,39
IN-1405-4959,Console module LH,Interior,7.26,7.26,7.26,LH,LH,ambient,False,SUP-024,B-07-01,True,122,39
CH-2104-4960,Wheel carrier Premium,Chassis,17.99,17.99,17.99,RH,RH,ambient,False,SUP-177,HZ-02-12,True,161,80
CH-4165-4961,Control arm Gen 2,Chassis,13.56,13.56,13.56,LH,LH,ambient,False,SUP-009,HZ-02-10,True,155,31
EL-3395-4962,ECU control module Gen 2,Electronics,10.77,10.77,10.77,LH,LH,ambient,False,SUP-071,JIS-07-09,True,193,86
PO-2578-4963,Torque converter LH,Powertrain,0.59,0.59,0.59,RH,RH,ambient,False,SUP-081,JIS-07-02,True,100,78
IN-1756-4964,Wiring harness assembly LH,Interior,3.12,3.12,3.12,RH,RH,ambient,False,SUP-124,B-07-01,True,73,74
PO-1405-4965,Torque converter Premium,Powertrain,18.12,18.12,18.12,RH,RH,ambient,False,SUP-130,A-12-18,True,182,49
EL-4471-4966,ECU control module LH,Electronics,16.35,16.35,16.35,RH,RH,ambient,False,SUP-120,JIS-07-07,True,87,59
IN-9571-4967,Door trim panel LH,Interior,22.77,22.77,22.77,RH,RH,ambient,False,SUP-134,A-12-15,True,183,47
PO-2857-4968,Torque converter Gen 2,Powertrain,8.88,8.88,8.88,LH,LH,ambient,False,SUP-178,HZ-02-02,True,91,74
CH-9720-4969,Brake line manifold Premium,Chassis,17.97,17.97,17.97,RH,RH,ambient,False,SUP-067,A-12-04,True,184,48
IN-4379-4970,Console module Gen 2,Interior,23.41,23.41,23.41,RH,RH,ambient,False,SUP-047,HZ-02-14,True,78,69
FL-1045-4971,Brake fluid reservoir LH,Fluids,17.84,17.84,17.84,RH,RH,ambient,False,SUP-002,B-07-04,True,92,61
IN-1198-4972,Console module LH,Interior,9.28,9.28,9.28,RH,RH,ambient,False,SUP-021,A-12-16,True,102,27
CH-9212-4973,Wheel carrier Gen 2,Chassis,11.19,11.19,11.19,RH,RH,ambient,False,SUP-111,Q-04-16,True,135,68
EL-5608-4974,Power distribution unit Gen 2,Electronics,13.76,13.76,13.76,LH,LH,ambient,False,SUP-104,Q-04-12,True,142,53
EL-6448-4975,Camera harness RH,Electronics,12.09,12.09,12.09,LH,LH,ambient,False,SUP-139,A-12-07,True,102,27
EL-3120-4976,ECU control module Premium,Electronics,0.83,0.83,0.83,LH,LH,ambient,False,SUP-021,HZ-02-01,True,121,46
CH-1527-4977,Brake line manifold RH,Chassis,5.9,5.9,5.9,LH,LH,ambient,False,SUP-098,A-12-02,True,115,50
IN-3216-4978,Seat rail Premium,Interior,13.68,13.68,13.68,LH,LH,ambient,False,SUP-113,JIS-07-02,True,72,62
IN-3772-4979,Console module RH,Interior,24.42,24.42,24.42,LH,LH,ambient,False,SUP-103,JIS-07-03,True,180,69
PO-8364-4980,Clutch actuator RH,Powertrain,13.75,13.75,13.75,RH,RH,ambient,False,SUP-054,HZ-02-14,True,204,89
PO-5979-4981,Clutch actuator RH,Powertrain,13.75,13.75,13.75,RH,RH,ambient,False,SUP-014,Q-04-07,True,140,65
PO-6168-4982,Fuel rail Premium,Powertrain,10.88,10.88,10.88,RH,RH,ambient,False,SUP-091,HZ-02-08,True,111,37
PO-9182-4983,Clutch actuator LH,Powertrain,19.47,19.47,19.47,RH,RH,ambient,False,SUP-082,Q-04-06,True,167,33
IN-4372-4984,Wiring harness assembly RH,Interior,0.84,0.84,0.84,LH,LH,ambient,False,SUP-070,HZ-02-08,True,148,80
IN-3360-4985,Door trim panel Gen 2,Interior,10.5,10.5,10.5,RH,RH,ambient,False,SUP-174,HZ-02-16,True,76,66
PO-7200-4986,Gear selector LH,Powertrain,23.6,23.6,23.6,RH,RH,ambient,False,SUP-107,HZ-02-06,True,86,37
EL-4138-4987,ECU control module Premium,Electronics,19.87,19.87,19.87,LH,LH,ambient,False,SUP-196,JIS-07-02,True,181,80
CH-2446-4988,Control arm Premium,Chassis,7.45,7.45,7.45,RH,RH,ambient,False,SUP-200,A-12-09,True,200,72
CH-9423-4989,Steering knuckle RH,Chassis,11.43,11.43,11.43,LH,LH,ambient,False,SUP-044,Q-04-08,True,176,82
IN-4606-4990,Seat rail Gen 2,Interior,24.31,24.31,24.31,RH,RH,ambient,False,SUP-060,A-12-09,True,102,56
FL-9068-4991,Sealant cartridge RH,Fluids,12.77,12.77,12.77,RH,RH,ambient,False,SUP-168,HZ-02-15,True,92,74
FL-8179-4992,Brake fluid reservoir LH,Fluids,13.96,13.96,13.96,LH,LH,hazmat,False,SUP-124,JIS-07-13,True,96,55
EL-7763-4993,ECU control module RH,Electronics,3.51,3.51,3.51,LH,LH,ambient,False,SUP-008,B-07-03,True,64,46
PO-2038-4994,Clutch actuator RH,Powertrain,6.23,6.23,6.23,LH,LH,ambient,False,SUP-146,B-07-18,True,97,77
PO-8702-4995,Fuel rail Gen 2,Powertrain,19.4,19.4,19.4,RH,RH,ambient,False,SUP-187,B-07-07,True,113,82
EL-2284-4996,ECU control module LH,Electronics,23.44,23.44,23.44,RH,RH,ambient,False,SUP-127,B-07-18,True,104,51
EL-2757-4997,Power distribution unit Gen 2,Electronics,17.18,17.18,17.18,RH,RH,ambient,False,SUP-151,HZ-02-03,True,192,66
IN-1949-4998,Door trim panel Gen 2,Interior,18.54,18.54,18.54,RH,RH,ambient,False,SUP-160,B-07-15,True,121,73
EL-1767-4999,Radar sensor Gen 2,Electronics,9.52,9.52,9.52,LH,LH,ambient,False,SUP-061,HZ-02-10,True,187,47
