"vwgl_matstorloc_id","vwgl_matstorloc_valid_from","__operation_type","__timestamp","material","plant","storagelocation","maintenancestatus","deletionflag","fiscalyearofcurrentperiod","currentperiod","physicalinventoryblockingind","freeavailablestock","baseunit","stockintransfer","stockinqualityinspection","totalstockofallrestrbatches","blockedstock","blockedstockreturns","valunrestusestockprevper","stockintransferprevper","stockinqualityinsprevper","restrictedusestockprevper","blockedstockprevper","blockedstockreturnsprevper","dateoflastpostedcount","creationdate","instance","i_product","i_storagelocation","etl_aend_tstamp"
"0DD300040E|1400|FBM1","2026-07-17 02:17:32.995343 UTC","L","2026-07-17 02:17:32.995343 UTC","0DD300040E","1400","FBM1","DL","","2023","02","","0","ST","0","0","0","0","0","0","0","0","0","0","0","00000000","20230216","Kassel","0DD300040E","FBM1","2026-07-17 06:05:41.813636 UTC"
"0DD300040E|1400|XN12","2026-07-17 02:17:22.915108 UTC","L","2026-07-17 02:17:22.915108 UTC","0DD300040E","1400","XN12","DL","","2025","07","","0","ST","0","0","0","0","0","0","0","0","0","0","0","00000000","20240514","Kassel","0DD300040E","XN12","2026-07-17 06:05:41.813636 UTC"
"0DD300046E|1400|F6M1","2026-07-17 02:17:32.995343 UTC","L","2026-07-17 02:17:32.995343 UTC","0DD300046E","1400","F6M1","DL","","2024","04","","0","ST","0","0","0","0","0","0","0","0","0","0","0","00000000","20230216","Kassel","0DD300046E","F6M1","2026-07-17 06:05:41.813636 UTC"
"0DD300047D|1400|D0M1","2026-07-17 02:17:12.966977 UTC","L","2026-07-17 02:17:12.966977 UTC","0DD300047D","1400","D0M1","DL","","2025","05","","0","ST","0","0","0","0","0","0","0","0","0","0","0","00000000","20240820","Kassel","0DD300047D","D0M1","2026-07-17 06:05:41.813636 UTC"
"0DD300047K|1400|F759","2026-07-17 02:17:43.125366 UTC","L","2026-07-17 02:17:43.125366 UTC","0DD300047K","1400","F759","DL","","2026","07","","0","ST","0","0","0","0","0","0","0","0","0","0","0","00000000","20240430","Kassel","0DD300047K","F759","2026-07-17 06:05:41.813636 UTC"
"0DD300047Q|1400|XNM1","2026-07-17 02:17:22.915108 UTC","L","2026-07-17 02:17:22.915108 UTC","0DD300047Q","1400","XNM1","DL","","2025","10","","0","ST","0","0","0","0","0","0","0","0","0","0","0","00000000","20240515","Kassel","0DD300047Q","XNM1","2026-07-17 06:05:41.813636 UTC"
"0DD300048C|1400|XDM1","2026-07-17 02:17:53.120606 UTC","L","2026-07-17 02:17:53.120606 UTC","0DD300048C","1400","XDM1","DL","","2025","07","","0","ST","0","0","0","0","0","0","0","0","0","0","0","00000000","20250314","Kassel","0DD300048C","XDM1","2026-07-17 06:05:41.813636 UTC"
"0DD311159B       0340|1400|D0M1","2026-07-17 02:17:12.966977 UTC","L","2026-07-17 02:17:12.966977 UTC","0DD311159B       0340","1400","D0M1","DL","","2024","04","","0","ST","0","0","0","0","0","0","0","0","0","0","0","00000000","20240404","Kassel","0DD311159B       0340","D0M1","2026-07-17 06:05:41.813636 UTC"
"0DD311159B       0340|1400|S1M1","2026-07-17 02:17:22.915108 UTC","L","2026-07-17 02:17:22.915108 UTC","0DD311159B       0340","1400","S1M1","DL","","2024","04","","0","ST","0","0","0","0","0","0","0","0","0","0","0","00000000","20240404","Kassel","0DD311159B       0340","S1M1","2026-07-17 06:05:41.813636 UTC"
"0DD300040D|1400|XNM1","2026-07-17 02:17:32.995343 UTC","L","2026-07-17 02:17:32.995343 UTC","0DD300040D","1400","XNM1","DL","","2025","07","","0","ST","0","0","0","0","0","0","0","0","0","0","0","00000000","20221024","Kassel","0DD300040D","XNM1","2026-07-17 06:05:41.813636 UTC"
"0DD300040E|1400|XZM1","2026-07-17 02:17:32.995343 UTC","L","2026-07-17 02:17:32.995343 UTC","0DD300040E","1400","XZM1","DL","","2022","10","","0","ST","0","0","0","0","0","0","0","0","0","0","0","00000000","20221024","Kassel","0DD300040E","XZM1","2026-07-17 06:05:41.813636 UTC"
"0DD300046C|1400|S0M6","2026-07-17 02:17:32.995343 UTC","L","2026-07-17 02:17:32.995343 UTC","0DD300046C","1400","S0M6","DL","","2023","02","","0","ST","0","0","0","0","0","0","0","0","0","0","0","00000000","20230216","Kassel","0DD300046C","S0M6","2026-07-17 06:05:41.813636 UTC"
"0DD300046H|1400|XNM2","2026-07-17 02:17:32.995343 UTC","L","2026-07-17 02:17:32.995343 UTC","0DD300046H","1400","XNM2","DL","","2022","10","","0","ST","0","0","0","0","0","0","0","0","0","0","0","00000000","20221024","Kassel","0DD300046H","XNM2","2026-07-17 06:05:41.813636 UTC"
"0DD300047H|1400|F6M1","2026-07-17 02:17:56.573889 UTC","L","2026-07-17 02:17:56.573889 UTC","0DD300047H","1400","F6M1","DL","","2024","04","","0","ST","0","0","0","0","0","0","0","0","0","0","0","00000000","20231115","Kassel","0DD300047H","F6M1","2026-07-17 06:05:41.813636 UTC"
"0DD300047J|1400|D0M1","2026-07-17 02:17:12.966977 UTC","L","2026-07-17 02:17:12.966977 UTC","0DD300047J","1400","D0M1","DL","","2026","07","","0","ST","0","0","0","0","0","0","0","0","0","0","0","00000000","20240103","Kassel","0DD300047J","D0M1","2026-07-17 06:05:41.813636 UTC"
"0DD300047N|1400|S6M1","2026-07-17 02:17:22.915108 UTC","L","2026-07-17 02:17:22.915108 UTC","0DD300047N","1400","S6M1","DL","","2024","07","","0","ST","0","0","0","0","0","0","0","0","0","0","0","00000000","20240710","Kassel","0DD300047N","S6M1","2026-07-17 06:05:41.813636 UTC"
"0DD300047Q|1400|XNM2","2026-07-17 02:17:22.915108 UTC","L","2026-07-17 02:17:22.915108 UTC","0DD300047Q","1400","XNM2","DL","","2024","05","","0","ST","0","0","0","0","0","0","0","0","0","0","0","00000000","20240515","Kassel","0DD300047Q","XNM2","2026-07-17 06:05:41.813636 UTC"
"0DD300046F|1400|XZM1","2026-07-17 02:17:32.995343 UTC","L","2026-07-17 02:17:32.995343 UTC","0DD300046F","1400","XZM1","DL","","2022","10","","0","ST","0","0","0","0","0","0","0","0","0","0","0","00000000","20221024","Kassel","0DD300046F","XZM1","2026-07-17 06:05:41.813636 UTC"
"0DD300046K|1400|F4M1","2026-07-17 02:17:32.995343 UTC","L","2026-07-17 02:17:32.995343 UTC","0DD300046K","1400","F4M1","DL","","2023","02","","0","ST","0","0","0","0","0","0","0","0","0","0","0","00000000","20230216","Kassel","0DD300046K","F4M1","2026-07-17 06:05:41.813636 UTC"
"0DD300046N|1400|XNM2","2026-07-17 02:17:53.120606 UTC","L","2026-07-17 02:17:53.120606 UTC","0DD300046N","1400","XNM2","DL","","2023","02","","0","ST","0","0","0","0","0","0","0","0","0","0","0","00000000","20230215","Kassel","0DD300046N","XNM2","2026-07-17 06:05:41.813636 UTC"
"0DD300046S|1400|XNQA","2026-07-17 02:17:43.125366 UTC","L","2026-07-17 02:17:43.125366 UTC","0DD300046S","1400","XNQA","DL","","2025","10","","1","ST","0","0","0","0","0","0","0","0","0","0","0","00000000","20251026","Kassel","0DD300046S","XNQA","2026-07-17 06:05:41.813636 UTC"
"0DD300047E|1400|XZM1","2026-07-17 02:17:32.995343 UTC","L","2026-07-17 02:17:32.995343 UTC","0DD300047E","1400","XZM1","DL","","2024","08","","0","ST","0","0","0","0","0","0","0","0","0","0","0","00000000","20240820","Kassel","0DD300047E","XZM1","2026-07-17 06:05:41.813636 UTC"
"0DD300047K|1400|F6M1","2026-07-17 02:17:22.915108 UTC","L","2026-07-17 02:17:22.915108 UTC","0DD300047K","1400","F6M1","DL","","2024","04","","0","ST","0","0","0","0","0","0","0","0","0","0","0","00000000","20240109","Kassel","0DD300047K","F6M1","2026-07-17 06:05:41.813636 UTC"
"0DD300047M|1400|D0M1","2026-07-17 02:17:12.966977 UTC","L","2026-07-17 02:17:12.966977 UTC","0DD300047M","1400","D0M1","DL","","2025","02","","0","ST","0","0","0","0","0","0","0","0","0","0","0","00000000","20240605","Kassel","0DD300047M","D0M1","2026-07-17 06:05:41.813636 UTC"
"0DD300048|1400|BN03","2026-07-17 02:17:43.125366 UTC","L","2026-07-17 02:17:43.125366 UTC","0DD300048","1400","BN03","DL","","2025","07","","0","ST","0","0","0","0","0","0","0","0","0","0","0","00000000","20250129","Kassel","0DD300048","BN03","2026-07-17 06:05:41.813636 UTC"
"0DD311159B|1400|S1M1","2026-07-17 02:17:32.995343 UTC","L","2026-07-17 02:17:32.995343 UTC","0DD311159B","1400","S1M1","DL","","2023","02","","0","ST","0","0","0","0","0","0","0","0","0","0","0","00000000","20230216","Kassel","0DD311159B","S1M1","2026-07-17 06:05:41.813636 UTC"
"0DD311159C|1400|F4M1","2026-07-17 02:17:32.995343 UTC","L","2026-07-17 02:17:32.995343 UTC","0DD311159C","1400","F4M1","DL","","2023","02","","0","ST","0","0","0","0","0","0","0","0","0","0","0","00000000","20230216","Kassel","0DD311159C","F4M1","2026-07-17 06:05:41.813636 UTC"
"0DD300046F|1400|F1M1","2026-07-17 02:17:32.995343 UTC","L","2026-07-17 02:17:32.995343 UTC","0DD300046F","1400","F1M1","DL","","2023","02","","0","ST","0","0","0","0","0","0","0","0","0","0","0","00000000","20230216","Kassel","0DD300046F","F1M1","2026-07-17 06:05:41.813636 UTC"
"0DD300047L|1400|XDM1","2026-07-17 02:17:22.915108 UTC","L","2026-07-17 02:17:22.915108 UTC","0DD300047L","1400","XDM1","DL","","2024","01","","0","ST","0","0","0","0","0","0","0","0","0","0","0","00000000","20240103","Kassel","0DD300047L","XDM1","2026-07-17 06:05:41.813636 UTC"
"0DD300047T|1400|XNQA","2026-07-17 02:17:43.125366 UTC","L","2026-07-17 02:17:43.125366 UTC","0DD300047T","1400","XNQA","DL","","2026","02","","1","ST","0","0","0","0","0","0","0","0","0","0","0","00000000","20251026","Kassel","0DD300047T","XNQA","2026-07-17 06:05:41.813636 UTC"
"0DD300048J|1400|F759","2026-07-17 02:17:53.120606 UTC","L","2026-07-17 02:17:53.120606 UTC","0DD300048J","1400","F759","DL","","2026","07","","4","ST","0","0","0","0","0","0","0","0","0","0","0","00000000","20260511","Kassel","0DD300048J","F759","2026-07-17 06:05:41.813636 UTC"
"0DD311158B|1400|F759","2026-07-17 02:17:43.125366 UTC","L","2026-07-17 02:17:43.125366 UTC","0DD311158B","1400","F759","DL","","2026","07","","349","ST","0","0","0","0","0","0","0","0","0","0","0","00000000","20240429","Kassel","0DD311158B","F759","2026-07-17 06:05:41.813636 UTC"
"0DD311158C|1400|W0M6","2026-07-17 02:17:32.995343 UTC","L","2026-07-17 02:17:32.995343 UTC","0DD311158C","1400","W0M6","DL","","2023","02","","0","ST","0","0","0","0","0","0","0","0","0","0","0","00000000","20230216","Kassel","0DD311158C","W0M6","2026-07-17 06:05:41.813636 UTC"
"0DD311159C|1400|S1M1","2026-07-17 02:17:32.995343 UTC","L","2026-07-17 02:17:32.995343 UTC","0DD311159C","1400","S1M1","DL","","2023","02","","0","ST","0","0","0","0","0","0","0","0","0","0","0","00000000","20230216","Kassel","0DD311159C","S1M1","2026-07-17 06:05:41.813636 UTC"
"0DD300047P|1400|F759","2026-07-17 02:17:22.915108 UTC","L","2026-07-17 02:17:22.915108 UTC","0DD300047P","1400","F759","DL","","2025","03","","0","ST","0","0","0","0","0","0","0","0","0","0","0","00000000","20240614","Kassel","0DD300047P","F759","2026-07-17 06:05:41.813636 UTC"
"0DD311159C    DRA|1400|FAM1","2026-07-17 02:17:22.915108 UTC","L","2026-07-17 02:17:22.915108 UTC","0DD311159C    DRA","1400","FAM1","DL","","2024","09","","0","ST","0","0","0","0","0","0","0","0","0","0","0","00000000","20240916","Kassel","0DD311159C    DRA","FAM1","2026-07-17 06:05:41.813636 UTC"
"0DD300040E|1400|S6M1","2026-07-17 02:17:32.995343 UTC","L","2026-07-17 02:17:32.995343 UTC","0DD300040E","1400","S6M1","DL","","2023","02","","0","ST","0","0","0","0","0","0","0","0","0","0","0","00000000","20230216","Kassel","0DD300040E","S6M1","2026-07-17 06:05:41.813636 UTC"
"0DD300046G|1400|S6M1","2026-07-17 02:17:32.995343 UTC","L","2026-07-17 02:17:32.995343 UTC","0DD300046G","1400","S6M1","DL","","2023","02","","0","ST","0","0","0","0","0","0","0","0","0","0","0","00000000","20230216","Kassel","0DD300046G","S6M1","2026-07-17 06:05:41.813636 UTC"
"0DD300046L|1400|W0M6","2026-07-17 02:17:32.995343 UTC","L","2026-07-17 02:17:32.995343 UTC","0DD300046L","1400","W0M6","DL","","2023","02","","0","ST","0","0","0","0","0","0","0","0","0","0","0","00000000","20230216","Kassel","0DD300046L","W0M6","2026-07-17 06:05:41.813636 UTC"
"0DD300046P|1400|F6M1","2026-07-17 02:17:32.995343 UTC","L","2026-07-17 02:17:32.995343 UTC","0DD300046P","1400","F6M1","DL","","2024","03","","0","ST","0","0","0","0","0","0","0","0","0","0","0","00000000","20230216","Kassel","0DD300046P","F6M1","2026-07-17 06:05:41.813636 UTC"
"0DD300047F|1400|XNM1","2026-07-17 02:17:32.995343 UTC","L","2026-07-17 02:17:32.995343 UTC","0DD300047F","1400","XNM1","DL","","2024","08","","0","ST","0","0","0","0","0","0","0","0","0","0","0","00000000","20240820","Kassel","0DD300047F","XNM1","2026-07-17 06:05:41.813636 UTC"
"0DD300046G|1400|XNM3","2026-07-17 02:17:32.995343 UTC","L","2026-07-17 02:17:32.995343 UTC","0DD300046G","1400","XNM3","DL","","2024","04","","0","ST","0","0","0","0","0","0","0","0","0","0","0","00000000","20230216","Kassel","0DD300046G","XNM3","2026-07-17 06:05:41.813636 UTC"
"0DD300046P|1400|F759","2026-07-17 02:17:43.125366 UTC","L","2026-07-17 02:17:43.125366 UTC","0DD300046P","1400","F759","DL","","2026","06","","0","ST","0","0","0","0","0","0","0","0","0","0","0","00000000","20240508","Kassel","0DD300046P","F759","2026-07-17 06:05:41.813636 UTC"
"0DD300046T|1400|XDM1","2026-07-17 02:17:32.995343 UTC","L","2026-07-17 02:17:32.995343 UTC","0DD300046T","1400","XDM1","DL","","2023","11","","0","ST","0","0","0","0","0","0","0","0","0","0","0","00000000","20221024","Kassel","0DD300046T","XDM1","2026-07-17 06:05:41.813636 UTC"
"0DD300048A|1400|XNM3","2026-07-17 02:17:53.120606 UTC","L","2026-07-17 02:17:53.120606 UTC","0DD300048A","1400","XNM3","DL","","2025","03","","0","ST","0","0","0","0","0","0","0","0","0","0","0","00000000","20250314","Kassel","0DD300048A","XNM3","2026-07-17 06:05:41.813636 UTC"
"0DD311159B       0200|1400|S0M6","2026-07-17 02:17:22.915108 UTC","L","2026-07-17 02:17:22.915108 UTC","0DD311159B       0200","1400","S0M6","DL","","2024","04","","0","ST","0","0","0","0","0","0","0","0","0","0","0","00000000","20240404","Kassel","0DD311159B       0200","S0M6","2026-07-17 06:05:41.813636 UTC"
"0DD311159B|1400|D0M1","2026-07-17 02:17:32.995343 UTC","L","2026-07-17 02:17:32.995343 UTC","0DD311159B","1400","D0M1","DL","","2022","10","","0","ST","0","0","0","0","0","0","0","0","0","0","0","00000000","20221024","Kassel","0DD311159B","D0M1","2026-07-17 06:05:41.813636 UTC"
"0DD300046H|1400|F759","2026-07-17 02:17:32.995343 UTC","L","2026-07-17 02:17:32.995343 UTC","0DD300046H","1400","F759","DL","","2025","07","","0","ST","0","0","0","0","0","0","0","0","0","0","0","00000000","20240508","Kassel","0DD300046H","F759","2026-07-17 06:05:41.813636 UTC"
"0DD300046J|1400|FBM1","2026-07-17 02:17:32.995343 UTC","L","2026-07-17 02:17:32.995343 UTC","0DD300046J","1400","FBM1","DL","","2023","02","","0","ST","0","0","0","0","0","0","0","0","0","0","0","00000000","20230216","Kassel","0DD300046J","FBM1","2026-07-17 06:05:41.813636 UTC"
"0DD300046K|1400|XNTS","2026-07-17 02:17:43.125366 UTC","L","2026-07-17 02:17:43.125366 UTC","0DD300046K","1400","XNTS","DL","","2025","10","","0","ST","0","0","0","0","0","0","0","0","0","0","0","00000000","20250404","Kassel","0DD300046K","XNTS","2026-07-17 06:05:41.813636 UTC"
"0DD300047F|1400|D0M1","2026-07-17 02:17:12.966977 UTC","L","2026-07-17 02:17:12.966977 UTC","0DD300047F","1400","D0M1","DL","","2026","07","","0","ST","0","0","0","0","0","0","0","0","0","0","0","00000000","20240820","Kassel","0DD300047F","D0M1","2026-07-17 06:05:41.813636 UTC"
"0DD300047M|1400|F759","2026-07-17 02:17:43.125366 UTC","L","2026-07-17 02:17:43.125366 UTC","0DD300047M","1400","F759","DL","","2025","07","","0","ST","0","0","0","0","0","0","0","0","0","0","0","00000000","20240614","Kassel","0DD300047M","F759","2026-07-17 06:05:41.813636 UTC"
"0DD311158D|1400|FBM1","2026-07-17 02:17:32.995343 UTC","L","2026-07-17 02:17:32.995343 UTC","0DD311158D","1400","FBM1","DL","","2023","02","","0","ST","0","0","0","0","0","0","0","0","0","0","0","00000000","20230216","Kassel","0DD311158D","FBM1","2026-07-17 06:05:41.813636 UTC"
"0DD311159C    DRA|1400|FAM3","2026-07-17 02:17:53.120606 UTC","L","2026-07-17 02:17:53.120606 UTC","0DD311159C    DRA","1400","FAM3","DL","","2025","05","","0","ST","0","0","0","0","0","0","0","0","0","0","0","00000000","20250508","Kassel","0DD311159C    DRA","FAM3","2026-07-17 06:05:41.813636 UTC"
"0DD300040E|1400|S1M1","2026-07-17 02:17:32.995343 UTC","L","2026-07-17 02:17:32.995343 UTC","0DD300040E","1400","S1M1","DL","","2025","07","","21","ST","0","0","0","0","0","0","0","0","0","0","0","00000000","20230216","Kassel","0DD300040E","S1M1","2026-07-17 06:05:41.813636 UTC"
"0DD300046T|1400|S1M1","2026-07-17 02:17:32.995343 UTC","L","2026-07-17 02:17:32.995343 UTC","0DD300046T","1400","S1M1","DL","","2026","07","","8","ST","0","0","0","0","0","0","0","0","0","0","0","00000000","20230216","Kassel","0DD300046T","S1M1","2026-07-17 06:05:41.813636 UTC"
"0DD300046T|1400|W0M6","2026-07-17 02:17:32.995343 UTC","L","2026-07-17 02:17:32.995343 UTC","0DD300046T","1400","W0M6","DL","","2023","02","","0","ST","0","0","0","0","0","0","0","0","0","0","0","00000000","20230216","Kassel","0DD300046T","W0M6","2026-07-17 06:05:41.813636 UTC"
"0DD300047R|1400|XNM1","2026-07-17 02:17:22.915108 UTC","L","2026-07-17 02:17:22.915108 UTC","0DD300047R","1400","XNM1","DL","","2024","05","","0","ST","0","0","0","0","0","0","0","0","0","0","0","00000000","20240515","Kassel","0DD300047R","XNM1","2026-07-17 06:05:41.813636 UTC"
"0DD311158B|1400|FBM1","2026-07-17 02:17:32.995343 UTC","L","2026-07-17 02:17:32.995343 UTC","0DD311158B","1400","FBM1","DL","","2023","02","","0","ST","0","0","0","0","0","0","0","0","0","0","0","00000000","20230216","Kassel","0DD311158B","FBM1","2026-07-17 06:05:41.813636 UTC"
"0DD311158B|1400|S0M6","2026-07-17 02:17:32.995343 UTC","L","2026-07-17 02:17:32.995343 UTC","0DD311158B","1400","S0M6","DL","","2023","02","","0","ST","0","0","0","0","0","0","0","0","0","0","0","00000000","20230216","Kassel","0DD311158B","S0M6","2026-07-17 06:05:41.813636 UTC"
"0DD311159B    DRA|1400|XDM1","2026-07-17 02:17:32.995343 UTC","L","2026-07-17 02:17:32.995343 UTC","0DD311159B    DRA","1400","XDM1","DL","","2022","10","","0","ST","0","0","0","0","0","0","0","0","0","0","0","00000000","20221024","Kassel","0DD311159B    DRA","XDM1","2026-07-17 06:05:41.813636 UTC"
"0DD311159B ANG|1400|XNM1","2026-07-17 02:17:32.995343 UTC","L","2026-07-17 02:17:32.995343 UTC","0DD311159B ANG","1400","XNM1","DL","","2026","03","","0","ST","0","0","0","0","0","0","0","0","0","0","0","00000000","20221103","Kassel","0DD311159B ANG","XNM1","2026-07-17 06:05:41.813636 UTC"
"0DD311159C    DRA|1400|F4M1","2026-07-17 02:17:32.995343 UTC","L","2026-07-17 02:17:32.995343 UTC","0DD311159C    DRA","1400","F4M1","DL","","2022","11","","0","ST","0","0","0","0","0","0","0","0","0","0","0","00000000","20221116","Kassel","0DD311159C    DRA","F4M1","2026-07-17 06:05:41.813636 UTC"
"0DD300040C|1400|XNM1","2026-07-17 02:17:32.995343 UTC","L","2026-07-17 02:17:32.995343 UTC","0DD300040C","1400","XNM1","DL","","2025","07","","0","ST","0","0","0","0","0","0","0","0","0","0","0","00000000","20221024","Kassel","0DD300040C","XNM1","2026-07-17 06:05:41.813636 UTC"
"0DD300046C|1400|F759","2026-07-17 02:17:43.125366 UTC","L","2026-07-17 02:17:43.125366 UTC","0DD300046C","1400","F759","DL","","2025","12","","0","ST","0","0","0","0","0","0","0","0","0","0","0","00000000","20240801","Kassel","0DD300046C","F759","2026-07-17 06:05:41.813636 UTC"
"0DD300046E|1400|XNM1","2026-07-17 02:17:32.995343 UTC","L","2026-07-17 02:17:32.995343 UTC","0DD300046E","1400","XNM1","DL","","2025","07","","0","ST","0","0","0","0","0","0","0","0","0","0","0","00000000","20221024","Kassel","0DD300046E","XNM1","2026-07-17 06:05:41.813636 UTC"
"0DD300046G|1400|F1M1","2026-07-17 02:17:32.995343 UTC","L","2026-07-17 02:17:32.995343 UTC","0DD300046G","1400","F1M1","DL","","2023","02","","0","ST","0","0","0","0","0","0","0","0","0","0","0","00000000","20230216","Kassel","0DD300046G","F1M1","2026-07-17 06:05:41.813636 UTC"
"0DD300047A|1400|XZM1","2026-07-17 02:17:43.125366 UTC","L","2026-07-17 02:17:43.125366 UTC","0DD300047A","1400","XZM1","DL","","2022","12","","0","ST","0","0","0","0","0","0","0","0","0","0","0","00000000","20221219","Kassel","0DD300047A","XZM1","2026-07-17 06:05:41.813636 UTC"
"0DD300047G|1400|XN12","2026-07-17 02:17:43.125366 UTC","L","2026-07-17 02:17:43.125366 UTC","0DD300047G","1400","XN12","DL","","2025","06","","0","ST","0","0","0","0","0","0","0","0","0","0","0","00000000","20240430","Kassel","0DD300047G","XN12","2026-07-17 06:05:41.813636 UTC"
"0DD300047H|1400|S1M1","2026-07-17 02:17:32.995343 UTC","L","2026-07-17 02:17:32.995343 UTC","0DD300047H","1400","S1M1","DL","","2024","03","","0","ST","0","0","0","0","0","0","0","0","0","0","0","00000000","20231117","Kassel","0DD300047H","S1M1","2026-07-17 06:05:41.813636 UTC"
"0DD300047K|1400|XNM2","2026-07-17 02:17:22.915108 UTC","L","2026-07-17 02:17:22.915108 UTC","0DD300047K","1400","XNM2","DL","","2024","01","","0","ST","0","0","0","0","0","0","0","0","0","0","0","00000000","20240103","Kassel","0DD300047K","XNM2","2026-07-17 06:05:41.813636 UTC"
"0DD300048C|1400|XNM3","2026-07-17 02:17:53.120606 UTC","L","2026-07-17 02:17:53.120606 UTC","0DD300048C","1400","XNM3","DL","","2025","03","","0","ST","0","0","0","0","0","0","0","0","0","0","0","00000000","20250314","Kassel","0DD300048C","XNM3","2026-07-17 06:05:41.813636 UTC"
"0DD300048E|1400|S1M1","2026-07-17 02:17:53.120606 UTC","L","2026-07-17 02:17:53.120606 UTC","0DD300048E","1400","S1M1","DL","","2026","04","","0","ST","0","0","0","0","0","0","0","0","0","0","0","00000000","20250917","Kassel","0DD300048E","S1M1","2026-07-17 06:05:41.813636 UTC"
"0DD311159B    DRA|1400|S0M3","2026-07-17 02:17:32.995343 UTC","L","2026-07-17 02:17:32.995343 UTC","0DD311159B    DRA","1400","S0M3","DL","","2022","12","","0","ST","0","0","0","0","0","0","0","0","0","0","0","00000000","20221221","Kassel","0DD311159B    DRA","S0M3","2026-07-17 06:05:41.813636 UTC"
"0DD311159B|1400|XNM2","2026-07-17 02:17:32.995343 UTC","L","2026-07-17 02:17:32.995343 UTC","0DD311159B","1400","XNM2","DL","","2022","10","","0","ST","0","0","0","0","0","0","0","0","0","0","0","00000000","20221024","Kassel","0DD311159B","XNM2","2026-07-17 06:05:41.813636 UTC"
"0DD311159C|1400|FBM1","2026-07-17 02:17:32.995343 UTC","L","2026-07-17 02:17:32.995343 UTC","0DD311159C","1400","FBM1","DL","","2023","02","","0","ST","0","0","0","0","0","0","0","0","0","0","0","00000000","20230216","Kassel","0DD311159C","FBM1","2026-07-17 06:05:41.813636 UTC"
"0DD300046S|1400|XN12","2026-07-17 02:17:43.125366 UTC","L","2026-07-17 02:17:43.125366 UTC","0DD300046S","1400","XN12","DL","","2026","07","","10","ST","0","0","0","0","0","0","0","0","0","0","0","00000000","20240430","Kassel","0DD300046S","XN12","2026-07-17 06:05:41.813636 UTC"
"0DD300047K|1400|XZM1","2026-07-17 02:17:22.915108 UTC","L","2026-07-17 02:17:22.915108 UTC","0DD300047K","1400","XZM1","DL","","2024","01","","0","ST","0","0","0","0","0","0","0","0","0","0","0","00000000","20240103","Kassel","0DD300047K","XZM1","2026-07-17 06:05:41.813636 UTC"
"0DD300047L|1400|F6M1","2026-07-17 02:17:22.915108 UTC","L","2026-07-17 02:17:22.915108 UTC","0DD300047L","1400","F6M1","DL","","2024","04","","0","ST","0","0","0","0","0","0","0","0","0","0","0","00000000","20240109","Kassel","0DD300047L","F6M1","2026-07-17 06:05:41.813636 UTC"
"0DD311158B|1400|XDM1","2026-07-17 02:17:32.995343 UTC","L","2026-07-17 02:17:32.995343 UTC","0DD311158B","1400","XDM1","DL","","2022","10","","0","ST","0","0","0","0","0","0","0","0","0","0","0","00000000","20221024","Kassel","0DD311158B","XDM1","2026-07-17 06:05:41.813636 UTC"
"0DD311159B|1400|FBM1","2026-07-17 02:17:32.995343 UTC","L","2026-07-17 02:17:32.995343 UTC","0DD311159B","1400","FBM1","DL","","2023","02","","0","ST","0","0","0","0","0","0","0","0","0","0","0","00000000","20230216","Kassel","0DD311159B","FBM1","2026-07-17 06:05:41.813636 UTC"
"0DD311159C    DRA|1400|XDM1","2026-07-17 02:17:32.995343 UTC","L","2026-07-17 02:17:32.995343 UTC","0DD311159C    DRA","1400","XDM1","DL","","2022","10","","0","ST","0","0","0","0","0","0","0","0","0","0","0","00000000","20221024","Kassel","0DD311159C    DRA","XDM1","2026-07-17 06:05:41.813636 UTC"
"0DD300046J|1400|S0M6","2026-07-17 02:17:32.995343 UTC","L","2026-07-17 02:17:32.995343 UTC","0DD300046J","1400","S0M6","DL","","2023","02","","0","ST","0","0","0","0","0","0","0","0","0","0","0","00000000","20230216","Kassel","0DD300046J","S0M6","2026-07-17 06:05:41.813636 UTC"
"0DD300046J|1400|XN12","2026-07-17 02:17:43.125366 UTC","L","2026-07-17 02:17:43.125366 UTC","0DD300046J","1400","XN12","DL","","2026","07","","5","ST","0","0","0","0","0","0","0","0","0","0","0","00000000","20240430","Kassel","0DD300046J","XN12","2026-07-17 06:05:41.813636 UTC"
"0DD300047R|1400|XNM2","2026-07-17 02:17:22.915108 UTC","L","2026-07-17 02:17:22.915108 UTC","0DD300047R","1400","XNM2","DL","","2024","05","","0","ST","0","0","0","0","0","0","0","0","0","0","0","00000000","20240515","Kassel","0DD300047R","XNM2","2026-07-17 06:05:41.813636 UTC"
"0DD300047T|1400|S6M1","2026-07-17 02:17:22.915108 UTC","L","2026-07-17 02:17:22.915108 UTC","0DD300047T","1400","S6M1","DL","","2024","07","","0","ST","0","0","0","0","0","0","0","0","0","0","0","00000000","20240710","Kassel","0DD300047T","S6M1","2026-07-17 06:05:41.813636 UTC"
"0DD300048A|1400|F759","2026-07-17 02:17:43.125366 UTC","L","2026-07-17 02:17:43.125366 UTC","0DD300048A","1400","F759","DL","","2026","07","","19","ST","0","0","0","0","0","0","0","0","0","0","0","00000000","20250324","Kassel","0DD300048A","F759","2026-07-17 06:05:41.813636 UTC"
"0DD311159B       0200|1400|XN50","2026-07-17 02:17:32.995343 UTC","L","2026-07-17 02:17:32.995343 UTC","0DD311159B       0200","1400","XN50","DL","","2024","04","","0","ST","0","0","0","0","0","0","0","0","0","0","0","00000000","20240430","Kassel","0DD311159B       0200","XN50","2026-07-17 06:05:41.813636 UTC"
"0DD300040C|1400|S1M1","2026-07-17 02:17:32.995343 UTC","L","2026-07-17 02:17:32.995343 UTC","0DD300040C","1400","S1M1","DL","","2025","07","","0","ST","0","0","0","0","0","0","0","0","0","0","0","00000000","20230216","Kassel","0DD300040C","S1M1","2026-07-17 06:05:41.813636 UTC"
"0DD300046C|1400|F6M1","2026-07-17 02:17:32.995343 UTC","L","2026-07-17 02:17:32.995343 UTC","0DD300046C","1400","F6M1","DL","","2024","04","","0","ST","0","0","0","0","0","0","0","0","0","0","0","00000000","20230216","Kassel","0DD300046C","F6M1","2026-07-17 06:05:41.813636 UTC"
"0DD300046F|1400|XNM3","2026-07-17 02:17:32.995343 UTC","L","2026-07-17 02:17:32.995343 UTC","0DD300046F","1400","XNM3","DL","","2024","04","","0","ST","0","0","0","0","0","0","0","0","0","0","0","00000000","20230216","Kassel","0DD300046F","XNM3","2026-07-17 06:05:41.813636 UTC"
"0DD300046H|1400|S4M1","2026-07-17 02:17:32.995343 UTC","L","2026-07-17 02:17:32.995343 UTC","0DD300046H","1400","S4M1","DL","","2023","02","","0","ST","0","0","0","0","0","0","0","0","0","0","0","00000000","20230216","Kassel","0DD300046H","S4M1","2026-07-17 06:05:41.813636 UTC"
"0DD300046L|1400|XNM2","2026-07-17 02:17:32.995343 UTC","L","2026-07-17 02:17:32.995343 UTC","0DD300046L","1400","XNM2","DL","","2022","10","","0","ST","0","0","0","0","0","0","0","0","0","0","0","00000000","20221024","Kassel","0DD300046L","XNM2","2026-07-17 06:05:41.813636 UTC"
"0DD300046S|1400|S1M1","2026-07-17 02:17:32.995343 UTC","L","2026-07-17 02:17:32.995343 UTC","0DD300046S","1400","S1M1","DL","","2026","07","","20","ST","0","0","0","0","0","0","0","0","0","0","0","00000000","20230216","Kassel","0DD300046S","S1M1","2026-07-17 06:05:41.813636 UTC"
"0DD300047E|1400|D0M1","2026-07-17 02:17:12.966977 UTC","L","2026-07-17 02:17:12.966977 UTC","0DD300047E","1400","D0M1","DL","","2026","07","","0","ST","0","0","0","0","0","0","0","0","0","0","0","00000000","20240820","Kassel","0DD300047E","D0M1","2026-07-17 06:05:41.813636 UTC"
"0DD300047M|1400|S6M1","2026-07-17 02:17:22.915108 UTC","L","2026-07-17 02:17:22.915108 UTC","0DD300047M","1400","S6M1","DL","","2024","06","","0","ST","0","0","0","0","0","0","0","0","0","0","0","00000000","20240614","Kassel","0DD300047M","S6M1","2026-07-17 06:05:41.813636 UTC"
"0DD300048A|1400|D0M1","2026-07-17 02:17:53.120606 UTC","L","2026-07-17 02:17:53.120606 UTC","0DD300048A","1400","D0M1","DL","","2026","07","","0","ST","0","0","0","0","0","0","0","0","0","0","0","00000000","20250314","Kassel","0DD300048A","D0M1","2026-07-17 06:05:41.813636 UTC"
"0DD311158D|1400|S1M1","2026-07-17 02:17:32.995343 UTC","L","2026-07-17 02:17:32.995343 UTC","0DD311158D","1400","S1M1","DL","","2023","02","","0","ST","0","0","0","0","0","0","0","0","0","0","0","00000000","20230216","Kassel","0DD311158D","S1M1","2026-07-17 06:05:41.813636 UTC"
"0DD300040C|1400|S6M1","2026-07-17 02:17:32.995343 UTC","L","2026-07-17 02:17:32.995343 UTC","0DD300040C","1400","S6M1","DL","","2023","02","","0","ST","0","0","0","0","0","0","0","0","0","0","0","00000000","20230216","Kassel","0DD300040C","S6M1","2026-07-17 06:05:41.813636 UTC"
"0DD300046H|1400|XDM1","2026-07-17 02:17:32.995343 UTC","L","2026-07-17 02:17:32.995343 UTC","0DD300046H","1400","XDM1","DL","","2022","10","","0","ST","0","0","0","0","0","0","0","0","0","0","0","00000000","20221024","Kassel","0DD300046H","XDM1","2026-07-17 06:05:41.813636 UTC"
"0DD300046M|1400|XN12","2026-07-17 02:17:43.125366 UTC","L","2026-07-17 02:17:43.125366 UTC","0DD300046M","1400","XN12","DL","","2026","06","","4","ST","0","0","0","0","0","0","0","0","0","0","0","00000000","20240515","Kassel","0DD300046M","XN12","2026-07-17 06:05:41.813636 UTC"
"0DD300047G|1400|D0M1","2026-07-17 02:17:32.995343 UTC","L","2026-07-17 02:17:32.995343 UTC","0DD300047G","1400","D0M1","DL","","2024","02","","0","ST","0","0","0","0","0","0","0","0","0","0","0","00000000","20230921","Kassel","0DD300047G","D0M1","2026-07-17 06:05:41.813636 UTC"
"0DD311159B       0200|1400|XNM1","2026-07-17 02:17:22.915108 UTC","L","2026-07-17 02:17:22.915108 UTC","0DD311159B       0200","1400","XNM1","DL","","2024","04","","0","ST","0","0","0","0","0","0","0","0","0","0","0","00000000","20240404","Kassel","0DD311159B       0200","XNM1","2026-07-17 06:05:41.813636 UTC"
"0DD311159C|1400|S4M1","2026-07-17 02:17:32.995343 UTC","L","2026-07-17 02:17:32.995343 UTC","0DD311159C","1400","S4M1","DL","","2023","02","","0","ST","0","0","0","0","0","0","0","0","0","0","0","00000000","20230216","Kassel","0DD311159C","S4M1","2026-07-17 06:05:41.813636 UTC"
"0DD300040D|1400|D0M1","2026-07-17 02:17:32.995343 UTC","L","2026-07-17 02:17:32.995343 UTC","0DD300040D","1400","D0M1","DL","","2025","08","","0","ST","0","0","0","0","0","0","0","0","0","0","0","00000000","20221024","Kassel","0DD300040D","D0M1","2026-07-17 06:05:41.813636 UTC"
"0DD300046J|1400|S4M1","2026-07-17 02:17:32.995343 UTC","L","2026-07-17 02:17:32.995343 UTC","0DD300046J","1400","S4M1","DL","","2023","02","","0","ST","0","0","0","0","0","0","0","0","0","0","0","00000000","20230216","Kassel","0DD300046J","S4M1","2026-07-17 06:05:41.813636 UTC"
"0DD300046Q|1400|XN12","2026-07-17 02:17:43.125366 UTC","L","2026-07-17 02:17:43.125366 UTC","0DD300046Q","1400","XN12","DL","","2025","07","","0","ST","0","0","0","0","0","0","0","0","0","0","0","00000000","20240730","Kassel","0DD300046Q","XN12","2026-07-17 06:05:41.813636 UTC"
"0DD300046S|1400|S6M1","2026-07-17 02:17:32.995343 UTC","L","2026-07-17 02:17:32.995343 UTC","0DD300046S","1400","S6M1","DL","","2023","02","","0","ST","0","0","0","0","0","0","0","0","0","0","0","00000000","20230216","Kassel","0DD300046S","S6M1","2026-07-17 06:05:41.813636 UTC"
"0DD300047E|1400|XN12","2026-07-17 02:17:43.125366 UTC","L","2026-07-17 02:17:43.125366 UTC","0DD300047E","1400","XN12","DL","","2026","07","","1","ST","0","0","0","0","0","0","0","0","0","0","0","00000000","20250909","Kassel","0DD300047E","XN12","2026-07-17 06:05:41.813636 UTC"
"0DD300047N|1400|XNM3","2026-07-17 02:17:22.915108 UTC","L","2026-07-17 02:17:22.915108 UTC","0DD300047N","1400","XNM3","DL","","2024","06","","0","ST","0","0","0","0","0","0","0","0","0","0","0","00000000","20240624","Kassel","0DD300047N","XNM3","2026-07-17 06:05:41.813636 UTC"
"0DD300048D|1400|XZM1","2026-07-17 02:17:43.125366 UTC","L","2026-07-17 02:17:43.125366 UTC","0DD300048D","1400","XZM1","DL","","2025","06","","0","ST","0","0","0","0","0","0","0","0","0","0","0","00000000","20250623","Kassel","0DD300048D","XZM1","2026-07-17 06:05:41.813636 UTC"
"0DD300046C|1400|S6M1","2026-07-17 02:17:32.995343 UTC","L","2026-07-17 02:17:32.995343 UTC","0DD300046C","1400","S6M1","DL","","2023","02","","0","ST","0","0","0","0","0","0","0","0","0","0","0","00000000","20230216","Kassel","0DD300046C","S6M1","2026-07-17 06:05:41.813636 UTC"
"0DD300046N|1400|XZM1","2026-07-17 02:17:53.120606 UTC","L","2026-07-17 02:17:53.120606 UTC","0DD300046N","1400","XZM1","DL","","2023","02","","0","ST","0","0","0","0","0","0","0","0","0","0","0","00000000","20230215","Kassel","0DD300046N","XZM1","2026-07-17 06:05:41.813636 UTC"
"0DD300047H|1400|F759","2026-07-17 02:17:43.125366 UTC","L","2026-07-17 02:17:43.125366 UTC","0DD300047H","1400","F759","DL","","2024","10","","0","ST","0","0","0","0","0","0","0","0","0","0","0","00000000","20240430","Kassel","0DD300047H","F759","2026-07-17 06:05:41.813636 UTC"
"0DD300047H|1400|XNM1","2026-07-17 02:17:32.995343 UTC","L","2026-07-17 02:17:32.995343 UTC","0DD300047H","1400","XNM1","DL","","2024","04","","0","ST","0","0","0","0","0","0","0","0","0","0","0","00000000","20230921","Kassel","0DD300047H","XNM1","2026-07-17 06:05:41.813636 UTC"
"0DD300047S|1400|D0M1","2026-07-17 02:17:12.966977 UTC","L","2026-07-17 02:17:12.966977 UTC","0DD300047S","1400","D0M1","DL","","2026","07","","0","ST","0","0","0","0","0","0","0","0","0","0","0","00000000","20240703","Kassel","0DD300047S","D0M1","2026-07-17 06:05:41.813636 UTC"
"0DD300047T|1400|F230","2026-07-17 02:17:53.120606 UTC","L","2026-07-17 02:17:53.120606 UTC","0DD300047T","1400","F230","DL","","2026","07","","0","ST","0","0","0","0","0","0","0","0","0","0","0","00000000","20260703","Kassel","0DD300047T","F230","2026-07-17 06:05:41.813636 UTC"
"0DD300048C|1400|D0M1","2026-07-17 02:17:53.120606 UTC","L","2026-07-17 02:17:53.120606 UTC","0DD300048C","1400","D0M1","DL","","2026","07","","0","ST","0","0","0","0","0","0","0","0","0","0","0","00000000","20250314","Kassel","0DD300048C","D0M1","2026-07-17 06:05:41.813636 UTC"
"0DD300048D|1400|XNM3","2026-07-17 02:17:43.125366 UTC","L","2026-07-17 02:17:43.125366 UTC","0DD300048D","1400","XNM3","DL","","2025","06","","0","ST","0","0","0","0","0","0","0","0","0","0","0","00000000","20250623","Kassel","0DD300048D","XNM3","2026-07-17 06:05:41.813636 UTC"
"0DD311158B|1400|F6M1","2026-07-17 02:17:32.995343 UTC","L","2026-07-17 02:17:32.995343 UTC","0DD311158B","1400","F6M1","DL","","2024","04","","0","ST","0","0","0","0","0","0","0","0","0","0","0","00000000","20230216","Kassel","0DD311158B","F6M1","2026-07-17 06:05:41.813636 UTC"
"0DD311158C|1400|F6M1","2026-07-17 02:17:32.995343 UTC","L","2026-07-17 02:17:32.995343 UTC","0DD311158C","1400","F6M1","DL","","2023","02","","0","ST","0","0","0","0","0","0","0","0","0","0","0","00000000","20230216","Kassel","0DD311158C","F6M1","2026-07-17 06:05:41.813636 UTC"
"0DD311158C|1400|FBM1","2026-07-17 02:17:32.995343 UTC","L","2026-07-17 02:17:32.995343 UTC","0DD311158C","1400","FBM1","DL","","2023","02","","0","ST","0","0","0","0","0","0","0","0","0","0","0","00000000","20230216","Kassel","0DD311158C","FBM1","2026-07-17 06:05:41.813636 UTC"
"0DD311159B ANG|1400|XN99","2026-07-17 02:17:43.125366 UTC","L","2026-07-17 02:17:43.125366 UTC","0DD311159B ANG","1400","XN99","DL","","2025","10","","0","ST","0","0","0","0","0","0","0","0","0","0","0","00000000","20250802","Kassel","0DD311159B ANG","XN99","2026-07-17 06:05:41.813636 UTC"
"0DD311159C|1400|W0M6","2026-07-17 02:17:32.995343 UTC","L","2026-07-17 02:17:32.995343 UTC","0DD311159C","1400","W0M6","DL","","2023","02","","0","ST","0","0","0","0","0","0","0","0","0","0","0","00000000","20230216","Kassel","0DD311159C","W0M6","2026-07-17 06:05:41.813636 UTC"
"0DD300046J|1400|F759","2026-07-17 02:17:43.125366 UTC","L","2026-07-17 02:17:43.125366 UTC","0DD300046J","1400","F759","DL","","2026","07","","0","ST","0","0","0","0","0","0","0","0","0","0","0","00000000","20240430","Kassel","0DD300046J","F759","2026-07-17 06:05:41.813636 UTC"
"0DD300046S|1400|XNM1","2026-07-17 02:17:32.995343 UTC","L","2026-07-17 02:17:32.995343 UTC","0DD300046S","1400","XNM1","DL","","2025","07","","0","ST","0","0","0","0","0","0","0","0","0","0","0","00000000","20221024","Kassel","0DD300046S","XNM1","2026-07-17 06:05:41.813636 UTC"
"0DD300047J|1400|XDM1","2026-07-17 02:17:22.915108 UTC","L","2026-07-17 02:17:22.915108 UTC","0DD300047J","1400","XDM1","DL","","2024","01","","0","ST","0","0","0","0","0","0","0","0","0","0","0","00000000","20240103","Kassel","0DD300047J","XDM1","2026-07-17 06:05:41.813636 UTC"
"0DD300047J|1400|XNM1","2026-07-17 02:17:22.915108 UTC","L","2026-07-17 02:17:22.915108 UTC","0DD300047J","1400","XNM1","DL","","2025","03","","0","ST","0","0","0","12","0","0","0","0","0","0","0","00000000","20240103","Kassel","0DD300047J","XNM1","2026-07-17 06:05:41.813636 UTC"
"0DD300047P|1400|XNM3","2026-07-17 02:17:32.995343 UTC","L","2026-07-17 02:17:32.995343 UTC","0DD300047P","1400","XNM3","DL","","2024","06","","0","ST","0","0","0","0","0","0","0","0","0","0","0","00000000","20240605","Kassel","0DD300047P","XNM3","2026-07-17 06:05:41.813636 UTC"
"0DD311159D|1400|S0M6","2026-07-17 02:17:32.995343 UTC","L","2026-07-17 02:17:32.995343 UTC","0DD311159D","1400","S0M6","DL","","2023","02","","0","ST","0","0","0","0","0","0","0","0","0","0","0","00000000","20230216","Kassel","0DD311159D","S0M6","2026-07-17 06:05:41.813636 UTC"
"0DD311159D|1400|S6M1","2026-07-17 02:17:32.995343 UTC","L","2026-07-17 02:17:32.995343 UTC","0DD311159D","1400","S6M1","DL","","2023","02","","0","ST","0","0","0","0","0","0","0","0","0","0","0","00000000","20230216","Kassel","0DD311159D","S6M1","2026-07-17 06:05:41.813636 UTC"
"0DD300046E|1400|XNM2","2026-07-17 02:17:32.995343 UTC","L","2026-07-17 02:17:32.995343 UTC","0DD300046E","1400","XNM2","DL","","2022","10","","0","ST","0","0","0","0","0","0","0","0","0","0","0","00000000","20221024","Kassel","0DD300046E","XNM2","2026-07-17 06:05:41.813636 UTC"
"0DD300046L|1400|F759","2026-07-17 02:17:22.915108 UTC","L","2026-07-17 02:17:22.915108 UTC","0DD300046L","1400","F759","DL","","2026","04","","0","ST","0","0","0","0","0","0","0","0","0","0","0","00000000","20240516","Kassel","0DD300046L","F759","2026-07-17 06:05:41.813636 UTC"
"0DD300046M|1400|D0M1","2026-07-17 02:17:32.995343 UTC","L","2026-07-17 02:17:32.995343 UTC","0DD300046M","1400","D0M1","DL","","2026","06","","0","ST","0","0","0","0","0","0","0","0","0","0","0","00000000","20221024","Kassel","0DD300046M","D0M1","2026-07-17 06:05:41.813636 UTC"
"0DD300047L|1400|S6M1","2026-07-17 02:17:22.915108 UTC","L","2026-07-17 02:17:22.915108 UTC","0DD300047L","1400","S6M1","DL","","2024","01","","0","ST","0","0","0","0","0","0","0","0","0","0","0","00000000","20240109","Kassel","0DD300047L","S6M1","2026-07-17 06:05:41.813636 UTC"
"0DD311159B       0340|1400|F1M1","2026-07-17 02:17:22.915108 UTC","L","2026-07-17 02:17:22.915108 UTC","0DD311159B       0340","1400","F1M1","DL","","2024","04","","0","ST","0","0","0","0","0","0","0","0","0","0","0","00000000","20240404","Kassel","0DD311159B       0340","F1M1","2026-07-17 06:05:41.813636 UTC"
"0DD300040D|1400|XZM1","2026-07-17 02:17:32.995343 UTC","L","2026-07-17 02:17:32.995343 UTC","0DD300040D","1400","XZM1","DL","","2022","10","","0","ST","0","0","0","0","0","0","0","0","0","0","0","00000000","20221024","Kassel","0DD300040D","XZM1","2026-07-17 06:05:41.813636 UTC"
"0DD300046E|1400|XZM1","2026-07-17 02:17:32.995343 UTC","L","2026-07-17 02:17:32.995343 UTC","0DD300046E","1400","XZM1","DL","","2022","10","","0","ST","0","0","0","0","0","0","0","0","0","0","0","00000000","20221024","Kassel","0DD300046E","XZM1","2026-07-17 06:05:41.813636 UTC"
"0DD300046K|1400|XZM1","2026-07-17 02:17:32.995343 UTC","L","2026-07-17 02:17:32.995343 UTC","0DD300046K","1400","XZM1","DL","","2022","10","","0","ST","0","0","0","0","0","0","0","0","0","0","0","00000000","20221024","Kassel","0DD300046K","XZM1","2026-07-17 06:05:41.813636 UTC"
"0DD300047F|1400|XDM1","2026-07-17 02:17:32.995343 UTC","L","2026-07-17 02:17:32.995343 UTC","0DD300047F","1400","XDM1","DL","","2024","08","","0","ST","0","0","0","0","0","0","0","0","0","0","0","00000000","20240820","Kassel","0DD300047F","XDM1","2026-07-17 06:05:41.813636 UTC"
"0DD300047M|1400|XNM3","2026-07-17 02:17:32.995343 UTC","L","2026-07-17 02:17:32.995343 UTC","0DD300047M","1400","XNM3","DL","","2024","06","","0","ST","0","0","0","0","0","0","0","0","0","0","0","00000000","20240605","Kassel","0DD300047M","XNM3","2026-07-17 06:05:41.813636 UTC"
"0DD300047R|1400|S1M1","2026-07-17 02:17:22.915108 UTC","L","2026-07-17 02:17:22.915108 UTC","0DD300047R","1400","S1M1","DL","","2024","05","","0","ST","0","0","0","0","0","0","0","0","0","0","0","00000000","20240524","Kassel","0DD300047R","S1M1","2026-07-17 06:05:41.813636 UTC"
"0DD300048G|1400|XNM1","2026-07-17 02:17:43.125366 UTC","L","2026-07-17 02:17:43.125366 UTC","0DD300048G","1400","XNM1","DL","","2025","11","","0","ST","0","0","0","0","0","0","0","0","0","0","0","00000000","20251114","Kassel","0DD300048G","XNM1","2026-07-17 06:05:41.813636 UTC"
"0DD311158D|1400|XDM1","2026-07-17 02:17:32.995343 UTC","L","2026-07-17 02:17:32.995343 UTC","0DD311158D","1400","XDM1","DL","","2022","10","","0","ST","0","0","0","0","0","0","0","0","0","0","0","00000000","20221024","Kassel","0DD311158D","XDM1","2026-07-17 06:05:41.813636 UTC"
"0DD311159B    DRA|1400|FAM4","2026-07-17 02:17:53.120606 UTC","L","2026-07-17 02:17:53.120606 UTC","0DD311159B    DRA","1400","FAM4","DL","","2025","05","","0","ST","0","0","0","0","0","0","0","0","0","0","0","00000000","20250508","Kassel","0DD311159B    DRA","FAM4","2026-07-17 06:05:41.813636 UTC"
"0DD311159B ANG|1400|F6M1","2026-07-17 02:17:32.995343 UTC","L","2026-07-17 02:17:32.995343 UTC","0DD311159B ANG","1400","F6M1","DL","","2024","04","","0","ST","0","0","0","0","0","0","0","0","0","0","0","00000000","20221221","Kassel","0DD311159B ANG","F6M1","2026-07-17 06:05:41.813636 UTC"
"0DD300046H|1400|FBM1","2026-07-17 02:17:32.995343 UTC","L","2026-07-17 02:17:32.995343 UTC","0DD300046H","1400","FBM1","DL","","2023","02","","0","ST","0","0","0","0","0","0","0","0","0","0","0","00000000","20230216","Kassel","0DD300046H","FBM1","2026-07-17 06:05:41.813636 UTC"
"0DD300046P|1400|XN12","2026-07-17 02:17:43.125366 UTC","L","2026-07-17 02:17:43.125366 UTC","0DD300046P","1400","XN12","DL","","2026","06","","2","ST","0","0","0","0","0","0","0","0","0","0","0","00000000","20240514","Kassel","0DD300046P","XN12","2026-07-17 06:05:41.813636 UTC"
"0DD300046R|1400|D0M1","2026-07-17 02:17:32.995343 UTC","L","2026-07-17 02:17:32.995343 UTC","0DD300046R","1400","D0M1","DL","","2023","11","","0","ST","0","0","0","0","0","0","0","0","0","0","0","00000000","20221024","Kassel","0DD300046R","D0M1","2026-07-17 06:05:41.813636 UTC"
"0DD311159B       0340|1400|XNM1","2026-07-17 02:17:22.915108 UTC","L","2026-07-17 02:17:22.915108 UTC","0DD311159B       0340","1400","XNM1","DL","","2024","04","","0","ST","0","0","0","0","0","0","0","0","0","0","0","00000000","20240404","Kassel","0DD311159B       0340","XNM1","2026-07-17 06:05:41.813636 UTC"
"0DD311159B|1400|F6M1","2026-07-17 02:17:32.995343 UTC","L","2026-07-17 02:17:32.995343 UTC","0DD311159B","1400","F6M1","DL","","2023","09","","0","ST","0","0","0","0","0","0","0","0","0","0","0","00000000","20230216","Kassel","0DD311159B","F6M1","2026-07-17 06:05:41.813636 UTC"
"0DD300040C|1400|F6M1","2026-07-17 02:17:32.995343 UTC","L","2026-07-17 02:17:32.995343 UTC","0DD300040C","1400","F6M1","DL","","2024","04","","0","ST","0","0","0","0","0","0","0","0","0","0","0","00000000","20230216","Kassel","0DD300040C","F6M1","2026-07-17 06:05:41.813636 UTC"
"0DD300046F|1400|BN03","2026-07-17 02:17:43.125366 UTC","L","2026-07-17 02:17:43.125366 UTC","0DD300046F","1400","BN03","DL","","2024","09","","0","ST","0","0","0","0","0","0","0","0","0","0","0","20240912","20240819","Kassel","0DD300046F","BN03","2026-07-17 06:05:41.813636 UTC"
"0DD300046F|1400|F4M1","2026-07-17 02:17:32.995343 UTC","L","2026-07-17 02:17:32.995343 UTC","0DD300046F","1400","F4M1","DL","","2023","02","","0","ST","0","0","0","0","0","0","0","0","0","0","0","00000000","20230216","Kassel","0DD300046F","F4M1","2026-07-17 06:05:41.813636 UTC"
"0DD300046J|1400|XNM1","2026-07-17 02:17:32.995343 UTC","L","2026-07-17 02:17:32.995343 UTC","0DD300046J","1400","XNM1","DL","","2025","07","","3","ST","0","0","0","0","0","0","0","0","0","0","0","00000000","20221024","Kassel","0DD300046J","XNM1","2026-07-17 06:05:41.813636 UTC"
"0DD300047K|1400|XN12","2026-07-17 02:17:43.125366 UTC","L","2026-07-17 02:17:43.125366 UTC","0DD300047K","1400","XN12","DL","","2026","04","","0","ST","0","0","0","0","0","0","0","0","0","0","0","00000000","20240430","Kassel","0DD300047K","XN12","2026-07-17 06:05:41.813636 UTC"
"0DD311158D|1400|XZM1","2026-07-17 02:17:32.995343 UTC","L","2026-07-17 02:17:32.995343 UTC","0DD311158D","1400","XZM1","DL","","2022","10","","0","ST","0","0","0","0","0","0","0","0","0","0","0","00000000","20221024","Kassel","0DD311158D","XZM1","2026-07-17 06:05:41.813636 UTC"
"0DD300040E|1400|D0M1","2026-07-17 02:17:32.995343 UTC","L","2026-07-17 02:17:32.995343 UTC","0DD300040E","1400","D0M1","DL","","2024","12","","0","ST","0","0","0","0","0","0","0","0","0","0","0","00000000","20221024","Kassel","0DD300040E","D0M1","2026-07-17 06:05:41.813636 UTC"
"0DD300046F|1400|FBM1","2026-07-17 02:17:32.995343 UTC","L","2026-07-17 02:17:32.995343 UTC","0DD300046F","1400","FBM1","DL","","2023","02","","0","ST","0","0","0","0","0","0","0","0","0","0","0","00000000","20230216","Kassel","0DD300046F","FBM1","2026-07-17 06:05:41.813636 UTC"
"0DD300046T|1400|S0M6","2026-07-17 02:17:32.995343 UTC","L","2026-07-17 02:17:32.995343 UTC","0DD300046T","1400","S0M6","DL","","2023","02","","0","ST","0","0","0","0","0","0","0","0","0","0","0","00000000","20230216","Kassel","0DD300046T","S0M6","2026-07-17 06:05:41.813636 UTC"
"0DD300046T|1400|XNM2","2026-07-17 02:17:32.995343 UTC","L","2026-07-17 02:17:32.995343 UTC","0DD300046T","1400","XNM2","DL","","2023","07","","0","ST","0","0","0","0","0","0","0","0","0","0","0","00000000","20221024","Kassel","0DD300046T","XNM2","2026-07-17 06:05:41.813636 UTC"
"0DD300047A|1400|XNM3","2026-07-17 02:17:43.125366 UTC","L","2026-07-17 02:17:43.125366 UTC","0DD300047A","1400","XNM3","DL","","2024","04","","0","ST","0","0","0","0","0","0","0","0","0","0","0","00000000","20221219","Kassel","0DD300047A","XNM3","2026-07-17 06:05:41.813636 UTC"
"0DD300047B|1400|XNM3","2026-07-17 02:17:53.120606 UTC","L","2026-07-17 02:17:53.120606 UTC","0DD300047B","1400","XNM3","DL","","2023","03","","0","ST","0","0","0","0","0","0","0","0","0","0","0","00000000","20230315","Kassel","0DD300047B","XNM3","2026-07-17 06:05:41.813636 UTC"
"0DD300047E|1400|XNM3","2026-07-17 02:17:32.995343 UTC","L","2026-07-17 02:17:32.995343 UTC","0DD300047E","1400","XNM3","DL","","2024","08","","0","ST","0","0","0","0","0","0","0","0","0","0","0","00000000","20240820","Kassel","0DD300047E","XNM3","2026-07-17 06:05:41.813636 UTC"
"0DD300047Q|1400|XN12","2026-07-17 02:17:43.125366 UTC","L","2026-07-17 02:17:43.125366 UTC","0DD300047Q","1400","XN12","DL","","2025","07","","0","ST","0","0","0","0","0","0","0","0","0","0","0","00000000","20240529","Kassel","0DD300047Q","XN12","2026-07-17 06:05:41.813636 UTC"
"0DD300048A|1400|BN03","2026-07-17 02:17:43.125366 UTC","L","2026-07-17 02:17:43.125366 UTC","0DD300048A","1400","BN03","DL","","2026","04","","0","ST","0","0","0","0","0","0","0","0","0","0","0","00000000","20250715","Kassel","0DD300048A","BN03","2026-07-17 06:05:41.813636 UTC"
"0DD311159B ANG|1400|XNRV","2026-07-17 02:17:53.120606 UTC","L","2026-07-17 02:17:53.120606 UTC","0DD311159B ANG","1400","XNRV","DL","","2025","05","","0","ST","0","0","0","0","0","0","0","0","0","0","0","00000000","20250505","Kassel","0DD311159B ANG","XNRV","2026-07-17 06:05:41.813636 UTC"
"0DD311159D|1400|XZM1","2026-07-17 02:17:32.995343 UTC","L","2026-07-17 02:17:32.995343 UTC","0DD311159D","1400","XZM1","DL","","2022","10","","0","ST","0","0","0","0","0","0","0","0","0","0","0","00000000","20221024","Kassel","0DD311159D","XZM1","2026-07-17 06:05:41.813636 UTC"
"0DD300040C|1400|XNM2","2026-07-17 02:17:32.995343 UTC","L","2026-07-17 02:17:32.995343 UTC","0DD300040C","1400","XNM2","DL","","2023","07","","0","ST","0","0","0","0","0","0","0","0","0","0","0","00000000","20221024","Kassel","0DD300040C","XNM2","2026-07-17 06:05:41.813636 UTC"
"0DD300046E|1400|XNM3","2026-07-17 02:17:32.995343 UTC","L","2026-07-17 02:17:32.995343 UTC","0DD300046E","1400","XNM3","DL","","2024","04","","0","ST","0","0","0","0","0","0","0","0","0","0","0","00000000","20230216","Kassel","0DD300046E","XNM3","2026-07-17 06:05:41.813636 UTC"
"0DD300046J|1400|XNM2","2026-07-17 02:17:32.995343 UTC","L","2026-07-17 02:17:32.995343 UTC","0DD300046J","1400","XNM2","DL","","2023","07","","0","ST","0","0","0","0","0","0","0","0","0","0","0","00000000","20221024","Kassel","0DD300046J","XNM2","2026-07-17 06:05:41.813636 UTC"
"0DD300046T|1400|S4M1","2026-07-17 02:17:32.995343 UTC","L","2026-07-17 02:17:32.995343 UTC","0DD300046T","1400","S4M1","DL","","2023","02","","0","ST","0","0","0","0","0","0","0","0","0","0","0","00000000","20230216","Kassel","0DD300046T","S4M1","2026-07-17 06:05:41.813636 UTC"
"0DD311159B    DRA|1400|F4M1","2026-07-17 02:17:32.995343 UTC","L","2026-07-17 02:17:32.995343 UTC","0DD311159B    DRA","1400","F4M1","DL","","2022","11","","0","ST","0","0","0","0","0","0","0","0","0","0","0","00000000","20221116","Kassel","0DD311159B    DRA","F4M1","2026-07-17 06:05:41.813636 UTC"
"0DD300040C|1400|BN03","2026-07-17 02:17:43.125366 UTC","L","2026-07-17 02:17:43.125366 UTC","0DD300040C","1400","BN03","DL","","2025","07","","0","ST","0","0","0","0","0","0","0","0","0","0","0","00000000","20240123","Kassel","0DD300040C","BN03","2026-07-17 06:05:41.813636 UTC"
"0DD300047H|1400|XNM2","2026-07-17 02:17:32.995343 UTC","L","2026-07-17 02:17:32.995343 UTC","0DD300047H","1400","XNM2","DL","","2023","09","","0","ST","0","0","0","0","0","0","0","0","0","0","0","00000000","20230921","Kassel","0DD300047H","XNM2","2026-07-17 06:05:41.813636 UTC"
"0DD300047M|1400|XNM1","2026-07-17 02:17:32.995343 UTC","L","2026-07-17 02:17:32.995343 UTC","0DD300047M","1400","XNM1","DL","","2024","06","","0","ST","0","0","0","0","0","0","0","0","0","0","0","00000000","20240605","Kassel","0DD300047M","XNM1","2026-07-17 06:05:41.813636 UTC"
"0DD300047M|1400|XZM1","2026-07-17 02:17:32.995343 UTC","L","2026-07-17 02:17:32.995343 UTC","0DD300047M","1400","XZM1","DL","","2024","06","","0","ST","0","0","0","0","0","0","0","0","0","0","0","00000000","20240605","Kassel","0DD300047M","XZM1","2026-07-17 06:05:41.813636 UTC"
"0DD300047N|1400|XNM1","2026-07-17 02:17:22.915108 UTC","L","2026-07-17 02:17:22.915108 UTC","0DD300047N","1400","XNM1","DL","","2024","06","","0","ST","0","0","0","0","0","0","0","0","0","0","0","00000000","20240624","Kassel","0DD300047N","XNM1","2026-07-17 06:05:41.813636 UTC"
"0DD300040C|1400|F1M1","2026-07-17 02:17:32.995343 UTC","L","2026-07-17 02:17:32.995343 UTC","0DD300040C","1400","F1M1","DL","","2023","02","","0","ST","0","0","0","0","0","0","0","0","0","0","0","00000000","20230216","Kassel","0DD300040C","F1M1","2026-07-17 06:05:41.813636 UTC"
"0DD300040E|1400|F4M1","2026-07-17 02:17:32.995343 UTC","L","2026-07-17 02:17:32.995343 UTC","0DD300040E","1400","F4M1","DL","","2023","02","","0","ST","0","0","0","0","0","0","0","0","0","0","0","00000000","20230216","Kassel","0DD300040E","F4M1","2026-07-17 06:05:41.813636 UTC"
"0DD300046J|1400|F6M1","2026-07-17 02:17:32.995343 UTC","L","2026-07-17 02:17:32.995343 UTC","0DD300046J","1400","F6M1","DL","","2024","04","","0","ST","0","0","0","0","0","0","0","0","0","0","0","00000000","20230216","Kassel","0DD300046J","F6M1","2026-07-17 06:05:41.813636 UTC"
"0DD300046K MBZ|1400|W0M1","2026-07-17 02:17:43.125366 UTC","L","2026-07-17 02:17:43.125366 UTC","0DD300046K MBZ","1400","W0M1","D","","2024","04","","0","ST","0","0","0","0","0","0","0","0","0","0","0","00000000","20230531","Kassel","0DD300046K MBZ","W0M1","2026-07-17 06:05:41.813636 UTC"
"0DD300046P|1400|XNM2","2026-07-17 02:17:32.995343 UTC","L","2026-07-17 02:17:32.995343 UTC","0DD300046P","1400","XNM2","DL","","2023","07","","0","ST","0","0","0","0","0","0","0","0","0","0","0","00000000","20221024","Kassel","0DD300046P","XNM2","2026-07-17 06:05:41.813636 UTC"
"0DD300048C|1400|F759","2026-07-17 02:17:43.125366 UTC","L","2026-07-17 02:17:43.125366 UTC","0DD300048C","1400","F759","DL","","2026","07","","73","ST","0","0","0","0","0","0","0","0","0","0","0","00000000","20250324","Kassel","0DD300048C","F759","2026-07-17 06:05:41.813636 UTC"
"0DD300048C|1400|S1M1","2026-07-17 02:17:53.120606 UTC","L","2026-07-17 02:17:53.120606 UTC","0DD300048C","1400","S1M1","DL","","2026","07","","1421","ST","0","0","0","0","0","0","0","0","0","0","0","00000000","20250324","Kassel","0DD300048C","S1M1","2026-07-17 06:05:41.813636 UTC"
"0DD300048C|1400|S6M1","2026-07-17 02:17:53.120606 UTC","L","2026-07-17 02:17:53.120606 UTC","0DD300048C","1400","S6M1","DL","","2025","03","","0","ST","0","0","0","0","0","0","0","0","0","0","0","00000000","20250324","Kassel","0DD300048C","S6M1","2026-07-17 06:05:41.813636 UTC"
"0DD300048D|1400|XNQA","2026-07-17 02:17:43.125366 UTC","L","2026-07-17 02:17:43.125366 UTC","0DD300048D","1400","XNQA","DL","","2026","03","","0","ST","0","0","0","0","0","0","0","0","0","0","0","00000000","20260227","Kassel","0DD300048D","XNQA","2026-07-17 06:05:41.813636 UTC"
"0DD300048J|1400|XZM1","2026-07-17 02:17:53.120606 UTC","L","2026-07-17 02:17:53.120606 UTC","0DD300048J","1400","XZM1","DL","","2026","05","","0","ST","0","0","0","0","0","0","0","0","0","0","0","00000000","20260505","Kassel","0DD300048J","XZM1","2026-07-17 06:05:41.813636 UTC"
"0DD311159B    DRA|1400|SAM1","2026-07-17 02:17:32.995343 UTC","L","2026-07-17 02:17:32.995343 UTC","0DD311159B    DRA","1400","SAM1","DL","","2022","12","","0","ST","0","0","0","0","0","0","0","0","0","0","0","00000000","20221221","Kassel","0DD311159B    DRA","SAM1","2026-07-17 06:05:41.813636 UTC"
"0DD311158D|1400|F6M1","2026-07-17 02:17:32.995343 UTC","L","2026-07-17 02:17:32.995343 UTC","0DD311158D","1400","F6M1","DL","","2023","02","","0","ST","0","0","0","0","0","0","0","0","0","0","0","00000000","20230216","Kassel","0DD311158D","F6M1","2026-07-17 06:05:41.813636 UTC"
"0DD311159B       0340|1400|S6M1","2026-07-17 02:17:22.915108 UTC","L","2026-07-17 02:17:22.915108 UTC","0DD311159B       0340","1400","S6M1","DL","","2024","04","","0","ST","0","0","0","0","0","0","0","0","0","0","0","00000000","20240404","Kassel","0DD311159B       0340","S6M1","2026-07-17 06:05:41.813636 UTC"
"0DD300040D|1400|XNM3","2026-07-17 02:17:32.995343 UTC","L","2026-07-17 02:17:32.995343 UTC","0DD300040D","1400","XNM3","DL","","2023","02","","0","ST","0","0","0","0","0","0","0","0","0","0","0","00000000","20230216","Kassel","0DD300040D","XNM3","2026-07-17 06:05:41.813636 UTC"
"0DD300046K|1400|XNM1","2026-07-17 02:17:32.995343 UTC","L","2026-07-17 02:17:32.995343 UTC","0DD300046K","1400","XNM1","DL","","2025","07","","0","ST","0","0","0","0","0","0","0","0","0","0","0","00000000","20221024","Kassel","0DD300046K","XNM1","2026-07-17 06:05:41.813636 UTC"
"0DD311158B|1400|XNM2","2026-07-17 02:17:32.995343 UTC","L","2026-07-17 02:17:32.995343 UTC","0DD311158B","1400","XNM2","DL","","2022","10","","0","ST","0","0","0","0","0","0","0","0","0","0","0","00000000","20221024","Kassel","0DD311158B","XNM2","2026-07-17 06:05:41.813636 UTC"
"0DD311158D|1400|W0M6","2026-07-17 02:17:32.995343 UTC","L","2026-07-17 02:17:32.995343 UTC","0DD311158D","1400","W0M6","DL","","2023","02","","0","ST","0","0","0","0","0","0","0","0","0","0","0","00000000","20230216","Kassel","0DD311158D","W0M6","2026-07-17 06:05:41.813636 UTC"
"0DD311159B       0340|1400|XZM1","2026-07-17 02:17:22.915108 UTC","L","2026-07-17 02:17:22.915108 UTC","0DD311159B       0340","1400","XZM1","DL","","2024","04","","0","ST","0","0","0","0","0","0","0","0","0","0","0","00000000","20240404","Kassel","0DD311159B       0340","XZM1","2026-07-17 06:05:41.813636 UTC"
"0DD300046P|1400|S1M1","2026-07-17 02:17:32.995343 UTC","L","2026-07-17 02:17:32.995343 UTC","0DD300046P","1400","S1M1","DL","","2026","06","","0","ST","0","0","0","0","0","0","0","0","0","0","0","00000000","20230216","Kassel","0DD300046P","S1M1","2026-07-17 06:05:41.813636 UTC"
"0DD300047P|1400|XN12","2026-07-17 02:17:22.915108 UTC","L","2026-07-17 02:17:22.915108 UTC","0DD300047P","1400","XN12","DL","","2025","05","","0","ST","0","0","0","0","0","0","0","0","0","0","0","00000000","20240614","Kassel","0DD300047P","XN12","2026-07-17 06:05:41.813636 UTC"
"0DD300048B|1400|D0M1","2026-07-17 02:17:53.120606 UTC","L","2026-07-17 02:17:53.120606 UTC","0DD300048B","1400","D0M1","DL","","2026","07","","80","ST","0","0","0","0","0","0","0","0","0","0","0","00000000","20250314","Kassel","0DD300048B","D0M1","2026-07-17 06:05:41.813636 UTC"
"0DD300040C|1400|S0M6","2026-07-17 02:17:32.995343 UTC","L","2026-07-17 02:17:32.995343 UTC","0DD300040C","1400","S0M6","DL","","2023","02","","0","ST","0","0","0","0","0","0","0","0","0","0","0","00000000","20230216","Kassel","0DD300040C","S0M6","2026-07-17 06:05:41.813636 UTC"
"0DD300046C|1400|W0M6","2026-07-17 02:17:32.995343 UTC","L","2026-07-17 02:17:32.995343 UTC","0DD300046C","1400","W0M6","DL","","2023","02","","0","ST","0","0","0","0","0","0","0","0","0","0","0","00000000","20230216","Kassel","0DD300046C","W0M6","2026-07-17 06:05:41.813636 UTC"
"0DD300046J|1400|W0M6","2026-07-17 02:17:32.995343 UTC","L","2026-07-17 02:17:32.995343 UTC","0DD300046J","1400","W0M6","DL","","2023","02","","0","ST","0","0","0","0","0","0","0","0","0","0","0","00000000","20230216","Kassel","0DD300046J","W0M6","2026-07-17 06:05:41.813636 UTC"
"0DD300046L|1400|S0M6","2026-07-17 02:17:32.995343 UTC","L","2026-07-17 02:17:32.995343 UTC","0DD300046L","1400","S0M6","DL","","2023","02","","0","ST","0","0","0","0","0","0","0","0","0","0","0","00000000","20230216","Kassel","0DD300046L","S0M6","2026-07-17 06:05:41.813636 UTC"
"0DD300046N|1400|XNM3","2026-07-17 02:17:53.120606 UTC","L","2026-07-17 02:17:53.120606 UTC","0DD300046N","1400","XNM3","DL","","2024","04","","0","ST","0","0","0","0","0","0","0","0","0","0","0","00000000","20230215","Kassel","0DD300046N","XNM3","2026-07-17 06:05:41.813636 UTC"
"0DD300047J|1400|S6M1","2026-07-17 02:17:22.915108 UTC","L","2026-07-17 02:17:22.915108 UTC","0DD300047J","1400","S6M1","DL","","2024","01","","0","ST","0","0","0","0","0","0","0","0","0","0","0","00000000","20240109","Kassel","0DD300047J","S6M1","2026-07-17 06:05:41.813636 UTC"
"0DD300047L|1400|D0M1","2026-07-17 02:17:12.966977 UTC","L","2026-07-17 02:17:12.966977 UTC","0DD300047L","1400","D0M1","DL","","2024","11","","0","ST","0","0","0","0","0","0","0","0","0","0","0","00000000","20240103","Kassel","0DD300047L","D0M1","2026-07-17 06:05:41.813636 UTC"
"0DD311158B|1400|S4M1","2026-07-17 02:17:32.995343 UTC","L","2026-07-17 02:17:32.995343 UTC","0DD311158B","1400","S4M1","DL","","2023","02","","0","ST","0","0","0","0","0","0","0","0","0","0","0","00000000","20230216","Kassel","0DD311158B","S4M1","2026-07-17 06:05:41.813636 UTC"
"0DD311159D|1400|F4M1","2026-07-17 02:17:32.995343 UTC","L","2026-07-17 02:17:32.995343 UTC","0DD311159D","1400","F4M1","DL","","2023","02","","0","ST","0","0","0","0","0","0","0","0","0","0","0","00000000","20230216","Kassel","0DD311159D","F4M1","2026-07-17 06:05:41.813636 UTC"
"0DD311159D|1400|S4M1","2026-07-17 02:17:32.995343 UTC","L","2026-07-17 02:17:32.995343 UTC","0DD311159D","1400","S4M1","DL","","2023","02","","0","ST","0","0","0","0","0","0","0","0","0","0","0","00000000","20230216","Kassel","0DD311159D","S4M1","2026-07-17 06:05:41.813636 UTC"
"0DD300040D|1400|S6M1","2026-07-17 02:17:32.995343 UTC","L","2026-07-17 02:17:32.995343 UTC","0DD300040D","1400","S6M1","DL","","2023","02","","0","ST","0","0","0","0","0","0","0","0","0","0","0","00000000","20230216","Kassel","0DD300040D","S6M1","2026-07-17 06:05:41.813636 UTC"
"0DD300040E|1400|BN03","2026-07-17 02:17:43.125366 UTC","L","2026-07-17 02:17:43.125366 UTC","0DD300040E","1400","BN03","DL","","2025","07","","0","ST","0","0","0","0","0","0","0","0","0","0","0","00000000","20240123","Kassel","0DD300040E","BN03","2026-07-17 06:05:41.813636 UTC"
"0DD300046T|1400|FBM1","2026-07-17 02:17:32.995343 UTC","L","2026-07-17 02:17:32.995343 UTC","0DD300046T","1400","FBM1","DL","","2023","02","","0","ST","0","0","0","0","0","0","0","0","0","0","0","00000000","20230216","Kassel","0DD300046T","FBM1","2026-07-17 06:05:41.813636 UTC"
"0DD300046T|1400|S6M1","2026-07-17 02:17:32.995343 UTC","L","2026-07-17 02:17:32.995343 UTC","0DD300046T","1400","S6M1","DL","","2023","02","","0","ST","0","0","0","0","0","0","0","0","0","0","0","00000000","20230216","Kassel","0DD300046T","S6M1","2026-07-17 06:05:41.813636 UTC"
"0DD300047B|1400|XNM1","2026-07-17 02:17:53.120606 UTC","L","2026-07-17 02:17:53.120606 UTC","0DD300047B","1400","XNM1","DL","","2023","03","","0","ST","0","0","0","0","0","0","0","0","0","0","0","00000000","20230315","Kassel","0DD300047B","XNM1","2026-07-17 06:05:41.813636 UTC"
"0DD300046H|1400|S0M6","2026-07-17 02:17:32.995343 UTC","L","2026-07-17 02:17:32.995343 UTC","0DD300046H","1400","S0M6","DL","","2023","02","","0","ST","0","0","0","0","0","0","0","0","0","0","0","00000000","20230216","Kassel","0DD300046H","S0M6","2026-07-17 06:05:41.813636 UTC"
"0DD300046R|1400|XN12","2026-07-17 02:17:43.125366 UTC","L","2026-07-17 02:17:43.125366 UTC","0DD300046R","1400","XN12","DL","","2024","10","","0","ST","0","0","0","0","0","0","0","0","0","0","0","00000000","20240627","Kassel","0DD300046R","XN12","2026-07-17 06:05:41.813636 UTC"
"0DD300047R|1400|XZM1","2026-07-17 02:17:22.915108 UTC","L","2026-07-17 02:17:22.915108 UTC","0DD300047R","1400","XZM1","DL","","2024","05","","0","ST","0","0","0","0","0","0","0","0","0","0","0","00000000","20240515","Kassel","0DD300047R","XZM1","2026-07-17 06:05:41.813636 UTC"
"0DD300048G|1400|XN38","2026-07-17 02:17:43.125366 UTC","L","2026-07-17 02:17:43.125366 UTC","0DD300048G","1400","XN38","DL","","2025","12","","0","ST","0","0","0","0","0","0","0","0","0","0","0","00000000","20251212","Kassel","0DD300048G","XN38","2026-07-17 06:05:41.813636 UTC"
"0DD300048H|1400|XZM1","2026-07-17 02:17:43.125366 UTC","L","2026-07-17 02:17:43.125366 UTC","0DD300048H","1400","XZM1","DL","","2026","02","","0","ST","0","0","0","0","0","0","0","0","0","0","0","00000000","20260206","Kassel","0DD300048H","XZM1","2026-07-17 06:05:41.813636 UTC"
"0DD311158D|1400|S4M1","2026-07-17 02:17:32.995343 UTC","L","2026-07-17 02:17:32.995343 UTC","0DD311158D","1400","S4M1","DL","","2023","02","","0","ST","0","0","0","0","0","0","0","0","0","0","0","00000000","20230216","Kassel","0DD311158D","S4M1","2026-07-17 06:05:41.813636 UTC"
"0DD311159B       0200|1400|F4M1","2026-07-17 02:17:22.915108 UTC","L","2026-07-17 02:17:22.915108 UTC","0DD311159B       0200","1400","F4M1","DL","","2024","09","","0","ST","0","0","0","0","0","0","0","0","0","0","0","00000000","20240404","Kassel","0DD311159B       0200","F4M1","2026-07-17 06:05:41.813636 UTC"
"0DD311159C    DRA|1400|FAM5","2026-07-17 02:17:53.120606 UTC","L","2026-07-17 02:17:53.120606 UTC","0DD311159C    DRA","1400","FAM5","DL","","2025","05","","0","ST","0","0","0","0","0","0","0","0","0","0","0","00000000","20250508","Kassel","0DD311159C    DRA","FAM5","2026-07-17 06:05:41.813636 UTC"
"0DD311159C    DRA|1400|S0M3","2026-07-17 02:17:32.995343 UTC","L","2026-07-17 02:17:32.995343 UTC","0DD311159C    DRA","1400","S0M3","DL","","2022","12","","0","ST","0","0","0","0","0","0","0","0","0","0","0","00000000","20221221","Kassel","0DD311159C    DRA","S0M3","2026-07-17 06:05:41.813636 UTC"
"0DD300040C|1400|D0M1","2026-07-17 02:17:32.995343 UTC","L","2026-07-17 02:17:32.995343 UTC","0DD300040C","1400","D0M1","DL","","2025","03","","0","ST","0","0","0","0","0","0","0","0","0","0","0","00000000","20221024","Kassel","0DD300040C","D0M1","2026-07-17 06:05:41.813636 UTC"
"0DD300047F|1400|S6M1","2026-07-17 02:17:22.915108 UTC","L","2026-07-17 02:17:22.915108 UTC","0DD300047F","1400","S6M1","DL","","2024","10","","0","ST","0","0","0","0","0","0","0","0","0","0","0","00000000","20241021","Kassel","0DD300047F","S6M1","2026-07-17 06:05:41.813636 UTC"
"0DD300047J|1400|XNM2","2026-07-17 02:17:22.915108 UTC","L","2026-07-17 02:17:22.915108 UTC","0DD300047J","1400","XNM2","DL","","2024","01","","0","ST","0","0","0","0","0","0","0","0","0","0","0","00000000","20240103","Kassel","0DD300047J","XNM2","2026-07-17 06:05:41.813636 UTC"
"0DD300047L|1400|XNQA","2026-07-17 02:17:43.125366 UTC","L","2026-07-17 02:17:43.125366 UTC","0DD300047L","1400","XNQA","DL","","2026","02","","0","ST","0","0","0","0","0","0","0","0","0","0","0","00000000","20260219","Kassel","0DD300047L","XNQA","2026-07-17 06:05:41.813636 UTC"
"0DD300047S|1400|XNM1","2026-07-17 02:17:22.915108 UTC","L","2026-07-17 02:17:22.915108 UTC","0DD300047S","1400","XNM1","DL","","2025","09","","0","ST","0","0","0","0","0","0","0","0","0","0","0","00000000","20240703","Kassel","0DD300047S","XNM1","2026-07-17 06:05:41.813636 UTC"
"0DD300048C|1400|XNM2","2026-07-17 02:17:53.120606 UTC","L","2026-07-17 02:17:53.120606 UTC","0DD300048C","1400","XNM2","DL","","2025","03","","0","ST","0","0","0","0","0","0","0","0","0","0","0","00000000","20250314","Kassel","0DD300048C","XNM2","2026-07-17 06:05:41.813636 UTC"
"0DD300048E|1400|XNM3","2026-07-17 02:17:43.125366 UTC","L","2026-07-17 02:17:43.125366 UTC","0DD300048E","1400","XNM3","DL","","2025","09","","0","ST","0","0","0","0","0","0","0","0","0","0","0","00000000","20250909","Kassel","0DD300048E","XNM3","2026-07-17 06:05:41.813636 UTC"
"0DD300048F|1400|XNM2","2026-07-17 02:17:43.125366 UTC","L","2026-07-17 02:17:43.125366 UTC","0DD300048F","1400","XNM2","DL","","2026","02","","0","ST","0","0","0","0","0","0","0","0","0","0","0","00000000","20260206","Kassel","0DD300048F","XNM2","2026-07-17 06:05:41.813636 UTC"
"0DD300048|1400|S1M1","2026-07-17 02:17:22.915108 UTC","L","2026-07-17 02:17:22.915108 UTC","0DD300048","1400","S1M1","DL","","2026","06","","33","ST","0","0","0","0","0","0","0","0","0","0","0","00000000","20240731","Kassel","0DD300048","S1M1","2026-07-17 06:05:41.813636 UTC"
"0DD311158B|1400|F1M1","2026-07-17 02:17:32.995343 UTC","L","2026-07-17 02:17:32.995343 UTC","0DD311158B","1400","F1M1","DL","","2023","02","","0","ST","0","0","0","0","0","0","0","0","0","0","0","00000000","20230216","Kassel","0DD311158B","F1M1","2026-07-17 06:05:41.813636 UTC"
"0DD311159B       0200|1400|XN93","2026-07-17 02:17:43.125366 UTC","L","2026-07-17 02:17:43.125366 UTC","0DD311159B       0200","1400","XN93","DL","","2026","07","","0","ST","0","0","0","0","0","0","0","0","0","0","0","00000000","20240904","Kassel","0DD311159B       0200","XN93","2026-07-17 06:05:41.813636 UTC"
"0DD311159B ANG|1400|XN50","2026-07-17 02:17:32.995343 UTC","L","2026-07-17 02:17:32.995343 UTC","0DD311159B ANG","1400","XN50","DL","","2024","04","","0","ST","0","0","0","0","0","0","0","0","0","0","0","00000000","20240430","Kassel","0DD311159B ANG","XN50","2026-07-17 06:05:41.813636 UTC"
"0DD311159C|1400|F6M1","2026-07-17 02:17:32.995343 UTC","L","2026-07-17 02:17:32.995343 UTC","0DD311159C","1400","F6M1","DL","","2023","02","","0","ST","0","0","0","0","0","0","0","0","0","0","0","00000000","20230216","Kassel","0DD311159C","F6M1","2026-07-17 06:05:41.813636 UTC"
"0DD300046N|1400|XN12","2026-07-17 02:17:43.125366 UTC","L","2026-07-17 02:17:43.125366 UTC","0DD300046N","1400","XN12","DL","","2024","10","","0","ST","0","0","0","0","0","0","0","0","0","0","0","00000000","20240430","Kassel","0DD300046N","XN12","2026-07-17 06:05:41.813636 UTC"
"0DD300046Q|1400|BN03","2026-07-17 02:17:22.915108 UTC","L","2026-07-17 02:17:22.915108 UTC","0DD300046Q","1400","BN03","DL","","2024","07","","0","ST","0","0","0","0","0","0","0","0","0","0","0","00000000","20240123","Kassel","0DD300046Q","BN03","2026-07-17 06:05:41.813636 UTC"
"0DD300047F|1400|XNM3","2026-07-17 02:17:32.995343 UTC","L","2026-07-17 02:17:32.995343 UTC","0DD300047F","1400","XNM3","DL","","2024","08","","0","ST","0","0","0","0","0","0","0","0","0","0","0","00000000","20240820","Kassel","0DD300047F","XNM3","2026-07-17 06:05:41.813636 UTC"
"0DD300047G|1400|XZM1","2026-07-17 02:17:32.995343 UTC","L","2026-07-17 02:17:32.995343 UTC","0DD300047G","1400","XZM1","DL","","2023","09","","0","ST","0","0","0","0","0","0","0","0","0","0","0","00000000","20230921","Kassel","0DD300047G","XZM1","2026-07-17 06:05:41.813636 UTC"
"0DD311159B       0200|1400|F6M1","2026-07-17 02:17:22.915108 UTC","L","2026-07-17 02:17:22.915108 UTC","0DD311159B       0200","1400","F6M1","DL","","2024","04","","0","ST","0","0","0","0","0","0","0","0","0","0","0","00000000","20240404","Kassel","0DD311159B       0200","F6M1","2026-07-17 06:05:41.813636 UTC"
"0DD311159B|1400|S0M6","2026-07-17 02:17:32.995343 UTC","L","2026-07-17 02:17:32.995343 UTC","0DD311159B","1400","S0M6","DL","","2023","02","","0","ST","0","0","0","0","0","0","0","0","0","0","0","00000000","20230216","Kassel","0DD311159B","S0M6","2026-07-17 06:05:41.813636 UTC"
"0DD300046H|1400|S6M1","2026-07-17 02:17:32.995343 UTC","L","2026-07-17 02:17:32.995343 UTC","0DD300046H","1400","S6M1","DL","","2023","02","","0","ST","0","0","0","0","0","0","0","0","0","0","0","00000000","20230216","Kassel","0DD300046H","S6M1","2026-07-17 06:05:41.813636 UTC"
"0DD300046M|1400|F6M1","2026-07-17 02:17:32.995343 UTC","L","2026-07-17 02:17:32.995343 UTC","0DD300046M","1400","F6M1","DL","","2024","04","","0","ST","0","0","0","0","0","0","0","0","0","0","0","00000000","20230216","Kassel","0DD300046M","F6M1","2026-07-17 06:05:41.813636 UTC"
"0DD300046M|1400|XNM3","2026-07-17 02:17:32.995343 UTC","L","2026-07-17 02:17:32.995343 UTC","0DD300046M","1400","XNM3","DL","","2024","04","","0","ST","0","0","0","0","0","0","0","0","0","0","0","00000000","20230216","Kassel","0DD300046M","XNM3","2026-07-17 06:05:41.813636 UTC"
"0DD300046S|1400|W0M6","2026-07-17 02:17:32.995343 UTC","L","2026-07-17 02:17:32.995343 UTC","0DD300046S","1400","W0M6","DL","","2023","02","","0","ST","0","0","0","0","0","0","0","0","0","0","0","00000000","20230216","Kassel","0DD300046S","W0M6","2026-07-17 06:05:41.813636 UTC"
"0DD300047N|1400|F759","2026-07-17 02:17:22.915108 UTC","L","2026-07-17 02:17:22.915108 UTC","0DD300047N","1400","F759","DL","","2025","03","","0","ST","0","0","0","0","0","0","0","0","0","0","0","00000000","20240710","Kassel","0DD300047N","F759","2026-07-17 06:05:41.813636 UTC"
"0DD300047S|1400|S1M1","2026-07-17 02:17:22.915108 UTC","L","2026-07-17 02:17:22.915108 UTC","0DD300047S","1400","S1M1","DL","","2026","07","","0","ST","0","0","0","0","0","0","0","0","0","0","0","00000000","20240710","Kassel","0DD300047S","S1M1","2026-07-17 06:05:41.813636 UTC"
"0DD300047T|1400|F759","2026-07-17 02:17:43.125366 UTC","L","2026-07-17 02:17:43.125366 UTC","0DD300047T","1400","F759","DL","","2026","07","","0","ST","0","0","0","0","0","0","0","0","0","0","0","00000000","20240710","Kassel","0DD300047T","F759","2026-07-17 06:05:41.813636 UTC"
"0DD300048F|1400|F759","2026-07-17 02:17:53.120606 UTC","L","2026-07-17 02:17:53.120606 UTC","0DD300048F","1400","F759","DL","","2026","06","","0","ST","0","0","0","0","0","0","0","0","0","0","0","00000000","20260629","Kassel","0DD300048F","F759","2026-07-17 06:05:41.813636 UTC"
"0DD311158B|1400|D0M1","2026-07-17 02:17:32.995343 UTC","L","2026-07-17 02:17:32.995343 UTC","0DD311158B","1400","D0M1","DL","","2022","10","","0","ST","0","0","0","0","0","0","0","0","0","0","0","00000000","20221024","Kassel","0DD311158B","D0M1","2026-07-17 06:05:41.813636 UTC"
"0DD311159B       0200|1400|F761","2026-07-17 02:17:43.125366 UTC","L","2026-07-17 02:17:43.125366 UTC","0DD311159B       0200","1400","F761","DL","","2026","07","","0","ST","0","0","0","0","0","0","0","0","0","0","0","00000000","20240430","Kassel","0DD311159B       0200","F761","2026-07-17 06:05:41.813636 UTC"
"0DD300040E|1400|XNM3","2026-07-17 02:17:32.995343 UTC","L","2026-07-17 02:17:32.995343 UTC","0DD300040E","1400","XNM3","DL","","2024","05","","0","ST","0","0","0","0","0","0","0","0","0","0","0","00000000","20230216","Kassel","0DD300040E","XNM3","2026-07-17 06:05:41.813636 UTC"
"0DD300046G|1400|XNM1","2026-07-17 02:17:32.995343 UTC","L","2026-07-17 02:17:32.995343 UTC","0DD300046G","1400","XNM1","DL","","2023","08","","0","ST","0","0","0","0","0","0","0","0","0","0","0","00000000","20221024","Kassel","0DD300046G","XNM1","2026-07-17 06:05:41.813636 UTC"
"0DD300046L|1400|XN12","2026-07-17 02:17:43.125366 UTC","L","2026-07-17 02:17:43.125366 UTC","0DD300046L","1400","XN12","DL","","2026","04","","0","ST","0","0","0","0","0","0","0","0","0","0","0","00000000","20240516","Kassel","0DD300046L","XN12","2026-07-17 06:05:41.813636 UTC"
"0DD300046P|1400|FBM1","2026-07-17 02:17:32.995343 UTC","L","2026-07-17 02:17:32.995343 UTC","0DD300046P","1400","FBM1","DL","","2023","02","","0","ST","0","0","0","0","0","0","0","0","0","0","0","00000000","20230216","Kassel","0DD300046P","FBM1","2026-07-17 06:05:41.813636 UTC"
"0DD300046T|1400|D0M1","2026-07-17 02:17:32.995343 UTC","L","2026-07-17 02:17:32.995343 UTC","0DD300046T","1400","D0M1","DL","","2026","07","","0","ST","0","0","0","0","0","0","0","0","0","0","0","00000000","20221024","Kassel","0DD300046T","D0M1","2026-07-17 06:05:41.813636 UTC"
"0DD300047K|1400|D0M1","2026-07-17 02:17:43.125366 UTC","L","2026-07-17 02:17:43.125366 UTC","0DD300047K","1400","D0M1","DL","","2026","07","","0","ST","0","0","0","0","0","0","0","0","0","0","0","00000000","20240103","Kassel","0DD300047K","D0M1","2026-07-17 06:05:41.813636 UTC"
"0DD300047M|1400|S1M1","2026-07-17 02:17:22.915108 UTC","L","2026-07-17 02:17:22.915108 UTC","0DD300047M","1400","S1M1","DL","","2025","02","","0","ST","0","0","0","0","0","0","0","0","0","0","0","00000000","20240614","Kassel","0DD300047M","S1M1","2026-07-17 06:05:41.813636 UTC"
"0DD300048B|1400|XNM1","2026-07-17 02:17:53.120606 UTC","L","2026-07-17 02:17:53.120606 UTC","0DD300048B","1400","XNM1","DL","","2026","06","","0","ST","0","0","0","0","0","0","0","0","0","0","0","00000000","20250314","Kassel","0DD300048B","XNM1","2026-07-17 06:05:41.813636 UTC"
"0DD311159B       0200|1400|S6M1","2026-07-17 02:17:22.915108 UTC","L","2026-07-17 02:17:22.915108 UTC","0DD311159B       0200","1400","S6M1","DL","","2024","04","","0","ST","0","0","0","0","0","0","0","0","0","0","0","00000000","20240404","Kassel","0DD311159B       0200","S6M1","2026-07-17 06:05:41.813636 UTC"
"0DD311159B       0340|1400|XNM2","2026-07-17 02:17:22.915108 UTC","L","2026-07-17 02:17:22.915108 UTC","0DD311159B       0340","1400","XNM2","DL","","2024","04","","0","ST","0","0","0","0","0","0","0","0","0","0","0","00000000","20240404","Kassel","0DD311159B       0340","XNM2","2026-07-17 06:05:41.813636 UTC"
"0DD300046J|1400|S6M1","2026-07-17 02:17:32.995343 UTC","L","2026-07-17 02:17:32.995343 UTC","0DD300046J","1400","S6M1","DL","","2023","02","","0","ST","0","0","0","0","0","0","0","0","0","0","0","00000000","20230216","Kassel","0DD300046J","S6M1","2026-07-17 06:05:41.813636 UTC"
"0DD300046M|1400|XNM1","2026-07-17 02:17:32.995343 UTC","L","2026-07-17 02:17:32.995343 UTC","0DD300046M","1400","XNM1","DL","","2025","07","","0","ST","0","0","0","0","0","0","0","0","0","0","0","00000000","20221024","Kassel","0DD300046M","XNM1","2026-07-17 06:05:41.813636 UTC"
"0DD300046S|1400|F4M1","2026-07-17 02:17:32.995343 UTC","L","2026-07-17 02:17:32.995343 UTC","0DD300046S","1400","F4M1","DL","","2023","02","","0","ST","0","0","0","0","0","0","0","0","0","0","0","00000000","20230216","Kassel","0DD300046S","F4M1","2026-07-17 06:05:41.813636 UTC"
"0DD300047A|1400|XNM2","2026-07-17 02:17:43.125366 UTC","L","2026-07-17 02:17:43.125366 UTC","0DD300047A","1400","XNM2","DL","","2022","12","","0","ST","0","0","0","0","0","0","0","0","0","0","0","00000000","20221219","Kassel","0DD300047A","XNM2","2026-07-17 06:05:41.813636 UTC"
"0DD300047G|1400|S1M1","2026-07-17 02:17:32.995343 UTC","L","2026-07-17 02:17:32.995343 UTC","0DD300047G","1400","S1M1","DL","","2024","03","","0","ST","0","0","0","0","0","0","0","0","0","0","0","00000000","20231117","Kassel","0DD300047G","S1M1","2026-07-17 06:05:41.813636 UTC"
"0DD300047K|1400|XNM3","2026-07-17 02:17:22.915108 UTC","L","2026-07-17 02:17:22.915108 UTC","0DD300047K","1400","XNM3","DL","","2024","09","","0","ST","0","0","0","0","0","0","0","0","0","0","0","00000000","20240103","Kassel","0DD300047K","XNM3","2026-07-17 06:05:41.813636 UTC"
"0DD300048F|1400|XNM3","2026-07-17 02:17:43.125366 UTC","L","2026-07-17 02:17:43.125366 UTC","0DD300048F","1400","XNM3","DL","","2026","02","","0","ST","0","0","0","0","0","0","0","0","0","0","0","00000000","20260206","Kassel","0DD300048F","XNM3","2026-07-17 06:05:41.813636 UTC"
"0DD311158B|1400|XN12","2026-07-17 02:17:32.995343 UTC","L","2026-07-17 02:17:32.995343 UTC","0DD311158B","1400","XN12","DL","","2024","04","","0","ST","0","0","0","0","0","0","0","0","0","0","0","00000000","20240429","Kassel","0DD311158B","XN12","2026-07-17 06:05:41.813636 UTC"
"0DD311158D|1400|XNM3","2026-07-17 02:17:32.995343 UTC","L","2026-07-17 02:17:32.995343 UTC","0DD311158D","1400","XNM3","DL","","2023","02","","0","ST","0","0","0","0","0","0","0","0","0","0","0","00000000","20230216","Kassel","0DD311158D","XNM3","2026-07-17 06:05:41.813636 UTC"
"0DD311159B ANG|1400|FAM1","2026-07-17 02:17:12.966977 UTC","L","2026-07-17 02:17:12.966977 UTC","0DD311159B ANG","1400","FAM1","DL","","2024","09","","0","ST","0","0","0","0","0","0","0","0","0","0","0","00000000","20240903","Kassel","0DD311159B ANG","FAM1","2026-07-17 06:05:41.813636 UTC"
"0DD311159C|1400|XZM1","2026-07-17 02:17:32.995343 UTC","L","2026-07-17 02:17:32.995343 UTC","0DD311159C","1400","XZM1","DL","","2022","10","","0","ST","0","0","0","0","0","0","0","0","0","0","0","00000000","20221024","Kassel","0DD311159C","XZM1","2026-07-17 06:05:41.813636 UTC"
"0DD300040E|1400|W0M6","2026-07-17 02:17:32.995343 UTC","L","2026-07-17 02:17:32.995343 UTC","0DD300040E","1400","W0M6","DL","","2023","02","","0","ST","0","0","0","0","0","0","0","0","0","0","0","00000000","20230216","Kassel","0DD300040E","W0M6","2026-07-17 06:05:41.813636 UTC"
"0DD300046M|1400|S4M1","2026-07-17 02:17:32.995343 UTC","L","2026-07-17 02:17:32.995343 UTC","0DD300046M","1400","S4M1","DL","","2023","02","","0","ST","0","0","0","0","0","0","0","0","0","0","0","00000000","20230216","Kassel","0DD300046M","S4M1","2026-07-17 06:05:41.813636 UTC"
"0DD300047H|1400|XNM3","2026-07-17 02:17:32.995343 UTC","L","2026-07-17 02:17:32.995343 UTC","0DD300047H","1400","XNM3","DL","","2024","04","","0","ST","0","0","0","0","0","0","0","0","0","0","0","00000000","20230921","Kassel","0DD300047H","XNM3","2026-07-17 06:05:41.813636 UTC"
"0DD300047K|1400|F230","2026-07-17 02:17:53.120606 UTC","L","2026-07-17 02:17:53.120606 UTC","0DD300047K","1400","F230","DL","","2026","07","","0","ST","0","0","0","0","0","0","0","0","0","0","0","00000000","20260703","Kassel","0DD300047K","F230","2026-07-17 06:05:41.813636 UTC"
"0DD300047L|1400|BN03","2026-07-17 02:17:22.915108 UTC","L","2026-07-17 02:17:22.915108 UTC","0DD300047L","1400","BN03","DL","","2024","07","","0","ST","0","0","0","0","0","0","0","0","0","0","0","00000000","20240730","Kassel","0DD300047L","BN03","2026-07-17 06:05:41.813636 UTC"
"0DD300047P|1400|XZM1","2026-07-17 02:17:32.995343 UTC","L","2026-07-17 02:17:32.995343 UTC","0DD300047P","1400","XZM1","DL","","2024","06","","0","ST","0","0","0","0","0","0","0","0","0","0","0","00000000","20240605","Kassel","0DD300047P","XZM1","2026-07-17 06:05:41.813636 UTC"
"0DD300047Q|1400|BN03","2026-07-17 02:17:43.125366 UTC","L","2026-07-17 02:17:43.125366 UTC","0DD300047Q","1400","BN03","DL","","2025","07","","0","ST","0","0","0","0","0","0","0","0","0","0","0","00000000","20240730","Kassel","0DD300047Q","BN03","2026-07-17 06:05:41.813636 UTC"
"0DD300048E|1400|XNQA","2026-07-17 02:17:53.120606 UTC","L","2026-07-17 02:17:53.120606 UTC","0DD300048E","1400","XNQA","DL","","2026","07","","0","ST","0","0","0","0","0","0","0","0","0","0","0","00000000","20260409","Kassel","0DD300048E","XNQA","2026-07-17 06:05:41.813636 UTC"
"0DD300048H|1400|XNM1","2026-07-17 02:17:43.125366 UTC","L","2026-07-17 02:17:43.125366 UTC","0DD300048H","1400","XNM1","DL","","2026","02","","0","ST","0","0","0","0","0","0","0","0","0","0","0","00000000","20260206","Kassel","0DD300048H","XNM1","2026-07-17 06:05:41.813636 UTC"
"0DD311159D|1400|S1M1","2026-07-17 02:17:32.995343 UTC","L","2026-07-17 02:17:32.995343 UTC","0DD311159D","1400","S1M1","DL","","2023","02","","0","ST","0","0","0","0","0","0","0","0","0","0","0","00000000","20230216","Kassel","0DD311159D","S1M1","2026-07-17 06:05:41.813636 UTC"
"0DD300040D|1400|F6M1","2026-07-17 02:17:32.995343 UTC","L","2026-07-17 02:17:32.995343 UTC","0DD300040D","1400","F6M1","DL","","2023","08","","0","ST","0","0","0","0","0","0","0","0","0","0","0","00000000","20230216","Kassel","0DD300040D","F6M1","2026-07-17 06:05:41.813636 UTC"
"0DD300046C|1400|S1M1","2026-07-17 02:17:32.995343 UTC","L","2026-07-17 02:17:32.995343 UTC","0DD300046C","1400","S1M1","DL","","2025","12","","1","ST","0","0","0","0","0","0","0","0","0","0","0","00000000","20230216","Kassel","0DD300046C","S1M1","2026-07-17 06:05:41.813636 UTC"
"0DD300046E|1400|S0M6","2026-07-17 02:17:32.995343 UTC","L","2026-07-17 02:17:32.995343 UTC","0DD300046E","1400","S0M6","DL","","2023","02","","0","ST","0","0","0","0","0","0","0","0","0","0","0","00000000","20230216","Kassel","0DD300046E","S0M6","2026-07-17 06:05:41.813636 UTC"
"0DD300046E|1400|W0M6","2026-07-17 02:17:32.995343 UTC","L","2026-07-17 02:17:32.995343 UTC","0DD300046E","1400","W0M6","DL","","2023","02","","0","ST","0","0","0","0","0","0","0","0","0","0","0","00000000","20230216","Kassel","0DD300046E","W0M6","2026-07-17 06:05:41.813636 UTC"
"0DD300046K MBZ|1400|F759","2026-07-17 02:17:32.995343 UTC","L","2026-07-17 02:17:32.995343 UTC","0DD300046K MBZ","1400","F759","DL","","2024","04","","0","ST","0","0","0","0","0","0","0","0","0","0","0","00000000","20240430","Kassel","0DD300046K MBZ","F759","2026-07-17 06:05:41.813636 UTC"
"0DD300046K MBZ|1400|XNM1","2026-07-17 02:17:43.125366 UTC","L","2026-07-17 02:17:43.125366 UTC","0DD300046K MBZ","1400","XNM1","DL","","2023","05","","0","ST","0","0","0","0","0","0","0","0","0","0","0","00000000","20230531","Kassel","0DD300046K MBZ","XNM1","2026-07-17 06:05:41.813636 UTC"
"0DD300046L|1400|XZM1","2026-07-17 02:17:32.995343 UTC","L","2026-07-17 02:17:32.995343 UTC","0DD300046L","1400","XZM1","DL","","2022","10","","0","ST","0","0","0","0","0","0","0","0","0","0","0","00000000","20221024","Kassel","0DD300046L","XZM1","2026-07-17 06:05:41.813636 UTC"
"0DD300047D|1400|XNM1","2026-07-17 02:17:32.995343 UTC","L","2026-07-17 02:17:32.995343 UTC","0DD300047D","1400","XNM1","DL","","2024","08","","0","ST","0","0","0","0","0","0","0","0","0","0","0","00000000","20240820","Kassel","0DD300047D","XNM1","2026-07-17 06:05:41.813636 UTC"
"0DD300047D|1400|XNM3","2026-07-17 02:17:32.995343 UTC","L","2026-07-17 02:17:32.995343 UTC","0DD300047D","1400","XNM3","DL","","2024","08","","0","ST","0","0","0","0","0","0","0","0","0","0","0","00000000","20240820","Kassel","0DD300047D","XNM3","2026-07-17 06:05:41.813636 UTC"
"0DD300048B|1400|XDM1","2026-07-17 02:17:53.120606 UTC","L","2026-07-17 02:17:53.120606 UTC","0DD300048B","1400","XDM1","DL","","2025","07","","0","ST","0","0","0","0","0","0","0","0","0","0","0","00000000","20250314","Kassel","0DD300048B","XDM1","2026-07-17 06:05:41.813636 UTC"
"0DD300048C|1400|XNQA","2026-07-17 02:17:43.125366 UTC","L","2026-07-17 02:17:43.125366 UTC","0DD300048C","1400","XNQA","DL","","2026","07","","11","ST","0","0","0","0","0","0","0","0","0","0","0","00000000","20251026","Kassel","0DD300048C","XNQA","2026-07-17 06:05:41.813636 UTC"
"0DD311159B    DRA|1400|XNM1","2026-07-17 02:17:32.995343 UTC","L","2026-07-17 02:17:32.995343 UTC","0DD311159B    DRA","1400","XNM1","DL","","2022","10","","0","ST","0","0","0","0","0","0","0","0","0","0","0","00000000","20221024","Kassel","0DD311159B    DRA","XNM1","2026-07-17 06:05:41.813636 UTC"
"0DD311159B|1400|F4M1","2026-07-17 02:17:32.995343 UTC","L","2026-07-17 02:17:32.995343 UTC","0DD311159B","1400","F4M1","DL","","2023","02","","0","ST","0","0","0","0","0","0","0","0","0","0","0","00000000","20230216","Kassel","0DD311159B","F4M1","2026-07-17 06:05:41.813636 UTC"
"0DD300046P|1400|S6M1","2026-07-17 02:17:32.995343 UTC","L","2026-07-17 02:17:32.995343 UTC","0DD300046P","1400","S6M1","DL","","2023","02","","0","ST","0","0","0","0","0","0","0","0","0","0","0","00000000","20230216","Kassel","0DD300046P","S6M1","2026-07-17 06:05:41.813636 UTC"
"0DD311158D|1400|S0M6","2026-07-17 02:17:32.995343 UTC","L","2026-07-17 02:17:32.995343 UTC","0DD311158D","1400","S0M6","DL","","2023","02","","0","ST","0","0","0","0","0","0","0","0","0","0","0","00000000","20230216","Kassel","0DD311158D","S0M6","2026-07-17 06:05:41.813636 UTC"
"0DD311159B       0340|1400|F4M1","2026-07-17 02:17:22.915108 UTC","L","2026-07-17 02:17:22.915108 UTC","0DD311159B       0340","1400","F4M1","DL","","2024","04","","0","ST","0","0","0","0","0","0","0","0","0","0","0","00000000","20240404","Kassel","0DD311159B       0340","F4M1","2026-07-17 06:05:41.813636 UTC"
"0DD311159C|1400|F1M1","2026-07-17 02:17:32.995343 UTC","L","2026-07-17 02:17:32.995343 UTC","0DD311159C","1400","F1M1","DL","","2023","02","","0","ST","0","0","0","0","0","0","0","0","0","0","0","00000000","20230216","Kassel","0DD311159C","F1M1","2026-07-17 06:05:41.813636 UTC"
"0DD300046K|1400|S6M1","2026-07-17 02:17:32.995343 UTC","L","2026-07-17 02:17:32.995343 UTC","0DD300046K","1400","S6M1","DL","","2023","02","","0","ST","0","0","0","0","0","0","0","0","0","0","0","00000000","20230216","Kassel","0DD300046K","S6M1","2026-07-17 06:05:41.813636 UTC"
"0DD300048D|1400|S1M1","2026-07-17 02:17:53.120606 UTC","L","2026-07-17 02:17:53.120606 UTC","0DD300048D","1400","S1M1","DL","","2026","02","","0","ST","0","0","0","0","0","0","0","0","0","0","0","00000000","20250630","Kassel","0DD300048D","S1M1","2026-07-17 06:05:41.813636 UTC"
"0DD311159B ANG|1400|S0M1","2026-07-17 02:17:53.120606 UTC","L","2026-07-17 02:17:53.120606 UTC","0DD311159B ANG","1400","S0M1","DL","","2026","07","","0","ST","0","0","0","0","0","0","0","0","0","0","0","00000000","20230321","Kassel","0DD311159B ANG","S0M1","2026-07-17 06:05:41.813636 UTC"
"0DD311159D|1400|FBM1","2026-07-17 02:17:32.995343 UTC","L","2026-07-17 02:17:32.995343 UTC","0DD311159D","1400","FBM1","DL","","2023","02","","0","ST","0","0","0","0","0","0","0","0","0","0","0","00000000","20230216","Kassel","0DD311159D","FBM1","2026-07-17 06:05:41.813636 UTC"
"0DD311159D|1400|W0M6","2026-07-17 02:17:32.995343 UTC","L","2026-07-17 02:17:32.995343 UTC","0DD311159D","1400","W0M6","DL","","2023","02","","0","ST","0","0","0","0","0","0","0","0","0","0","0","00000000","20230216","Kassel","0DD311159D","W0M6","2026-07-17 06:05:41.813636 UTC"
"0DD300040E|1400|XNM1","2026-07-17 02:17:32.995343 UTC","L","2026-07-17 02:17:32.995343 UTC","0DD300040E","1400","XNM1","DL","","2025","07","","0","ST","0","0","0","0","0","0","0","0","0","0","0","00000000","20221024","Kassel","0DD300040E","XNM1","2026-07-17 06:05:41.813636 UTC"
"0DD300046J|1400|F1M1","2026-07-17 02:17:32.995343 UTC","L","2026-07-17 02:17:32.995343 UTC","0DD300046J","1400","F1M1","DL","","2023","02","","0","ST","0","0","0","0","0","0","0","0","0","0","0","00000000","20230216","Kassel","0DD300046J","F1M1","2026-07-17 06:05:41.813636 UTC"
"0DD300046K MBZ|1400|XDM1","2026-07-17 02:17:43.125366 UTC","L","2026-07-17 02:17:43.125366 UTC","0DD300046K MBZ","1400","XDM1","DL","","2023","05","","0","ST","0","0","0","0","0","0","0","0","0","0","0","00000000","20230531","Kassel","0DD300046K MBZ","XDM1","2026-07-17 06:05:41.813636 UTC"
"0DD300046K MBZ|1400|XZM1","2026-07-17 02:17:43.125366 UTC","L","2026-07-17 02:17:43.125366 UTC","0DD300046K MBZ","1400","XZM1","DL","","2024","01","","0","ST","0","0","0","0","0","0","0","0","0","0","0","00000000","20230531","Kassel","0DD300046K MBZ","XZM1","2026-07-17 06:05:41.813636 UTC"
"0DD300047N|1400|F6M1","2026-07-17 02:17:22.915108 UTC","L","2026-07-17 02:17:22.915108 UTC","0DD300047N","1400","F6M1","DL","","2024","07","","0","ST","0","0","0","0","0","0","0","0","0","0","0","00000000","20240710","Kassel","0DD300047N","F6M1","2026-07-17 06:05:41.813636 UTC"
"0DD300047P|1400|F6M1","2026-07-17 02:17:22.915108 UTC","L","2026-07-17 02:17:22.915108 UTC","0DD300047P","1400","F6M1","DL","","2024","06","","0","ST","0","0","0","0","0","0","0","0","0","0","0","00000000","20240614","Kassel","0DD300047P","F6M1","2026-07-17 06:05:41.813636 UTC"
"0DD300047T|1400|XZM1","2026-07-17 02:17:22.915108 UTC","L","2026-07-17 02:17:22.915108 UTC","0DD300047T","1400","XZM1","DL","","2024","07","","0","ST","0","0","0","0","0","0","0","0","0","0","0","00000000","20240703","Kassel","0DD300047T","XZM1","2026-07-17 06:05:41.813636 UTC"
"0DD311159B|1400|XNM1","2026-07-17 02:17:32.995343 UTC","L","2026-07-17 02:17:32.995343 UTC","0DD311159B","1400","XNM1","DL","","2022","10","","0","ST","0","0","0","0","0","0","0","0","0","0","0","00000000","20221024","Kassel","0DD311159B","XNM1","2026-07-17 06:05:41.813636 UTC"
"0DD300046J|1400|D0M1","2026-07-17 02:17:32.995343 UTC","L","2026-07-17 02:17:32.995343 UTC","0DD300046J","1400","D0M1","DL","","2026","07","","0","ST","0","0","0","0","0","0","0","0","0","0","0","00000000","20221024","Kassel","0DD300046J","D0M1","2026-07-17 06:05:41.813636 UTC"
"0DD300046K|1400|F759","2026-07-17 02:17:43.125366 UTC","L","2026-07-17 02:17:43.125366 UTC","0DD300046K","1400","F759","DL","","2026","07","","1","ST","0","0","0","0","0","0","0","0","0","0","0","00000000","20240430","Kassel","0DD300046K","F759","2026-07-17 06:05:41.813636 UTC"
"0DD300046P|1400|W0M6","2026-07-17 02:17:32.995343 UTC","L","2026-07-17 02:17:32.995343 UTC","0DD300046P","1400","W0M6","DL","","2023","02","","0","ST","0","0","0","0","0","0","0","0","0","0","0","00000000","20230216","Kassel","0DD300046P","W0M6","2026-07-17 06:05:41.813636 UTC"
"0DD300047Q|1400|S6M1","2026-07-17 02:17:22.915108 UTC","L","2026-07-17 02:17:22.915108 UTC","0DD300047Q","1400","S6M1","DL","","2024","05","","0","ST","0","0","0","0","0","0","0","0","0","0","0","00000000","20240524","Kassel","0DD300047Q","S6M1","2026-07-17 06:05:41.813636 UTC"
"0DD300047T|1400|XNM2","2026-07-17 02:17:22.915108 UTC","L","2026-07-17 02:17:22.915108 UTC","0DD300047T","1400","XNM2","DL","","2024","07","","0","ST","0","0","0","0","0","0","0","0","0","0","0","00000000","20240703","Kassel","0DD300047T","XNM2","2026-07-17 06:05:41.813636 UTC"
"0DD300048A|1400|XZM1","2026-07-17 02:17:53.120606 UTC","L","2026-07-17 02:17:53.120606 UTC","0DD300048A","1400","XZM1","DL","","2025","03","","0","ST","0","0","0","0","0","0","0","0","0","0","0","00000000","20250314","Kassel","0DD300048A","XZM1","2026-07-17 06:05:41.813636 UTC"
"0DD300048C|1400|F6M1","2026-07-17 02:17:53.120606 UTC","L","2026-07-17 02:17:53.120606 UTC","0DD300048C","1400","F6M1","DL","","2025","03","","0","ST","0","0","0","0","0","0","0","0","0","0","0","00000000","20250324","Kassel","0DD300048C","F6M1","2026-07-17 06:05:41.813636 UTC"
"0DD311159B       0340|1400|S4M1","2026-07-17 02:17:22.915108 UTC","L","2026-07-17 02:17:22.915108 UTC","0DD311159B       0340","1400","S4M1","DL","","2024","04","","0","ST","0","0","0","0","0","0","0","0","0","0","0","00000000","20240404","Kassel","0DD311159B       0340","S4M1","2026-07-17 06:05:41.813636 UTC"
"0DD311159B    DRA|1400|FAM6","2026-07-17 02:17:53.120606 UTC","L","2026-07-17 02:17:53.120606 UTC","0DD311159B    DRA","1400","FAM6","DL","","2025","05","","0","ST","0","0","0","0","0","0","0","0","0","0","0","00000000","20250508","Kassel","0DD311159B    DRA","FAM6","2026-07-17 06:05:41.813636 UTC"
"0DD311159B ANG|1400|S0M3","2026-07-17 02:17:32.995343 UTC","L","2026-07-17 02:17:32.995343 UTC","0DD311159B ANG","1400","S0M3","DL","","2025","08","","0","ST","0","0","0","0","0","0","0","0","0","0","0","00000000","20221221","Kassel","0DD311159B ANG","S0M3","2026-07-17 06:05:41.813636 UTC"
"0DD311159B|1400|S4M1","2026-07-17 02:17:32.995343 UTC","L","2026-07-17 02:17:32.995343 UTC","0DD311159B","1400","S4M1","DL","","2023","02","","0","ST","0","0","0","0","0","0","0","0","0","0","0","00000000","20230216","Kassel","0DD311159B","S4M1","2026-07-17 06:05:41.813636 UTC"
"0DD300046E|1400|F759","2026-07-17 02:17:32.995343 UTC","L","2026-07-17 02:17:32.995343 UTC","0DD300046E","1400","F759","DL","","2026","03","","0","ST","0","0","0","0","0","0","0","0","0","0","0","00000000","20240430","Kassel","0DD300046E","F759","2026-07-17 06:05:41.813636 UTC"
"0DD300046G|1400|D0M1","2026-07-17 02:17:32.995343 UTC","L","2026-07-17 02:17:32.995343 UTC","0DD300046G","1400","D0M1","DL","","2026","05","","0","ST","0","0","0","0","0","0","0","0","0","0","0","00000000","20221024","Kassel","0DD300046G","D0M1","2026-07-17 06:05:41.813636 UTC"
"0DD300046K|1400|W0M6","2026-07-17 02:17:32.995343 UTC","L","2026-07-17 02:17:32.995343 UTC","0DD300046K","1400","W0M6","DL","","2023","02","","0","ST","0","0","0","0","0","0","0","0","0","0","0","00000000","20230216","Kassel","0DD300046K","W0M6","2026-07-17 06:05:41.813636 UTC"
"0DD300046M|1400|FBM1","2026-07-17 02:17:32.995343 UTC","L","2026-07-17 02:17:32.995343 UTC","0DD300046M","1400","FBM1","DL","","2023","02","","0","ST","0","0","0","0","0","0","0","0","0","0","0","00000000","20230216","Kassel","0DD300046M","FBM1","2026-07-17 06:05:41.813636 UTC"
"0DD300047A|1400|XNM1","2026-07-17 02:17:43.125366 UTC","L","2026-07-17 02:17:43.125366 UTC","0DD300047A","1400","XNM1","DL","","2022","12","","0","ST","0","0","0","0","0","0","0","0","0","0","0","00000000","20221219","Kassel","0DD300047A","XNM1","2026-07-17 06:05:41.813636 UTC"
"0DD300047J|1400|XNM3","2026-07-17 02:17:22.915108 UTC","L","2026-07-17 02:17:22.915108 UTC","0DD300047J","1400","XNM3","DL","","2024","09","","0","ST","0","0","0","0","0","0","0","0","0","0","0","00000000","20240103","Kassel","0DD300047J","XNM3","2026-07-17 06:05:41.813636 UTC"
"0DD300048|1400|XN12","2026-07-17 02:17:43.125366 UTC","L","2026-07-17 02:17:43.125366 UTC","0DD300048","1400","XN12","DL","","2026","04","","0","ST","0","0","0","0","0","0","0","0","0","0","0","00000000","20240731","Kassel","0DD300048","XN12","2026-07-17 06:05:41.813636 UTC"
"0DD311158B|1400|S6M1","2026-07-17 02:17:43.125366 UTC","L","2026-07-17 02:17:43.125366 UTC","0DD311158B","1400","S6M1","DL","","2026","07","","612","ST","0","0","0","0","0","0","0","0","0","0","0","00000000","20230216","Kassel","0DD311158B","S6M1","2026-07-17 06:05:41.813636 UTC"
"0DD311158D|1400|F4M1","2026-07-17 02:17:32.995343 UTC","L","2026-07-17 02:17:32.995343 UTC","0DD311158D","1400","F4M1","DL","","2023","02","","0","ST","0","0","0","0","0","0","0","0","0","0","0","00000000","20230216","Kassel","0DD311158D","F4M1","2026-07-17 06:05:41.813636 UTC"
"0DD311159B|1400|F759","2026-07-17 02:17:32.995343 UTC","L","2026-07-17 02:17:32.995343 UTC","0DD311159B","1400","F759","DL","","2024","10","","0","ST","0","0","0","0","0","0","0","0","0","0","0","00000000","20241026","Kassel","0DD311159B","F759","2026-07-17 06:05:41.813636 UTC"
"0DD311159C|1400|S6M1","2026-07-17 02:17:32.995343 UTC","L","2026-07-17 02:17:32.995343 UTC","0DD311159C","1400","S6M1","DL","","2023","02","","0","ST","0","0","0","0","0","0","0","0","0","0","0","00000000","20230216","Kassel","0DD311159C","S6M1","2026-07-17 06:05:41.813636 UTC"
"0DD300040D|1400|FBM1","2026-07-17 02:17:32.995343 UTC","L","2026-07-17 02:17:32.995343 UTC","0DD300040D","1400","FBM1","DL","","2023","02","","0","ST","0","0","0","0","0","0","0","0","0","0","0","00000000","20230216","Kassel","0DD300040D","FBM1","2026-07-17 06:05:41.813636 UTC"
"0DD300040D|1400|S0M6","2026-07-17 02:17:32.995343 UTC","L","2026-07-17 02:17:32.995343 UTC","0DD300040D","1400","S0M6","DL","","2023","02","","0","ST","0","0","0","0","0","0","0","0","0","0","0","00000000","20230216","Kassel","0DD300040D","S0M6","2026-07-17 06:05:41.813636 UTC"
"0DD300046J|1400|XNQA","2026-07-17 02:17:43.125366 UTC","L","2026-07-17 02:17:43.125366 UTC","0DD300046J","1400","XNQA","DL","","2026","02","","1","ST","0","0","0","0","0","0","0","0","0","0","0","00000000","20260219","Kassel","0DD300046J","XNQA","2026-07-17 06:05:41.813636 UTC"
"0DD300046J|1400|XZM1","2026-07-17 02:17:32.995343 UTC","L","2026-07-17 02:17:32.995343 UTC","0DD300046J","1400","XZM1","DL","","2022","10","","0","ST","0","0","0","0","0","0","0","0","0","0","0","00000000","20221024","Kassel","0DD300046J","XZM1","2026-07-17 06:05:41.813636 UTC"
"0DD300046L|1400|D0M1","2026-07-17 02:17:32.995343 UTC","L","2026-07-17 02:17:32.995343 UTC","0DD300046L","1400","D0M1","DL","","2026","04","","0","ST","0","0","0","0","0","0","0","0","0","0","0","00000000","20221024","Kassel","0DD300046L","D0M1","2026-07-17 06:05:41.813636 UTC"
"0DD300046T|1400|F1M1","2026-07-17 02:17:32.995343 UTC","L","2026-07-17 02:17:32.995343 UTC","0DD300046T","1400","F1M1","DL","","2023","02","","0","ST","0","0","0","0","0","0","0","0","0","0","0","00000000","20230216","Kassel","0DD300046T","F1M1","2026-07-17 06:05:41.813636 UTC"
"0DD300048B|1400|XNQA","2026-07-17 02:17:43.125366 UTC","L","2026-07-17 02:17:43.125366 UTC","0DD300048B","1400","XNQA","DL","","2026","07","","0","ST","0","0","0","0","0","0","0","0","0","0","0","00000000","20251026","Kassel","0DD300048B","XNQA","2026-07-17 06:05:41.813636 UTC"
"0DD300046H|1400|S1M1","2026-07-17 02:17:32.995343 UTC","L","2026-07-17 02:17:32.995343 UTC","0DD300046H","1400","S1M1","DL","","2026","05","","0","ST","0","0","0","0","0","0","0","0","0","0","0","00000000","20230216","Kassel","0DD300046H","S1M1","2026-07-17 06:05:41.813636 UTC"
"0DD300046K|1400|S0M6","2026-07-17 02:17:32.995343 UTC","L","2026-07-17 02:17:32.995343 UTC","0DD300046K","1400","S0M6","DL","","2023","02","","0","ST","0","0","0","0","0","0","0","0","0","0","0","00000000","20230216","Kassel","0DD300046K","S0M6","2026-07-17 06:05:41.813636 UTC"
"0DD300046S|1400|XNM3","2026-07-17 02:17:32.995343 UTC","L","2026-07-17 02:17:32.995343 UTC","0DD300046S","1400","XNM3","DL","","2025","06","","4","ST","0","0","0","0","0","0","0","0","0","0","0","00000000","20230216","Kassel","0DD300046S","XNM3","2026-07-17 06:05:41.813636 UTC"
"0DD300047M|1400|F6M1","2026-07-17 02:17:22.915108 UTC","L","2026-07-17 02:17:22.915108 UTC","0DD300047M","1400","F6M1","DL","","2024","06","","0","ST","0","0","0","0","0","0","0","0","0","0","0","00000000","20240614","Kassel","0DD300047M","F6M1","2026-07-17 06:05:41.813636 UTC"
"0DD300048E|1400|XNM2","2026-07-17 02:17:43.125366 UTC","L","2026-07-17 02:17:43.125366 UTC","0DD300048E","1400","XNM2","DL","","2025","09","","0","ST","0","0","0","0","0","0","0","0","0","0","0","00000000","20250909","Kassel","0DD300048E","XNM2","2026-07-17 06:05:41.813636 UTC"
"0DD311158C|1400|D0M1","2026-07-17 02:17:32.995343 UTC","L","2026-07-17 02:17:32.995343 UTC","0DD311158C","1400","D0M1","DL","","2022","10","","0","ST","0","0","0","0","0","0","0","0","0","0","0","00000000","20221024","Kassel","0DD311158C","D0M1","2026-07-17 06:05:41.813636 UTC"
"0DD311159D|1400|F1M1","2026-07-17 02:17:32.995343 UTC","L","2026-07-17 02:17:32.995343 UTC","0DD311159D","1400","F1M1","DL","","2023","02","","0","ST","0","0","0","0","0","0","0","0","0","0","0","00000000","20230216","Kassel","0DD311159D","F1M1","2026-07-17 06:05:41.813636 UTC"
"0DD300046G|1400|F6M1","2026-07-17 02:17:32.995343 UTC","L","2026-07-17 02:17:32.995343 UTC","0DD300046G","1400","F6M1","DL","","2023","12","","0","ST","0","0","0","0","0","0","0","0","0","0","0","00000000","20230216","Kassel","0DD300046G","F6M1","2026-07-17 06:05:41.813636 UTC"
"0DD300046L|1400|S4M1","2026-07-17 02:17:32.995343 UTC","L","2026-07-17 02:17:32.995343 UTC","0DD300046L","1400","S4M1","DL","","2023","02","","0","ST","0","0","0","0","0","0","0","0","0","0","0","00000000","20230216","Kassel","0DD300046L","S4M1","2026-07-17 06:05:41.813636 UTC"
"0DD300046Q|1400|S1M1","2026-07-17 02:17:53.120606 UTC","L","2026-07-17 02:17:53.120606 UTC","0DD300046Q","1400","S1M1","DL","","2025","07","","1","ST","0","0","0","0","0","0","0","0","0","0","0","00000000","20230406","Kassel","0DD300046Q","S1M1","2026-07-17 06:05:41.813636 UTC"
"0DD300046S|1400|F759","2026-07-17 02:17:43.125366 UTC","L","2026-07-17 02:17:43.125366 UTC","0DD300046S","1400","F759","DL","","2026","07","","0","ST","0","0","0","0","0","0","0","0","0","0","0","00000000","20240505","Kassel","0DD300046S","F759","2026-07-17 06:05:41.813636 UTC"
"0DD300047A|1400|XDM1","2026-07-17 02:17:43.125366 UTC","L","2026-07-17 02:17:43.125366 UTC","0DD300047A","1400","XDM1","DL","","2022","12","","0","ST","0","0","0","0","0","0","0","0","0","0","0","00000000","20221219","Kassel","0DD300047A","XDM1","2026-07-17 06:05:41.813636 UTC"
"0DD300047K|1400|S6M1","2026-07-17 02:17:22.915108 UTC","L","2026-07-17 02:17:22.915108 UTC","0DD300047K","1400","S6M1","DL","","2024","01","","0","ST","0","0","0","0","0","0","0","0","0","0","0","00000000","20240109","Kassel","0DD300047K","S6M1","2026-07-17 06:05:41.813636 UTC"
"0DD300047L|1400|XNM3","2026-07-17 02:17:22.915108 UTC","L","2026-07-17 02:17:22.915108 UTC","0DD300047L","1400","XNM3","DL","","2024","09","","0","ST","0","0","0","0","0","0","0","0","0","0","0","00000000","20240103","Kassel","0DD300047L","XNM3","2026-07-17 06:05:41.813636 UTC"
"0DD300047M|1400|XNM2","2026-07-17 02:17:32.995343 UTC","L","2026-07-17 02:17:32.995343 UTC","0DD300047M","1400","XNM2","DL","","2024","06","","0","ST","0","0","0","0","0","0","0","0","0","0","0","00000000","20240605","Kassel","0DD300047M","XNM2","2026-07-17 06:05:41.813636 UTC"
"0DD300047N|1400|XZM1","2026-07-17 02:17:22.915108 UTC","L","2026-07-17 02:17:22.915108 UTC","0DD300047N","1400","XZM1","DL","","2024","06","","0","ST","0","0","0","0","0","0","0","0","0","0","0","00000000","20240624","Kassel","0DD300047N","XZM1","2026-07-17 06:05:41.813636 UTC"
"0DD300047Q|1400|F6M1","2026-07-17 02:17:22.915108 UTC","L","2026-07-17 02:17:22.915108 UTC","0DD300047Q","1400","F6M1","DL","","2024","05","","0","ST","0","0","0","0","0","0","0","0","0","0","0","00000000","20240524","Kassel","0DD300047Q","F6M1","2026-07-17 06:05:41.813636 UTC"
"0DD300047S|1400|F759","2026-07-17 02:17:43.125366 UTC","L","2026-07-17 02:17:43.125366 UTC","0DD300047S","1400","F759","DL","","2026","07","","0","ST","0","0","0","0","0","0","0","0","0","0","0","00000000","20240710","Kassel","0DD300047S","F759","2026-07-17 06:05:41.813636 UTC"
"0DD300048D|1400|XNM2","2026-07-17 02:17:43.125366 UTC","L","2026-07-17 02:17:43.125366 UTC","0DD300048D","1400","XNM2","DL","","2025","06","","0","ST","0","0","0","0","0","0","0","0","0","0","0","00000000","20250623","Kassel","0DD300048D","XNM2","2026-07-17 06:05:41.813636 UTC"
"0DD311159B ANG|1400|SAM1","2026-07-17 02:17:32.995343 UTC","L","2026-07-17 02:17:32.995343 UTC","0DD311159B ANG","1400","SAM1","DL","","2022","12","","0","ST","0","0","0","0","0","0","0","0","0","0","0","00000000","20221221","Kassel","0DD311159B ANG","SAM1","2026-07-17 06:05:41.813636 UTC"
"0DD311159B ANG|1400|W0M3","2026-07-17 02:17:32.995343 UTC","L","2026-07-17 02:17:32.995343 UTC","0DD311159B ANG","1400","W0M3","DL","","2022","12","","0","ST","0","0","0","0","0","0","0","0","0","0","0","00000000","20221221","Kassel","0DD311159B ANG","W0M3","2026-07-17 06:05:41.813636 UTC"
"0DD311159C|1400|XDM1","2026-07-17 02:17:32.995343 UTC","L","2026-07-17 02:17:32.995343 UTC","0DD311159C","1400","XDM1","DL","","2022","10","","0","ST","0","0","0","0","0","0","0","0","0","0","0","00000000","20221024","Kassel","0DD311159C","XDM1","2026-07-17 06:05:41.813636 UTC"
"0DD311159C|1400|XNM2","2026-07-17 02:17:32.995343 UTC","L","2026-07-17 02:17:32.995343 UTC","0DD311159C","1400","XNM2","DL","","2022","10","","0","ST","0","0","0","0","0","0","0","0","0","0","0","00000000","20221024","Kassel","0DD311159C","XNM2","2026-07-17 06:05:41.813636 UTC"
"0DD300046C|1400|XDM1","2026-07-17 02:17:32.995343 UTC","L","2026-07-17 02:17:32.995343 UTC","0DD300046C","1400","XDM1","DL","","2022","10","","0","ST","0","0","0","0","0","0","0","0","0","0","0","00000000","20221024","Kassel","0DD300046C","XDM1","2026-07-17 06:05:41.813636 UTC"
"0DD300046M|1400|S0M6","2026-07-17 02:17:32.995343 UTC","L","2026-07-17 02:17:32.995343 UTC","0DD300046M","1400","S0M6","DL","","2023","02","","0","ST","0","0","0","0","0","0","0","0","0","0","0","00000000","20230216","Kassel","0DD300046M","S0M6","2026-07-17 06:05:41.813636 UTC"
"0DD300046R|1400|XNM3","2026-07-17 02:17:53.120606 UTC","L","2026-07-17 02:17:53.120606 UTC","0DD300046R","1400","XNM3","DL","","2024","04","","0","ST","0","0","0","0","0","0","0","0","0","0","0","00000000","20230330","Kassel","0DD300046R","XNM3","2026-07-17 06:05:41.813636 UTC"
"0DD300047G|1400|XNM1","2026-07-17 02:17:32.995343 UTC","L","2026-07-17 02:17:32.995343 UTC","0DD300047G","1400","XNM1","DL","","2024","03","","0","ST","0","0","0","0","0","0","0","0","0","0","0","00000000","20230921","Kassel","0DD300047G","XNM1","2026-07-17 06:05:41.813636 UTC"
"0DD300047S|1400|F6M1","2026-07-17 02:17:22.915108 UTC","L","2026-07-17 02:17:22.915108 UTC","0DD300047S","1400","F6M1","DL","","2024","07","","0","ST","0","0","0","0","0","0","0","0","0","0","0","00000000","20240710","Kassel","0DD300047S","F6M1","2026-07-17 06:05:41.813636 UTC"
"0DD300047T|1400|BN03","2026-07-17 02:17:43.125366 UTC","L","2026-07-17 02:17:43.125366 UTC","0DD300047T","1400","BN03","DL","","2025","07","","0","ST","0","0","0","0","0","0","0","0","0","0","0","00000000","20250715","Kassel","0DD300047T","BN03","2026-07-17 06:05:41.813636 UTC"
"0DD300048E|1400|XZM1","2026-07-17 02:17:43.125366 UTC","L","2026-07-17 02:17:43.125366 UTC","0DD300048E","1400","XZM1","DL","","2025","09","","0","ST","0","0","0","0","0","0","0","0","0","0","0","00000000","20250909","Kassel","0DD300048E","XZM1","2026-07-17 06:05:41.813636 UTC"
"0DD300048F|1400|XNM1","2026-07-17 02:17:43.125366 UTC","L","2026-07-17 02:17:43.125366 UTC","0DD300048F","1400","XNM1","DL","","2026","02","","0","ST","0","0","0","0","0","0","0","0","0","0","0","00000000","20260206","Kassel","0DD300048F","XNM1","2026-07-17 06:05:41.813636 UTC"
"0DD300048G|1400|XNM2","2026-07-17 02:17:43.125366 UTC","L","2026-07-17 02:17:43.125366 UTC","0DD300048G","1400","XNM2","DL","","2025","11","","0","ST","0","0","0","0","0","0","0","0","0","0","0","00000000","20251114","Kassel","0DD300048G","XNM2","2026-07-17 06:05:41.813636 UTC"
"0DD311158B|1400|FR12","2026-07-17 02:17:43.125366 UTC","L","2026-07-17 02:17:43.125366 UTC","0DD311158B","1400","FR12","DL","","2024","10","","0","ST","0","0","0","0","0","0","0","0","0","0","0","00000000","20241022","Kassel","0DD311158B","FR12","2026-07-17 06:05:41.813636 UTC"
"0DD311159B       0200|1400|D0M1","2026-07-17 02:17:12.966977 UTC","L","2026-07-17 02:17:12.966977 UTC","0DD311159B       0200","1400","D0M1","DL","","2024","04","","0","ST","0","0","0","0","0","0","0","0","0","0","0","00000000","20240404","Kassel","0DD311159B       0200","D0M1","2026-07-17 06:05:41.813636 UTC"
"0DD300040D|1400|F4M1","2026-07-17 02:17:32.995343 UTC","L","2026-07-17 02:17:32.995343 UTC","0DD300040D","1400","F4M1","DL","","2023","02","","0","ST","0","0","0","0","0","0","0","0","0","0","0","00000000","20230216","Kassel","0DD300040D","F4M1","2026-07-17 06:05:41.813636 UTC"
"0DD300040D|1400|XNM2","2026-07-17 02:17:32.995343 UTC","L","2026-07-17 02:17:32.995343 UTC","0DD300040D","1400","XNM2","DL","","2022","10","","0","ST","0","0","0","0","0","0","0","0","0","0","0","00000000","20221024","Kassel","0DD300040D","XNM2","2026-07-17 06:05:41.813636 UTC"
"0DD300046F|1400|S0M6","2026-07-17 02:17:32.995343 UTC","L","2026-07-17 02:17:32.995343 UTC","0DD300046F","1400","S0M6","DL","","2023","02","","0","ST","0","0","0","0","0","0","0","0","0","0","0","00000000","20230216","Kassel","0DD300046F","S0M6","2026-07-17 06:05:41.813636 UTC"
"0DD300046K|1400|F6M1","2026-07-17 02:17:32.995343 UTC","L","2026-07-17 02:17:32.995343 UTC","0DD300046K","1400","F6M1","DL","","2024","04","","0","ST","0","0","0","0","0","0","0","0","0","0","0","00000000","20230216","Kassel","0DD300046K","F6M1","2026-07-17 06:05:41.813636 UTC"
"0DD300046Q|1400|F6M1","2026-07-17 02:17:53.120606 UTC","L","2026-07-17 02:17:53.120606 UTC","0DD300046Q","1400","F6M1","DL","","2024","04","","0","ST","0","0","0","0","0","0","0","0","0","0","0","00000000","20230411","Kassel","0DD300046Q","F6M1","2026-07-17 06:05:41.813636 UTC"
"0DD300046S|1400|FBM1","2026-07-17 02:17:32.995343 UTC","L","2026-07-17 02:17:32.995343 UTC","0DD300046S","1400","FBM1","DL","","2023","02","","0","ST","0","0","0","0","0","0","0","0","0","0","0","00000000","20230216","Kassel","0DD300046S","FBM1","2026-07-17 06:05:41.813636 UTC"
"0DD300047J|1400|S1M1","2026-07-17 02:17:43.125366 UTC","L","2026-07-17 02:17:43.125366 UTC","0DD300047J","1400","S1M1","DL","","2026","07","","0","ST","0","0","0","0","0","0","0","0","0","0","0","00000000","20240109","Kassel","0DD300047J","S1M1","2026-07-17 06:05:41.813636 UTC"
"0DD300048G|1400|F773","2026-07-17 02:17:43.125366 UTC","L","2026-07-17 02:17:43.125366 UTC","0DD300048G","1400","F773","DL","","2025","12","","0","ST","0","0","0","0","0","0","0","0","0","0","0","00000000","20251212","Kassel","0DD300048G","F773","2026-07-17 06:05:41.813636 UTC"
"0DD311158D|1400|XNM1","2026-07-17 02:17:32.995343 UTC","L","2026-07-17 02:17:32.995343 UTC","0DD311158D","1400","XNM1","DL","","2022","10","","0","ST","0","0","0","0","0","0","0","0","0","0","0","00000000","20221024","Kassel","0DD311158D","XNM1","2026-07-17 06:05:41.813636 UTC"
"0DD311159C|1400|XNM3","2026-07-17 02:17:32.995343 UTC","L","2026-07-17 02:17:32.995343 UTC","0DD311159C","1400","XNM3","DL","","2023","02","","0","ST","0","0","0","0","0","0","0","0","0","0","0","00000000","20230216","Kassel","0DD311159C","XNM3","2026-07-17 06:05:41.813636 UTC"
"0DD311159D|1400|F6M1","2026-07-17 02:17:32.995343 UTC","L","2026-07-17 02:17:32.995343 UTC","0DD311159D","1400","F6M1","DL","","2023","02","","0","ST","0","0","0","0","0","0","0","0","0","0","0","00000000","20230216","Kassel","0DD311159D","F6M1","2026-07-17 06:05:41.813636 UTC"
"0DD300046H|1400|D0M1","2026-07-17 02:17:32.995343 UTC","L","2026-07-17 02:17:32.995343 UTC","0DD300046H","1400","D0M1","DL","","2026","06","","0","ST","0","0","0","0","0","0","0","0","0","0","0","00000000","20221024","Kassel","0DD300046H","D0M1","2026-07-17 06:05:41.813636 UTC"
"0DD300046K MBZ|1400|W0M3","2026-07-17 02:17:43.125366 UTC","L","2026-07-17 02:17:43.125366 UTC","0DD300046K MBZ","1400","W0M3","DL","","2023","05","","0","ST","0","0","0","0","0","0","0","0","0","0","0","00000000","20230531","Kassel","0DD300046K MBZ","W0M3","2026-07-17 06:05:41.813636 UTC"
"0DD300046R|1400|XNM1","2026-07-17 02:17:32.995343 UTC","L","2026-07-17 02:17:32.995343 UTC","0DD300046R","1400","XNM1","DL","","2023","12","","0","ST","0","0","0","0","0","0","0","0","0","0","0","00000000","20221024","Kassel","0DD300046R","XNM1","2026-07-17 06:05:41.813636 UTC"
"0DD300046T|1400|F759","2026-07-17 02:17:32.995343 UTC","L","2026-07-17 02:17:32.995343 UTC","0DD300046T","1400","F759","DL","","2026","05","","0","ST","0","0","0","0","0","0","0","0","0","0","0","00000000","20240430","Kassel","0DD300046T","F759","2026-07-17 06:05:41.813636 UTC"
"0DD300048A|1400|XDM1","2026-07-17 02:17:53.120606 UTC","L","2026-07-17 02:17:53.120606 UTC","0DD300048A","1400","XDM1","DL","","2025","08","","0","ST","0","0","0","0","0","0","0","0","0","0","0","00000000","20250314","Kassel","0DD300048A","XDM1","2026-07-17 06:05:41.813636 UTC"
"0DD300048B|1400|XN12","2026-07-17 02:17:43.125366 UTC","L","2026-07-17 02:17:43.125366 UTC","0DD300048B","1400","XN12","DL","","2026","07","","237","ST","0","0","0","0","0","0","0","0","0","0","0","00000000","20250324","Kassel","0DD300048B","XN12","2026-07-17 06:05:41.813636 UTC"
"0DD300048C|1400|BN03","2026-07-17 02:17:43.125366 UTC","L","2026-07-17 02:17:43.125366 UTC","0DD300048C","1400","BN03","DL","","2025","07","","0","ST","0","0","0","0","0","0","0","0","0","0","0","00000000","20250715","Kassel","0DD300048C","BN03","2026-07-17 06:05:41.813636 UTC"
"0DD311158C|1400|S6M1","2026-07-17 02:17:32.995343 UTC","L","2026-07-17 02:17:32.995343 UTC","0DD311158C","1400","S6M1","DL","","2023","02","","0","ST","0","0","0","0","0","0","0","0","0","0","0","00000000","20230216","Kassel","0DD311158C","S6M1","2026-07-17 06:05:41.813636 UTC"
"0DD300040C|1400|XDM1","2026-07-17 02:17:32.995343 UTC","L","2026-07-17 02:17:32.995343 UTC","0DD300040C","1400","XDM1","DL","","2025","07","","1","ST","0","0","0","0","0","0","0","0","0","0","0","00000000","20221024","Kassel","0DD300040C","XDM1","2026-07-17 06:05:41.813636 UTC"
"0DD300046C|1400|BN03","2026-07-17 02:17:43.125366 UTC","L","2026-07-17 02:17:43.125366 UTC","0DD300046C","1400","BN03","DL","","2025","07","","0","ST","0","0","0","0","0","0","0","0","0","0","0","00000000","20250715","Kassel","0DD300046C","BN03","2026-07-17 06:05:41.813636 UTC"
"0DD300047Q|1400|XZM1","2026-07-17 02:17:22.915108 UTC","L","2026-07-17 02:17:22.915108 UTC","0DD300047Q","1400","XZM1","DL","","2024","05","","0","ST","0","0","0","0","0","0","0","0","0","0","0","00000000","20240515","Kassel","0DD300047Q","XZM1","2026-07-17 06:05:41.813636 UTC"
"0DD300047T|1400|XNM1","2026-07-17 02:17:22.915108 UTC","L","2026-07-17 02:17:22.915108 UTC","0DD300047T","1400","XNM1","DL","","2025","10","","0","ST","0","0","0","0","0","0","0","0","0","0","0","00000000","20240703","Kassel","0DD300047T","XNM1","2026-07-17 06:05:41.813636 UTC"
"0DD300048D|1400|XDM1","2026-07-17 02:17:43.125366 UTC","L","2026-07-17 02:17:43.125366 UTC","0DD300048D","1400","XDM1","DL","","2025","06","","0","ST","0","0","0","0","0","0","0","0","0","0","0","00000000","20250623","Kassel","0DD300048D","XDM1","2026-07-17 06:05:41.813636 UTC"
"0DD311159B       0200|1400|S4M1","2026-07-17 02:17:43.125366 UTC","L","2026-07-17 02:17:43.125366 UTC","0DD311159B       0200","1400","S4M1","DL","","2026","07","","60","ST","0","0","0","0","0","0","0","0","0","0","0","00000000","20240404","Kassel","0DD311159B       0200","S4M1","2026-07-17 06:05:41.813636 UTC"
"0DD311159B ANG|1400|FAM4","2026-07-17 02:17:53.120606 UTC","L","2026-07-17 02:17:53.120606 UTC","0DD311159B ANG","1400","FAM4","DL","","2025","05","","0","ST","0","0","0","0","0","0","0","0","0","0","0","00000000","20250508","Kassel","0DD311159B ANG","FAM4","2026-07-17 06:05:41.813636 UTC"
"0DD311159B ANG|1400|XZM1","2026-07-17 02:17:32.995343 UTC","L","2026-07-17 02:17:32.995343 UTC","0DD311159B ANG","1400","XZM1","DL","","2022","11","","0","ST","0","0","0","0","0","0","0","0","0","0","0","00000000","20221103","Kassel","0DD311159B ANG","XZM1","2026-07-17 06:05:41.813636 UTC"
"0DD311159B|1400|F1M1","2026-07-17 02:17:32.995343 UTC","L","2026-07-17 02:17:32.995343 UTC","0DD311159B","1400","F1M1","DL","","2023","02","","0","ST","0","0","0","0","0","0","0","0","0","0","0","00000000","20230216","Kassel","0DD311159B","F1M1","2026-07-17 06:05:41.813636 UTC"
"0DD300046C|1400|XN12","2026-07-17 02:17:43.125366 UTC","L","2026-07-17 02:17:43.125366 UTC","0DD300046C","1400","XN12","DL","","2026","01","","0","ST","0","0","0","0","0","0","0","0","0","0","0","00000000","20240802","Kassel","0DD300046C","XN12","2026-07-17 06:05:41.813636 UTC"
"0DD300046C|1400|XZM1","2026-07-17 02:17:32.995343 UTC","L","2026-07-17 02:17:32.995343 UTC","0DD300046C","1400","XZM1","DL","","2022","10","","0","ST","0","0","0","0","0","0","0","0","0","0","0","00000000","20221024","Kassel","0DD300046C","XZM1","2026-07-17 06:05:41.813636 UTC"
"0DD300047D|1400|S6M1","2026-07-17 02:17:22.915108 UTC","L","2026-07-17 02:17:22.915108 UTC","0DD300047D","1400","S6M1","DL","","2024","10","","0","ST","0","0","0","0","0","0","0","0","0","0","0","00000000","20241021","Kassel","0DD300047D","S6M1","2026-07-17 06:05:41.813636 UTC"
"0DD300047D|1400|XDM1","2026-07-17 02:17:32.995343 UTC","L","2026-07-17 02:17:32.995343 UTC","0DD300047D","1400","XDM1","DL","","2024","08","","0","ST","0","0","0","0","0","0","0","0","0","0","0","00000000","20240820","Kassel","0DD300047D","XDM1","2026-07-17 06:05:41.813636 UTC"
"0DD300047K|1400|XDM1","2026-07-17 02:17:22.915108 UTC","L","2026-07-17 02:17:22.915108 UTC","0DD300047K","1400","XDM1","DL","","2025","10","","0","ST","0","0","0","0","0","0","0","0","0","0","0","00000000","20240103","Kassel","0DD300047K","XDM1","2026-07-17 06:05:41.813636 UTC"
"0DD300047K|1400|XNM1","2026-07-17 02:17:22.915108 UTC","L","2026-07-17 02:17:22.915108 UTC","0DD300047K","1400","XNM1","DL","","2025","07","","9","ST","0","0","0","0","0","0","0","0","0","0","0","00000000","20240103","Kassel","0DD300047K","XNM1","2026-07-17 06:05:41.813636 UTC"
"0DD300047T|1400|S1M1","2026-07-17 02:17:22.915108 UTC","L","2026-07-17 02:17:22.915108 UTC","0DD300047T","1400","S1M1","DL","","2026","07","","3","ST","0","0","0","0","0","0","0","0","0","0","0","00000000","20240710","Kassel","0DD300047T","S1M1","2026-07-17 06:05:41.813636 UTC"
"0DD300047T|1400|XDM1","2026-07-17 02:17:22.915108 UTC","L","2026-07-17 02:17:22.915108 UTC","0DD300047T","1400","XDM1","DL","","2025","11","","0","ST","0","0","0","0","0","0","0","0","0","0","0","00000000","20240703","Kassel","0DD300047T","XDM1","2026-07-17 06:05:41.813636 UTC"
"0DD300047T|1400|XN12","2026-07-17 02:17:43.125366 UTC","L","2026-07-17 02:17:43.125366 UTC","0DD300047T","1400","XN12","DL","","2026","07","","1","ST","0","0","0","0","0","0","0","0","0","0","0","00000000","20240729","Kassel","0DD300047T","XN12","2026-07-17 06:05:41.813636 UTC"
"0DD300048A|1400|XNM2","2026-07-17 02:17:53.120606 UTC","L","2026-07-17 02:17:53.120606 UTC","0DD300048A","1400","XNM2","DL","","2025","03","","0","ST","0","0","0","0","0","0","0","0","0","0","0","00000000","20250314","Kassel","0DD300048A","XNM2","2026-07-17 06:05:41.813636 UTC"
"0DD300040D|1400|F1M1","2026-07-17 02:17:32.995343 UTC","L","2026-07-17 02:17:32.995343 UTC","0DD300040D","1400","F1M1","DL","","2023","02","","0","ST","0","0","0","0","0","0","0","0","0","0","0","00000000","20230216","Kassel","0DD300040D","F1M1","2026-07-17 06:05:41.813636 UTC"
"0DD300046K|1400|XDM1","2026-07-17 02:17:32.995343 UTC","L","2026-07-17 02:17:32.995343 UTC","0DD300046K","1400","XDM1","DL","","2025","07","","0","ST","0","0","0","0","0","0","0","0","0","0","0","00000000","20221024","Kassel","0DD300046K","XDM1","2026-07-17 06:05:41.813636 UTC"
"0DD300046M|1400|XZM1","2026-07-17 02:17:32.995343 UTC","L","2026-07-17 02:17:32.995343 UTC","0DD300046M","1400","XZM1","DL","","2022","10","","0","ST","0","0","0","0","0","0","0","0","0","0","0","00000000","20221024","Kassel","0DD300046M","XZM1","2026-07-17 06:05:41.813636 UTC"
"0DD300046P|1400|XNM3","2026-07-17 02:17:32.995343 UTC","L","2026-07-17 02:17:32.995343 UTC","0DD300046P","1400","XNM3","DL","","2024","04","","0","ST","0","0","0","0","0","0","0","0","0","0","0","00000000","20230216","Kassel","0DD300046P","XNM3","2026-07-17 06:05:41.813636 UTC"
"0DD300048B|1400|BN03","2026-07-17 02:17:43.125366 UTC","L","2026-07-17 02:17:43.125366 UTC","0DD300048B","1400","BN03","DL","","2025","07","","0","ST","0","0","0","0","0","0","0","0","0","0","0","00000000","20250715","Kassel","0DD300048B","BN03","2026-07-17 06:05:41.813636 UTC"
"0DD300048H|1400|D0M1","2026-07-17 02:17:43.125366 UTC","L","2026-07-17 02:17:43.125366 UTC","0DD300048H","1400","D0M1","DL","","2026","02","","0","ST","0","0","0","0","0","0","0","0","0","0","0","00000000","20260206","Kassel","0DD300048H","D0M1","2026-07-17 06:05:41.813636 UTC"
"0DD300048J|1400|D0M1","2026-07-17 02:17:53.120606 UTC","L","2026-07-17 02:17:53.120606 UTC","0DD300048J","1400","D0M1","DL","","2026","07","","0","ST","0","0","0","0","0","0","0","0","0","0","0","00000000","20260505","Kassel","0DD300048J","D0M1","2026-07-17 06:05:41.813636 UTC"
"0DD311159B ANG|1400|BN03","2026-07-17 02:17:53.120606 UTC","L","2026-07-17 02:17:53.120606 UTC","0DD311159B ANG","1400","BN03","DL","","2026","06","","1192","ST","0","0","0","0","0","0","0","0","0","0","0","00000000","20260615","Kassel","0DD311159B ANG","BN03","2026-07-17 06:05:41.813636 UTC"
"0DD311159B ANG|1400|FAM5","2026-07-17 02:17:53.120606 UTC","L","2026-07-17 02:17:53.120606 UTC","0DD311159B ANG","1400","FAM5","DL","","2025","05","","0","ST","0","0","0","0","0","0","0","0","0","0","0","00000000","20250508","Kassel","0DD311159B ANG","FAM5","2026-07-17 06:05:41.813636 UTC"
"0DD300046T|1400|XZM1","2026-07-17 02:17:32.995343 UTC","L","2026-07-17 02:17:32.995343 UTC","0DD300046T","1400","XZM1","DL","","2022","10","","0","ST","0","0","0","0","0","0","0","0","0","0","0","00000000","20221024","Kassel","0DD300046T","XZM1","2026-07-17 06:05:41.813636 UTC"
"0DD300047G|1400|XNM3","2026-07-17 02:17:32.995343 UTC","L","2026-07-17 02:17:32.995343 UTC","0DD300047G","1400","XNM3","DL","","2024","04","","0","ST","0","0","0","0","0","0","0","0","0","0","0","00000000","20230921","Kassel","0DD300047G","XNM3","2026-07-17 06:05:41.813636 UTC"
"0DD300047N|1400|XN12","2026-07-17 02:17:22.915108 UTC","L","2026-07-17 02:17:22.915108 UTC","0DD300047N","1400","XN12","DL","","2025","06","","0","ST","0","0","0","0","0","0","0","0","0","0","0","00000000","20241031","Kassel","0DD300047N","XN12","2026-07-17 06:05:41.813636 UTC"
"0DD300048A|1400|F6M1","2026-07-17 02:17:53.120606 UTC","L","2026-07-17 02:17:53.120606 UTC","0DD300048A","1400","F6M1","DL","","2025","03","","0","ST","0","0","0","0","0","0","0","0","0","0","0","00000000","20250324","Kassel","0DD300048A","F6M1","2026-07-17 06:05:41.813636 UTC"
"0DD300048D|1400|D0M1","2026-07-17 02:17:43.125366 UTC","L","2026-07-17 02:17:43.125366 UTC","0DD300048D","1400","D0M1","DL","","2026","01","","0","ST","0","0","0","0","0","0","0","0","0","0","0","00000000","20250623","Kassel","0DD300048D","D0M1","2026-07-17 06:05:41.813636 UTC"
"0DD300048E|1400|XNM1","2026-07-17 02:17:43.125366 UTC","L","2026-07-17 02:17:43.125366 UTC","0DD300048E","1400","XNM1","DL","","2025","09","","0","ST","0","0","0","0","0","0","0","0","0","0","0","00000000","20250909","Kassel","0DD300048E","XNM1","2026-07-17 06:05:41.813636 UTC"
"0DD311158D|1400|XNM2","2026-07-17 02:17:32.995343 UTC","L","2026-07-17 02:17:32.995343 UTC","0DD311158D","1400","XNM2","DL","","2022","10","","0","ST","0","0","0","0","0","0","0","0","0","0","0","00000000","20221024","Kassel","0DD311158D","XNM2","2026-07-17 06:05:41.813636 UTC"
"0DD300040E|1400|F1M1","2026-07-17 02:17:32.995343 UTC","L","2026-07-17 02:17:32.995343 UTC","0DD300040E","1400","F1M1","DL","","2023","02","","0","ST","0","0","0","0","0","0","0","0","0","0","0","00000000","20230216","Kassel","0DD300040E","F1M1","2026-07-17 06:05:41.813636 UTC"
"0DD300046G|1400|XZM1","2026-07-17 02:17:32.995343 UTC","L","2026-07-17 02:17:32.995343 UTC","0DD300046G","1400","XZM1","DL","","2022","10","","0","ST","0","0","0","0","0","0","0","0","0","0","0","00000000","20221024","Kassel","0DD300046G","XZM1","2026-07-17 06:05:41.813636 UTC"
"0DD300046L|1400|F1M1","2026-07-17 02:17:32.995343 UTC","L","2026-07-17 02:17:32.995343 UTC","0DD300046L","1400","F1M1","DL","","2023","02","","0","ST","0","0","0","0","0","0","0","0","0","0","0","00000000","20230216","Kassel","0DD300046L","F1M1","2026-07-17 06:05:41.813636 UTC"
"0DD300046T|1400|XN12","2026-07-17 02:17:43.125366 UTC","L","2026-07-17 02:17:43.125366 UTC","0DD300046T","1400","XN12","DL","","2026","05","","2","ST","0","0","0","0","0","0","0","0","0","0","0","00000000","20240430","Kassel","0DD300046T","XN12","2026-07-17 06:05:41.813636 UTC"
"0DD300047F|1400|XN12","2026-07-17 02:17:43.125366 UTC","L","2026-07-17 02:17:43.125366 UTC","0DD300047F","1400","XN12","DL","","2026","05","","1","ST","0","0","0","0","0","0","0","0","0","0","0","00000000","20260203","Kassel","0DD300047F","XN12","2026-07-17 06:05:41.813636 UTC"
"0DD300040C|1400|W0M6","2026-07-17 02:17:32.995343 UTC","L","2026-07-17 02:17:32.995343 UTC","0DD300040C","1400","W0M6","DL","","2023","02","","0","ST","0","0","0","0","0","0","0","0","0","0","0","00000000","20230216","Kassel","0DD300040C","W0M6","2026-07-17 06:05:41.813636 UTC"
"0DD300040C|1400|XZM1","2026-07-17 02:17:32.995343 UTC","L","2026-07-17 02:17:32.995343 UTC","0DD300040C","1400","XZM1","DL","","2022","10","","0","ST","0","0","0","0","0","0","0","0","0","0","0","00000000","20221024","Kassel","0DD300040C","XZM1","2026-07-17 06:05:41.813636 UTC"
"0DD300046H|1400|BN03","2026-07-17 02:17:43.125366 UTC","L","2026-07-17 02:17:43.125366 UTC","0DD300046H","1400","BN03","DL","","2025","05","","0","ST","0","0","0","0","0","0","0","0","0","0","0","00000000","20240123","Kassel","0DD300046H","BN03","2026-07-17 06:05:41.813636 UTC"
"0DD300047L|1400|XN12","2026-07-17 02:17:43.125366 UTC","L","2026-07-17 02:17:43.125366 UTC","0DD300047L","1400","XN12","DL","","2024","10","","0","ST","0","0","0","0","0","0","0","0","0","0","0","00000000","20240430","Kassel","0DD300047L","XN12","2026-07-17 06:05:41.813636 UTC"
"0DD300047R|1400|D0M1","2026-07-17 02:17:12.966977 UTC","L","2026-07-17 02:17:12.966977 UTC","0DD300047R","1400","D0M1","DL","","2024","05","","0","ST","0","0","0","0","0","0","0","0","0","0","0","00000000","20240515","Kassel","0DD300047R","D0M1","2026-07-17 06:05:41.813636 UTC"
"0DD300047S|1400|XNQA","2026-07-17 02:17:43.125366 UTC","L","2026-07-17 02:17:43.125366 UTC","0DD300047S","1400","XNQA","DL","","2025","10","","1","ST","0","0","0","0","0","0","0","0","0","0","0","00000000","20251026","Kassel","0DD300047S","XNQA","2026-07-17 06:05:41.813636 UTC"
"0DD300048J|1400|XDM1","2026-07-17 02:17:53.120606 UTC","L","2026-07-17 02:17:53.120606 UTC","0DD300048J","1400","XDM1","DL","","2026","05","","0","ST","0","0","0","0","0","0","0","0","0","0","0","00000000","20260505","Kassel","0DD300048J","XDM1","2026-07-17 06:05:41.813636 UTC"
"0DD300048|1400|XZM1","2026-07-17 02:17:22.915108 UTC","L","2026-07-17 02:17:22.915108 UTC","0DD300048","1400","XZM1","DL","","2024","07","","0","ST","0","0","0","0","0","0","0","0","0","0","0","00000000","20240703","Kassel","0DD300048","XZM1","2026-07-17 06:05:41.813636 UTC"
"0DD311159B    DRA|1400|FAM1","2026-07-17 02:17:22.915108 UTC","L","2026-07-17 02:17:22.915108 UTC","0DD311159B    DRA","1400","FAM1","DL","","2024","09","","0","ST","0","0","0","0","0","0","0","0","0","0","0","00000000","20240916","Kassel","0DD311159B    DRA","FAM1","2026-07-17 06:05:41.813636 UTC"
"0DD311159C    DRA|1400|XZM1","2026-07-17 02:17:32.995343 UTC","L","2026-07-17 02:17:32.995343 UTC","0DD311159C    DRA","1400","XZM1","DL","","2022","10","","0","ST","0","0","0","0","0","0","0","0","0","0","0","00000000","20221024","Kassel","0DD311159C    DRA","XZM1","2026-07-17 06:05:41.813636 UTC"
"0DD300046C|1400|FBM1","2026-07-17 02:17:32.995343 UTC","L","2026-07-17 02:17:32.995343 UTC","0DD300046C","1400","FBM1","DL","","2023","02","","0","ST","0","0","0","0","0","0","0","0","0","0","0","00000000","20230216","Kassel","0DD300046C","FBM1","2026-07-17 06:05:41.813636 UTC"
"0DD300046G|1400|XN12","2026-07-17 02:17:43.125366 UTC","L","2026-07-17 02:17:43.125366 UTC","0DD300046G","1400","XN12","DL","","2026","06","","4","ST","0","0","0","0","0","0","0","0","0","0","0","00000000","20240613","Kassel","0DD300046G","XN12","2026-07-17 06:05:41.813636 UTC"
"0DD300046J|1400|BN03","2026-07-17 02:17:22.915108 UTC","L","2026-07-17 02:17:22.915108 UTC","0DD300046J","1400","BN03","DL","","2025","07","","0","ST","0","0","0","0","0","0","0","0","0","0","0","00000000","20240123","Kassel","0DD300046J","BN03","2026-07-17 06:05:41.813636 UTC"
"0DD300046L|1400|S1M1","2026-07-17 02:17:32.995343 UTC","L","2026-07-17 02:17:32.995343 UTC","0DD300046L","1400","S1M1","DL","","2026","04","","0","ST","0","0","0","0","0","0","0","0","0","0","0","00000000","20230216","Kassel","0DD300046L","S1M1","2026-07-17 06:05:41.813636 UTC"
"0DD300047D|1400|F759","2026-07-17 02:17:22.915108 UTC","L","2026-07-17 02:17:22.915108 UTC","0DD300047D","1400","F759","DL","","2025","05","","0","ST","0","0","0","0","0","0","0","0","0","0","0","00000000","20241021","Kassel","0DD300047D","F759","2026-07-17 06:05:41.813636 UTC"
"0DD311158D|1400|S6M1","2026-07-17 02:17:32.995343 UTC","L","2026-07-17 02:17:32.995343 UTC","0DD311158D","1400","S6M1","DL","","2023","02","","0","ST","0","0","0","0","0","0","0","0","0","0","0","00000000","20230216","Kassel","0DD311158D","S6M1","2026-07-17 06:05:41.813636 UTC"
"0DD311159C    DRA|1400|D0M1","2026-07-17 02:17:32.995343 UTC","L","2026-07-17 02:17:32.995343 UTC","0DD311159C    DRA","1400","D0M1","DL","","2022","10","","0","ST","0","0","0","0","0","0","0","0","0","0","0","00000000","20221024","Kassel","0DD311159C    DRA","D0M1","2026-07-17 06:05:41.813636 UTC"
"0DD300040C|1400|FBM1","2026-07-17 02:17:32.995343 UTC","L","2026-07-17 02:17:32.995343 UTC","0DD300040C","1400","FBM1","DL","","2023","02","","0","ST","0","0","0","0","0","0","0","0","0","0","0","00000000","20230216","Kassel","0DD300040C","FBM1","2026-07-17 06:05:41.813636 UTC"
"0DD300040D|1400|BN03","2026-07-17 02:17:43.125366 UTC","L","2026-07-17 02:17:43.125366 UTC","0DD300040D","1400","BN03","DL","","2025","07","","0","ST","0","0","0","0","0","0","0","0","0","0","0","00000000","20250716","Kassel","0DD300040D","BN03","2026-07-17 06:05:41.813636 UTC"
"0DD300046S|1400|XZM1","2026-07-17 02:17:32.995343 UTC","L","2026-07-17 02:17:32.995343 UTC","0DD300046S","1400","XZM1","DL","","2022","10","","0","ST","0","0","0","0","0","0","0","0","0","0","0","00000000","20221024","Kassel","0DD300046S","XZM1","2026-07-17 06:05:41.813636 UTC"
"0DD300047A|1400|F6M1","2026-07-17 02:17:53.120606 UTC","L","2026-07-17 02:17:53.120606 UTC","0DD300047A","1400","F6M1","DL","","2023","03","","0","ST","0","0","0","0","0","0","0","0","0","0","0","00000000","20230315","Kassel","0DD300047A","F6M1","2026-07-17 06:05:41.813636 UTC"
"0DD300048B|1400|S6M1","2026-07-17 02:17:53.120606 UTC","L","2026-07-17 02:17:53.120606 UTC","0DD300048B","1400","S6M1","DL","","2025","03","","0","ST","0","0","0","0","0","0","0","0","0","0","0","00000000","20250324","Kassel","0DD300048B","S6M1","2026-07-17 06:05:41.813636 UTC"
"0DD300048D|1400|F759","2026-07-17 02:17:53.120606 UTC","L","2026-07-17 02:17:53.120606 UTC","0DD300048D","1400","F759","DL","","2026","01","","0","ST","0","0","0","0","0","0","0","0","0","0","0","00000000","20250630","Kassel","0DD300048D","F759","2026-07-17 06:05:41.813636 UTC"
"0DD311159B ANG|1400|D0M1","2026-07-17 02:17:32.995343 UTC","L","2026-07-17 02:17:32.995343 UTC","0DD311159B ANG","1400","D0M1","DL","","2022","11","","0","ST","0","0","0","0","0","0","0","0","0","0","0","00000000","20221103","Kassel","0DD311159B ANG","D0M1","2026-07-17 06:05:41.813636 UTC"
"0DD311159C    DRA|1400|WAM1","2026-07-17 02:17:32.995343 UTC","L","2026-07-17 02:17:32.995343 UTC","0DD311159C    DRA","1400","WAM1","DL","","2022","12","","0","ST","0","0","0","0","0","0","0","0","0","0","0","00000000","20221221","Kassel","0DD311159C    DRA","WAM1","2026-07-17 06:05:41.813636 UTC"
"0DD300040D|1400|W0M6","2026-07-17 02:17:32.995343 UTC","L","2026-07-17 02:17:32.995343 UTC","0DD300040D","1400","W0M6","DL","","2023","02","","0","ST","0","0","0","0","0","0","0","0","0","0","0","00000000","20230216","Kassel","0DD300040D","W0M6","2026-07-17 06:05:41.813636 UTC"
"0DD300046H|1400|F6M1","2026-07-17 02:17:32.995343 UTC","L","2026-07-17 02:17:32.995343 UTC","0DD300046H","1400","F6M1","DL","","2024","04","","0","ST","0","0","0","0","0","0","0","0","0","0","0","00000000","20230216","Kassel","0DD300046H","F6M1","2026-07-17 06:05:41.813636 UTC"
"0DD300046L|1400|XDM1","2026-07-17 02:17:32.995343 UTC","L","2026-07-17 02:17:32.995343 UTC","0DD300046L","1400","XDM1","DL","","2023","10","","0","ST","0","0","0","0","0","0","0","0","0","0","0","00000000","20221024","Kassel","0DD300046L","XDM1","2026-07-17 06:05:41.813636 UTC"
"0DD300046P|1400|S4M1","2026-07-17 02:17:32.995343 UTC","L","2026-07-17 02:17:32.995343 UTC","0DD300046P","1400","S4M1","DL","","2023","02","","0","ST","0","0","0","0","0","0","0","0","0","0","0","00000000","20230216","Kassel","0DD300046P","S4M1","2026-07-17 06:05:41.813636 UTC"
"0DD300046S|1400|D0M1","2026-07-17 02:17:43.125366 UTC","L","2026-07-17 02:17:43.125366 UTC","0DD300046S","1400","D0M1","DL","","2026","07","","0","ST","0","0","0","0","0","0","0","0","0","0","0","00000000","20221024","Kassel","0DD300046S","D0M1","2026-07-17 06:05:41.813636 UTC"
"0DD300047M|1400|XN12","2026-07-17 02:17:22.915108 UTC","L","2026-07-17 02:17:22.915108 UTC","0DD300047M","1400","XN12","DL","","2024","06","","0","ST","0","0","0","0","0","0","0","0","0","0","0","00000000","20240614","Kassel","0DD300047M","XN12","2026-07-17 06:05:41.813636 UTC"
"0DD300048H|1400|XDM1","2026-07-17 02:17:43.125366 UTC","L","2026-07-17 02:17:43.125366 UTC","0DD300048H","1400","XDM1","DL","","2026","02","","0","ST","0","0","0","0","0","0","0","0","0","0","0","00000000","20260206","Kassel","0DD300048H","XDM1","2026-07-17 06:05:41.813636 UTC"
"0DD311159B|1400|W0M6","2026-07-17 02:17:32.995343 UTC","L","2026-07-17 02:17:32.995343 UTC","0DD311159B","1400","W0M6","DL","","2023","02","","0","ST","0","0","0","0","0","0","0","0","0","0","0","00000000","20230216","Kassel","0DD311159B","W0M6","2026-07-17 06:05:41.813636 UTC"
"0DD311159D|1400|D0M1","2026-07-17 02:17:32.995343 UTC","L","2026-07-17 02:17:32.995343 UTC","0DD311159D","1400","D0M1","DL","","2022","10","","0","ST","0","0","0","0","0","0","0","0","0","0","0","00000000","20221024","Kassel","0DD311159D","D0M1","2026-07-17 06:05:41.813636 UTC"
"0DD300046K|1400|S4M1","2026-07-17 02:17:32.995343 UTC","L","2026-07-17 02:17:32.995343 UTC","0DD300046K","1400","S4M1","DL","","2023","02","","0","ST","0","0","0","0","0","0","0","0","0","0","0","00000000","20230216","Kassel","0DD300046K","S4M1","2026-07-17 06:05:41.813636 UTC"
"0DD300047A|1400|D0M1","2026-07-17 02:17:43.125366 UTC","L","2026-07-17 02:17:43.125366 UTC","0DD300047A","1400","D0M1","DL","","2022","12","","0","ST","0","0","0","0","0","0","0","0","0","0","0","00000000","20221219","Kassel","0DD300047A","D0M1","2026-07-17 06:05:41.813636 UTC"
"0DD300048C|1400|XNTS","2026-07-17 02:17:53.120606 UTC","L","2026-07-17 02:17:53.120606 UTC","0DD300048C","1400","XNTS","DL","","2026","07","","0","ST","0","0","0","0","0","0","0","0","0","0","0","00000000","20260629","Kassel","0DD300048C","XNTS","2026-07-17 06:05:41.813636 UTC"
"0DD300048J|1400|F773","2026-07-17 02:17:53.120606 UTC","L","2026-07-17 02:17:53.120606 UTC","0DD300048J","1400","F773","DL","","2026","05","","0","ST","0","0","0","0","0","0","0","0","0","0","0","00000000","20260511","Kassel","0DD300048J","F773","2026-07-17 06:05:41.813636 UTC"
"0DD300048|1400|S6M1","2026-07-17 02:17:22.915108 UTC","L","2026-07-17 02:17:22.915108 UTC","0DD300048","1400","S6M1","DL","","2024","08","","0","ST","0","0","0","0","0","0","0","0","0","0","0","00000000","20240805","Kassel","0DD300048","S6M1","2026-07-17 06:05:41.813636 UTC"
"0DD311158B|1400|BN03","2026-07-17 02:17:43.125366 UTC","L","2026-07-17 02:17:43.125366 UTC","0DD311158B","1400","BN03","DL","","2026","04","","0","ST","0","0","0","0","0","0","0","0","0","0","0","20250901","20240821","Kassel","0DD311158B","BN03","2026-07-17 06:05:41.813636 UTC"
"0DD311158C|1400|F4M1","2026-07-17 02:17:32.995343 UTC","L","2026-07-17 02:17:32.995343 UTC","0DD311158C","1400","F4M1","DL","","2023","02","","0","ST","0","0","0","0","0","0","0","0","0","0","0","00000000","20230216","Kassel","0DD311158C","F4M1","2026-07-17 06:05:41.813636 UTC"
"0DD311159B       0340|1400|F6M1","2026-07-17 02:17:43.125366 UTC","L","2026-07-17 02:17:43.125366 UTC","0DD311159B       0340","1400","F6M1","DL","","2024","10","","0","ST","0","0","0","0","0","0","0","0","0","0","0","00000000","20240404","Kassel","0DD311159B       0340","F6M1","2026-07-17 06:05:41.813636 UTC"
"0DD300046C|1400|D0M1","2026-07-17 02:17:32.995343 UTC","L","2026-07-17 02:17:32.995343 UTC","0DD300046C","1400","D0M1","DL","","2025","12","","0","ST","0","0","0","0","0","0","0","0","0","0","0","00000000","20221024","Kassel","0DD300046C","D0M1","2026-07-17 06:05:41.813636 UTC"
"0DD300046G|1400|XNM2","2026-07-17 02:17:32.995343 UTC","L","2026-07-17 02:17:32.995343 UTC","0DD300046G","1400","XNM2","DL","","2022","10","","0","ST","0","0","0","0","0","0","0","0","0","0","0","00000000","20221024","Kassel","0DD300046G","XNM2","2026-07-17 06:05:41.813636 UTC"
"0DD300046J|1400|S1M1","2026-07-17 02:17:32.995343 UTC","L","2026-07-17 02:17:32.995343 UTC","0DD300046J","1400","S1M1","DL","","2026","07","","26","ST","0","0","0","0","0","0","0","0","0","0","0","00000000","20230216","Kassel","0DD300046J","S1M1","2026-07-17 06:05:41.813636 UTC"
"0DD300046K|1400|S1M1","2026-07-17 02:17:32.995343 UTC","L","2026-07-17 02:17:32.995343 UTC","0DD300046K","1400","S1M1","DL","","2026","07","","12","ST","0","0","0","0","0","0","0","0","0","0","0","00000000","20230216","Kassel","0DD300046K","S1M1","2026-07-17 06:05:41.813636 UTC"
"0DD300046L|1400|F6M1","2026-07-17 02:17:32.995343 UTC","L","2026-07-17 02:17:32.995343 UTC","0DD300046L","1400","F6M1","DL","","2024","04","","0","ST","0","0","0","0","0","0","0","0","0","0","0","00000000","20230216","Kassel","0DD300046L","F6M1","2026-07-17 06:05:41.813636 UTC"
"0DD300046Q|1400|XZM1","2026-07-17 02:17:53.120606 UTC","L","2026-07-17 02:17:53.120606 UTC","0DD300046Q","1400","XZM1","DL","","2023","02","","0","ST","0","0","0","0","0","0","0","0","0","0","0","00000000","20230215","Kassel","0DD300046Q","XZM1","2026-07-17 06:05:41.813636 UTC"
"0DD300046T|1400|F4M1","2026-07-17 02:17:32.995343 UTC","L","2026-07-17 02:17:32.995343 UTC","0DD300046T","1400","F4M1","DL","","2023","02","","0","ST","0","0","0","0","0","0","0","0","0","0","0","00000000","20230216","Kassel","0DD300046T","F4M1","2026-07-17 06:05:41.813636 UTC"
"0DD300048A|1400|XNQA","2026-07-17 02:17:43.125366 UTC","L","2026-07-17 02:17:43.125366 UTC","0DD300048A","1400","XNQA","DL","","2026","07","","2","ST","0","0","0","0","0","0","0","0","0","0","0","00000000","20260219","Kassel","0DD300048A","XNQA","2026-07-17 06:05:41.813636 UTC"
"0DD300048E|1400|XN12","2026-07-17 02:17:53.120606 UTC","L","2026-07-17 02:17:53.120606 UTC","0DD300048E","1400","XN12","DL","","2026","07","","2","ST","0","0","0","0","0","0","0","0","0","0","0","00000000","20250917","Kassel","0DD300048E","XN12","2026-07-17 06:05:41.813636 UTC"
"0DD311158D|1400|F1M1","2026-07-17 02:17:32.995343 UTC","L","2026-07-17 02:17:32.995343 UTC","0DD311158D","1400","F1M1","DL","","2023","02","","0","ST","0","0","0","0","0","0","0","0","0","0","0","00000000","20230216","Kassel","0DD311158D","F1M1","2026-07-17 06:05:41.813636 UTC"
"0DD311159B|1400|XDM1","2026-07-17 02:17:32.995343 UTC","L","2026-07-17 02:17:32.995343 UTC","0DD311159B","1400","XDM1","DL","","2022","10","","0","ST","0","0","0","0","0","0","0","0","0","0","0","00000000","20221024","Kassel","0DD311159B","XDM1","2026-07-17 06:05:41.813636 UTC"
"0DD300046H|1400|F1M1","2026-07-17 02:17:32.995343 UTC","L","2026-07-17 02:17:32.995343 UTC","0DD300046H","1400","F1M1","DL","","2023","02","","0","ST","0","0","0","0","0","0","0","0","0","0","0","00000000","20230216","Kassel","0DD300046H","F1M1","2026-07-17 06:05:41.813636 UTC"
"0DD300047Q|1400|F759","2026-07-17 02:17:43.125366 UTC","L","2026-07-17 02:17:43.125366 UTC","0DD300047Q","1400","F759","DL","","2025","07","","0","ST","0","0","0","0","0","0","0","0","0","0","0","00000000","20240524","Kassel","0DD300047Q","F759","2026-07-17 06:05:41.813636 UTC"
"0DD300048|1400|F759","2026-07-17 02:17:43.125366 UTC","L","2026-07-17 02:17:43.125366 UTC","0DD300048","1400","F759","DL","","2026","07","","4","ST","0","0","0","0","0","0","0","0","0","0","0","00000000","20240731","Kassel","0DD300048","F759","2026-07-17 06:05:41.813636 UTC"
"0DD311159C    DRA|1400|F6M1","2026-07-17 02:17:32.995343 UTC","L","2026-07-17 02:17:32.995343 UTC","0DD311159C    DRA","1400","F6M1","DL","","2022","12","","0","ST","0","0","0","0","0","0","0","0","0","0","0","00000000","20221221","Kassel","0DD311159C    DRA","F6M1","2026-07-17 06:05:41.813636 UTC"
"0DD311159D|1400|XNM1","2026-07-17 02:17:32.995343 UTC","L","2026-07-17 02:17:32.995343 UTC","0DD311159D","1400","XNM1","DL","","2022","10","","0","ST","0","0","0","0","0","0","0","0","0","0","0","00000000","20221024","Kassel","0DD311159D","XNM1","2026-07-17 06:05:41.813636 UTC"
"0DD300046C|1400|XNM3","2026-07-17 02:17:32.995343 UTC","L","2026-07-17 02:17:32.995343 UTC","0DD300046C","1400","XNM3","DL","","2024","04","","0","ST","0","0","0","0","0","0","0","0","0","0","0","00000000","20230216","Kassel","0DD300046C","XNM3","2026-07-17 06:05:41.813636 UTC"
"0DD300046E|1400|D0M1","2026-07-17 02:17:32.995343 UTC","L","2026-07-17 02:17:32.995343 UTC","0DD300046E","1400","D0M1","DL","","2026","03","","0","ST","0","0","0","0","0","0","0","0","0","0","0","00000000","20221024","Kassel","0DD300046E","D0M1","2026-07-17 06:05:41.813636 UTC"
"0DD300046K MBZ|1400|W0M2","2026-07-17 02:17:43.125366 UTC","L","2026-07-17 02:17:43.125366 UTC","0DD300046K MBZ","1400","W0M2","DL","","2023","05","","0","ST","0","0","0","0","0","0","0","0","0","0","0","00000000","20230531","Kassel","0DD300046K MBZ","W0M2","2026-07-17 06:05:41.813636 UTC"
"0DD300046T|1400|F6M1","2026-07-17 02:17:32.995343 UTC","L","2026-07-17 02:17:32.995343 UTC","0DD300046T","1400","F6M1","DL","","2024","04","","0","ST","0","0","0","0","0","0","0","0","0","0","0","00000000","20230216","Kassel","0DD300046T","F6M1","2026-07-17 06:05:41.813636 UTC"
"0DD300047E|1400|XNM1","2026-07-17 02:17:32.995343 UTC","L","2026-07-17 02:17:32.995343 UTC","0DD300047E","1400","XNM1","DL","","2024","08","","0","ST","0","0","0","0","0","0","0","0","0","0","0","00000000","20240820","Kassel","0DD300047E","XNM1","2026-07-17 06:05:41.813636 UTC"
"0DD300047Q|1400|S1M1","2026-07-17 02:17:22.915108 UTC","L","2026-07-17 02:17:22.915108 UTC","0DD300047Q","1400","S1M1","DL","","2026","05","","0","ST","0","0","0","0","0","0","0","0","0","0","0","00000000","20240524","Kassel","0DD300047Q","S1M1","2026-07-17 06:05:41.813636 UTC"
"0DD300048F|1400|S1M1","2026-07-17 02:17:53.120606 UTC","L","2026-07-17 02:17:53.120606 UTC","0DD300048F","1400","S1M1","DL","","2026","07","","0","ST","0","0","0","0","0","0","0","0","0","0","0","00000000","20260630","Kassel","0DD300048F","S1M1","2026-07-17 06:05:41.813636 UTC"
"0DD300048G|1400|S3M1","2026-07-17 02:17:43.125366 UTC","L","2026-07-17 02:17:43.125366 UTC","0DD300048G","1400","S3M1","DL","","2025","12","","0","ST","0","0","0","0","0","0","0","0","0","0","0","00000000","20251212","Kassel","0DD300048G","S3M1","2026-07-17 06:05:41.813636 UTC"
"0DD300048H|1400|XNM3","2026-07-17 02:17:43.125366 UTC","L","2026-07-17 02:17:43.125366 UTC","0DD300048H","1400","XNM3","DL","","2026","02","","0","ST","0","0","0","0","0","0","0","0","0","0","0","00000000","20260206","Kassel","0DD300048H","XNM3","2026-07-17 06:05:41.813636 UTC"
"0DD311159B ANG|1400|FAM6","2026-07-17 02:17:53.120606 UTC","L","2026-07-17 02:17:53.120606 UTC","0DD311159B ANG","1400","FAM6","DL","","2025","05","","0","ST","0","0","0","0","0","0","0","0","0","0","0","00000000","20250508","Kassel","0DD311159B ANG","FAM6","2026-07-17 06:05:41.813636 UTC"
"0DD311159C|1400|D0M1","2026-07-17 02:17:32.995343 UTC","L","2026-07-17 02:17:32.995343 UTC","0DD311159C","1400","D0M1","DL","","2022","10","","0","ST","0","0","0","0","0","0","0","0","0","0","0","00000000","20221024","Kassel","0DD311159C","D0M1","2026-07-17 06:05:41.813636 UTC"
"0DD300046G|1400|S0M6","2026-07-17 02:17:32.995343 UTC","L","2026-07-17 02:17:32.995343 UTC","0DD300046G","1400","S0M6","DL","","2023","02","","0","ST","0","0","0","0","0","0","0","0","0","0","0","00000000","20230216","Kassel","0DD300046G","S0M6","2026-07-17 06:05:41.813636 UTC"
"0DD300046G|1400|W0M6","2026-07-17 02:17:32.995343 UTC","L","2026-07-17 02:17:32.995343 UTC","0DD300046G","1400","W0M6","DL","","2023","02","","0","ST","0","0","0","0","0","0","0","0","0","0","0","00000000","20230216","Kassel","0DD300046G","W0M6","2026-07-17 06:05:41.813636 UTC"
"0DD300046H|1400|XN12","2026-07-17 02:17:43.125366 UTC","L","2026-07-17 02:17:43.125366 UTC","0DD300046H","1400","XN12","DL","","2025","07","","0","ST","0","0","0","0","0","0","0","0","0","0","0","00000000","20240430","Kassel","0DD300046H","XN12","2026-07-17 06:05:41.813636 UTC"
"0DD300046K|1400|BN03","2026-07-17 02:17:43.125366 UTC","L","2026-07-17 02:17:43.125366 UTC","0DD300046K","1400","BN03","DL","","2025","07","","0","ST","0","0","0","0","0","0","0","0","0","0","0","00000000","20240123","Kassel","0DD300046K","BN03","2026-07-17 06:05:41.813636 UTC"
"0DD300046K|1400|S0M2","2026-07-17 02:17:43.125366 UTC","L","2026-07-17 02:17:43.125366 UTC","0DD300046K","1400","S0M2","DL","","2024","03","","0","ST","0","0","0","0","0","0","0","0","0","0","0","00000000","20230824","Kassel","0DD300046K","S0M2","2026-07-17 06:05:41.813636 UTC"
"0DD300046S|1400|XNM2","2026-07-17 02:17:32.995343 UTC","L","2026-07-17 02:17:32.995343 UTC","0DD300046S","1400","XNM2","DL","","2023","08","","0","ST","0","0","0","0","0","0","0","0","0","0","0","00000000","20221024","Kassel","0DD300046S","XNM2","2026-07-17 06:05:41.813636 UTC"
"0DD300047B|1400|F6M1","2026-07-17 02:17:53.120606 UTC","L","2026-07-17 02:17:53.120606 UTC","0DD300047B","1400","F6M1","DL","","2023","03","","0","ST","0","0","0","0","0","0","0","0","0","0","0","00000000","20230315","Kassel","0DD300047B","F6M1","2026-07-17 06:05:41.813636 UTC"
"0DD300047G|1400|F6M1","2026-07-17 02:17:56.573889 UTC","L","2026-07-17 02:17:56.573889 UTC","0DD300047G","1400","F6M1","DL","","2024","04","","0","ST","0","0","0","0","0","0","0","0","0","0","0","00000000","20231115","Kassel","0DD300047G","F6M1","2026-07-17 06:05:41.813636 UTC"
"0DD300047G|1400|XNM2","2026-07-17 02:17:32.995343 UTC","L","2026-07-17 02:17:32.995343 UTC","0DD300047G","1400","XNM2","DL","","2023","09","","0","ST","0","0","0","0","0","0","0","0","0","0","0","00000000","20230921","Kassel","0DD300047G","XNM2","2026-07-17 06:05:41.813636 UTC"
"0DD300047K|1400|BN03","2026-07-17 02:17:43.125366 UTC","L","2026-07-17 02:17:43.125366 UTC","0DD300047K","1400","BN03","DL","","2025","07","","0","ST","0","0","0","0","0","0","0","0","0","0","0","20240912","20240819","Kassel","0DD300047K","BN03","2026-07-17 06:05:41.813636 UTC"
"0DD300048C|1400|XZM1","2026-07-17 02:17:53.120606 UTC","L","2026-07-17 02:17:53.120606 UTC","0DD300048C","1400","XZM1","DL","","2025","03","","0","ST","0","0","0","0","0","0","0","0","0","0","0","00000000","20250314","Kassel","0DD300048C","XZM1","2026-07-17 06:05:41.813636 UTC"
"0DD311158C|1400|S4M1","2026-07-17 02:17:32.995343 UTC","L","2026-07-17 02:17:32.995343 UTC","0DD311158C","1400","S4M1","DL","","2023","02","","0","ST","0","0","0","0","0","0","0","0","0","0","0","00000000","20230216","Kassel","0DD311158C","S4M1","2026-07-17 06:05:41.813636 UTC"
"0DD311159B       0340|1400|S0M6","2026-07-17 02:17:22.915108 UTC","L","2026-07-17 02:17:22.915108 UTC","0DD311159B       0340","1400","S0M6","DL","","2024","04","","0","ST","0","0","0","0","0","0","0","0","0","0","0","00000000","20240404","Kassel","0DD311159B       0340","S0M6","2026-07-17 06:05:41.813636 UTC"
"0DD311159B    DRA|1400|F6M1","2026-07-17 02:17:32.995343 UTC","L","2026-07-17 02:17:32.995343 UTC","0DD311159B    DRA","1400","F6M1","DL","","2022","12","","0","ST","0","0","0","0","0","0","0","0","0","0","0","00000000","20221221","Kassel","0DD311159B    DRA","F6M1","2026-07-17 06:05:41.813636 UTC"
"0DD311159B ANG|1400|W0M1","2026-07-17 02:17:53.120606 UTC","L","2026-07-17 02:17:53.120606 UTC","0DD311159B ANG","1400","W0M1","DL","","2026","07","","0","ST","0","0","0","0","0","0","0","0","0","0","0","00000000","20230314","Kassel","0DD311159B ANG","W0M1","2026-07-17 06:05:41.813636 UTC"
"0DD311159B|1400|XZM1","2026-07-17 02:17:32.995343 UTC","L","2026-07-17 02:17:32.995343 UTC","0DD311159B","1400","XZM1","DL","","2022","10","","0","ST","0","0","0","0","0","0","0","0","0","0","0","00000000","20221024","Kassel","0DD311159B","XZM1","2026-07-17 06:05:41.813636 UTC"
"0DD300046F|1400|S4M1","2026-07-17 02:17:32.995343 UTC","L","2026-07-17 02:17:32.995343 UTC","0DD300046F","1400","S4M1","DL","","2023","02","","0","ST","0","0","0","0","0","0","0","0","0","0","0","00000000","20230216","Kassel","0DD300046F","S4M1","2026-07-17 06:05:41.813636 UTC"
"0DD300046G|1400|F4M1","2026-07-17 02:17:32.995343 UTC","L","2026-07-17 02:17:32.995343 UTC","0DD300046G","1400","F4M1","DL","","2023","02","","0","ST","0","0","0","0","0","0","0","0","0","0","0","00000000","20230216","Kassel","0DD300046G","F4M1","2026-07-17 06:05:41.813636 UTC"
"0DD300046G|1400|XDM1","2026-07-17 02:17:32.995343 UTC","L","2026-07-17 02:17:32.995343 UTC","0DD300046G","1400","XDM1","DL","","2022","10","","0","ST","0","0","0","0","0","0","0","0","0","0","0","00000000","20221024","Kassel","0DD300046G","XDM1","2026-07-17 06:05:41.813636 UTC"
"0DD300046K|1400|XNM3","2026-07-17 02:17:32.995343 UTC","L","2026-07-17 02:17:32.995343 UTC","0DD300046K","1400","XNM3","DL","","2024","09","","0","ST","0","0","0","0","0","0","0","0","0","0","0","00000000","20230216","Kassel","0DD300046K","XNM3","2026-07-17 06:05:41.813636 UTC"
"0DD300046K|1400|XNQA","2026-07-17 02:17:43.125366 UTC","L","2026-07-17 02:17:43.125366 UTC","0DD300046K","1400","XNQA","DL","","2026","02","","3","ST","0","0","0","0","0","0","0","0","0","0","0","00000000","20260219","Kassel","0DD300046K","XNQA","2026-07-17 06:05:41.813636 UTC"
"0DD300047J|1400|BN03","2026-07-17 02:17:43.125366 UTC","L","2026-07-17 02:17:43.125366 UTC","0DD300047J","1400","BN03","DL","","2025","07","","0","ST","0","0","0","0","0","0","0","0","0","0","0","00000000","20250129","Kassel","0DD300047J","BN03","2026-07-17 06:05:41.813636 UTC"
"0DD300047N|1400|XNM2","2026-07-17 02:17:22.915108 UTC","L","2026-07-17 02:17:22.915108 UTC","0DD300047N","1400","XNM2","DL","","2024","06","","0","ST","0","0","0","0","0","0","0","0","0","0","0","00000000","20240624","Kassel","0DD300047N","XNM2","2026-07-17 06:05:41.813636 UTC"
"0DD300047S|1400|XN12","2026-07-17 02:17:43.125366 UTC","L","2026-07-17 02:17:43.125366 UTC","0DD300047S","1400","XN12","DL","","2026","03","","0","ST","0","0","0","0","0","0","0","0","0","0","0","00000000","20240829","Kassel","0DD300047S","XN12","2026-07-17 06:05:41.813636 UTC"
"0DD300048J|1400|S1M1","2026-07-17 02:17:53.120606 UTC","L","2026-07-17 02:17:53.120606 UTC","0DD300048J","1400","S1M1","DL","","2026","07","","1","ST","0","0","0","0","0","0","0","0","0","0","0","00000000","20260511","Kassel","0DD300048J","S1M1","2026-07-17 06:05:41.813636 UTC"
"0DD300048J|1400|XNM3","2026-07-17 02:17:53.120606 UTC","L","2026-07-17 02:17:53.120606 UTC","0DD300048J","1400","XNM3","DL","","2026","05","","0","ST","0","0","0","0","0","0","0","0","0","0","0","00000000","20260505","Kassel","0DD300048J","XNM3","2026-07-17 06:05:41.813636 UTC"
"0DD311158C|1400|XZM1","2026-07-17 02:17:32.995343 UTC","L","2026-07-17 02:17:32.995343 UTC","0DD311158C","1400","XZM1","DL","","2022","10","","0","ST","0","0","0","0","0","0","0","0","0","0","0","00000000","20221024","Kassel","0DD311158C","XZM1","2026-07-17 06:05:41.813636 UTC"
"0DD311159B    DRA|1400|W0M3","2026-07-17 02:17:32.995343 UTC","L","2026-07-17 02:17:32.995343 UTC","0DD311159B    DRA","1400","W0M3","DL","","2022","12","","0","ST","0","0","0","0","0","0","0","0","0","0","0","00000000","20221221","Kassel","0DD311159B    DRA","W0M3","2026-07-17 06:05:41.813636 UTC"
"0DD300046F|1400|XNM2","2026-07-17 02:17:32.995343 UTC","L","2026-07-17 02:17:32.995343 UTC","0DD300046F","1400","XNM2","DL","","2022","10","","0","ST","0","0","0","0","0","0","0","0","0","0","0","00000000","20221024","Kassel","0DD300046F","XNM2","2026-07-17 06:05:41.813636 UTC"
"0DD300046G|1400|S1M1","2026-07-17 02:17:32.995343 UTC","L","2026-07-17 02:17:32.995343 UTC","0DD300046G","1400","S1M1","DL","","2026","05","","4","ST","0","0","0","0","0","0","0","0","0","0","0","00000000","20230216","Kassel","0DD300046G","S1M1","2026-07-17 06:05:41.813636 UTC"
"0DD300046H|1400|F4M1","2026-07-17 02:17:32.995343 UTC","L","2026-07-17 02:17:32.995343 UTC","0DD300046H","1400","F4M1","DL","","2023","02","","0","ST","0","0","0","0","0","0","0","0","0","0","0","00000000","20230216","Kassel","0DD300046H","F4M1","2026-07-17 06:05:41.813636 UTC"
"0DD300046J|1400|F4M1","2026-07-17 02:17:32.995343 UTC","L","2026-07-17 02:17:32.995343 UTC","0DD300046J","1400","F4M1","DL","","2023","02","","0","ST","0","0","0","0","0","0","0","0","0","0","0","00000000","20230216","Kassel","0DD300046J","F4M1","2026-07-17 06:05:41.813636 UTC"
"0DD300046L|1400|S6M1","2026-07-17 02:17:32.995343 UTC","L","2026-07-17 02:17:32.995343 UTC","0DD300046L","1400","S6M1","DL","","2023","02","","0","ST","0","0","0","0","0","0","0","0","0","0","0","00000000","20230216","Kassel","0DD300046L","S6M1","2026-07-17 06:05:41.813636 UTC"
"0DD300047B|1400|S1M1","2026-07-17 02:17:53.120606 UTC","L","2026-07-17 02:17:53.120606 UTC","0DD300047B","1400","S1M1","DL","","2023","03","","0","ST","0","0","0","0","0","0","0","0","0","0","0","00000000","20230315","Kassel","0DD300047B","S1M1","2026-07-17 06:05:41.813636 UTC"
"0DD300047E|1400|S1M1","2026-07-17 02:17:22.915108 UTC","L","2026-07-17 02:17:22.915108 UTC","0DD300047E","1400","S1M1","DL","","2026","07","","2","ST","0","0","0","0","0","0","0","0","0","0","0","00000000","20241021","Kassel","0DD300047E","S1M1","2026-07-17 06:05:41.813636 UTC"
"0DD300047H|1400|XN12","2026-07-17 02:17:32.995343 UTC","L","2026-07-17 02:17:32.995343 UTC","0DD300047H","1400","XN12","DL","","2024","10","","0","ST","0","0","0","0","0","0","0","0","0","0","0","00000000","20240430","Kassel","0DD300047H","XN12","2026-07-17 06:05:41.813636 UTC"
"0DD300047S|1400|XNM3","2026-07-17 02:17:22.915108 UTC","L","2026-07-17 02:17:22.915108 UTC","0DD300047S","1400","XNM3","DL","","2024","07","","0","ST","0","0","0","0","0","0","0","0","0","0","0","00000000","20240703","Kassel","0DD300047S","XNM3","2026-07-17 06:05:41.813636 UTC"
"0DD300048B|1400|S1M1","2026-07-17 02:17:53.120606 UTC","L","2026-07-17 02:17:53.120606 UTC","0DD300048B","1400","S1M1","DL","","2026","07","","1118","ST","0","0","0","0","0","0","0","0","0","0","0","00000000","20250324","Kassel","0DD300048B","S1M1","2026-07-17 06:05:41.813636 UTC"
"0DD311158B|1400|XNM1","2026-07-17 02:17:32.995343 UTC","L","2026-07-17 02:17:32.995343 UTC","0DD311158B","1400","XNM1","DL","","2022","10","","0","ST","0","0","0","0","0","0","0","0","0","0","0","00000000","20221024","Kassel","0DD311158B","XNM1","2026-07-17 06:05:41.813636 UTC"
"0DD300046P|1400|D0M1","2026-07-17 02:17:32.995343 UTC","L","2026-07-17 02:17:32.995343 UTC","0DD300046P","1400","D0M1","DL","","2026","06","","0","ST","0","0","0","0","0","0","0","0","0","0","0","00000000","20221024","Kassel","0DD300046P","D0M1","2026-07-17 06:05:41.813636 UTC"
"0DD300046S|1400|BN03","2026-07-17 02:17:43.125366 UTC","L","2026-07-17 02:17:43.125366 UTC","0DD300046S","1400","BN03","DL","","2025","07","","0","ST","0","0","0","0","0","0","0","0","0","0","0","00000000","20240123","Kassel","0DD300046S","BN03","2026-07-17 06:05:41.813636 UTC"
"0DD300047B|1400|D0M1","2026-07-17 02:17:53.120606 UTC","L","2026-07-17 02:17:53.120606 UTC","0DD300047B","1400","D0M1","DL","","2023","03","","0","ST","0","0","0","0","0","0","0","0","0","0","0","00000000","20230315","Kassel","0DD300047B","D0M1","2026-07-17 06:05:41.813636 UTC"
"0DD300047L|1400|XZM1","2026-07-17 02:17:22.915108 UTC","L","2026-07-17 02:17:22.915108 UTC","0DD300047L","1400","XZM1","DL","","2024","01","","0","ST","0","0","0","0","0","0","0","0","0","0","0","00000000","20240103","Kassel","0DD300047L","XZM1","2026-07-17 06:05:41.813636 UTC"
"0DD300048A|1400|XNM1","2026-07-17 02:17:53.120606 UTC","L","2026-07-17 02:17:53.120606 UTC","0DD300048A","1400","XNM1","DL","","2026","07","","4","ST","0","0","0","0","0","0","0","0","0","0","0","00000000","20250314","Kassel","0DD300048A","XNM1","2026-07-17 06:05:41.813636 UTC"
"0DD300048B|1400|F759","2026-07-17 02:17:43.125366 UTC","L","2026-07-17 02:17:43.125366 UTC","0DD300048B","1400","F759","DL","","2026","07","","35","ST","0","0","0","0","0","0","0","0","0","0","0","00000000","20250324","Kassel","0DD300048B","F759","2026-07-17 06:05:41.813636 UTC"
"0DD300048D|1400|XNM1","2026-07-17 02:17:43.125366 UTC","L","2026-07-17 02:17:43.125366 UTC","0DD300048D","1400","XNM1","DL","","2025","06","","0","ST","0","0","0","0","0","0","0","0","0","0","0","00000000","20250623","Kassel","0DD300048D","XNM1","2026-07-17 06:05:41.813636 UTC"
"0DD300048J|1400|XN38","2026-07-17 02:17:53.120606 UTC","L","2026-07-17 02:17:53.120606 UTC","0DD300048J","1400","XN38","DL","","2026","05","","0","ST","0","0","0","0","0","0","0","0","0","0","0","00000000","20260511","Kassel","0DD300048J","XN38","2026-07-17 06:05:41.813636 UTC"
"0DD311158C|1400|XNM1","2026-07-17 02:17:32.995343 UTC","L","2026-07-17 02:17:32.995343 UTC","0DD311158C","1400","XNM1","DL","","2022","10","","0","ST","0","0","0","0","0","0","0","0","0","0","0","00000000","20221024","Kassel","0DD311158C","XNM1","2026-07-17 06:05:41.813636 UTC"
"0DD311159B       0200|1400|XNM2","2026-07-17 02:17:22.915108 UTC","L","2026-07-17 02:17:22.915108 UTC","0DD311159B       0200","1400","XNM2","DL","","2024","04","","0","ST","0","0","0","0","0","0","0","0","0","0","0","00000000","20240404","Kassel","0DD311159B       0200","XNM2","2026-07-17 06:05:41.813636 UTC"
"0DD311159B    DRA|1400|D0M1","2026-07-17 02:17:32.995343 UTC","L","2026-07-17 02:17:32.995343 UTC","0DD311159B    DRA","1400","D0M1","DL","","2022","10","","0","ST","0","0","0","0","0","0","0","0","0","0","0","00000000","20221024","Kassel","0DD311159B    DRA","D0M1","2026-07-17 06:05:41.813636 UTC"
"0DD311159C    DRA|1400|S4M1","2026-07-17 02:17:32.995343 UTC","L","2026-07-17 02:17:32.995343 UTC","0DD311159C    DRA","1400","S4M1","DL","","2022","11","","0","ST","0","0","0","0","0","0","0","0","0","0","0","00000000","20221116","Kassel","0DD311159C    DRA","S4M1","2026-07-17 06:05:41.813636 UTC"
"0DD300040C|1400|F4M1","2026-07-17 02:17:32.995343 UTC","L","2026-07-17 02:17:32.995343 UTC","0DD300040C","1400","F4M1","DL","","2023","02","","0","ST","0","0","0","0","0","0","0","0","0","0","0","00000000","20230216","Kassel","0DD300040C","F4M1","2026-07-17 06:05:41.813636 UTC"
"0DD300046F|1400|F6M1","2026-07-17 02:17:32.995343 UTC","L","2026-07-17 02:17:32.995343 UTC","0DD300046F","1400","F6M1","DL","","2024","04","","0","ST","0","0","0","0","0","0","0","0","0","0","0","00000000","20230216","Kassel","0DD300046F","F6M1","2026-07-17 06:05:41.813636 UTC"
"0DD300046F|1400|S1M1","2026-07-17 02:17:32.995343 UTC","L","2026-07-17 02:17:32.995343 UTC","0DD300046F","1400","S1M1","DL","","2026","03","","3","ST","0","0","0","0","0","0","0","0","0","0","0","00000000","20230216","Kassel","0DD300046F","S1M1","2026-07-17 06:05:41.813636 UTC"
"0DD300046K MBZ|1400|S0M2","2026-07-17 02:17:43.125366 UTC","L","2026-07-17 02:17:43.125366 UTC","0DD300046K MBZ","1400","S0M2","DL","","2024","02","","0","ST","0","0","0","0","0","0","0","0","0","0","0","00000000","20230531","Kassel","0DD300046K MBZ","S0M2","2026-07-17 06:05:41.813636 UTC"
"0DD300046K|1400|D0M1","2026-07-17 02:17:32.995343 UTC","L","2026-07-17 02:17:32.995343 UTC","0DD300046K","1400","D0M1","DL","","2026","07","","0","ST","0","0","0","0","0","0","0","0","0","0","0","00000000","20221024","Kassel","0DD300046K","D0M1","2026-07-17 06:05:41.813636 UTC"
"0DD300046L|1400|XNM3","2026-07-17 02:17:32.995343 UTC","L","2026-07-17 02:17:32.995343 UTC","0DD300046L","1400","XNM3","DL","","2024","04","","0","ST","0","0","0","0","0","0","0","0","0","0","0","00000000","20230216","Kassel","0DD300046L","XNM3","2026-07-17 06:05:41.813636 UTC"
"0DD300047B|1400|S6M1","2026-07-17 02:17:53.120606 UTC","L","2026-07-17 02:17:53.120606 UTC","0DD300047B","1400","S6M1","DL","","2023","03","","0","ST","0","0","0","0","0","0","0","0","0","0","0","00000000","20230315","Kassel","0DD300047B","S6M1","2026-07-17 06:05:41.813636 UTC"
"0DD300047D|1400|XNM2","2026-07-17 02:17:32.995343 UTC","L","2026-07-17 02:17:32.995343 UTC","0DD300047D","1400","XNM2","DL","","2024","08","","0","ST","0","0","0","0","0","0","0","0","0","0","0","00000000","20240820","Kassel","0DD300047D","XNM2","2026-07-17 06:05:41.813636 UTC"
"0DD300047H|1400|BN03","2026-07-17 02:17:22.915108 UTC","L","2026-07-17 02:17:22.915108 UTC","0DD300047H","1400","BN03","DL","","2024","06","","0","ST","0","0","0","0","0","0","0","0","0","0","0","00000000","20240123","Kassel","0DD300047H","BN03","2026-07-17 06:05:41.813636 UTC"
"0DD300047P|1400|XNM1","2026-07-17 02:17:32.995343 UTC","L","2026-07-17 02:17:32.995343 UTC","0DD300047P","1400","XNM1","DL","","2024","06","","0","ST","0","0","0","0","0","0","0","0","0","0","0","00000000","20240605","Kassel","0DD300047P","XNM1","2026-07-17 06:05:41.813636 UTC"
"0DD300048B|1400|XNM2","2026-07-17 02:17:53.120606 UTC","L","2026-07-17 02:17:53.120606 UTC","0DD300048B","1400","XNM2","DL","","2025","03","","0","ST","0","0","0","0","0","0","0","0","0","0","0","00000000","20250314","Kassel","0DD300048B","XNM2","2026-07-17 06:05:41.813636 UTC"
"0DD311159B       0340|1400|XDM1","2026-07-17 02:17:22.915108 UTC","L","2026-07-17 02:17:22.915108 UTC","0DD311159B       0340","1400","XDM1","DL","","2024","04","","0","ST","0","0","0","0","0","0","0","0","0","0","0","00000000","20240404","Kassel","0DD311159B       0340","XDM1","2026-07-17 06:05:41.813636 UTC"
"0DD300040C|1400|S4M1","2026-07-17 02:17:32.995343 UTC","L","2026-07-17 02:17:32.995343 UTC","0DD300040C","1400","S4M1","DL","","2023","02","","0","ST","0","0","0","0","0","0","0","0","0","0","0","00000000","20230216","Kassel","0DD300040C","S4M1","2026-07-17 06:05:41.813636 UTC"
"0DD300040D|1400|XDM1","2026-07-17 02:17:32.995343 UTC","L","2026-07-17 02:17:32.995343 UTC","0DD300040D","1400","XDM1","DL","","2022","10","","0","ST","0","0","0","0","0","0","0","0","0","0","0","00000000","20221024","Kassel","0DD300040D","XDM1","2026-07-17 06:05:41.813636 UTC"
"0DD300046F|1400|XNM1","2026-07-17 02:17:32.995343 UTC","L","2026-07-17 02:17:32.995343 UTC","0DD300046F","1400","XNM1","DL","","2024","08","","0","ST","0","0","0","0","0","0","0","0","0","0","0","00000000","20221024","Kassel","0DD300046F","XNM1","2026-07-17 06:05:41.813636 UTC"
"0DD300046G|1400|S4M1","2026-07-17 02:17:32.995343 UTC","L","2026-07-17 02:17:32.995343 UTC","0DD300046G","1400","S4M1","DL","","2023","02","","0","ST","0","0","0","0","0","0","0","0","0","0","0","00000000","20230216","Kassel","0DD300046G","S4M1","2026-07-17 06:05:41.813636 UTC"
"0DD300046Q|1400|XDM1","2026-07-17 02:17:53.120606 UTC","L","2026-07-17 02:17:53.120606 UTC","0DD300046Q","1400","XDM1","DL","","2023","11","","0","ST","0","0","0","0","0","0","0","0","0","0","0","00000000","20230215","Kassel","0DD300046Q","XDM1","2026-07-17 06:05:41.813636 UTC"
"0DD300047B|1400|XNM2","2026-07-17 02:17:53.120606 UTC","L","2026-07-17 02:17:53.120606 UTC","0DD300047B","1400","XNM2","DL","","2023","03","","0","ST","0","0","0","0","0","0","0","0","0","0","0","00000000","20230315","Kassel","0DD300047B","XNM2","2026-07-17 06:05:41.813636 UTC"
"0DD300047Q|1400|XDM1","2026-07-17 02:17:22.915108 UTC","L","2026-07-17 02:17:22.915108 UTC","0DD300047Q","1400","XDM1","DL","","2024","05","","0","ST","0","0","0","0","0","0","0","0","0","0","0","00000000","20240515","Kassel","0DD300047Q","XDM1","2026-07-17 06:05:41.813636 UTC"
"0DD300047S|1400|BN03","2026-07-17 02:17:43.125366 UTC","L","2026-07-17 02:17:43.125366 UTC","0DD300047S","1400","BN03","DL","","2025","07","","0","ST","0","0","0","0","0","0","0","0","0","0","0","00000000","20250129","Kassel","0DD300047S","BN03","2026-07-17 06:05:41.813636 UTC"
"0DD300048|1400|BN99","2026-07-17 02:17:53.120606 UTC","L","2026-07-17 02:17:53.120606 UTC","0DD300048","1400","BN99","DL","X","2025","03","","0","ST","0","0","0","0","0","0","0","0","0","0","0","00000000","20250314","Kassel","0DD300048","BN99","2026-07-17 06:05:41.813636 UTC"
"0DD311159B    DRA|1400|S4M1","2026-07-17 02:17:32.995343 UTC","L","2026-07-17 02:17:32.995343 UTC","0DD311159B    DRA","1400","S4M1","DL","","2022","11","","0","ST","0","0","0","0","0","0","0","0","0","0","0","00000000","20221116","Kassel","0DD311159B    DRA","S4M1","2026-07-17 06:05:41.813636 UTC"
"0DD311159B ANG|1400|F761","2026-07-17 02:17:43.125366 UTC","L","2026-07-17 02:17:43.125366 UTC","0DD311159B ANG","1400","F761","DL","","2026","07","","762","ST","0","0","0","0","0","0","0","0","0","0","0","00000000","20240430","Kassel","0DD311159B ANG","F761","2026-07-17 06:05:41.813636 UTC"
"0DD300040E|1400|S4M1","2026-07-17 02:17:32.995343 UTC","L","2026-07-17 02:17:32.995343 UTC","0DD300040E","1400","S4M1","DL","","2023","02","","0","ST","0","0","0","0","0","0","0","0","0","0","0","00000000","20230216","Kassel","0DD300040E","S4M1","2026-07-17 06:05:41.813636 UTC"
"0DD300046R|1400|XNM2","2026-07-17 02:17:32.995343 UTC","L","2026-07-17 02:17:32.995343 UTC","0DD300046R","1400","XNM2","DL","","2022","10","","0","ST","0","0","0","0","0","0","0","0","0","0","0","00000000","20221024","Kassel","0DD300046R","XNM2","2026-07-17 06:05:41.813636 UTC"
"0DD311158C|1400|F1M1","2026-07-17 02:17:32.995343 UTC","L","2026-07-17 02:17:32.995343 UTC","0DD311158C","1400","F1M1","DL","","2023","02","","0","ST","0","0","0","0","0","0","0","0","0","0","0","00000000","20230216","Kassel","0DD311158C","F1M1","2026-07-17 06:05:41.813636 UTC"
"0DD311159B|1400|S6M1","2026-07-17 02:17:32.995343 UTC","L","2026-07-17 02:17:32.995343 UTC","0DD311159B","1400","S6M1","DL","","2023","02","","0","ST","0","0","0","0","0","0","0","0","0","0","0","00000000","20230216","Kassel","0DD311159B","S6M1","2026-07-17 06:05:41.813636 UTC"
"0DD300046C|1400|XNM1","2026-07-17 02:17:32.995343 UTC","L","2026-07-17 02:17:32.995343 UTC","0DD300046C","1400","XNM1","DL","","2025","07","","0","ST","0","0","0","0","0","0","0","0","0","0","0","00000000","20221024","Kassel","0DD300046C","XNM1","2026-07-17 06:05:41.813636 UTC"
"0DD300046N|1400|XDM1","2026-07-17 02:17:53.120606 UTC","L","2026-07-17 02:17:53.120606 UTC","0DD300046N","1400","XDM1","DL","","2023","11","","0","ST","0","0","0","0","0","0","0","0","0","0","0","00000000","20230215","Kassel","0DD300046N","XDM1","2026-07-17 06:05:41.813636 UTC"
"0DD300046Q|1400|D0M1","2026-07-17 02:17:53.120606 UTC","L","2026-07-17 02:17:53.120606 UTC","0DD300046Q","1400","D0M1","DL","","2024","03","","0","ST","0","0","0","0","0","0","0","0","0","0","0","00000000","20230215","Kassel","0DD300046Q","D0M1","2026-07-17 06:05:41.813636 UTC"
"0DD300047T|1400|F6M1","2026-07-17 02:17:22.915108 UTC","L","2026-07-17 02:17:22.915108 UTC","0DD300047T","1400","F6M1","DL","","2024","07","","0","ST","0","0","0","0","0","0","0","0","0","0","0","00000000","20240710","Kassel","0DD300047T","F6M1","2026-07-17 06:05:41.813636 UTC"
"0DD300048B|1400|F6M1","2026-07-17 02:17:53.120606 UTC","L","2026-07-17 02:17:53.120606 UTC","0DD300048B","1400","F6M1","DL","","2025","03","","0","ST","0","0","0","0","0","0","0","0","0","0","0","00000000","20250324","Kassel","0DD300048B","F6M1","2026-07-17 06:05:41.813636 UTC"
"0DD300048B|1400|XZM1","2026-07-17 02:17:53.120606 UTC","L","2026-07-17 02:17:53.120606 UTC","0DD300048B","1400","XZM1","DL","","2025","03","","0","ST","0","0","0","0","0","0","0","0","0","0","0","00000000","20250314","Kassel","0DD300048B","XZM1","2026-07-17 06:05:41.813636 UTC"
"0DD300048E|1400|D0M1","2026-07-17 02:17:43.125366 UTC","L","2026-07-17 02:17:43.125366 UTC","0DD300048E","1400","D0M1","DL","","2026","04","","0","ST","0","0","0","0","0","0","0","0","0","0","0","00000000","20250909","Kassel","0DD300048E","D0M1","2026-07-17 06:05:41.813636 UTC"
"0DD311159B    DRA|1400|WAM1","2026-07-17 02:17:32.995343 UTC","L","2026-07-17 02:17:32.995343 UTC","0DD311159B    DRA","1400","WAM1","DL","","2022","12","","0","ST","0","0","0","0","0","0","0","0","0","0","0","00000000","20221221","Kassel","0DD311159B    DRA","WAM1","2026-07-17 06:05:41.813636 UTC"
"0DD311159C    DRA|1400|FAM6","2026-07-17 02:17:53.120606 UTC","L","2026-07-17 02:17:53.120606 UTC","0DD311159C    DRA","1400","FAM6","DL","","2025","05","","0","ST","0","0","0","0","0","0","0","0","0","0","0","00000000","20250508","Kassel","0DD311159C    DRA","FAM6","2026-07-17 06:05:41.813636 UTC"
"0DD300040E|1400|F759","2026-07-17 02:17:43.125366 UTC","L","2026-07-17 02:17:43.125366 UTC","0DD300040E","1400","F759","DL","","2025","07","","0","ST","0","0","0","0","0","0","0","0","0","0","0","00000000","20240430","Kassel","0DD300040E","F759","2026-07-17 06:05:41.813636 UTC"
"0DD300046F|1400|XN12","2026-07-17 02:17:22.915108 UTC","L","2026-07-17 02:17:22.915108 UTC","0DD300046F","1400","XN12","DL","","2026","02","","0","ST","0","0","0","0","0","0","0","0","0","0","0","00000000","20240529","Kassel","0DD300046F","XN12","2026-07-17 06:05:41.813636 UTC"
"0DD300047R|1400|F759","2026-07-17 02:17:43.125366 UTC","L","2026-07-17 02:17:43.125366 UTC","0DD300047R","1400","F759","DL","","2024","10","","0","ST","0","0","0","0","0","0","0","0","0","0","0","00000000","20240524","Kassel","0DD300047R","F759","2026-07-17 06:05:41.813636 UTC"
"0DD300047S|1400|XDM1","2026-07-17 02:17:22.915108 UTC","L","2026-07-17 02:17:22.915108 UTC","0DD300047S","1400","XDM1","DL","","2025","12","","0","ST","0","0","0","0","0","0","0","0","0","0","0","00000000","20240703","Kassel","0DD300047S","XDM1","2026-07-17 06:05:41.813636 UTC"
"0DD300048A|1400|XNTS","2026-07-17 02:17:53.120606 UTC","L","2026-07-17 02:17:53.120606 UTC","0DD300048A","1400","XNTS","DL","","2026","06","","0","ST","0","0","0","0","0","0","0","0","0","0","0","00000000","20260629","Kassel","0DD300048A","XNTS","2026-07-17 06:05:41.813636 UTC"
"0DD300048C|1400|XNM1","2026-07-17 02:17:53.120606 UTC","L","2026-07-17 02:17:53.120606 UTC","0DD300048C","1400","XNM1","DL","","2026","06","","0","ST","0","0","0","0","0","0","0","0","0","0","0","00000000","20250314","Kassel","0DD300048C","XNM1","2026-07-17 06:05:41.813636 UTC"
"0DD300048E|1400|F759","2026-07-17 02:17:53.120606 UTC","L","2026-07-17 02:17:53.120606 UTC","0DD300048E","1400","F759","DL","","2026","04","","0","ST","0","0","0","0","0","0","0","0","0","0","0","00000000","20250917","Kassel","0DD300048E","F759","2026-07-17 06:05:41.813636 UTC"
"0DD311158C|1400|XNM2","2026-07-17 02:17:32.995343 UTC","L","2026-07-17 02:17:32.995343 UTC","0DD311158C","1400","XNM2","DL","","2022","10","","0","ST","0","0","0","0","0","0","0","0","0","0","0","00000000","20221024","Kassel","0DD311158C","XNM2","2026-07-17 06:05:41.813636 UTC"
"0DD300046C|1400|S4M1","2026-07-17 02:17:32.995343 UTC","L","2026-07-17 02:17:32.995343 UTC","0DD300046C","1400","S4M1","DL","","2023","02","","0","ST","0","0","0","0","0","0","0","0","0","0","0","00000000","20230216","Kassel","0DD300046C","S4M1","2026-07-17 06:05:41.813636 UTC"
"0DD300046G|1400|F759","2026-07-17 02:17:43.125366 UTC","L","2026-07-17 02:17:43.125366 UTC","0DD300046G","1400","F759","DL","","2026","05","","0","ST","0","0","0","0","0","0","0","0","0","0","0","00000000","20240617","Kassel","0DD300046G","F759","2026-07-17 06:05:41.813636 UTC"
"0DD300046G|1400|FBM1","2026-07-17 02:17:32.995343 UTC","L","2026-07-17 02:17:32.995343 UTC","0DD300046G","1400","FBM1","DL","","2023","02","","0","ST","0","0","0","0","0","0","0","0","0","0","0","00000000","20230216","Kassel","0DD300046G","FBM1","2026-07-17 06:05:41.813636 UTC"
"0DD300046S|1400|F6M1","2026-07-17 02:17:32.995343 UTC","L","2026-07-17 02:17:32.995343 UTC","0DD300046S","1400","F6M1","DL","","2024","04","","0","ST","0","0","0","0","0","0","0","0","0","0","0","00000000","20230216","Kassel","0DD300046S","F6M1","2026-07-17 06:05:41.813636 UTC"
"0DD300047H|1400|XZM1","2026-07-17 02:17:32.995343 UTC","L","2026-07-17 02:17:32.995343 UTC","0DD300047H","1400","XZM1","DL","","2023","09","","0","ST","0","0","0","0","0","0","0","0","0","0","0","00000000","20230921","Kassel","0DD300047H","XZM1","2026-07-17 06:05:41.813636 UTC"
"0DD300047Q|1400|XNM3","2026-07-17 02:17:22.915108 UTC","L","2026-07-17 02:17:22.915108 UTC","0DD300047Q","1400","XNM3","DL","","2024","09","","0","ST","0","0","0","0","0","0","0","0","0","0","0","00000000","20240515","Kassel","0DD300047Q","XNM3","2026-07-17 06:05:41.813636 UTC"
"0DD300048G|1400|S1M1","2026-07-17 02:17:43.125366 UTC","L","2026-07-17 02:17:43.125366 UTC","0DD300048G","1400","S1M1","DL","","2026","06","","0","ST","0","0","0","0","0","0","0","0","0","0","0","00000000","20251212","Kassel","0DD300048G","S1M1","2026-07-17 06:05:41.813636 UTC"
"0DD300048G|1400|XN12","2026-07-17 02:17:53.120606 UTC","L","2026-07-17 02:17:53.120606 UTC","0DD300048G","1400","XN12","DL","","2026","05","","0","ST","0","0","0","0","0","0","0","0","0","0","0","00000000","20260511","Kassel","0DD300048G","XN12","2026-07-17 06:05:41.813636 UTC"
"0DD300048J|1400|S3M1","2026-07-17 02:17:53.120606 UTC","L","2026-07-17 02:17:53.120606 UTC","0DD300048J","1400","S3M1","DL","","2026","05","","0","ST","0","0","0","0","0","0","0","0","0","0","0","00000000","20260511","Kassel","0DD300048J","S3M1","2026-07-17 06:05:41.813636 UTC"
"0DD311158B|1400|XZM1","2026-07-17 02:17:32.995343 UTC","L","2026-07-17 02:17:32.995343 UTC","0DD311158B","1400","XZM1","DL","","2022","10","","0","ST","0","0","0","0","0","0","0","0","0","0","0","00000000","20221024","Kassel","0DD311158B","XZM1","2026-07-17 06:05:41.813636 UTC"
"0DD311158C|1400|S1M1","2026-07-17 02:17:32.995343 UTC","L","2026-07-17 02:17:32.995343 UTC","0DD311158C","1400","S1M1","DL","","2023","02","","0","ST","0","0","0","0","0","0","0","0","0","0","0","00000000","20230216","Kassel","0DD311158C","S1M1","2026-07-17 06:05:41.813636 UTC"
"0DD311159B       0200|1400|XDM1","2026-07-17 02:17:22.915108 UTC","L","2026-07-17 02:17:22.915108 UTC","0DD311159B       0200","1400","XDM1","DL","","2024","04","","0","ST","0","0","0","0","0","0","0","0","0","0","0","00000000","20240404","Kassel","0DD311159B       0200","XDM1","2026-07-17 06:05:41.813636 UTC"
"0DD311159B    DRA|1400|FAM3","2026-07-17 02:17:53.120606 UTC","L","2026-07-17 02:17:53.120606 UTC","0DD311159B    DRA","1400","FAM3","DL","","2025","05","","0","ST","0","0","0","0","0","0","0","0","0","0","0","00000000","20250508","Kassel","0DD311159B    DRA","FAM3","2026-07-17 06:05:41.813636 UTC"
"0DD300046T|1400|XNM1","2026-07-17 02:17:32.995343 UTC","L","2026-07-17 02:17:32.995343 UTC","0DD300046T","1400","XNM1","DL","","2024","11","","0","ST","0","0","0","0","0","0","0","0","0","0","0","00000000","20221024","Kassel","0DD300046T","XNM1","2026-07-17 06:05:41.813636 UTC"
"0DD300047F|1400|XNM2","2026-07-17 02:17:32.995343 UTC","L","2026-07-17 02:17:32.995343 UTC","0DD300047F","1400","XNM2","DL","","2024","08","","0","ST","0","0","0","0","0","0","0","0","0","0","0","00000000","20240820","Kassel","0DD300047F","XNM2","2026-07-17 06:05:41.813636 UTC"
"0DD300047R|1400|F6M1","2026-07-17 02:17:22.915108 UTC","L","2026-07-17 02:17:22.915108 UTC","0DD300047R","1400","F6M1","DL","","2024","05","","0","ST","0","0","0","0","0","0","0","0","0","0","0","00000000","20240524","Kassel","0DD300047R","F6M1","2026-07-17 06:05:41.813636 UTC"
"0DD300047S|1400|S6M1","2026-07-17 02:17:22.915108 UTC","L","2026-07-17 02:17:22.915108 UTC","0DD300047S","1400","S6M1","DL","","2024","07","","0","ST","0","0","0","0","0","0","0","0","0","0","0","00000000","20240710","Kassel","0DD300047S","S6M1","2026-07-17 06:05:41.813636 UTC"
"0DD311159B    DRA|1400|XZM1","2026-07-17 02:17:32.995343 UTC","L","2026-07-17 02:17:32.995343 UTC","0DD311159B    DRA","1400","XZM1","DL","","2022","10","","0","ST","0","0","0","0","0","0","0","0","0","0","0","00000000","20221024","Kassel","0DD311159B    DRA","XZM1","2026-07-17 06:05:41.813636 UTC"
"0DD311159B ANG|1400|S6M1","2026-07-17 02:17:32.995343 UTC","L","2026-07-17 02:17:32.995343 UTC","0DD311159B ANG","1400","S6M1","DL","","2026","07","","0","ST","0","0","0","0","0","0","0","0","0","0","0","00000000","20221221","Kassel","0DD311159B ANG","S6M1","2026-07-17 06:05:41.813636 UTC"
"0DD311159B ANG|1400|XDM1","2026-07-17 02:17:32.995343 UTC","L","2026-07-17 02:17:32.995343 UTC","0DD311159B ANG","1400","XDM1","DL","","2026","03","","0","ST","0","0","0","0","0","0","0","0","0","0","0","00000000","20221103","Kassel","0DD311159B ANG","XDM1","2026-07-17 06:05:41.813636 UTC"
"0DD311159C    DRA|1400|SAM1","2026-07-17 02:17:32.995343 UTC","L","2026-07-17 02:17:32.995343 UTC","0DD311159C    DRA","1400","SAM1","DL","","2022","12","","0","ST","0","0","0","0","0","0","0","0","0","0","0","00000000","20221221","Kassel","0DD311159C    DRA","SAM1","2026-07-17 06:05:41.813636 UTC"
"0DD300046K|1400|FBM1","2026-07-17 02:17:32.995343 UTC","L","2026-07-17 02:17:32.995343 UTC","0DD300046K","1400","FBM1","DL","","2023","02","","0","ST","0","0","0","0","0","0","0","0","0","0","0","00000000","20230216","Kassel","0DD300046K","FBM1","2026-07-17 06:05:41.813636 UTC"
"0DD300046N|1400|D0M1","2026-07-17 02:17:53.120606 UTC","L","2026-07-17 02:17:53.120606 UTC","0DD300046N","1400","D0M1","DL","","2023","11","","0","ST","0","0","0","0","0","0","0","0","0","0","0","00000000","20230215","Kassel","0DD300046N","D0M1","2026-07-17 06:05:41.813636 UTC"
"0DD300046P|1400|XDM1","2026-07-17 02:17:32.995343 UTC","L","2026-07-17 02:17:32.995343 UTC","0DD300046P","1400","XDM1","DL","","2025","08","","0","ST","0","0","0","0","0","0","0","0","0","0","0","00000000","20221024","Kassel","0DD300046P","XDM1","2026-07-17 06:05:41.813636 UTC"
"0DD300046Q|1400|F759","2026-07-17 02:17:43.125366 UTC","L","2026-07-17 02:17:43.125366 UTC","0DD300046Q","1400","F759","DL","","2025","07","","0","ST","0","0","0","0","0","0","0","0","0","0","0","00000000","20240430","Kassel","0DD300046Q","F759","2026-07-17 06:05:41.813636 UTC"
"0DD300047F|1400|XZM1","2026-07-17 02:17:32.995343 UTC","L","2026-07-17 02:17:32.995343 UTC","0DD300047F","1400","XZM1","DL","","2024","08","","0","ST","0","0","0","0","0","0","0","0","0","0","0","00000000","20240820","Kassel","0DD300047F","XZM1","2026-07-17 06:05:41.813636 UTC"
"0DD300047G|1400|F759","2026-07-17 02:17:43.125366 UTC","L","2026-07-17 02:17:43.125366 UTC","0DD300047G","1400","F759","DL","","2024","10","","0","ST","0","0","0","0","0","0","0","0","0","0","0","00000000","20240430","Kassel","0DD300047G","F759","2026-07-17 06:05:41.813636 UTC"
"0DD300047H|1400|XDM1","2026-07-17 02:17:32.995343 UTC","L","2026-07-17 02:17:32.995343 UTC","0DD300047H","1400","XDM1","DL","","2023","09","","0","ST","0","0","0","0","0","0","0","0","0","0","0","00000000","20230921","Kassel","0DD300047H","XDM1","2026-07-17 06:05:41.813636 UTC"
"0DD300047P|1400|D0M1","2026-07-17 02:17:43.125366 UTC","L","2026-07-17 02:17:43.125366 UTC","0DD300047P","1400","D0M1","DL","","2025","10","","0","ST","0","0","0","0","0","0","0","0","0","0","0","00000000","20240605","Kassel","0DD300047P","D0M1","2026-07-17 06:05:41.813636 UTC"
"0DD300047P|1400|S1M1","2026-07-17 02:17:22.915108 UTC","L","2026-07-17 02:17:22.915108 UTC","0DD300047P","1400","S1M1","DL","","2025","05","","0","ST","0","0","0","0","0","0","0","0","0","0","0","00000000","20240614","Kassel","0DD300047P","S1M1","2026-07-17 06:05:41.813636 UTC"
"0DD300048C|1400|F230","2026-07-17 02:17:53.120606 UTC","L","2026-07-17 02:17:53.120606 UTC","0DD300048C","1400","F230","DL","","2026","07","","0","ST","0","0","0","0","0","0","0","0","0","0","0","00000000","20260703","Kassel","0DD300048C","F230","2026-07-17 06:05:41.813636 UTC"
"0DD300048|1400|XNM1","2026-07-17 02:17:22.915108 UTC","L","2026-07-17 02:17:22.915108 UTC","0DD300048","1400","XNM1","DL","","2026","02","","0","ST","0","0","0","0","0","0","0","0","0","0","0","00000000","20240703","Kassel","0DD300048","XNM1","2026-07-17 06:05:41.813636 UTC"
"0DD311159B       0200|1400|W0M6","2026-07-17 02:17:22.915108 UTC","L","2026-07-17 02:17:22.915108 UTC","0DD311159B       0200","1400","W0M6","DL","","2024","04","","0","ST","0","0","0","0","0","0","0","0","0","0","0","00000000","20240404","Kassel","0DD311159B       0200","W0M6","2026-07-17 06:05:41.813636 UTC"
"0DD311159B ANG|1400|FAM3","2026-07-17 02:17:53.120606 UTC","L","2026-07-17 02:17:53.120606 UTC","0DD311159B ANG","1400","FAM3","DL","","2025","05","","0","ST","0","0","0","0","0","0","0","0","0","0","0","00000000","20250508","Kassel","0DD311159B ANG","FAM3","2026-07-17 06:05:41.813636 UTC"
"0DD311159B ANG|1400|WAM1","2026-07-17 02:17:32.995343 UTC","L","2026-07-17 02:17:32.995343 UTC","0DD311159B ANG","1400","WAM1","DL","","2022","12","","0","ST","0","0","0","0","0","0","0","0","0","0","0","00000000","20221221","Kassel","0DD311159B ANG","WAM1","2026-07-17 06:05:41.813636 UTC"
"0DD300040C|1400|XNM3","2026-07-17 02:17:32.995343 UTC","L","2026-07-17 02:17:32.995343 UTC","0DD300040C","1400","XNM3","DL","","2024","05","","0","ST","0","0","0","0","0","0","0","0","0","0","0","00000000","20230216","Kassel","0DD300040C","XNM3","2026-07-17 06:05:41.813636 UTC"
"0DD300040D|1400|S4M1","2026-07-17 02:17:32.995343 UTC","L","2026-07-17 02:17:32.995343 UTC","0DD300040D","1400","S4M1","DL","","2023","02","","0","ST","0","0","0","0","0","0","0","0","0","0","0","00000000","20230216","Kassel","0DD300040D","S4M1","2026-07-17 06:05:41.813636 UTC"
"0DD300046H|1400|XZM1","2026-07-17 02:17:32.995343 UTC","L","2026-07-17 02:17:32.995343 UTC","0DD300046H","1400","XZM1","DL","","2022","10","","0","ST","0","0","0","0","0","0","0","0","0","0","0","00000000","20221024","Kassel","0DD300046H","XZM1","2026-07-17 06:05:41.813636 UTC"
"0DD300046M|1400|BN03","2026-07-17 02:17:43.125366 UTC","L","2026-07-17 02:17:43.125366 UTC","0DD300046M","1400","BN03","DL","","2025","07","","0","ST","0","0","0","0","0","0","0","0","0","0","0","00000000","20240123","Kassel","0DD300046M","BN03","2026-07-17 06:05:41.813636 UTC"
"0DD300046M|1400|XDM1","2026-07-17 02:17:32.995343 UTC","L","2026-07-17 02:17:32.995343 UTC","0DD300046M","1400","XDM1","DL","","2026","05","","0","ST","0","0","0","0","0","0","0","0","0","0","0","00000000","20221024","Kassel","0DD300046M","XDM1","2026-07-17 06:05:41.813636 UTC"
"0DD300046P|1400|XZM1","2026-07-17 02:17:32.995343 UTC","L","2026-07-17 02:17:32.995343 UTC","0DD300046P","1400","XZM1","DL","","2022","10","","0","ST","0","0","0","0","0","0","0","0","0","0","0","00000000","20221024","Kassel","0DD300046P","XZM1","2026-07-17 06:05:41.813636 UTC"
"0DD300047D|1400|XN12","2026-07-17 02:17:53.120606 UTC","L","2026-07-17 02:17:53.120606 UTC","0DD300047D","1400","XN12","DL","","2025","05","","0","ST","0","0","0","0","0","0","0","0","0","0","0","00000000","20250521","Kassel","0DD300047D","XN12","2026-07-17 06:05:41.813636 UTC"
"0DD300048C|1400|XN12","2026-07-17 02:17:43.125366 UTC","L","2026-07-17 02:17:43.125366 UTC","0DD300048C","1400","XN12","DL","","2026","07","","450","ST","0","0","0","0","0","0","0","0","0","0","0","00000000","20250324","Kassel","0DD300048C","XN12","2026-07-17 06:05:41.813636 UTC"
"0DD300048D|1400|XN12","2026-07-17 02:17:43.125366 UTC","L","2026-07-17 02:17:43.125366 UTC","0DD300048D","1400","XN12","DL","","2026","04","","0","ST","0","0","0","0","0","0","0","0","0","0","0","00000000","20250717","Kassel","0DD300048D","XN12","2026-07-17 06:05:41.813636 UTC"
"0DD311159B       0340|1400|XNM3","2026-07-17 02:17:22.915108 UTC","L","2026-07-17 02:17:22.915108 UTC","0DD311159B       0340","1400","XNM3","DL","","2024","04","","0","ST","0","0","0","0","0","0","0","0","0","0","0","00000000","20240404","Kassel","0DD311159B       0340","XNM3","2026-07-17 06:05:41.813636 UTC"
"0DD300046N|1400|S1M1","2026-07-17 02:17:53.120606 UTC","L","2026-07-17 02:17:53.120606 UTC","0DD300046N","1400","S1M1","DL","","2023","11","","0","ST","0","0","0","0","0","0","0","0","0","0","0","00000000","20230322","Kassel","0DD300046N","S1M1","2026-07-17 06:05:41.813636 UTC"
"0DD300047F|1400|S1M1","2026-07-17 02:17:22.915108 UTC","L","2026-07-17 02:17:22.915108 UTC","0DD300047F","1400","S1M1","DL","","2026","07","","0","ST","0","0","0","0","0","0","0","0","0","0","0","00000000","20241021","Kassel","0DD300047F","S1M1","2026-07-17 06:05:41.813636 UTC"
"0DD300047L|1400|XNM2","2026-07-17 02:17:22.915108 UTC","L","2026-07-17 02:17:22.915108 UTC","0DD300047L","1400","XNM2","DL","","2024","01","","0","ST","0","0","0","0","0","0","0","0","0","0","0","00000000","20240103","Kassel","0DD300047L","XNM2","2026-07-17 06:05:41.813636 UTC"
"0DD300048F|1400|XN12","2026-07-17 02:17:53.120606 UTC","L","2026-07-17 02:17:53.120606 UTC","0DD300048F","1400","XN12","DL","","2026","07","","0","ST","0","0","0","0","0","0","0","0","0","0","0","00000000","20260626","Kassel","0DD300048F","XN12","2026-07-17 06:05:41.813636 UTC"
"0DD311159B       0200|1400|BN99","2026-07-17 02:17:43.125366 UTC","L","2026-07-17 02:17:43.125366 UTC","0DD311159B       0200","1400","BN99","DL","X","2024","10","","0","ST","0","0","0","0","0","0","0","0","0","0","0","20241007","20240913","Kassel","0DD311159B       0200","BN99","2026-07-17 06:05:41.813636 UTC"
"0DD300046K MBZ|1400|F6M1","2026-07-17 02:17:43.125366 UTC","L","2026-07-17 02:17:43.125366 UTC","0DD300046K MBZ","1400","F6M1","DL","","2024","06","","0","ST","0","0","0","0","0","0","0","0","0","0","0","00000000","20230531","Kassel","0DD300046K MBZ","F6M1","2026-07-17 06:05:41.813636 UTC"
"0DD300046Q|1400|XNM2","2026-07-17 02:17:53.120606 UTC","L","2026-07-17 02:17:53.120606 UTC","0DD300046Q","1400","XNM2","DL","","2023","02","","0","ST","0","0","0","0","0","0","0","0","0","0","0","00000000","20230215","Kassel","0DD300046Q","XNM2","2026-07-17 06:05:41.813636 UTC"
"0DD300046S|1400|S0M6","2026-07-17 02:17:32.995343 UTC","L","2026-07-17 02:17:32.995343 UTC","0DD300046S","1400","S0M6","DL","","2023","02","","0","ST","0","0","0","0","0","0","0","0","0","0","0","00000000","20230216","Kassel","0DD300046S","S0M6","2026-07-17 06:05:41.813636 UTC"
"0DD300047A|1400|S1M1","2026-07-17 02:17:53.120606 UTC","L","2026-07-17 02:17:53.120606 UTC","0DD300047A","1400","S1M1","DL","","2023","04","","0","ST","0","0","0","0","0","0","0","0","0","0","0","00000000","20230315","Kassel","0DD300047A","S1M1","2026-07-17 06:05:41.813636 UTC"
"0DD300047R|1400|S6M1","2026-07-17 02:17:22.915108 UTC","L","2026-07-17 02:17:22.915108 UTC","0DD300047R","1400","S6M1","DL","","2024","05","","0","ST","0","0","0","0","0","0","0","0","0","0","0","00000000","20240524","Kassel","0DD300047R","S6M1","2026-07-17 06:05:41.813636 UTC"
"0DD300048F|1400|D0M1","2026-07-17 02:17:43.125366 UTC","L","2026-07-17 02:17:43.125366 UTC","0DD300048F","1400","D0M1","DL","","2026","07","","0","ST","0","0","0","0","0","0","0","0","0","0","0","00000000","20260206","Kassel","0DD300048F","D0M1","2026-07-17 06:05:41.813636 UTC"
"0DD300040E|1400|F6M1","2026-07-17 02:17:32.995343 UTC","L","2026-07-17 02:17:32.995343 UTC","0DD300040E","1400","F6M1","DL","","2024","04","","0","ST","0","0","0","0","0","0","0","0","0","0","0","00000000","20230216","Kassel","0DD300040E","F6M1","2026-07-17 06:05:41.813636 UTC"
"0DD300046N|1400|BN03","2026-07-17 02:17:22.915108 UTC","L","2026-07-17 02:17:22.915108 UTC","0DD300046N","1400","BN03","DL","","2024","06","","0","ST","0","0","0","0","0","0","0","0","0","0","0","00000000","20240123","Kassel","0DD300046N","BN03","2026-07-17 06:05:41.813636 UTC"
"0DD300047R|1400|XN12","2026-07-17 02:17:12.966977 UTC","L","2026-07-17 02:17:12.966977 UTC","0DD300047R","1400","XN12","DL","","2024","06","","0","ST","0","0","0","0","0","0","0","0","0","0","0","00000000","20240604","Kassel","0DD300047R","XN12","2026-07-17 06:05:41.813636 UTC"
"0DD300048G|1400|XDM1","2026-07-17 02:17:43.125366 UTC","L","2026-07-17 02:17:43.125366 UTC","0DD300048G","1400","XDM1","DL","","2025","11","","0","ST","0","0","0","0","0","0","0","0","0","0","0","00000000","20251114","Kassel","0DD300048G","XDM1","2026-07-17 06:05:41.813636 UTC"
"0DD311158B|1400|S1M1","2026-07-17 02:17:32.995343 UTC","L","2026-07-17 02:17:32.995343 UTC","0DD311158B","1400","S1M1","DL","","2023","02","","0","ST","0","0","0","0","0","0","0","0","0","0","0","00000000","20230216","Kassel","0DD311158B","S1M1","2026-07-17 06:05:41.813636 UTC"
"0DD300040C|1400|F759","2026-07-17 02:17:43.125366 UTC","L","2026-07-17 02:17:43.125366 UTC","0DD300040C","1400","F759","DL","","2025","07","","0","ST","0","0","0","0","0","0","0","0","0","0","0","00000000","20240430","Kassel","0DD300040C","F759","2026-07-17 06:05:41.813636 UTC"
"0DD300040D|1400|XN12","2026-07-17 02:17:43.125366 UTC","L","2026-07-17 02:17:43.125366 UTC","0DD300040D","1400","XN12","DL","","2025","07","","0","ST","0","0","0","0","0","0","0","0","0","0","0","00000000","20240517","Kassel","0DD300040D","XN12","2026-07-17 06:05:41.813636 UTC"
"0DD300040E|1400|S0M6","2026-07-17 02:17:32.995343 UTC","L","2026-07-17 02:17:32.995343 UTC","0DD300040E","1400","S0M6","DL","","2023","02","","0","ST","0","0","0","0","0","0","0","0","0","0","0","00000000","20230216","Kassel","0DD300040E","S0M6","2026-07-17 06:05:41.813636 UTC"
"0DD300046C|1400|F1M1","2026-07-17 02:17:32.995343 UTC","L","2026-07-17 02:17:32.995343 UTC","0DD300046C","1400","F1M1","DL","","2023","02","","0","ST","0","0","0","0","0","0","0","0","0","0","0","00000000","20230216","Kassel","0DD300046C","F1M1","2026-07-17 06:05:41.813636 UTC"
"0DD300046K MBZ|1400|S0M1","2026-07-17 02:17:43.125366 UTC","L","2026-07-17 02:17:43.125366 UTC","0DD300046K MBZ","1400","S0M1","D","","2023","10","","0","ST","0","0","0","0","0","0","0","0","0","0","0","00000000","20230601","Kassel","0DD300046K MBZ","S0M1","2026-07-17 06:05:41.813636 UTC"
"0DD300046M|1400|F4M1","2026-07-17 02:17:32.995343 UTC","L","2026-07-17 02:17:32.995343 UTC","0DD300046M","1400","F4M1","DL","","2023","02","","0","ST","0","0","0","0","0","0","0","0","0","0","0","00000000","20230216","Kassel","0DD300046M","F4M1","2026-07-17 06:05:41.813636 UTC"
"0DD300046R|1400|S1M1","2026-07-17 02:17:53.120606 UTC","L","2026-07-17 02:17:53.120606 UTC","0DD300046R","1400","S1M1","DL","","2023","12","","0","ST","0","0","0","0","0","0","0","0","0","0","0","00000000","20230322","Kassel","0DD300046R","S1M1","2026-07-17 06:05:41.813636 UTC"
"0DD300047G|1400|S6M1","2026-07-17 02:17:32.995343 UTC","L","2026-07-17 02:17:32.995343 UTC","0DD300047G","1400","S6M1","DL","","2023","11","","0","ST","0","0","0","0","0","0","0","0","0","0","0","00000000","20231117","Kassel","0DD300047G","S6M1","2026-07-17 06:05:41.813636 UTC"
"0DD300048B|1400|XNM3","2026-07-17 02:17:53.120606 UTC","L","2026-07-17 02:17:53.120606 UTC","0DD300048B","1400","XNM3","DL","","2025","03","","0","ST","0","0","0","0","0","0","0","0","0","0","0","00000000","20250314","Kassel","0DD300048B","XNM3","2026-07-17 06:05:41.813636 UTC"
"0DD300048E|1400|S6M1","2026-07-17 02:17:53.120606 UTC","L","2026-07-17 02:17:53.120606 UTC","0DD300048E","1400","S6M1","DL","","2025","09","","0","ST","0","0","0","0","0","0","0","0","0","0","0","00000000","20250917","Kassel","0DD300048E","S6M1","2026-07-17 06:05:41.813636 UTC"
"0DD300048F|1400|XDM1","2026-07-17 02:17:43.125366 UTC","L","2026-07-17 02:17:43.125366 UTC","0DD300048F","1400","XDM1","DL","","2026","02","","0","ST","0","0","0","0","0","0","0","0","0","0","0","00000000","20260206","Kassel","0DD300048F","XDM1","2026-07-17 06:05:41.813636 UTC"
"0DD311159B       0340|1400|FBM1","2026-07-17 02:17:22.915108 UTC","L","2026-07-17 02:17:22.915108 UTC","0DD311159B       0340","1400","FBM1","DL","","2024","04","","0","ST","0","0","0","0","0","0","0","0","0","0","0","00000000","20240404","Kassel","0DD311159B       0340","FBM1","2026-07-17 06:05:41.813636 UTC"
"0DD300040D|1400|S1M1","2026-07-17 02:17:32.995343 UTC","L","2026-07-17 02:17:32.995343 UTC","0DD300040D","1400","S1M1","DL","","2025","08","","0","ST","0","0","0","0","0","0","0","0","0","0","0","00000000","20230216","Kassel","0DD300040D","S1M1","2026-07-17 06:05:41.813636 UTC"
"0DD300047J|1400|F759","2026-07-17 02:17:43.125366 UTC","L","2026-07-17 02:17:43.125366 UTC","0DD300047J","1400","F759","DL","","2026","06","","0","ST","0","0","0","0","0","0","0","0","0","0","0","00000000","20240430","Kassel","0DD300047J","F759","2026-07-17 06:05:41.813636 UTC"
"0DD300048A|1400|S6M1","2026-07-17 02:17:53.120606 UTC","L","2026-07-17 02:17:53.120606 UTC","0DD300048A","1400","S6M1","DL","","2025","03","","0","ST","0","0","0","0","0","0","0","0","0","0","0","00000000","20250324","Kassel","0DD300048A","S6M1","2026-07-17 06:05:41.813636 UTC"
"0DD300048G|1400|XZM1","2026-07-17 02:17:43.125366 UTC","L","2026-07-17 02:17:43.125366 UTC","0DD300048G","1400","XZM1","DL","","2025","11","","0","ST","0","0","0","0","0","0","0","0","0","0","0","00000000","20251114","Kassel","0DD300048G","XZM1","2026-07-17 06:05:41.813636 UTC"
"0DD311158B|1400|F761","2026-07-17 02:17:43.125366 UTC","L","2026-07-17 02:17:43.125366 UTC","0DD311158B","1400","F761","DL","","2025","02","","0","ST","0","0","0","0","0","0","0","0","0","0","0","00000000","20241216","Kassel","0DD311158B","F761","2026-07-17 06:05:41.813636 UTC"
"0DD300046H|1400|XNM3","2026-07-17 02:17:32.995343 UTC","L","2026-07-17 02:17:32.995343 UTC","0DD300046H","1400","XNM3","DL","","2024","04","","0","ST","0","0","0","0","0","0","0","0","0","0","0","00000000","20230216","Kassel","0DD300046H","XNM3","2026-07-17 06:05:41.813636 UTC"
"0DD300046L|1400|FBM1","2026-07-17 02:17:32.995343 UTC","L","2026-07-17 02:17:32.995343 UTC","0DD300046L","1400","FBM1","DL","","2023","02","","0","ST","0","0","0","0","0","0","0","0","0","0","0","00000000","20230216","Kassel","0DD300046L","FBM1","2026-07-17 06:05:41.813636 UTC"
"0DD300046M|1400|S1M1","2026-07-17 02:17:32.995343 UTC","L","2026-07-17 02:17:32.995343 UTC","0DD300046M","1400","S1M1","DL","","2026","07","","14","ST","0","0","0","0","0","0","0","0","0","0","0","00000000","20230216","Kassel","0DD300046M","S1M1","2026-07-17 06:05:41.813636 UTC"
"0DD300046T|1400|BN03","2026-07-17 02:17:22.915108 UTC","L","2026-07-17 02:17:22.915108 UTC","0DD300046T","1400","BN03","DL","","2025","07","","0","ST","0","0","0","0","0","0","0","0","0","0","0","00000000","20240123","Kassel","0DD300046T","BN03","2026-07-17 06:05:41.813636 UTC"
"0DD300047E|1400|S6M1","2026-07-17 02:17:22.915108 UTC","L","2026-07-17 02:17:22.915108 UTC","0DD300047E","1400","S6M1","DL","","2024","10","","0","ST","0","0","0","0","0","0","0","0","0","0","0","00000000","20241021","Kassel","0DD300047E","S6M1","2026-07-17 06:05:41.813636 UTC"
"0DD300047N|1400|S1M1","2026-07-17 02:17:22.915108 UTC","L","2026-07-17 02:17:22.915108 UTC","0DD300047N","1400","S1M1","DL","","2025","03","","0","ST","0","0","0","0","0","0","0","0","0","0","0","00000000","20240710","Kassel","0DD300047N","S1M1","2026-07-17 06:05:41.813636 UTC"
"0DD300046E|1400|BN03","2026-07-17 02:17:43.125366 UTC","L","2026-07-17 02:17:43.125366 UTC","0DD300046E","1400","BN03","DL","","2024","09","","0","ST","0","0","0","0","0","0","0","0","0","0","0","00000000","20240123","Kassel","0DD300046E","BN03","2026-07-17 06:05:41.813636 UTC"
"0DD300046S|1400|XDM1","2026-07-17 02:17:32.995343 UTC","L","2026-07-17 02:17:32.995343 UTC","0DD300046S","1400","XDM1","DL","","2025","08","","0","ST","0","0","0","0","0","0","0","0","0","0","0","00000000","20221024","Kassel","0DD300046S","XDM1","2026-07-17 06:05:41.813636 UTC"
"0DD300047Q|1400|D0M1","2026-07-17 02:17:12.966977 UTC","L","2026-07-17 02:17:12.966977 UTC","0DD300047Q","1400","D0M1","DL","","2026","05","","0","ST","0","0","0","0","0","0","0","0","0","0","0","00000000","20240515","Kassel","0DD300047Q","D0M1","2026-07-17 06:05:41.813636 UTC"
"0DD311158C|1400|XDM1","2026-07-17 02:17:32.995343 UTC","L","2026-07-17 02:17:32.995343 UTC","0DD311158C","1400","XDM1","DL","","2022","10","","0","ST","0","0","0","0","0","0","0","0","0","0","0","00000000","20221024","Kassel","0DD311158C","XDM1","2026-07-17 06:05:41.813636 UTC"
"0DD311158C|1400|XNM3","2026-07-17 02:17:32.995343 UTC","L","2026-07-17 02:17:32.995343 UTC","0DD311158C","1400","XNM3","DL","","2023","02","","0","ST","0","0","0","0","0","0","0","0","0","0","0","00000000","20230216","Kassel","0DD311158C","XNM3","2026-07-17 06:05:41.813636 UTC"
"0DD311159B       0340|1400|F761","2026-07-17 02:17:43.125366 UTC","L","2026-07-17 02:17:43.125366 UTC","0DD311159B       0340","1400","F761","DL","","2026","07","","5080","ST","0","0","0","0","0","0","0","0","0","0","0","00000000","20240502","Kassel","0DD311159B       0340","F761","2026-07-17 06:05:41.813636 UTC"
"0DD300046F|1400|F759","2026-07-17 02:17:32.995343 UTC","L","2026-07-17 02:17:32.995343 UTC","0DD300046F","1400","F759","DL","","2026","02","","0","ST","0","0","0","0","0","0","0","0","0","0","0","00000000","20240430","Kassel","0DD300046F","F759","2026-07-17 06:05:41.813636 UTC"
"0DD300046K|1400|XNM2","2026-07-17 02:17:32.995343 UTC","L","2026-07-17 02:17:32.995343 UTC","0DD300046K","1400","XNM2","DL","","2023","10","","0","ST","0","0","0","0","0","0","0","0","0","0","0","00000000","20221024","Kassel","0DD300046K","XNM2","2026-07-17 06:05:41.813636 UTC"
"0DD300047E|1400|XDM1","2026-07-17 02:17:32.995343 UTC","L","2026-07-17 02:17:32.995343 UTC","0DD300047E","1400","XDM1","DL","","2024","08","","0","ST","0","0","0","0","0","0","0","0","0","0","0","00000000","20240820","Kassel","0DD300047E","XDM1","2026-07-17 06:05:41.813636 UTC"
"0DD300048J|1400|XNM1","2026-07-17 02:17:53.120606 UTC","L","2026-07-17 02:17:53.120606 UTC","0DD300048J","1400","XNM1","DL","","2026","05","","0","ST","0","0","0","0","0","0","0","0","0","0","0","00000000","20260505","Kassel","0DD300048J","XNM1","2026-07-17 06:05:41.813636 UTC"
"0DD311159B       0340|1400|W0M6","2026-07-17 02:17:22.915108 UTC","L","2026-07-17 02:17:22.915108 UTC","0DD311159B       0340","1400","W0M6","DL","","2024","04","","0","ST","0","0","0","0","0","0","0","0","0","0","0","00000000","20240404","Kassel","0DD311159B       0340","W0M6","2026-07-17 06:05:41.813636 UTC"
"0DD300047E|1400|XNM2","2026-07-17 02:17:32.995343 UTC","L","2026-07-17 02:17:32.995343 UTC","0DD300047E","1400","XNM2","DL","","2024","08","","0","ST","0","0","0","0","0","0","0","0","0","0","0","00000000","20240820","Kassel","0DD300047E","XNM2","2026-07-17 06:05:41.813636 UTC"
"0DD300048|1400|F6M1","2026-07-17 02:17:22.915108 UTC","L","2026-07-17 02:17:22.915108 UTC","0DD300048","1400","F6M1","DL","","2024","08","","0","ST","0","0","0","0","0","0","0","0","0","0","0","00000000","20240805","Kassel","0DD300048","F6M1","2026-07-17 06:05:41.813636 UTC"
"0DD311159B       0200|1400|FBM1","2026-07-17 02:17:22.915108 UTC","L","2026-07-17 02:17:22.915108 UTC","0DD311159B       0200","1400","FBM1","DL","","2024","04","","0","ST","0","0","0","0","0","0","0","0","0","0","0","00000000","20240404","Kassel","0DD311159B       0200","FBM1","2026-07-17 06:05:41.813636 UTC"
"0DD311159B ANG|1400|XNRI","2026-07-17 02:17:53.120606 UTC","L","2026-07-17 02:17:53.120606 UTC","0DD311159B ANG","1400","XNRI","DL","","2025","05","","0","ST","0","0","0","0","0","0","0","0","0","0","0","00000000","20250505","Kassel","0DD311159B ANG","XNRI","2026-07-17 06:05:41.813636 UTC"
"0DD311159D|1400|XNM2","2026-07-17 02:17:32.995343 UTC","L","2026-07-17 02:17:32.995343 UTC","0DD311159D","1400","XNM2","DL","","2022","10","","0","ST","0","0","0","0","0","0","0","0","0","0","0","00000000","20221024","Kassel","0DD311159D","XNM2","2026-07-17 06:05:41.813636 UTC"
"0DD300046K|1400|F1M1","2026-07-17 02:17:32.995343 UTC","L","2026-07-17 02:17:32.995343 UTC","0DD300046K","1400","F1M1","DL","","2023","02","","0","ST","0","0","0","0","0","0","0","0","0","0","0","00000000","20230216","Kassel","0DD300046K","F1M1","2026-07-17 06:05:41.813636 UTC"
"0DD300046P|1400|F4M1","2026-07-17 02:17:32.995343 UTC","L","2026-07-17 02:17:32.995343 UTC","0DD300046P","1400","F4M1","DL","","2023","02","","0","ST","0","0","0","0","0","0","0","0","0","0","0","00000000","20230216","Kassel","0DD300046P","F4M1","2026-07-17 06:05:41.813636 UTC"
"0DD300046P|1400|S0M6","2026-07-17 02:17:32.995343 UTC","L","2026-07-17 02:17:32.995343 UTC","0DD300046P","1400","S0M6","DL","","2023","02","","0","ST","0","0","0","0","0","0","0","0","0","0","0","00000000","20230216","Kassel","0DD300046P","S0M6","2026-07-17 06:05:41.813636 UTC"
"0DD300047N|1400|XDM1","2026-07-17 02:17:22.915108 UTC","L","2026-07-17 02:17:22.915108 UTC","0DD300047N","1400","XDM1","DL","","2024","06","","0","ST","0","0","0","0","0","0","0","0","0","0","0","00000000","20240624","Kassel","0DD300047N","XDM1","2026-07-17 06:05:41.813636 UTC"
"0DD300047S|1400|XZM1","2026-07-17 02:17:22.915108 UTC","L","2026-07-17 02:17:22.915108 UTC","0DD300047S","1400","XZM1","DL","","2024","07","","0","ST","0","0","0","0","0","0","0","0","0","0","0","00000000","20240703","Kassel","0DD300047S","XZM1","2026-07-17 06:05:41.813636 UTC"
"0DD311158B|1400|W0M6","2026-07-17 02:17:32.995343 UTC","L","2026-07-17 02:17:32.995343 UTC","0DD311158B","1400","W0M6","DL","","2023","02","","0","ST","0","0","0","0","0","0","0","0","0","0","0","00000000","20230216","Kassel","0DD311158B","W0M6","2026-07-17 06:05:41.813636 UTC"
"0DD300046E|1400|S1M1","2026-07-17 02:17:32.995343 UTC","L","2026-07-17 02:17:32.995343 UTC","0DD300046E","1400","S1M1","DL","","2026","03","","1","ST","0","0","0","0","0","0","0","0","0","0","0","00000000","20230216","Kassel","0DD300046E","S1M1","2026-07-17 06:05:41.813636 UTC"
"0DD300046E|1400|XN12","2026-07-17 02:17:43.125366 UTC","L","2026-07-17 02:17:43.125366 UTC","0DD300046E","1400","XN12","DL","","2026","05","","2","ST","0","0","0","0","0","0","0","0","0","0","0","00000000","20240515","Kassel","0DD300046E","XN12","2026-07-17 06:05:41.813636 UTC"
"0DD300046L|1400|F4M1","2026-07-17 02:17:32.995343 UTC","L","2026-07-17 02:17:32.995343 UTC","0DD300046L","1400","F4M1","DL","","2023","02","","0","ST","0","0","0","0","0","0","0","0","0","0","0","00000000","20230216","Kassel","0DD300046L","F4M1","2026-07-17 06:05:41.813636 UTC"
"0DD300046Q|1400|XNM3","2026-07-17 02:17:53.120606 UTC","L","2026-07-17 02:17:53.120606 UTC","0DD300046Q","1400","XNM3","DL","","2024","09","","0","ST","0","0","0","0","0","0","0","0","0","0","0","00000000","20230215","Kassel","0DD300046Q","XNM3","2026-07-17 06:05:41.813636 UTC"
"0DD300046T|1400|XNM3","2026-07-17 02:17:32.995343 UTC","L","2026-07-17 02:17:32.995343 UTC","0DD300046T","1400","XNM3","DL","","2024","09","","0","ST","0","0","0","0","0","0","0","0","0","0","0","00000000","20230216","Kassel","0DD300046T","XNM3","2026-07-17 06:05:41.813636 UTC"
"0DD300047D|1400|XZM1","2026-07-17 02:17:32.995343 UTC","L","2026-07-17 02:17:32.995343 UTC","0DD300047D","1400","XZM1","DL","","2024","08","","0","ST","0","0","0","0","0","0","0","0","0","0","0","00000000","20240820","Kassel","0DD300047D","XZM1","2026-07-17 06:05:41.813636 UTC"
"0DD300047F|1400|F759","2026-07-17 02:17:22.915108 UTC","L","2026-07-17 02:17:22.915108 UTC","0DD300047F","1400","F759","DL","","2026","07","","0","ST","0","0","0","0","0","0","0","0","0","0","0","00000000","20241021","Kassel","0DD300047F","F759","2026-07-17 06:05:41.813636 UTC"
"0DD300047N|1400|BN03","2026-07-17 02:17:43.125366 UTC","L","2026-07-17 02:17:43.125366 UTC","0DD300047N","1400","BN03","DL","","2025","05","","0","ST","0","0","0","0","0","0","0","0","0","0","0","00000000","20250218","Kassel","0DD300047N","BN03","2026-07-17 06:05:41.813636 UTC"
"0DD300048F|1400|XZM1","2026-07-17 02:17:43.125366 UTC","L","2026-07-17 02:17:43.125366 UTC","0DD300048F","1400","XZM1","DL","","2026","02","","0","ST","0","0","0","0","0","0","0","0","0","0","0","00000000","20260206","Kassel","0DD300048F","XZM1","2026-07-17 06:05:41.813636 UTC"
"0DD311159B       0200|1400|F1M1","2026-07-17 02:17:22.915108 UTC","L","2026-07-17 02:17:22.915108 UTC","0DD311159B       0200","1400","F1M1","DL","","2024","04","","0","ST","0","0","0","0","0","0","0","0","0","0","0","00000000","20240404","Kassel","0DD311159B       0200","F1M1","2026-07-17 06:05:41.813636 UTC"
"0DD311159B       0200|1400|XZM1","2026-07-17 02:17:22.915108 UTC","L","2026-07-17 02:17:22.915108 UTC","0DD311159B       0200","1400","XZM1","DL","","2024","04","","0","ST","0","0","0","0","0","0","0","0","0","0","0","00000000","20240404","Kassel","0DD311159B       0200","XZM1","2026-07-17 06:05:41.813636 UTC"
"0DD300040E|1400|XNM2","2026-07-17 02:17:32.995343 UTC","L","2026-07-17 02:17:32.995343 UTC","0DD300040E","1400","XNM2","DL","","2022","10","","0","ST","0","0","0","0","0","0","0","0","0","0","0","00000000","20221024","Kassel","0DD300040E","XNM2","2026-07-17 06:05:41.813636 UTC"
"0DD300046R|1400|XDM1","2026-07-17 02:17:32.995343 UTC","L","2026-07-17 02:17:32.995343 UTC","0DD300046R","1400","XDM1","DL","","2023","10","","0","ST","0","0","0","0","0","0","0","0","0","0","0","00000000","20221024","Kassel","0DD300046R","XDM1","2026-07-17 06:05:41.813636 UTC"
"0DD300046R|1400|XZM1","2026-07-17 02:17:32.995343 UTC","L","2026-07-17 02:17:32.995343 UTC","0DD300046R","1400","XZM1","DL","","2022","10","","0","ST","0","0","0","0","0","0","0","0","0","0","0","00000000","20221024","Kassel","0DD300046R","XZM1","2026-07-17 06:05:41.813636 UTC"
"0DD300047G|1400|XDM1","2026-07-17 02:17:32.995343 UTC","L","2026-07-17 02:17:32.995343 UTC","0DD300047G","1400","XDM1","DL","","2023","09","","0","ST","0","0","0","0","0","0","0","0","0","0","0","00000000","20230921","Kassel","0DD300047G","XDM1","2026-07-17 06:05:41.813636 UTC"
"0DD300047R|1400|XDM1","2026-07-17 02:17:22.915108 UTC","L","2026-07-17 02:17:22.915108 UTC","0DD300047R","1400","XDM1","DL","","2024","05","","0","ST","0","0","0","0","0","0","0","0","0","0","0","00000000","20240515","Kassel","0DD300047R","XDM1","2026-07-17 06:05:41.813636 UTC"
"0DD300048D|1400|S6M1","2026-07-17 02:17:53.120606 UTC","L","2026-07-17 02:17:53.120606 UTC","0DD300048D","1400","S6M1","DL","","2025","06","","0","ST","0","0","0","0","0","0","0","0","0","0","0","00000000","20250630","Kassel","0DD300048D","S6M1","2026-07-17 06:05:41.813636 UTC"
"0DD311159C    DRA|1400|XNM1","2026-07-17 02:17:32.995343 UTC","L","2026-07-17 02:17:32.995343 UTC","0DD311159C    DRA","1400","XNM1","DL","","2022","10","","0","ST","0","0","0","0","0","0","0","0","0","0","0","00000000","20221024","Kassel","0DD311159C    DRA","XNM1","2026-07-17 06:05:41.813636 UTC"
"0DD300040D|1400|F759","2026-07-17 02:17:43.125366 UTC","L","2026-07-17 02:17:43.125366 UTC","0DD300040D","1400","F759","DL","","2025","07","","0","ST","0","0","0","0","0","0","0","0","0","0","0","00000000","20240603","Kassel","0DD300040D","F759","2026-07-17 06:05:41.813636 UTC"
"0DD300046C|1400|XNM2","2026-07-17 02:17:32.995343 UTC","L","2026-07-17 02:17:32.995343 UTC","0DD300046C","1400","XNM2","DL","","2022","10","","0","ST","0","0","0","0","0","0","0","0","0","0","0","00000000","20221024","Kassel","0DD300046C","XNM2","2026-07-17 06:05:41.813636 UTC"
"0DD300046F|1400|XDM1","2026-07-17 02:17:32.995343 UTC","L","2026-07-17 02:17:32.995343 UTC","0DD300046F","1400","XDM1","DL","","2022","10","","0","ST","0","0","0","0","0","0","0","0","0","0","0","00000000","20221024","Kassel","0DD300046F","XDM1","2026-07-17 06:05:41.813636 UTC"
"0DD300046N|1400|F6M1","2026-07-17 02:17:53.120606 UTC","L","2026-07-17 02:17:53.120606 UTC","0DD300046N","1400","F6M1","DL","","2024","04","","0","ST","0","0","0","0","0","0","0","0","0","0","0","00000000","20230330","Kassel","0DD300046N","F6M1","2026-07-17 06:05:41.813636 UTC"
"0DD300046N|1400|XNM1","2026-07-17 02:17:53.120606 UTC","L","2026-07-17 02:17:53.120606 UTC","0DD300046N","1400","XNM1","DL","","2024","11","","0","ST","0","0","0","0","0","0","0","0","0","0","0","00000000","20230215","Kassel","0DD300046N","XNM1","2026-07-17 06:05:41.813636 UTC"
"0DD300047B|1400|XZM1","2026-07-17 02:17:53.120606 UTC","L","2026-07-17 02:17:53.120606 UTC","0DD300047B","1400","XZM1","DL","","2023","03","","0","ST","0","0","0","0","0","0","0","0","0","0","0","00000000","20230315","Kassel","0DD300047B","XZM1","2026-07-17 06:05:41.813636 UTC"
"0DD300047J|1400|XZM1","2026-07-17 02:17:22.915108 UTC","L","2026-07-17 02:17:22.915108 UTC","0DD300047J","1400","XZM1","DL","","2024","01","","0","ST","0","0","0","0","0","0","0","0","0","0","0","00000000","20240103","Kassel","0DD300047J","XZM1","2026-07-17 06:05:41.813636 UTC"
"0DD311159B    DRA|1400|FAM5","2026-07-17 02:17:53.120606 UTC","L","2026-07-17 02:17:53.120606 UTC","0DD311159B    DRA","1400","FAM5","DL","","2025","05","","0","ST","0","0","0","0","0","0","0","0","0","0","0","00000000","20250508","Kassel","0DD311159B    DRA","FAM5","2026-07-17 06:05:41.813636 UTC"
"0DD311159C    DRA|1400|FAM4","2026-07-17 02:17:53.120606 UTC","L","2026-07-17 02:17:53.120606 UTC","0DD311159C    DRA","1400","FAM4","DL","","2025","05","","0","ST","0","0","0","0","0","0","0","0","0","0","0","00000000","20250508","Kassel","0DD311159C    DRA","FAM4","2026-07-17 06:05:41.813636 UTC"
"0DD300046E|1400|F1M1","2026-07-17 02:17:32.995343 UTC","L","2026-07-17 02:17:32.995343 UTC","0DD300046E","1400","F1M1","DL","","2023","02","","0","ST","0","0","0","0","0","0","0","0","0","0","0","00000000","20230216","Kassel","0DD300046E","F1M1","2026-07-17 06:05:41.813636 UTC"
"0DD300046E|1400|S6M1","2026-07-17 02:17:32.995343 UTC","L","2026-07-17 02:17:32.995343 UTC","0DD300046E","1400","S6M1","DL","","2023","02","","0","ST","0","0","0","0","0","0","0","0","0","0","0","00000000","20230216","Kassel","0DD300046E","S6M1","2026-07-17 06:05:41.813636 UTC"
"0DD300046M|1400|W0M6","2026-07-17 02:17:32.995343 UTC","L","2026-07-17 02:17:32.995343 UTC","0DD300046M","1400","W0M6","DL","","2023","02","","0","ST","0","0","0","0","0","0","0","0","0","0","0","00000000","20230216","Kassel","0DD300046M","W0M6","2026-07-17 06:05:41.813636 UTC"
"0DD300046N|1400|F759","2026-07-17 02:17:43.125366 UTC","L","2026-07-17 02:17:43.125366 UTC","0DD300046N","1400","F759","DL","","2024","10","","0","ST","0","0","0","0","0","0","0","0","0","0","0","00000000","20240430","Kassel","0DD300046N","F759","2026-07-17 06:05:41.813636 UTC"
"0DD300046S|1400|S4M1","2026-07-17 02:17:32.995343 UTC","L","2026-07-17 02:17:32.995343 UTC","0DD300046S","1400","S4M1","DL","","2023","02","","0","ST","0","0","0","0","0","0","0","0","0","0","0","00000000","20230216","Kassel","0DD300046S","S4M1","2026-07-17 06:05:41.813636 UTC"
"0DD300047L|1400|XNM1","2026-07-17 02:17:22.915108 UTC","L","2026-07-17 02:17:22.915108 UTC","0DD300047L","1400","XNM1","DL","","2024","06","","0","ST","0","0","0","0","0","0","0","0","0","0","0","00000000","20240103","Kassel","0DD300047L","XNM1","2026-07-17 06:05:41.813636 UTC"
"0DD300047P|1400|XDM1","2026-07-17 02:17:32.995343 UTC","L","2026-07-17 02:17:32.995343 UTC","0DD300047P","1400","XDM1","DL","","2024","06","","0","ST","0","0","0","0","0","0","0","0","0","0","0","00000000","20240605","Kassel","0DD300047P","XDM1","2026-07-17 06:05:41.813636 UTC"
"0DD300048A|1400|S1M1","2026-07-17 02:17:53.120606 UTC","L","2026-07-17 02:17:53.120606 UTC","0DD300048A","1400","S1M1","DL","","2026","07","","29","ST","0","0","0","0","0","0","0","0","0","0","0","00000000","20250324","Kassel","0DD300048A","S1M1","2026-07-17 06:05:41.813636 UTC"
"0DD300048G|1400|D0M1","2026-07-17 02:17:43.125366 UTC","L","2026-07-17 02:17:43.125366 UTC","0DD300048G","1400","D0M1","DL","","2026","05","","0","ST","0","0","0","0","0","0","0","0","0","0","0","00000000","20251114","Kassel","0DD300048G","D0M1","2026-07-17 06:05:41.813636 UTC"
"0DD300048J|1400|XN12","2026-07-17 02:17:53.120606 UTC","L","2026-07-17 02:17:53.120606 UTC","0DD300048J","1400","XN12","DL","","2026","07","","2","ST","0","0","0","0","0","0","0","0","0","0","0","00000000","20260511","Kassel","0DD300048J","XN12","2026-07-17 06:05:41.813636 UTC"
"0DD311159C|1400|XNM1","2026-07-17 02:17:32.995343 UTC","L","2026-07-17 02:17:32.995343 UTC","0DD311159C","1400","XNM1","DL","","2022","10","","0","ST","0","0","0","0","0","0","0","0","0","0","0","00000000","20221024","Kassel","0DD311159C","XNM1","2026-07-17 06:05:41.813636 UTC"
"0DD300046F|1400|D0M1","2026-07-17 02:17:32.995343 UTC","L","2026-07-17 02:17:32.995343 UTC","0DD300046F","1400","D0M1","DL","","2026","03","","0","ST","0","0","0","0","0","0","0","0","0","0","0","00000000","20221024","Kassel","0DD300046F","D0M1","2026-07-17 06:05:41.813636 UTC"
"0DD300046J|1400|BN99","2026-07-17 02:17:53.120606 UTC","L","2026-07-17 02:17:53.120606 UTC","0DD300046J","1400","BN99","DL","X","2025","07","","0","ST","0","0","0","0","0","0","0","0","0","0","0","00000000","20250228","Kassel","0DD300046J","BN99","2026-07-17 06:05:41.813636 UTC"
"0DD300046S|1400|F1M1","2026-07-17 02:17:32.995343 UTC","L","2026-07-17 02:17:32.995343 UTC","0DD300046S","1400","F1M1","DL","","2023","02","","0","ST","0","0","0","0","0","0","0","0","0","0","0","00000000","20230216","Kassel","0DD300046S","F1M1","2026-07-17 06:05:41.813636 UTC"
"0DD300047A|1400|S6M1","2026-07-17 02:17:53.120606 UTC","L","2026-07-17 02:17:53.120606 UTC","0DD300047A","1400","S6M1","DL","","2023","03","","0","ST","0","0","0","0","0","0","0","0","0","0","0","00000000","20230315","Kassel","0DD300047A","S6M1","2026-07-17 06:05:41.813636 UTC"
"0DD300047L|1400|F759","2026-07-17 02:17:43.125366 UTC","L","2026-07-17 02:17:43.125366 UTC","0DD300047L","1400","F759","DL","","2024","10","","0","ST","0","0","0","0","0","0","0","0","0","0","0","00000000","20240430","Kassel","0DD300047L","F759","2026-07-17 06:05:41.813636 UTC"
"0DD300047T|1400|XNM3","2026-07-17 02:17:22.915108 UTC","L","2026-07-17 02:17:22.915108 UTC","0DD300047T","1400","XNM3","DL","","2024","09","","0","ST","0","0","0","0","0","0","0","0","0","0","0","00000000","20240703","Kassel","0DD300047T","XNM3","2026-07-17 06:05:41.813636 UTC"
"0DD300048|1400|D0M1","2026-07-17 02:17:12.966977 UTC","L","2026-07-17 02:17:12.966977 UTC","0DD300048","1400","D0M1","DL","","2026","06","","0","ST","0","0","0","0","0","0","0","0","0","0","0","00000000","20240703","Kassel","0DD300048","D0M1","2026-07-17 06:05:41.813636 UTC"
"0DD311158C|1400|S0M6","2026-07-17 02:17:32.995343 UTC","L","2026-07-17 02:17:32.995343 UTC","0DD311158C","1400","S0M6","DL","","2023","02","","0","ST","0","0","0","0","0","0","0","0","0","0","0","00000000","20230216","Kassel","0DD311158C","S0M6","2026-07-17 06:05:41.813636 UTC"
"0DD300040C|1400|XN12","2026-07-17 02:17:43.125366 UTC","L","2026-07-17 02:17:43.125366 UTC","0DD300040C","1400","XN12","DL","","2025","07","","0","ST","0","0","0","0","0","0","0","0","0","0","0","00000000","20240514","Kassel","0DD300040C","XN12","2026-07-17 06:05:41.813636 UTC"
"0DD300046F|1400|S6M1","2026-07-17 02:17:32.995343 UTC","L","2026-07-17 02:17:32.995343 UTC","0DD300046F","1400","S6M1","DL","","2023","02","","0","ST","0","0","0","0","0","0","0","0","0","0","0","00000000","20230216","Kassel","0DD300046F","S6M1","2026-07-17 06:05:41.813636 UTC"
"0DD300046H|1400|XNM1","2026-07-17 02:17:32.995343 UTC","L","2026-07-17 02:17:32.995343 UTC","0DD300046H","1400","XNM1","DL","","2025","07","","0","ST","0","0","0","0","0","0","0","0","0","0","0","00000000","20221024","Kassel","0DD300046H","XNM1","2026-07-17 06:05:41.813636 UTC"
"0DD300046M|1400|F1M1","2026-07-17 02:17:32.995343 UTC","L","2026-07-17 02:17:32.995343 UTC","0DD300046M","1400","F1M1","DL","","2023","02","","0","ST","0","0","0","0","0","0","0","0","0","0","0","00000000","20230216","Kassel","0DD300046M","F1M1","2026-07-17 06:05:41.813636 UTC"
"0DD300046M|1400|XNM2","2026-07-17 02:17:32.995343 UTC","L","2026-07-17 02:17:32.995343 UTC","0DD300046M","1400","XNM2","DL","","2022","10","","0","ST","0","0","0","0","0","0","0","0","0","0","0","00000000","20221024","Kassel","0DD300046M","XNM2","2026-07-17 06:05:41.813636 UTC"
"0DD300046P|1400|XNM1","2026-07-17 02:17:32.995343 UTC","L","2026-07-17 02:17:32.995343 UTC","0DD300046P","1400","XNM1","DL","","2025","07","","0","ST","0","0","0","0","0","0","0","0","0","0","0","00000000","20221024","Kassel","0DD300046P","XNM1","2026-07-17 06:05:41.813636 UTC"
"0DD300047D|1400|S1M1","2026-07-17 02:17:22.915108 UTC","L","2026-07-17 02:17:22.915108 UTC","0DD300047D","1400","S1M1","DL","","2025","05","","0","ST","0","0","0","0","0","0","0","0","0","0","0","00000000","20241021","Kassel","0DD300047D","S1M1","2026-07-17 06:05:41.813636 UTC"
"0DD300047J|1400|XN12","2026-07-17 02:17:43.125366 UTC","L","2026-07-17 02:17:43.125366 UTC","0DD300047J","1400","XN12","DL","","2026","06","","0","ST","0","0","0","0","0","0","0","0","0","0","0","00000000","20240430","Kassel","0DD300047J","XN12","2026-07-17 06:05:41.813636 UTC"
"0DD300047K|1400|S1M1","2026-07-17 02:17:22.915108 UTC","L","2026-07-17 02:17:22.915108 UTC","0DD300047K","1400","S1M1","DL","","2026","07","","4","ST","0","0","0","0","0","0","0","0","0","0","0","00000000","20240109","Kassel","0DD300047K","S1M1","2026-07-17 06:05:41.813636 UTC"
"0DD300047L|1400|S1M1","2026-07-17 02:17:22.915108 UTC","L","2026-07-17 02:17:22.915108 UTC","0DD300047L","1400","S1M1","DL","","2024","11","","0","ST","0","0","0","0","0","0","0","0","0","0","0","00000000","20240109","Kassel","0DD300047L","S1M1","2026-07-17 06:05:41.813636 UTC"
"0DD300047R|1400|XNM3","2026-07-17 02:17:22.915108 UTC","L","2026-07-17 02:17:22.915108 UTC","0DD300047R","1400","XNM3","DL","","2024","05","","0","ST","0","0","0","0","0","0","0","0","0","0","0","00000000","20240515","Kassel","0DD300047R","XNM3","2026-07-17 06:05:41.813636 UTC"
"0DD300048G|1400|XNM3","2026-07-17 02:17:43.125366 UTC","L","2026-07-17 02:17:43.125366 UTC","0DD300048G","1400","XNM3","DL","","2025","11","","0","ST","0","0","0","0","0","0","0","0","0","0","0","00000000","20251114","Kassel","0DD300048G","XNM3","2026-07-17 06:05:41.813636 UTC"
"0DD300048H|1400|XNM2","2026-07-17 02:17:43.125366 UTC","L","2026-07-17 02:17:43.125366 UTC","0DD300048H","1400","XNM2","DL","","2026","02","","0","ST","0","0","0","0","0","0","0","0","0","0","0","00000000","20260206","Kassel","0DD300048H","XNM2","2026-07-17 06:05:41.813636 UTC"
"0DD300048|1400|XNM2","2026-07-17 02:17:22.915108 UTC","L","2026-07-17 02:17:22.915108 UTC","0DD300048","1400","XNM2","DL","","2024","07","","0","ST","0","0","0","0","0","0","0","0","0","0","0","00000000","20240703","Kassel","0DD300048","XNM2","2026-07-17 06:05:41.813636 UTC"
"0DD300048|1400|XNM3","2026-07-17 02:17:22.915108 UTC","L","2026-07-17 02:17:22.915108 UTC","0DD300048","1400","XNM3","DL","","2024","07","","0","ST","0","0","0","0","0","0","0","0","0","0","0","00000000","20240703","Kassel","0DD300048","XNM3","2026-07-17 06:05:41.813636 UTC"
"0DD311158B|1400|F4M1","2026-07-17 02:17:32.995343 UTC","L","2026-07-17 02:17:32.995343 UTC","0DD311158B","1400","F4M1","DL","","2023","02","","0","ST","0","0","0","0","0","0","0","0","0","0","0","00000000","20230216","Kassel","0DD311158B","F4M1","2026-07-17 06:05:41.813636 UTC"
"0DD300047H|1400|S6M1","2026-07-17 02:17:32.995343 UTC","L","2026-07-17 02:17:32.995343 UTC","0DD300047H","1400","S6M1","DL","","2023","11","","0","ST","0","0","0","0","0","0","0","0","0","0","0","00000000","20231117","Kassel","0DD300047H","S6M1","2026-07-17 06:05:41.813636 UTC"
"0DD300048G|1400|F3M1","2026-07-17 02:17:43.125366 UTC","L","2026-07-17 02:17:43.125366 UTC","0DD300048G","1400","F3M1","DL","","2025","12","","0","ST","0","0","0","0","0","0","0","0","0","0","0","00000000","20251212","Kassel","0DD300048G","F3M1","2026-07-17 06:05:41.813636 UTC"
"0DD300048G|1400|F759","2026-07-17 02:17:53.120606 UTC","L","2026-07-17 02:17:53.120606 UTC","0DD300048G","1400","F759","DL","","2026","06","","0","ST","0","0","0","0","0","0","0","0","0","0","0","00000000","20260511","Kassel","0DD300048G","F759","2026-07-17 06:05:41.813636 UTC"
"0DD300048J|1400|XNM2","2026-07-17 02:17:53.120606 UTC","L","2026-07-17 02:17:53.120606 UTC","0DD300048J","1400","XNM2","DL","","2026","05","","0","ST","0","0","0","0","0","0","0","0","0","0","0","00000000","20260505","Kassel","0DD300048J","XNM2","2026-07-17 06:05:41.813636 UTC"
"0DD300048|1400|XNQA","2026-07-17 02:17:43.125366 UTC","L","2026-07-17 02:17:43.125366 UTC","0DD300048","1400","XNQA","DL","","2026","02","","2","ST","0","0","0","0","0","0","0","0","0","0","0","00000000","20260219","Kassel","0DD300048","XNQA","2026-07-17 06:05:41.813636 UTC"
"0DD311159B|1400|XNM3","2026-07-17 02:17:32.995343 UTC","L","2026-07-17 02:17:32.995343 UTC","0DD311159B","1400","XNM3","DL","","2023","02","","0","ST","0","0","0","0","0","0","0","0","0","0","0","00000000","20230216","Kassel","0DD311159B","XNM3","2026-07-17 06:05:41.813636 UTC"
"0DD311159C|1400|S0M6","2026-07-17 02:17:32.995343 UTC","L","2026-07-17 02:17:32.995343 UTC","0DD311159C","1400","S0M6","DL","","2023","02","","0","ST","0","0","0","0","0","0","0","0","0","0","0","00000000","20230216","Kassel","0DD311159C","S0M6","2026-07-17 06:05:41.813636 UTC"
"0DD300046C|1400|F4M1","2026-07-17 02:17:32.995343 UTC","L","2026-07-17 02:17:32.995343 UTC","0DD300046C","1400","F4M1","DL","","2023","02","","0","ST","0","0","0","0","0","0","0","0","0","0","0","00000000","20230216","Kassel","0DD300046C","F4M1","2026-07-17 06:05:41.813636 UTC"
"0DD300046E|1400|F4M1","2026-07-17 02:17:32.995343 UTC","L","2026-07-17 02:17:32.995343 UTC","0DD300046E","1400","F4M1","DL","","2023","02","","0","ST","0","0","0","0","0","0","0","0","0","0","0","00000000","20230216","Kassel","0DD300046E","F4M1","2026-07-17 06:05:41.813636 UTC"
"0DD300046E|1400|FBM1","2026-07-17 02:17:32.995343 UTC","L","2026-07-17 02:17:32.995343 UTC","0DD300046E","1400","FBM1","DL","","2023","02","","0","ST","0","0","0","0","0","0","0","0","0","0","0","00000000","20230216","Kassel","0DD300046E","FBM1","2026-07-17 06:05:41.813636 UTC"
"0DD300046E|1400|S4M1","2026-07-17 02:17:32.995343 UTC","L","2026-07-17 02:17:32.995343 UTC","0DD300046E","1400","S4M1","DL","","2023","02","","0","ST","0","0","0","0","0","0","0","0","0","0","0","00000000","20230216","Kassel","0DD300046E","S4M1","2026-07-17 06:05:41.813636 UTC"
"0DD300046M|1400|S6M1","2026-07-17 02:17:32.995343 UTC","L","2026-07-17 02:17:32.995343 UTC","0DD300046M","1400","S6M1","DL","","2023","02","","0","ST","0","0","0","0","0","0","0","0","0","0","0","00000000","20230216","Kassel","0DD300046M","S6M1","2026-07-17 06:05:41.813636 UTC"
"0DD300047K|1400|XN99","2026-07-17 02:17:43.125366 UTC","L","2026-07-17 02:17:43.125366 UTC","0DD300047K","1400","XN99","DL","","2025","07","","0","ST","0","0","0","0","0","0","0","0","0","0","0","00000000","20241027","Kassel","0DD300047K","XN99","2026-07-17 06:05:41.813636 UTC"
"0DD300047M|1400|XDM1","2026-07-17 02:17:32.995343 UTC","L","2026-07-17 02:17:32.995343 UTC","0DD300047M","1400","XDM1","DL","","2024","06","","0","ST","0","0","0","0","0","0","0","0","0","0","0","00000000","20240605","Kassel","0DD300047M","XDM1","2026-07-17 06:05:41.813636 UTC"
"0DD300048E|1400|XDM1","2026-07-17 02:17:43.125366 UTC","L","2026-07-17 02:17:43.125366 UTC","0DD300048E","1400","XDM1","DL","","2025","09","","0","ST","0","0","0","0","0","0","0","0","0","0","0","00000000","20250909","Kassel","0DD300048E","XDM1","2026-07-17 06:05:41.813636 UTC"
"0DD311159B    DRA|1400|S6M1","2026-07-17 02:17:32.995343 UTC","L","2026-07-17 02:17:32.995343 UTC","0DD311159B    DRA","1400","S6M1","DL","","2022","12","","0","ST","0","0","0","0","0","0","0","0","0","0","0","00000000","20221221","Kassel","0DD311159B    DRA","S6M1","2026-07-17 06:05:41.813636 UTC"
"0DD311159C    DRA|1400|S6M1","2026-07-17 02:17:32.995343 UTC","L","2026-07-17 02:17:32.995343 UTC","0DD311159C    DRA","1400","S6M1","DL","","2022","12","","0","ST","0","0","0","0","0","0","0","0","0","0","0","00000000","20221221","Kassel","0DD311159C    DRA","S6M1","2026-07-17 06:05:41.813636 UTC"
"0DD311159D|1400|XNM3","2026-07-17 02:17:32.995343 UTC","L","2026-07-17 02:17:32.995343 UTC","0DD311159D","1400","XNM3","DL","","2023","02","","0","ST","0","0","0","0","0","0","0","0","0","0","0","00000000","20230216","Kassel","0DD311159D","XNM3","2026-07-17 06:05:41.813636 UTC"
"0DD300040E|1400|XDM1","2026-07-17 02:17:32.995343 UTC","L","2026-07-17 02:17:32.995343 UTC","0DD300040E","1400","XDM1","DL","","2022","10","","0","ST","0","0","0","0","0","0","0","0","0","0","0","00000000","20221024","Kassel","0DD300040E","XDM1","2026-07-17 06:05:41.813636 UTC"
"0DD300046E|1400|XDM1","2026-07-17 02:17:32.995343 UTC","L","2026-07-17 02:17:32.995343 UTC","0DD300046E","1400","XDM1","DL","","2022","10","","0","ST","0","0","0","0","0","0","0","0","0","0","0","00000000","20221024","Kassel","0DD300046E","XDM1","2026-07-17 06:05:41.813636 UTC"
"0DD300046F|1400|W0M6","2026-07-17 02:17:32.995343 UTC","L","2026-07-17 02:17:32.995343 UTC","0DD300046F","1400","W0M6","DL","","2023","02","","0","ST","0","0","0","0","0","0","0","0","0","0","0","00000000","20230216","Kassel","0DD300046F","W0M6","2026-07-17 06:05:41.813636 UTC"
"0DD300046J|1400|XDM1","2026-07-17 02:17:32.995343 UTC","L","2026-07-17 02:17:32.995343 UTC","0DD300046J","1400","XDM1","DL","","2025","09","","0","ST","0","0","0","0","0","0","0","0","0","0","0","00000000","20221024","Kassel","0DD300046J","XDM1","2026-07-17 06:05:41.813636 UTC"
"0DD300046K|1400|XN12","2026-07-17 02:17:43.125366 UTC","L","2026-07-17 02:17:43.125366 UTC","0DD300046K","1400","XN12","DL","","2026","07","","6","ST","0","0","0","0","0","0","0","0","0","0","0","00000000","20240430","Kassel","0DD300046K","XN12","2026-07-17 06:05:41.813636 UTC"
"0DD300046L|1400|BN03","2026-07-17 02:17:22.915108 UTC","L","2026-07-17 02:17:22.915108 UTC","0DD300046L","1400","BN03","DL","","2024","06","","0","ST","0","0","0","0","0","0","0","0","0","0","0","00000000","20240123","Kassel","0DD300046L","BN03","2026-07-17 06:05:41.813636 UTC"
"0DD300046M|1400|F759","2026-07-17 02:17:43.125366 UTC","L","2026-07-17 02:17:43.125366 UTC","0DD300046M","1400","F759","DL","","2026","07","","0","ST","0","0","0","0","0","0","0","0","0","0","0","00000000","20240514","Kassel","0DD300046M","F759","2026-07-17 06:05:41.813636 UTC"
"0DD300047N|1400|D0M1","2026-07-17 02:17:12.966977 UTC","L","2026-07-17 02:17:12.966977 UTC","0DD300047N","1400","D0M1","DL","","2025","03","","0","ST","0","0","0","0","0","0","0","0","0","0","0","00000000","20240624","Kassel","0DD300047N","D0M1","2026-07-17 06:05:41.813636 UTC"
"0DD311159B       0200|1400|S1M1","2026-07-17 02:17:22.915108 UTC","L","2026-07-17 02:17:22.915108 UTC","0DD311159B       0200","1400","S1M1","DL","","2024","04","","0","ST","0","0","0","0","0","0","0","0","0","0","0","00000000","20240404","Kassel","0DD311159B       0200","S1M1","2026-07-17 06:05:41.813636 UTC"
"0DD311159C    DRA|1400|W0M3","2026-07-17 02:17:32.995343 UTC","L","2026-07-17 02:17:32.995343 UTC","0DD311159C    DRA","1400","W0M3","DL","","2022","12","","0","ST","0","0","0","0","0","0","0","0","0","0","0","00000000","20221221","Kassel","0DD311159C    DRA","W0M3","2026-07-17 06:05:41.813636 UTC"
"0DD300046K MBZ|1400|S0M3","2026-07-17 02:17:43.125366 UTC","L","2026-07-17 02:17:43.125366 UTC","0DD300046K MBZ","1400","S0M3","DL","","2023","05","","0","ST","0","0","0","0","0","0","0","0","0","0","0","00000000","20230531","Kassel","0DD300046K MBZ","S0M3","2026-07-17 06:05:41.813636 UTC"
"0DD300046L|1400|XNM1","2026-07-17 02:17:32.995343 UTC","L","2026-07-17 02:17:32.995343 UTC","0DD300046L","1400","XNM1","DL","","2024","03","","0","ST","0","0","0","0","0","0","0","0","0","0","0","00000000","20221024","Kassel","0DD300046L","XNM1","2026-07-17 06:05:41.813636 UTC"
"0DD300047H|1400|D0M1","2026-07-17 02:17:32.995343 UTC","L","2026-07-17 02:17:32.995343 UTC","0DD300047H","1400","D0M1","DL","","2024","03","","0","ST","0","0","0","0","0","0","0","0","0","0","0","00000000","20230921","Kassel","0DD300047H","D0M1","2026-07-17 06:05:41.813636 UTC"
"0DD300047J|1400|F6M1","2026-07-17 02:17:22.915108 UTC","L","2026-07-17 02:17:22.915108 UTC","0DD300047J","1400","F6M1","DL","","2024","04","","0","ST","0","0","0","0","0","0","0","0","0","0","0","00000000","20240109","Kassel","0DD300047J","F6M1","2026-07-17 06:05:41.813636 UTC"
"0DD300047P|1400|XNM2","2026-07-17 02:17:32.995343 UTC","L","2026-07-17 02:17:32.995343 UTC","0DD300047P","1400","XNM2","DL","","2024","06","","0","ST","0","0","0","0","0","0","0","0","0","0","0","00000000","20240605","Kassel","0DD300047P","XNM2","2026-07-17 06:05:41.813636 UTC"
"0DD300048|1400|XDM1","2026-07-17 02:17:22.915108 UTC","L","2026-07-17 02:17:22.915108 UTC","0DD300048","1400","XDM1","DL","","2025","08","","0","ST","0","0","0","0","0","0","0","0","0","0","0","00000000","20240703","Kassel","0DD300048","XDM1","2026-07-17 06:05:41.813636 UTC"
"0DD311159B       0200|1400|XNM3","2026-07-17 02:17:22.915108 UTC","L","2026-07-17 02:17:22.915108 UTC","0DD311159B       0200","1400","XNM3","DL","","2024","04","","0","ST","0","0","0","0","0","0","0","0","0","0","0","00000000","20240404","Kassel","0DD311159B       0200","XNM3","2026-07-17 06:05:41.813636 UTC"
"0DD300046H|1400|W0M6","2026-07-17 02:17:32.995343 UTC","L","2026-07-17 02:17:32.995343 UTC","0DD300046H","1400","W0M6","DL","","2023","02","","0","ST","0","0","0","0","0","0","0","0","0","0","0","00000000","20230216","Kassel","0DD300046H","W0M6","2026-07-17 06:05:41.813636 UTC"
"0DD300046J|1400|XNM3","2026-07-17 02:17:32.995343 UTC","L","2026-07-17 02:17:32.995343 UTC","0DD300046J","1400","XNM3","DL","","2024","05","","0","ST","0","0","0","0","0","0","0","0","0","0","0","00000000","20230216","Kassel","0DD300046J","XNM3","2026-07-17 06:05:41.813636 UTC"
"0DD300046P|1400|BN03","2026-07-17 02:17:43.125366 UTC","L","2026-07-17 02:17:43.125366 UTC","0DD300046P","1400","BN03","DL","","2025","07","","0","ST","0","0","0","0","0","0","0","0","0","0","0","20240912","20240819","Kassel","0DD300046P","BN03","2026-07-17 06:05:41.813636 UTC"
"0DD300046P|1400|F1M1","2026-07-17 02:17:32.995343 UTC","L","2026-07-17 02:17:32.995343 UTC","0DD300046P","1400","F1M1","DL","","2023","02","","0","ST","0","0","0","0","0","0","0","0","0","0","0","00000000","20230216","Kassel","0DD300046P","F1M1","2026-07-17 06:05:41.813636 UTC"
"0DD300046Q|1400|XNM1","2026-07-17 02:17:53.120606 UTC","L","2026-07-17 02:17:53.120606 UTC","0DD300046Q","1400","XNM1","DL","","2025","07","","0","ST","0","0","0","0","0","0","0","0","0","0","0","00000000","20230215","Kassel","0DD300046Q","XNM1","2026-07-17 06:05:41.813636 UTC"
"0DD300046R|1400|F6M1","2026-07-17 02:17:43.125366 UTC","L","2026-07-17 02:17:43.125366 UTC","0DD300046R","1400","F6M1","DL","","2023","12","","0","ST","0","0","0","0","0","0","0","0","0","0","0","00000000","20230403","Kassel","0DD300046R","F6M1","2026-07-17 06:05:41.813636 UTC"
"0DD300047B|1400|XDM1","2026-07-17 02:17:53.120606 UTC","L","2026-07-17 02:17:53.120606 UTC","0DD300047B","1400","XDM1","DL","","2023","03","","0","ST","0","0","0","0","0","0","0","0","0","0","0","00000000","20230315","Kassel","0DD300047B","XDM1","2026-07-17 06:05:41.813636 UTC"
"0DD300047E|1400|F759","2026-07-17 02:17:22.915108 UTC","L","2026-07-17 02:17:22.915108 UTC","0DD300047E","1400","F759","DL","","2026","07","","0","ST","0","0","0","0","0","0","0","0","0","0","0","00000000","20241021","Kassel","0DD300047E","F759","2026-07-17 06:05:41.813636 UTC"
"0DD300047P|1400|S6M1","2026-07-17 02:17:22.915108 UTC","L","2026-07-17 02:17:22.915108 UTC","0DD300047P","1400","S6M1","DL","","2024","06","","0","ST","0","0","0","0","0","0","0","0","0","0","0","00000000","20240614","Kassel","0DD300047P","S6M1","2026-07-17 06:05:41.813636 UTC"
"0DD300047S|1400|XNM2","2026-07-17 02:17:22.915108 UTC","L","2026-07-17 02:17:22.915108 UTC","0DD300047S","1400","XNM2","DL","","2024","07","","0","ST","0","0","0","0","0","0","0","0","0","0","0","00000000","20240703","Kassel","0DD300047S","XNM2","2026-07-17 06:05:41.813636 UTC"
"0DD300047T|1400|D0M1","2026-07-17 02:17:12.966977 UTC","L","2026-07-17 02:17:12.966977 UTC","0DD300047T","1400","D0M1","DL","","2026","07","","0","ST","0","0","0","0","0","0","0","0","0","0","0","00000000","20240703","Kassel","0DD300047T","D0M1","2026-07-17 06:05:41.813636 UTC"
"0DD300048A|1400|XN12","2026-07-17 02:17:43.125366 UTC","L","2026-07-17 02:17:43.125366 UTC","0DD300048A","1400","XN12","DL","","2026","07","","23","ST","0","0","0","0","0","0","0","0","0","0","0","00000000","20250324","Kassel","0DD300048A","XN12","2026-07-17 06:05:41.813636 UTC"
"0DD311158B|1400|XNM3","2026-07-17 02:17:32.995343 UTC","L","2026-07-17 02:17:32.995343 UTC","0DD311158B","1400","XNM3","DL","","2023","02","","0","ST","0","0","0","0","0","0","0","0","0","0","0","00000000","20230216","Kassel","0DD311158B","XNM3","2026-07-17 06:05:41.813636 UTC"
"0DD311158D|1400|D0M1","2026-07-17 02:17:32.995343 UTC","L","2026-07-17 02:17:32.995343 UTC","0DD311158D","1400","D0M1","DL","","2022","10","","0","ST","0","0","0","0","0","0","0","0","0","0","0","00000000","20221024","Kassel","0DD311158D","D0M1","2026-07-17 06:05:41.813636 UTC"
"0DD311159B ANG|1400|BN99","2026-07-17 02:17:22.915108 UTC","L","2026-07-17 02:17:22.915108 UTC","0DD311159B ANG","1400","BN99","DL","X","2024","06","","0","ST","0","0","0","0","0","0","0","0","0","0","0","00000000","20240123","Kassel","0DD311159B ANG","BN99","2026-07-17 06:05:41.813636 UTC"
"0DD311159D|1400|XDM1","2026-07-17 02:17:32.995343 UTC","L","2026-07-17 02:17:32.995343 UTC","0DD311159D","1400","XDM1","DL","","2022","10","","0","ST","0","0","0","0","0","0","0","0","0","0","0","00000000","20221024","Kassel","0DD311159D","XDM1","2026-07-17 06:05:41.813636 UTC"
