id,customer,sku,ordered_qty,picked_qty,shipped_qty,promised_at,warehouse,pick_status,priority
ORD-000001,Plant-12,PO-1241-4115,136,57,0,2026-07-20T05:00:52+00:00,WH-01,in_progress,3
ORD-000002,Plant-17,IN-6871-4085,53,24,0,2026-07-26T05:00:52+00:00,WH-02,in_progress,9
ORD-000003,Plant-48,CH-4476-4759,34,10,0,2026-07-21T11:00:52+00:00,WH-02,pending,4
ORD-000004,Plant-19,IN-8632-3250,130,13,0,2026-07-20T07:00:52+00:00,WH-01,in_progress,4
ORD-000005,Plant-14,PO-9587-2922,109,75,0,2026-07-25T03:00:52+00:00,WH-01,completed,8
ORD-000006,Plant-03,EL-2066-283,79,36,0,2026-07-25T05:00:52+00:00,WH-01,completed,1
ORD-000007,Plant-05,FL-7163-2489,80,43,0,2026-07-23T00:00:52+00:00,WH-02,completed,9
ORD-000008,Plant-39,CH-8084-923,91,36,0,2026-07-26T15:00:52+00:00,WH-02,in_progress,1
ORD-000009,Plant-19,PO-2563-282,93,41,0,2026-07-24T18:00:52+00:00,WH-01,completed,1
ORD-000010,Plant-32,EL-2058-2625,93,49,0,2026-07-20T08:00:52+00:00,WH-01,in_progress,6
ORD-000011,Plant-09,PO-4560-1046,149,78,0,2026-07-24T17:00:52+00:00,WH-01,completed,8
ORD-000012,Plant-11,PO-2249-2693,16,1,0,2026-07-25T00:00:52+00:00,WH-02,completed,6
ORD-000013,Plant-14,CH-2187-3314,22,20,0,2026-07-24T01:00:52+00:00,WH-02,in_progress,9
ORD-000014,Plant-20,EL-5926-1606,97,93,0,2026-07-23T01:00:52+00:00,WH-01,pending,10
ORD-000015,Plant-06,CH-7780-1598,107,58,0,2026-07-20T22:00:52+00:00,WH-02,in_progress,6
ORD-000016,Plant-46,PO-1752-3822,119,118,0,2026-07-22T07:00:52+00:00,WH-01,in_progress,9
ORD-000017,Plant-48,IN-5387-850,53,14,0,2026-07-22T01:00:52+00:00,WH-02,completed,1
ORD-000018,Plant-29,FL-9119-4481,31,9,0,2026-07-22T13:00:52+00:00,WH-01,in_progress,10
ORD-000019,Plant-44,IN-2973-3967,147,103,0,2026-07-21T18:00:52+00:00,WH-01,pending,6
ORD-000020,Plant-46,IN-1597-1867,115,71,0,2026-07-23T00:00:52+00:00,WH-01,pending,5
ORD-000021,Plant-45,CH-7671-1510,48,25,0,2026-07-19T23:00:52+00:00,WH-01,in_progress,7
ORD-000022,Plant-07,PO-6050-2864,20,8,0,2026-07-20T03:00:52+00:00,WH-02,pending,7
ORD-000023,Plant-19,EL-5771-1500,20,18,0,2026-07-26T10:00:52+00:00,WH-02,completed,10
ORD-000024,Plant-06,IN-9498-904,8,3,0,2026-07-24T05:00:52+00:00,WH-01,in_progress,1
ORD-000025,Plant-15,IN-1796-2559,55,42,0,2026-07-24T22:00:52+00:00,WH-01,pending,4
ORD-000026,Plant-30,FL-3308-3877,73,22,0,2026-07-25T04:00:52+00:00,WH-01,completed,4
ORD-000027,Plant-47,EL-3174-4595,46,38,0,2026-07-21T08:00:52+00:00,WH-01,in_progress,10
ORD-000028,Plant-34,PO-1862-3460,136,15,0,2026-07-20T07:00:52+00:00,WH-01,completed,10
ORD-000029,Plant-23,CH-9868-4341,47,40,0,2026-07-26T08:00:52+00:00,WH-02,in_progress,5
ORD-000030,Plant-22,FL-4472-4623,50,34,0,2026-07-25T23:00:52+00:00,WH-02,in_progress,9
ORD-000031,Plant-25,CH-7745-2879,142,73,0,2026-07-26T07:00:52+00:00,WH-02,pending,10
ORD-000032,Plant-19,CH-3303-2831,86,84,0,2026-07-23T03:00:52+00:00,WH-02,completed,4
ORD-000033,Plant-16,PO-1302-2055,129,122,0,2026-07-24T22:00:52+00:00,WH-02,in_progress,7
ORD-000034,Plant-26,PO-7539-2991,71,26,0,2026-07-24T20:00:52+00:00,WH-02,in_progress,3
ORD-000035,Plant-35,PO-3702-2377,110,5,0,2026-07-20T10:00:52+00:00,WH-01,in_progress,6
ORD-000036,Plant-20,EL-2367-1439,84,58,0,2026-07-23T20:00:52+00:00,WH-02,in_progress,9
ORD-000037,Plant-47,CH-4302-3171,121,2,0,2026-07-24T20:00:52+00:00,WH-01,pending,1
ORD-000038,Plant-37,FL-3573-3945,114,108,0,2026-07-21T01:00:52+00:00,WH-01,pending,4
ORD-000039,Plant-36,EL-5432-2024,123,12,0,2026-07-22T22:00:52+00:00,WH-02,completed,8
ORD-000040,Plant-33,FL-6078-4053,65,14,0,2026-07-25T08:00:52+00:00,WH-01,pending,10
ORD-000041,Plant-20,EL-7124-3810,65,29,0,2026-07-20T18:00:52+00:00,WH-02,pending,8
ORD-000042,Plant-06,FL-8586-3961,94,3,0,2026-07-22T22:00:52+00:00,WH-02,in_progress,9
ORD-000043,Plant-22,FL-1402-2236,15,11,0,2026-07-19T23:00:52+00:00,WH-02,pending,5
ORD-000044,Plant-33,FL-8708-4803,41,21,0,2026-07-26T14:00:52+00:00,WH-01,pending,2
ORD-000045,Plant-45,FL-9150-874,43,1,0,2026-07-26T07:00:52+00:00,WH-01,in_progress,3
ORD-000046,Plant-09,EL-6733-2806,135,68,0,2026-07-25T15:00:52+00:00,WH-01,in_progress,10
ORD-000047,Plant-28,EL-3574-2043,95,68,0,2026-07-24T00:00:52+00:00,WH-01,pending,7
ORD-000048,Plant-02,IN-6154-451,68,2,0,2026-07-25T06:00:52+00:00,WH-01,in_progress,2
ORD-000049,Plant-11,EL-6733-2806,114,51,0,2026-07-21T07:00:52+00:00,WH-01,pending,7
ORD-000050,Plant-12,PO-7544-3593,59,8,0,2026-07-21T03:00:52+00:00,WH-01,pending,9
ORD-000051,Plant-22,CH-3285-1489,90,6,0,2026-07-24T08:00:52+00:00,WH-01,in_progress,9
ORD-000052,Plant-34,PO-3816-2969,68,35,0,2026-07-24T11:00:52+00:00,WH-02,completed,1
ORD-000053,Plant-18,EL-6125-3911,79,0,0,2026-07-25T22:00:52+00:00,WH-02,completed,6
ORD-000054,Plant-29,FL-4799-129,147,13,0,2026-07-25T05:00:52+00:00,WH-01,completed,3
ORD-000055,Plant-36,FL-9634-1192,105,98,0,2026-07-19T19:00:52+00:00,WH-02,completed,1
ORD-000056,Plant-21,FL-7091-2282,132,54,0,2026-07-25T07:00:52+00:00,WH-02,completed,5
ORD-000057,Plant-02,CH-2729-2577,106,26,0,2026-07-25T18:00:52+00:00,WH-01,pending,4
ORD-000058,Plant-48,PO-7114-1634,107,77,0,2026-07-23T15:00:52+00:00,WH-01,in_progress,4
ORD-000059,Plant-18,CH-9396-1542,101,53,0,2026-07-25T06:00:52+00:00,WH-01,pending,6
ORD-000060,Plant-27,FL-9689-3776,54,9,0,2026-07-20T01:00:52+00:00,WH-02,completed,1
ORD-000061,Plant-25,CH-3362-562,75,47,0,2026-07-24T06:00:52+00:00,WH-01,completed,1
ORD-000062,Plant-39,EL-3025-2703,52,14,0,2026-07-21T00:00:52+00:00,WH-02,completed,2
ORD-000063,Plant-25,PO-7666-003,26,14,0,2026-07-22T01:00:52+00:00,WH-02,in_progress,9
ORD-000064,Plant-36,PO-4466-2721,137,59,0,2026-07-19T23:00:52+00:00,WH-02,pending,7
ORD-000065,Plant-31,EL-2903-4338,69,19,0,2026-07-25T22:00:52+00:00,WH-01,in_progress,6
ORD-000066,Plant-44,IN-1767-2799,139,5,0,2026-07-25T08:00:52+00:00,WH-02,in_progress,8
ORD-000067,Plant-48,IN-2750-3885,108,6,0,2026-07-25T16:00:52+00:00,WH-02,in_progress,8
ORD-000068,Plant-48,IN-9783-3964,44,12,0,2026-07-24T07:00:52+00:00,WH-02,completed,5
ORD-000069,Plant-01,CH-1785-1866,29,27,0,2026-07-22T10:00:52+00:00,WH-02,pending,2
ORD-000070,Plant-33,IN-5055-1082,127,65,0,2026-07-20T14:00:52+00:00,WH-02,pending,2
ORD-000071,Plant-32,EL-3596-2002,10,3,0,2026-07-25T04:00:52+00:00,WH-02,pending,3
ORD-000072,Plant-20,PO-6583-4893,134,58,0,2026-07-26T04:00:52+00:00,WH-02,pending,9
ORD-000073,Plant-35,PO-3423-2678,130,97,0,2026-07-25T00:00:52+00:00,WH-01,in_progress,6
ORD-000074,Plant-31,CH-2680-1915,88,14,0,2026-07-26T06:00:52+00:00,WH-02,pending,7
ORD-000075,Plant-36,CH-2857-4718,19,15,0,2026-07-24T16:00:52+00:00,WH-02,in_progress,9
ORD-000076,Plant-31,FL-1737-589,57,42,0,2026-07-20T18:00:52+00:00,WH-01,in_progress,3
ORD-000077,Plant-46,EL-1620-2653,59,40,0,2026-07-25T21:00:52+00:00,WH-02,completed,3
ORD-000078,Plant-37,PO-3450-3044,105,80,0,2026-07-23T02:00:52+00:00,WH-02,in_progress,9
ORD-000079,Plant-38,CH-6658-1121,28,6,0,2026-07-20T10:00:52+00:00,WH-02,in_progress,4
ORD-000080,Plant-27,CH-6927-4388,36,33,0,2026-07-26T04:00:52+00:00,WH-02,in_progress,1
ORD-000081,Plant-33,EL-9593-2168,76,16,0,2026-07-24T21:00:52+00:00,WH-01,completed,10
ORD-000082,Plant-01,EL-6817-036,68,17,0,2026-07-21T05:00:52+00:00,WH-01,pending,6
ORD-000083,Plant-07,PO-6675-3847,149,144,0,2026-07-23T21:00:52+00:00,WH-01,pending,2
ORD-000084,Plant-21,EL-6786-400,36,28,0,2026-07-24T07:00:52+00:00,WH-01,completed,8
ORD-000085,Plant-37,CH-5185-4658,32,16,0,2026-07-21T00:00:52+00:00,WH-02,completed,8
ORD-000086,Plant-04,FL-1355-4278,116,105,0,2026-07-23T11:00:52+00:00,WH-02,completed,1
ORD-000087,Plant-09,IN-3041-1456,88,0,0,2026-07-23T14:00:52+00:00,WH-02,in_progress,4
ORD-000088,Plant-46,IN-8190-4717,43,0,0,2026-07-25T17:00:52+00:00,WH-02,pending,7
ORD-000089,Plant-22,EL-7595-3848,87,45,0,2026-07-21T03:00:52+00:00,WH-02,pending,4
ORD-000090,Plant-20,IN-3804-1337,60,54,0,2026-07-24T03:00:52+00:00,WH-02,completed,4
ORD-000091,Plant-27,EL-3938-150,90,3,0,2026-07-22T03:00:52+00:00,WH-01,completed,8
ORD-000092,Plant-02,FL-8889-1204,123,26,0,2026-07-25T11:00:52+00:00,WH-02,completed,8
ORD-000093,Plant-37,PO-7806-2481,119,34,0,2026-07-25T14:00:52+00:00,WH-02,completed,4
ORD-000094,Plant-33,CH-6231-3834,108,35,0,2026-07-23T07:00:52+00:00,WH-02,in_progress,6
ORD-000095,Plant-34,EL-5610-1280,91,44,0,2026-07-26T10:00:52+00:00,WH-01,completed,10
ORD-000096,Plant-37,CH-6105-1976,119,88,0,2026-07-25T16:00:52+00:00,WH-02,completed,9
ORD-000097,Plant-09,IN-6281-606,109,75,0,2026-07-21T15:00:52+00:00,WH-01,in_progress,2
ORD-000098,Plant-35,IN-3446-3500,41,8,0,2026-07-25T21:00:52+00:00,WH-01,completed,5
ORD-000099,Plant-26,FL-5763-386,137,90,0,2026-07-23T10:00:52+00:00,WH-01,pending,6
ORD-000100,Plant-16,IN-6379-3206,146,20,0,2026-07-24T01:00:52+00:00,WH-02,in_progress,2
ORD-000101,Plant-05,EL-7425-2628,122,90,0,2026-07-23T02:00:52+00:00,WH-02,pending,7
ORD-000102,Plant-06,EL-5028-4357,92,31,0,2026-07-23T16:00:52+00:00,WH-01,completed,9
ORD-000103,Plant-45,IN-5402-3222,82,2,0,2026-07-20T06:00:52+00:00,WH-02,completed,7
ORD-000104,Plant-44,EL-8100-2361,64,17,0,2026-07-23T00:00:52+00:00,WH-02,in_progress,7
ORD-000105,Plant-02,CH-1163-1418,125,74,0,2026-07-25T12:00:52+00:00,WH-01,pending,7
ORD-000106,Plant-14,EL-5714-4139,135,27,0,2026-07-23T19:00:52+00:00,WH-01,pending,10
ORD-000107,Plant-31,CH-6120-1864,66,20,0,2026-07-26T16:00:52+00:00,WH-02,completed,6
ORD-000108,Plant-20,CH-3189-4744,85,32,0,2026-07-25T18:00:52+00:00,WH-01,completed,8
ORD-000109,Plant-45,PO-8273-155,91,2,0,2026-07-20T00:00:52+00:00,WH-02,in_progress,4
ORD-000110,Plant-48,FL-5783-2517,4,2,0,2026-07-25T08:00:52+00:00,WH-02,in_progress,6
ORD-000111,Plant-37,PO-8696-4229,82,73,0,2026-07-23T04:00:52+00:00,WH-01,completed,7
ORD-000112,Plant-17,CH-1611-356,51,14,0,2026-07-24T22:00:52+00:00,WH-02,completed,2
ORD-000113,Plant-44,PO-5871-1331,130,39,0,2026-07-24T07:00:52+00:00,WH-01,in_progress,9
ORD-000114,Plant-23,FL-7709-4737,26,24,0,2026-07-25T12:00:52+00:00,WH-01,in_progress,3
ORD-000115,Plant-12,EL-1215-4798,109,27,0,2026-07-23T02:00:52+00:00,WH-01,pending,9
ORD-000116,Plant-29,PO-6902-201,145,123,0,2026-07-24T00:00:52+00:00,WH-02,pending,7
ORD-000117,Plant-25,PO-9169-3557,4,4,0,2026-07-23T13:00:52+00:00,WH-02,in_progress,1
ORD-000118,Plant-10,PO-4205-510,22,20,0,2026-07-21T15:00:52+00:00,WH-02,in_progress,3
ORD-000119,Plant-04,PO-7556-962,38,4,0,2026-07-22T10:00:52+00:00,WH-01,in_progress,9
ORD-000120,Plant-08,FL-4147-1271,68,55,0,2026-07-21T03:00:52+00:00,WH-02,pending,9
ORD-000121,Plant-41,EL-2339-2766,53,27,0,2026-07-24T21:00:52+00:00,WH-01,pending,8
ORD-000122,Plant-19,FL-5341-3712,63,43,0,2026-07-25T17:00:52+00:00,WH-02,completed,6
ORD-000123,Plant-44,IN-6330-2147,71,63,0,2026-07-22T03:00:52+00:00,WH-01,pending,10
ORD-000124,Plant-11,IN-8318-1138,135,12,0,2026-07-23T10:00:52+00:00,WH-01,completed,5
ORD-000125,Plant-17,EL-7811-1958,127,8,0,2026-07-20T16:00:52+00:00,WH-01,pending,5
ORD-000126,Plant-32,PO-6204-2965,15,10,0,2026-07-20T22:00:52+00:00,WH-02,completed,7
ORD-000127,Plant-40,CH-7341-427,116,82,0,2026-07-23T01:00:52+00:00,WH-02,completed,8
ORD-000128,Plant-33,FL-8786-4141,16,13,0,2026-07-20T03:00:52+00:00,WH-02,completed,1
ORD-000129,Plant-34,IN-8191-4336,134,66,0,2026-07-25T23:00:52+00:00,WH-02,completed,3
ORD-000130,Plant-28,CH-4402-3056,4,0,0,2026-07-22T11:00:52+00:00,WH-02,completed,2
ORD-000131,Plant-12,FL-2753-3253,57,4,0,2026-07-24T20:00:52+00:00,WH-02,pending,6
ORD-000132,Plant-30,FL-2373-3860,18,7,0,2026-07-20T14:00:52+00:00,WH-02,in_progress,6
ORD-000133,Plant-02,EL-3003-1850,111,3,0,2026-07-21T12:00:52+00:00,WH-02,in_progress,5
ORD-000134,Plant-33,CH-9396-1542,137,122,0,2026-07-25T10:00:52+00:00,WH-01,completed,4
ORD-000135,Plant-26,CH-8118-973,27,2,0,2026-07-26T10:00:52+00:00,WH-01,completed,9
ORD-000136,Plant-35,EL-2664-132,137,23,0,2026-07-23T20:00:52+00:00,WH-02,completed,2
ORD-000137,Plant-41,FL-5650-3450,34,2,0,2026-07-22T23:00:52+00:00,WH-02,in_progress,4
ORD-000138,Plant-29,EL-2954-1334,32,3,0,2026-07-25T19:00:52+00:00,WH-02,pending,1
ORD-000139,Plant-42,EL-3338-3766,79,17,0,2026-07-26T01:00:52+00:00,WH-01,in_progress,3
ORD-000140,Plant-01,CH-4866-1926,106,22,0,2026-07-20T22:00:52+00:00,WH-02,completed,5
ORD-000141,Plant-08,PO-2097-4544,93,16,0,2026-07-25T05:00:52+00:00,WH-01,completed,9
ORD-000142,Plant-43,EL-2803-4996,31,22,0,2026-07-23T01:00:52+00:00,WH-02,in_progress,5
ORD-000143,Plant-38,PO-6423-858,79,6,0,2026-07-23T22:00:52+00:00,WH-01,in_progress,1
ORD-000144,Plant-21,IN-1086-4250,4,1,0,2026-07-22T00:00:52+00:00,WH-02,in_progress,9
ORD-000145,Plant-09,EL-3112-2221,150,90,0,2026-07-20T09:00:52+00:00,WH-02,pending,6
ORD-000146,Plant-23,PO-3709-4419,139,35,0,2026-07-19T19:00:52+00:00,WH-02,pending,10
ORD-000147,Plant-45,PO-2709-3840,24,3,0,2026-07-23T11:00:52+00:00,WH-02,completed,6
ORD-000148,Plant-35,FL-6676-2574,50,16,0,2026-07-20T04:00:52+00:00,WH-01,pending,3
ORD-000149,Plant-23,IN-7470-2765,57,8,0,2026-07-26T12:00:52+00:00,WH-02,pending,5
ORD-000150,Plant-05,EL-1279-2378,96,69,0,2026-07-21T05:00:52+00:00,WH-01,in_progress,8
ORD-000151,Plant-01,IN-5517-4505,98,1,0,2026-07-20T06:00:52+00:00,WH-02,in_progress,5
ORD-000152,Plant-22,CH-1839-1716,67,65,0,2026-07-24T05:00:52+00:00,WH-01,pending,7
ORD-000153,Plant-05,PO-1891-4685,102,43,0,2026-07-25T12:00:52+00:00,WH-01,completed,9
ORD-000154,Plant-44,CH-7654-3633,109,92,0,2026-07-25T17:00:52+00:00,WH-02,in_progress,8
ORD-000155,Plant-07,EL-5596-4179,96,18,0,2026-07-21T02:00:52+00:00,WH-02,completed,5
ORD-000156,Plant-03,PO-1923-2801,47,18,0,2026-07-23T01:00:52+00:00,WH-02,in_progress,9
ORD-000157,Plant-36,FL-2095-1762,51,26,0,2026-07-26T13:00:52+00:00,WH-01,in_progress,1
ORD-000158,Plant-20,PO-3108-1380,64,58,0,2026-07-22T17:00:52+00:00,WH-02,in_progress,5
ORD-000159,Plant-21,EL-1674-2982,32,14,0,2026-07-23T14:00:52+00:00,WH-01,completed,2
ORD-000160,Plant-48,EL-6914-308,98,4,0,2026-07-23T22:00:52+00:00,WH-02,pending,8
ORD-000161,Plant-45,EL-8258-1667,114,24,0,2026-07-21T09:00:52+00:00,WH-01,completed,6
ORD-000162,Plant-03,EL-7554-4156,121,11,0,2026-07-25T04:00:52+00:00,WH-02,in_progress,2
ORD-000163,Plant-09,EL-1876-2451,78,49,0,2026-07-23T12:00:52+00:00,WH-02,pending,10
ORD-000164,Plant-21,FL-4729-2483,124,111,0,2026-07-24T11:00:52+00:00,WH-01,completed,2
ORD-000165,Plant-01,PO-7392-2371,34,16,0,2026-07-25T16:00:52+00:00,WH-02,completed,1
ORD-000166,Plant-15,EL-6935-718,127,89,0,2026-07-25T07:00:52+00:00,WH-01,pending,7
ORD-000167,Plant-29,PO-3323-470,98,25,0,2026-07-21T00:00:52+00:00,WH-01,in_progress,10
ORD-000168,Plant-35,IN-2537-3094,53,41,0,2026-07-23T09:00:52+00:00,WH-02,completed,10
ORD-000169,Plant-43,CH-1651-4968,132,121,0,2026-07-21T12:00:52+00:00,WH-01,pending,8
ORD-000170,Plant-15,EL-3711-627,68,32,0,2026-07-25T15:00:52+00:00,WH-01,pending,9
ORD-000171,Plant-38,PO-9129-3271,30,4,0,2026-07-23T17:00:52+00:00,WH-02,in_progress,2
ORD-000172,Plant-15,FL-4271-781,35,17,0,2026-07-24T00:00:52+00:00,WH-02,completed,2
ORD-000173,Plant-29,PO-7727-3609,73,58,0,2026-07-20T16:00:52+00:00,WH-01,completed,2
ORD-000174,Plant-05,IN-4452-4319,38,3,0,2026-07-19T19:00:52+00:00,WH-01,in_progress,7
ORD-000175,Plant-23,EL-1811-766,119,46,0,2026-07-24T17:00:52+00:00,WH-02,pending,5
ORD-000176,Plant-28,FL-5264-3770,133,63,0,2026-07-20T12:00:52+00:00,WH-02,completed,6
ORD-000177,Plant-34,FL-1081-4617,119,16,0,2026-07-24T00:00:52+00:00,WH-02,completed,9
ORD-000178,Plant-40,IN-3855-1609,113,106,0,2026-07-25T06:00:52+00:00,WH-01,in_progress,9
ORD-000179,Plant-04,EL-7151-4651,14,5,0,2026-07-25T16:00:52+00:00,WH-01,pending,6
ORD-000180,Plant-47,PO-7241-490,144,124,0,2026-07-22T22:00:52+00:00,WH-01,in_progress,5
ORD-000181,Plant-09,CH-9201-2487,18,0,0,2026-07-22T11:00:52+00:00,WH-02,in_progress,1
ORD-000182,Plant-17,PO-5049-1269,32,24,0,2026-07-26T09:00:52+00:00,WH-02,completed,1
ORD-000183,Plant-24,IN-4610-229,23,13,0,2026-07-23T16:00:52+00:00,WH-02,completed,3
ORD-000184,Plant-32,EL-2804-4327,91,40,0,2026-07-22T15:00:52+00:00,WH-01,in_progress,9
ORD-000185,Plant-26,PO-7622-1353,57,40,0,2026-07-26T00:00:52+00:00,WH-01,pending,9
ORD-000186,Plant-35,EL-9264-1970,70,58,0,2026-07-22T11:00:52+00:00,WH-01,in_progress,6
ORD-000187,Plant-15,PO-7768-2923,29,16,0,2026-07-24T16:00:52+00:00,WH-02,completed,5
ORD-000188,Plant-02,CH-7224-1688,88,46,0,2026-07-19T19:00:52+00:00,WH-02,pending,4
ORD-000189,Plant-27,EL-5335-3803,142,96,0,2026-07-22T16:00:52+00:00,WH-01,pending,5
ORD-000190,Plant-13,FL-6322-187,54,10,0,2026-07-24T20:00:52+00:00,WH-02,in_progress,6
ORD-000191,Plant-26,CH-7534-1152,146,20,0,2026-07-21T17:00:52+00:00,WH-02,in_progress,2
ORD-000192,Plant-27,IN-5702-404,90,77,0,2026-07-22T03:00:52+00:00,WH-01,in_progress,4
ORD-000193,Plant-10,IN-2988-4033,39,0,0,2026-07-23T16:00:52+00:00,WH-01,in_progress,5
ORD-000194,Plant-06,FL-8254-2375,41,7,0,2026-07-23T13:00:52+00:00,WH-01,completed,1
ORD-000195,Plant-08,IN-7823-054,71,68,0,2026-07-20T10:00:52+00:00,WH-01,pending,6
ORD-000196,Plant-04,CH-6616-1681,39,23,0,2026-07-21T10:00:52+00:00,WH-02,in_progress,3
ORD-000197,Plant-28,PO-3423-2678,38,5,0,2026-07-19T20:00:52+00:00,WH-02,pending,4
ORD-000198,Plant-47,EL-7737-2262,33,29,0,2026-07-22T07:00:52+00:00,WH-01,in_progress,5
ORD-000199,Plant-14,PO-6665-2960,5,3,0,2026-07-20T17:00:52+00:00,WH-01,in_progress,5
ORD-000200,Plant-12,PO-1640-2420,119,105,0,2026-07-23T13:00:52+00:00,WH-01,pending,9
ORD-000201,Plant-03,CH-5403-1249,16,15,0,2026-07-23T06:00:52+00:00,WH-01,completed,3
ORD-000202,Plant-37,PO-1993-806,94,64,0,2026-07-20T04:00:52+00:00,WH-01,pending,3
ORD-000203,Plant-12,EL-5601-228,69,0,0,2026-07-26T02:00:52+00:00,WH-01,completed,5
ORD-000204,Plant-04,PO-4099-2505,19,18,0,2026-07-24T22:00:52+00:00,WH-02,pending,1
ORD-000205,Plant-38,PO-5296-140,34,10,0,2026-07-22T16:00:52+00:00,WH-01,completed,4
ORD-000206,Plant-18,EL-6371-071,79,69,0,2026-07-24T10:00:52+00:00,WH-01,in_progress,6
ORD-000207,Plant-46,PO-1891-4685,27,10,0,2026-07-23T15:00:52+00:00,WH-01,completed,3
ORD-000208,Plant-01,PO-8505-2914,48,10,0,2026-07-22T21:00:52+00:00,WH-01,pending,10
ORD-000209,Plant-23,EL-8780-074,13,9,0,2026-07-24T21:00:52+00:00,WH-01,pending,3
ORD-000210,Plant-21,FL-6649-1879,27,16,0,2026-07-23T09:00:52+00:00,WH-01,in_progress,6
ORD-000211,Plant-20,PO-5388-2439,131,0,0,2026-07-20T08:00:52+00:00,WH-02,in_progress,6
ORD-000212,Plant-30,EL-1290-592,82,53,0,2026-07-25T16:00:52+00:00,WH-01,pending,6
ORD-000213,Plant-20,EL-1940-1305,139,43,0,2026-07-20T13:00:52+00:00,WH-02,completed,6
ORD-000214,Plant-18,CH-6951-667,114,58,0,2026-07-21T14:00:52+00:00,WH-02,pending,2
ORD-000215,Plant-23,CH-7224-1688,11,7,0,2026-07-25T16:00:52+00:00,WH-02,in_progress,4
ORD-000216,Plant-31,FL-2949-4794,124,47,0,2026-07-24T19:00:52+00:00,WH-01,in_progress,9
ORD-000217,Plant-27,IN-7021-2848,19,3,0,2026-07-24T20:00:52+00:00,WH-02,completed,4
ORD-000218,Plant-34,IN-8659-512,121,50,0,2026-07-25T17:00:52+00:00,WH-01,pending,7
ORD-000219,Plant-19,FL-8889-1204,43,33,0,2026-07-22T06:00:52+00:00,WH-02,completed,4
ORD-000220,Plant-21,CH-9567-3816,98,93,0,2026-07-20T22:00:52+00:00,WH-01,in_progress,8
ORD-000221,Plant-39,EL-3513-2734,104,3,0,2026-07-21T17:00:52+00:00,WH-01,in_progress,5
ORD-000222,Plant-01,IN-4573-3168,63,14,0,2026-07-21T00:00:52+00:00,WH-02,pending,9
ORD-000223,Plant-12,FL-9628-2476,69,39,0,2026-07-19T22:00:52+00:00,WH-01,in_progress,3
ORD-000224,Plant-22,IN-8896-2948,20,16,0,2026-07-22T18:00:52+00:00,WH-02,completed,5
ORD-000225,Plant-32,FL-6022-522,150,75,0,2026-07-21T06:00:52+00:00,WH-01,in_progress,9
ORD-000226,Plant-45,FL-9717-263,70,14,0,2026-07-26T09:00:52+00:00,WH-02,in_progress,5
ORD-000227,Plant-30,IN-1457-2433,119,77,0,2026-07-26T02:00:52+00:00,WH-01,in_progress,2
ORD-000228,Plant-33,PO-9468-4734,141,73,0,2026-07-20T08:00:52+00:00,WH-01,pending,4
ORD-000229,Plant-36,CH-3451-1644,47,45,0,2026-07-23T10:00:52+00:00,WH-02,completed,3
ORD-000230,Plant-33,EL-8020-3005,87,17,0,2026-07-25T18:00:52+00:00,WH-02,completed,8
ORD-000231,Plant-34,FL-1041-1241,73,51,0,2026-07-20T00:00:52+00:00,WH-02,in_progress,1
ORD-000232,Plant-38,IN-1719-4747,123,80,0,2026-07-21T05:00:52+00:00,WH-01,in_progress,10
ORD-000233,Plant-40,FL-7129-4612,27,18,0,2026-07-25T14:00:52+00:00,WH-01,pending,8
ORD-000234,Plant-21,EL-8944-2049,33,29,0,2026-07-21T21:00:52+00:00,WH-01,in_progress,8
ORD-000235,Plant-24,CH-6697-4860,93,30,0,2026-07-19T18:00:52+00:00,WH-01,pending,9
ORD-000236,Plant-18,IN-8799-4409,95,40,0,2026-07-25T02:00:52+00:00,WH-02,in_progress,1
ORD-000237,Plant-39,FL-6253-3351,69,18,0,2026-07-22T19:00:52+00:00,WH-02,completed,8
ORD-000238,Plant-35,FL-3555-2851,106,22,0,2026-07-20T13:00:52+00:00,WH-02,completed,8
ORD-000239,Plant-23,IN-2681-2400,88,44,0,2026-07-20T14:00:52+00:00,WH-01,in_progress,5
ORD-000240,Plant-15,EL-4112-1763,145,126,0,2026-07-20T06:00:52+00:00,WH-02,in_progress,3
ORD-000241,Plant-27,EL-8969-3414,63,50,0,2026-07-24T20:00:52+00:00,WH-01,pending,4
ORD-000242,Plant-19,EL-9607-1717,69,23,0,2026-07-26T18:00:52+00:00,WH-01,in_progress,5
ORD-000243,Plant-32,FL-1128-4247,9,5,0,2026-07-21T19:00:52+00:00,WH-02,in_progress,2
ORD-000244,Plant-21,PO-4696-4052,120,91,0,2026-07-23T03:00:52+00:00,WH-01,pending,6
ORD-000245,Plant-41,IN-4925-853,81,76,0,2026-07-20T01:00:52+00:00,WH-02,completed,9
ORD-000246,Plant-29,CH-6170-924,83,62,0,2026-07-26T18:00:52+00:00,WH-02,pending,3
ORD-000247,Plant-02,IN-5573-906,120,39,0,2026-07-20T03:00:52+00:00,WH-02,pending,9
ORD-000248,Plant-21,IN-7266-2602,47,45,0,2026-07-25T05:00:52+00:00,WH-02,completed,4
ORD-000249,Plant-43,CH-7355-3373,72,62,0,2026-07-21T01:00:52+00:00,WH-02,in_progress,2
ORD-000250,Plant-38,PO-2456-646,119,78,0,2026-07-20T10:00:52+00:00,WH-01,pending,7
ORD-000251,Plant-20,PO-8275-1099,39,22,0,2026-07-22T03:00:52+00:00,WH-02,in_progress,1
ORD-000252,Plant-13,EL-4903-3299,41,34,0,2026-07-24T09:00:52+00:00,WH-01,in_progress,2
ORD-000253,Plant-03,EL-5066-1374,25,23,0,2026-07-23T00:00:52+00:00,WH-02,completed,4
ORD-000254,Plant-37,CH-2648-2715,65,48,0,2026-07-22T12:00:52+00:00,WH-01,completed,5
ORD-000255,Plant-48,CH-3347-2414,131,58,0,2026-07-23T06:00:52+00:00,WH-01,pending,2
ORD-000256,Plant-08,CH-7345-4895,82,80,0,2026-07-22T12:00:52+00:00,WH-01,in_progress,8
ORD-000257,Plant-29,IN-9767-289,11,4,0,2026-07-25T03:00:52+00:00,WH-02,completed,4
ORD-000258,Plant-37,PO-7710-3445,75,50,0,2026-07-26T13:00:52+00:00,WH-01,completed,8
ORD-000259,Plant-23,IN-6359-4771,34,11,0,2026-07-24T00:00:52+00:00,WH-02,in_progress,3
ORD-000260,Plant-27,PO-3310-833,141,19,0,2026-07-21T06:00:52+00:00,WH-02,in_progress,1
ORD-000261,Plant-03,EL-9497-2121,112,104,0,2026-07-22T04:00:52+00:00,WH-02,pending,7
ORD-000262,Plant-36,FL-2532-2673,146,58,0,2026-07-23T06:00:52+00:00,WH-02,in_progress,9
ORD-000263,Plant-40,IN-7094-2895,11,4,0,2026-07-26T08:00:52+00:00,WH-01,in_progress,4
ORD-000264,Plant-08,IN-9028-3601,115,85,0,2026-07-22T02:00:52+00:00,WH-02,in_progress,7
ORD-000265,Plant-22,CH-9170-3679,117,18,0,2026-07-24T08:00:52+00:00,WH-01,completed,5
ORD-000266,Plant-16,PO-1443-3559,9,6,0,2026-07-24T13:00:52+00:00,WH-01,completed,1
ORD-000267,Plant-15,PO-9762-285,25,11,0,2026-07-20T17:00:52+00:00,WH-02,completed,8
ORD-000268,Plant-42,FL-6761-3134,88,67,0,2026-07-26T08:00:52+00:00,WH-01,in_progress,2
ORD-000269,Plant-33,IN-8526-2176,6,3,0,2026-07-21T08:00:52+00:00,WH-01,in_progress,6
ORD-000270,Plant-36,EL-4268-650,56,29,0,2026-07-20T05:00:52+00:00,WH-02,pending,3
ORD-000271,Plant-30,PO-4665-4648,112,108,0,2026-07-22T05:00:52+00:00,WH-02,pending,2
ORD-000272,Plant-10,CH-6638-389,56,36,0,2026-07-24T09:00:52+00:00,WH-01,in_progress,1
ORD-000273,Plant-23,PO-5317-1623,27,5,0,2026-07-23T05:00:52+00:00,WH-01,in_progress,7
ORD-000274,Plant-45,FL-8643-3047,71,27,0,2026-07-26T10:00:52+00:00,WH-01,pending,9
ORD-000275,Plant-25,PO-6547-4014,122,87,0,2026-07-24T00:00:52+00:00,WH-02,completed,9
ORD-000276,Plant-45,CH-7536-2275,137,26,0,2026-07-26T00:00:52+00:00,WH-02,in_progress,4
ORD-000277,Plant-40,EL-1994-2884,10,7,0,2026-07-20T04:00:52+00:00,WH-02,pending,6
ORD-000278,Plant-43,FL-3580-2197,51,6,0,2026-07-25T00:00:52+00:00,WH-01,in_progress,3
ORD-000279,Plant-12,EL-1700-3290,25,2,0,2026-07-25T07:00:52+00:00,WH-02,completed,6
ORD-000280,Plant-09,IN-7211-849,128,14,0,2026-07-20T12:00:52+00:00,WH-02,completed,3
ORD-000281,Plant-33,PO-2440-325,137,111,0,2026-07-21T05:00:52+00:00,WH-01,pending,3
ORD-000282,Plant-24,EL-8605-141,141,46,0,2026-07-20T07:00:52+00:00,WH-02,in_progress,4
ORD-000283,Plant-46,PO-1952-3010,149,60,0,2026-07-25T19:00:52+00:00,WH-02,in_progress,2
ORD-000284,Plant-01,IN-6751-3586,13,2,0,2026-07-23T07:00:52+00:00,WH-02,pending,3
ORD-000285,Plant-08,FL-6570-1746,88,10,0,2026-07-25T13:00:52+00:00,WH-02,in_progress,5
ORD-000286,Plant-15,IN-8676-1066,136,67,0,2026-07-21T05:00:52+00:00,WH-01,completed,3
ORD-000287,Plant-02,PO-5551-3339,110,61,0,2026-07-25T22:00:52+00:00,WH-02,completed,7
ORD-000288,Plant-45,PO-5845-3309,122,25,0,2026-07-22T17:00:52+00:00,WH-01,pending,4
ORD-000289,Plant-46,FL-7116-2431,95,25,0,2026-07-23T10:00:52+00:00,WH-01,completed,1
ORD-000290,Plant-11,EL-6606-1214,150,116,0,2026-07-26T16:00:52+00:00,WH-01,in_progress,9
ORD-000291,Plant-09,CH-9616-2167,109,25,0,2026-07-26T10:00:52+00:00,WH-02,pending,7
ORD-000292,Plant-25,EL-4737-913,141,17,0,2026-07-25T18:00:52+00:00,WH-01,pending,2
ORD-000293,Plant-24,IN-6786-088,79,39,0,2026-07-23T21:00:52+00:00,WH-01,in_progress,10
ORD-000294,Plant-26,FL-6022-522,31,14,0,2026-07-21T19:00:52+00:00,WH-01,pending,2
ORD-000295,Plant-13,CH-4649-4458,125,92,0,2026-07-22T09:00:52+00:00,WH-02,in_progress,4
ORD-000296,Plant-24,FL-7299-4055,112,95,0,2026-07-26T09:00:52+00:00,WH-02,pending,10
ORD-000297,Plant-04,FL-5122-1679,69,49,0,2026-07-24T07:00:52+00:00,WH-02,completed,9
ORD-000298,Plant-36,CH-9123-3751,125,5,0,2026-07-23T18:00:52+00:00,WH-02,completed,4
ORD-000299,Plant-19,EL-4241-2636,50,33,0,2026-07-20T23:00:52+00:00,WH-01,pending,5
ORD-000300,Plant-30,PO-4646-2682,70,4,0,2026-07-22T14:00:52+00:00,WH-01,pending,2
ORD-000301,Plant-12,CH-6111-4058,145,37,0,2026-07-20T09:00:52+00:00,WH-02,completed,6
ORD-000302,Plant-28,PO-7715-3906,91,36,0,2026-07-19T20:00:52+00:00,WH-01,pending,5
ORD-000303,Plant-01,IN-5830-4671,37,17,0,2026-07-20T08:00:52+00:00,WH-02,completed,9
ORD-000304,Plant-45,EL-8895-3891,124,69,0,2026-07-20T19:00:52+00:00,WH-02,pending,7
ORD-000305,Plant-29,CH-1922-2078,13,4,0,2026-07-26T04:00:52+00:00,WH-01,pending,2
ORD-000306,Plant-26,FL-3852-3022,111,90,0,2026-07-24T15:00:52+00:00,WH-02,completed,2
ORD-000307,Plant-04,FL-9246-2886,20,10,0,2026-07-20T03:00:52+00:00,WH-02,in_progress,10
ORD-000308,Plant-14,FL-5782-3733,100,32,0,2026-07-26T15:00:52+00:00,WH-02,in_progress,5
ORD-000309,Plant-07,CH-5936-295,127,108,0,2026-07-21T03:00:52+00:00,WH-01,in_progress,3
ORD-000310,Plant-06,IN-7493-3594,37,15,0,2026-07-20T17:00:52+00:00,WH-02,completed,4
ORD-000311,Plant-08,CH-5192-830,5,0,0,2026-07-20T01:00:52+00:00,WH-02,completed,10
ORD-000312,Plant-23,FL-9107-2289,66,44,0,2026-07-26T09:00:52+00:00,WH-01,pending,7
ORD-000313,Plant-32,FL-9076-4696,90,38,0,2026-07-26T15:00:52+00:00,WH-01,completed,7
ORD-000314,Plant-07,PO-2860-1328,27,11,0,2026-07-25T00:00:52+00:00,WH-01,completed,7
ORD-000315,Plant-46,CH-1074-3190,102,32,0,2026-07-21T12:00:52+00:00,WH-01,completed,7
ORD-000316,Plant-19,FL-8935-2099,22,6,0,2026-07-26T05:00:52+00:00,WH-01,in_progress,7
ORD-000317,Plant-29,FL-2990-4137,100,81,0,2026-07-22T15:00:52+00:00,WH-02,pending,4
ORD-000318,Plant-31,EL-8476-2779,23,17,0,2026-07-22T16:00:52+00:00,WH-02,pending,3
ORD-000319,Plant-13,CH-6927-4388,148,70,0,2026-07-20T19:00:52+00:00,WH-02,completed,8
ORD-000320,Plant-40,IN-7566-4392,52,31,0,2026-07-22T04:00:52+00:00,WH-01,completed,2
ORD-000321,Plant-24,CH-5528-4488,48,33,0,2026-07-23T23:00:52+00:00,WH-02,in_progress,4
ORD-000322,Plant-48,EL-2797-039,77,5,0,2026-07-22T19:00:52+00:00,WH-02,in_progress,9
ORD-000323,Plant-32,IN-7184-840,88,61,0,2026-07-23T17:00:52+00:00,WH-02,completed,8
ORD-000324,Plant-41,PO-6110-752,57,25,0,2026-07-22T12:00:52+00:00,WH-02,in_progress,5
ORD-000325,Plant-35,CH-1597-4531,76,34,0,2026-07-26T07:00:52+00:00,WH-02,completed,3
ORD-000326,Plant-22,EL-9408-2284,7,7,0,2026-07-26T02:00:52+00:00,WH-02,completed,8
ORD-000327,Plant-26,IN-3031-980,67,37,0,2026-07-26T11:00:52+00:00,WH-01,pending,8
ORD-000328,Plant-11,IN-5211-1797,110,88,0,2026-07-19T20:00:52+00:00,WH-01,pending,3
ORD-000329,Plant-16,CH-2598-1237,37,4,0,2026-07-21T08:00:52+00:00,WH-01,pending,7
ORD-000330,Plant-40,CH-5185-4658,124,113,0,2026-07-24T14:00:52+00:00,WH-01,completed,2
ORD-000331,Plant-07,CH-4425-2981,35,4,0,2026-07-22T22:00:52+00:00,WH-01,completed,5
ORD-000332,Plant-19,FL-6314-1253,104,26,0,2026-07-23T00:00:52+00:00,WH-01,in_progress,9
ORD-000333,Plant-43,FL-3822-2822,70,24,0,2026-07-26T03:00:52+00:00,WH-02,pending,1
ORD-000334,Plant-48,IN-3812-1242,52,18,0,2026-07-21T22:00:52+00:00,WH-01,pending,5
ORD-000335,Plant-14,PO-4781-3141,50,13,0,2026-07-19T22:00:52+00:00,WH-01,completed,1
ORD-000336,Plant-28,IN-2732-4152,36,30,0,2026-07-23T12:00:52+00:00,WH-01,pending,5
ORD-000337,Plant-11,PO-7727-3609,121,6,0,2026-07-20T13:00:52+00:00,WH-02,completed,9
ORD-000338,Plant-06,CH-1840-3237,50,39,0,2026-07-26T18:00:52+00:00,WH-01,in_progress,7
ORD-000339,Plant-33,IN-3427-996,41,40,0,2026-07-23T21:00:52+00:00,WH-02,completed,1
ORD-000340,Plant-16,CH-6469-4679,35,28,0,2026-07-26T01:00:52+00:00,WH-01,completed,4
ORD-000341,Plant-41,FL-7106-413,14,12,0,2026-07-25T02:00:52+00:00,WH-01,in_progress,2
ORD-000342,Plant-03,PO-2161-2816,45,30,0,2026-07-26T01:00:52+00:00,WH-01,in_progress,5
ORD-000343,Plant-36,PO-4099-2505,48,46,0,2026-07-21T02:00:52+00:00,WH-01,completed,7
ORD-000344,Plant-10,EL-6318-1283,114,1,0,2026-07-21T09:00:52+00:00,WH-02,pending,10
ORD-000345,Plant-46,FL-9346-3487,101,99,0,2026-07-24T20:00:52+00:00,WH-02,completed,9
ORD-000346,Plant-08,EL-9551-2887,35,28,0,2026-07-26T11:00:52+00:00,WH-01,completed,2
ORD-000347,Plant-23,CH-1938-993,97,31,0,2026-07-26T11:00:52+00:00,WH-02,completed,10
ORD-000348,Plant-29,FL-1722-4545,138,42,0,2026-07-25T18:00:52+00:00,WH-01,pending,8
ORD-000349,Plant-12,EL-4453-4035,66,6,0,2026-07-26T02:00:52+00:00,WH-02,pending,9
ORD-000350,Plant-23,CH-3189-4744,113,99,0,2026-07-24T15:00:52+00:00,WH-01,in_progress,8
ORD-000351,Plant-42,FL-4624-1389,102,9,0,2026-07-20T20:00:52+00:00,WH-02,pending,5
ORD-000352,Plant-16,FL-8477-2248,71,15,0,2026-07-23T05:00:52+00:00,WH-01,pending,3
ORD-000353,Plant-24,IN-8146-2273,77,20,0,2026-07-24T14:00:52+00:00,WH-02,in_progress,1
ORD-000354,Plant-40,PO-2440-325,84,4,0,2026-07-26T01:00:52+00:00,WH-01,completed,9
ORD-000355,Plant-06,EL-1135-2303,150,96,0,2026-07-25T04:00:52+00:00,WH-01,in_progress,10
ORD-000356,Plant-30,IN-2935-2854,96,15,0,2026-07-19T22:00:52+00:00,WH-02,completed,3
ORD-000357,Plant-33,IN-8343-2622,117,112,0,2026-07-22T14:00:52+00:00,WH-02,completed,7
ORD-000358,Plant-19,CH-4683-3328,16,2,0,2026-07-24T01:00:52+00:00,WH-02,completed,9
ORD-000359,Plant-35,EL-8969-3414,123,107,0,2026-07-21T17:00:52+00:00,WH-01,pending,4
ORD-000360,Plant-37,PO-4783-3230,52,42,0,2026-07-23T12:00:52+00:00,WH-02,in_progress,7
ORD-000361,Plant-03,EL-9196-4104,67,40,0,2026-07-25T04:00:52+00:00,WH-01,in_progress,3
ORD-000362,Plant-02,PO-1089-3624,23,0,0,2026-07-25T10:00:52+00:00,WH-02,completed,1
ORD-000363,Plant-07,PO-3636-1919,102,76,0,2026-07-23T02:00:52+00:00,WH-02,in_progress,1
ORD-000364,Plant-17,CH-1253-4600,7,6,0,2026-07-21T08:00:52+00:00,WH-02,in_progress,6
ORD-000365,Plant-27,CH-2414-788,46,22,0,2026-07-23T00:00:52+00:00,WH-01,in_progress,10
ORD-000366,Plant-35,CH-2350-586,134,26,0,2026-07-22T01:00:52+00:00,WH-01,completed,6
ORD-000367,Plant-32,PO-9524-1000,75,75,0,2026-07-21T20:00:52+00:00,WH-01,pending,4
ORD-000368,Plant-29,IN-6621-1999,150,21,0,2026-07-24T05:00:52+00:00,WH-01,pending,10
ORD-000369,Plant-34,CH-7364-4529,148,23,0,2026-07-26T01:00:52+00:00,WH-02,in_progress,6
ORD-000370,Plant-25,IN-7388-3962,80,45,0,2026-07-21T03:00:52+00:00,WH-02,in_progress,6
ORD-000371,Plant-48,EL-9474-2498,122,31,0,2026-07-21T20:00:52+00:00,WH-02,in_progress,8
ORD-000372,Plant-31,EL-1158-2811,16,8,0,2026-07-21T08:00:52+00:00,WH-02,in_progress,7
ORD-000373,Plant-11,CH-4083-2495,97,30,0,2026-07-25T23:00:52+00:00,WH-01,pending,8
ORD-000374,Plant-24,FL-4192-2050,122,52,0,2026-07-24T15:00:52+00:00,WH-02,pending,10
ORD-000375,Plant-06,PO-2171-1597,61,20,0,2026-07-25T23:00:52+00:00,WH-02,in_progress,7
ORD-000376,Plant-17,IN-2488-2545,72,59,0,2026-07-23T03:00:52+00:00,WH-02,completed,4
ORD-000377,Plant-40,FL-9346-3487,131,39,0,2026-07-24T15:00:52+00:00,WH-02,in_progress,3
ORD-000378,Plant-39,PO-4108-2145,94,18,0,2026-07-22T23:00:52+00:00,WH-01,pending,9
ORD-000379,Plant-26,CH-4077-1661,47,2,0,2026-07-25T17:00:52+00:00,WH-01,in_progress,4
ORD-000380,Plant-32,FL-7254-3210,109,4,0,2026-07-25T02:00:52+00:00,WH-02,completed,8
ORD-000381,Plant-31,FL-7116-2431,129,51,0,2026-07-20T23:00:52+00:00,WH-01,completed,10
ORD-000382,Plant-10,EL-2427-4572,21,3,0,2026-07-22T22:00:52+00:00,WH-01,completed,4
ORD-000383,Plant-40,IN-8433-4078,80,69,0,2026-07-23T17:00:52+00:00,WH-01,completed,3
ORD-000384,Plant-37,PO-9285-3763,127,114,0,2026-07-21T12:00:52+00:00,WH-01,completed,3
ORD-000385,Plant-41,FL-5683-1017,12,5,0,2026-07-23T23:00:52+00:00,WH-01,pending,4
ORD-000386,Plant-16,IN-3930-2052,39,15,0,2026-07-25T17:00:52+00:00,WH-01,pending,10
ORD-000387,Plant-01,IN-3566-1705,96,4,0,2026-07-21T04:00:52+00:00,WH-02,in_progress,6
ORD-000388,Plant-22,CH-5861-4901,118,25,0,2026-07-26T13:00:52+00:00,WH-02,completed,9
ORD-000389,Plant-12,IN-1141-2264,16,16,0,2026-07-25T15:00:52+00:00,WH-01,pending,8
ORD-000390,Plant-07,PO-6806-358,65,21,0,2026-07-22T08:00:52+00:00,WH-01,pending,1
ORD-000391,Plant-30,IN-6377-2713,9,7,0,2026-07-21T21:00:52+00:00,WH-02,pending,8
ORD-000392,Plant-02,EL-2516-2144,149,109,0,2026-07-26T09:00:52+00:00,WH-02,completed,4
ORD-000393,Plant-48,CH-7340-2261,67,0,0,2026-07-21T04:00:52+00:00,WH-02,completed,10
ORD-000394,Plant-24,IN-4142-1240,126,96,0,2026-07-22T01:00:52+00:00,WH-01,completed,3
ORD-000395,Plant-46,CH-3205-974,24,7,0,2026-07-19T22:00:52+00:00,WH-01,pending,7
ORD-000396,Plant-34,CH-3193-4153,13,7,0,2026-07-20T12:00:52+00:00,WH-02,in_progress,8
ORD-000397,Plant-31,FL-6432-1786,38,29,0,2026-07-21T04:00:52+00:00,WH-01,in_progress,6
ORD-000398,Plant-14,PO-1622-3279,144,87,0,2026-07-25T19:00:52+00:00,WH-01,completed,10
ORD-000399,Plant-19,FL-1235-3946,59,51,0,2026-07-21T11:00:52+00:00,WH-01,in_progress,5
ORD-000400,Plant-04,CH-6662-2971,150,18,0,2026-07-23T08:00:52+00:00,WH-01,completed,6
ORD-000401,Plant-07,FL-1600-4521,76,42,0,2026-07-24T04:00:52+00:00,WH-01,completed,5
ORD-000402,Plant-05,PO-8360-3551,122,55,0,2026-07-19T21:00:52+00:00,WH-02,pending,5
ORD-000403,Plant-46,EL-1700-3290,17,15,0,2026-07-20T03:00:52+00:00,WH-02,completed,2
ORD-000404,Plant-01,IN-9841-4639,81,34,0,2026-07-22T22:00:52+00:00,WH-01,completed,6
ORD-000405,Plant-06,PO-7243-3746,118,117,0,2026-07-24T19:00:52+00:00,WH-01,completed,2
ORD-000406,Plant-16,CH-2410-1703,8,7,0,2026-07-24T07:00:52+00:00,WH-01,in_progress,9
ORD-000407,Plant-31,CH-9966-876,7,5,0,2026-07-23T09:00:52+00:00,WH-01,in_progress,10
ORD-000408,Plant-22,IN-5627-4120,52,34,0,2026-07-22T21:00:52+00:00,WH-02,in_progress,3
ORD-000409,Plant-46,PO-2126-2620,90,17,0,2026-07-21T22:00:52+00:00,WH-01,completed,4
ORD-000410,Plant-40,IN-6117-4482,65,28,0,2026-07-25T07:00:52+00:00,WH-02,completed,9
ORD-000411,Plant-43,IN-6479-011,125,95,0,2026-07-25T06:00:52+00:00,WH-02,pending,2
ORD-000412,Plant-11,PO-2440-325,139,138,0,2026-07-22T05:00:52+00:00,WH-02,in_progress,2
ORD-000413,Plant-44,CH-7213-2486,86,56,0,2026-07-25T01:00:52+00:00,WH-01,pending,10
ORD-000414,Plant-03,CH-2233-1952,20,2,0,2026-07-25T04:00:52+00:00,WH-02,in_progress,1
ORD-000415,Plant-33,CH-8286-507,53,36,0,2026-07-24T17:00:52+00:00,WH-01,completed,2
ORD-000416,Plant-05,FL-6692-1450,75,68,0,2026-07-19T23:00:52+00:00,WH-01,pending,2
ORD-000417,Plant-35,FL-1737-589,11,8,0,2026-07-22T09:00:52+00:00,WH-02,completed,4
ORD-000418,Plant-34,PO-4794-3686,73,0,0,2026-07-26T13:00:52+00:00,WH-01,completed,10
ORD-000419,Plant-02,EL-3355-4500,128,43,0,2026-07-21T17:00:52+00:00,WH-02,in_progress,7
ORD-000420,Plant-47,FL-9989-2298,48,3,0,2026-07-21T13:00:52+00:00,WH-01,pending,8
ORD-000421,Plant-32,EL-4264-823,62,26,0,2026-07-24T12:00:52+00:00,WH-02,in_progress,7
ORD-000422,Plant-25,PO-4250-2560,131,80,0,2026-07-25T12:00:52+00:00,WH-01,in_progress,3
ORD-000423,Plant-01,EL-8810-2958,69,58,0,2026-07-20T13:00:52+00:00,WH-01,in_progress,6
ORD-000424,Plant-29,FL-6022-522,141,78,0,2026-07-23T22:00:52+00:00,WH-01,in_progress,6
ORD-000425,Plant-13,EL-2308-2952,14,5,0,2026-07-23T04:00:52+00:00,WH-02,in_progress,9
ORD-000426,Plant-40,FL-8788-2000,50,35,0,2026-07-24T13:00:52+00:00,WH-02,in_progress,3
ORD-000427,Plant-39,EL-2273-4663,45,12,0,2026-07-23T19:00:52+00:00,WH-01,in_progress,10
ORD-000428,Plant-19,EL-9058-2711,105,85,0,2026-07-19T21:00:52+00:00,WH-01,in_progress,2
ORD-000429,Plant-29,FL-9412-1739,114,20,0,2026-07-23T00:00:52+00:00,WH-01,pending,7
ORD-000430,Plant-13,IN-8743-405,87,67,0,2026-07-22T17:00:52+00:00,WH-02,pending,1
ORD-000431,Plant-01,CH-8045-2523,59,25,0,2026-07-20T21:00:52+00:00,WH-02,pending,9
ORD-000432,Plant-05,FL-4487-1266,103,15,0,2026-07-25T23:00:52+00:00,WH-02,in_progress,10
ORD-000433,Plant-04,EL-8175-3208,27,25,0,2026-07-23T15:00:52+00:00,WH-02,completed,4
ORD-000434,Plant-38,IN-5340-4437,144,3,0,2026-07-22T06:00:52+00:00,WH-01,in_progress,3
ORD-000435,Plant-23,EL-5860-4967,87,40,0,2026-07-21T17:00:52+00:00,WH-02,pending,8
ORD-000436,Plant-40,IN-8634-3128,65,49,0,2026-07-26T08:00:52+00:00,WH-02,in_progress,7
ORD-000437,Plant-02,PO-4699-4478,56,3,0,2026-07-26T06:00:52+00:00,WH-01,pending,5
ORD-000438,Plant-13,PO-1402-407,98,57,0,2026-07-21T21:00:52+00:00,WH-01,pending,6
ORD-000439,Plant-09,EL-7475-4063,15,0,0,2026-07-22T19:00:52+00:00,WH-01,in_progress,3
ORD-000440,Plant-12,IN-8850-476,115,66,0,2026-07-25T16:00:52+00:00,WH-02,completed,2
ORD-000441,Plant-04,FL-8178-171,23,15,0,2026-07-24T02:00:52+00:00,WH-01,pending,7
ORD-000442,Plant-20,CH-7257-3933,23,3,0,2026-07-24T19:00:52+00:00,WH-01,in_progress,7
ORD-000443,Plant-05,FL-8812-4709,20,8,0,2026-07-25T07:00:52+00:00,WH-01,in_progress,7
ORD-000444,Plant-18,FL-4837-3811,88,37,0,2026-07-23T19:00:52+00:00,WH-02,pending,7
ORD-000445,Plant-48,PO-8398-2344,47,17,0,2026-07-24T14:00:52+00:00,WH-01,completed,6
ORD-000446,Plant-37,EL-3240-297,92,30,0,2026-07-22T18:00:52+00:00,WH-01,pending,9
ORD-000447,Plant-44,EL-3141-1753,35,18,0,2026-07-20T05:00:52+00:00,WH-02,in_progress,5
ORD-000448,Plant-07,CH-9918-4271,20,2,0,2026-07-24T08:00:52+00:00,WH-01,in_progress,10
ORD-000449,Plant-19,CH-3976-2817,65,60,0,2026-07-21T08:00:52+00:00,WH-01,completed,8
ORD-000450,Plant-18,FL-9149-1198,66,8,0,2026-07-21T22:00:52+00:00,WH-02,in_progress,2
ORD-000451,Plant-26,EL-7769-660,91,13,0,2026-07-20T18:00:52+00:00,WH-02,completed,7
ORD-000452,Plant-16,PO-6949-3459,143,13,0,2026-07-20T00:00:52+00:00,WH-02,pending,1
ORD-000453,Plant-44,FL-2189-2330,78,47,0,2026-07-22T09:00:52+00:00,WH-01,completed,3
ORD-000454,Plant-36,PO-4703-1294,28,17,0,2026-07-21T17:00:52+00:00,WH-01,completed,7
ORD-000455,Plant-22,PO-6476-056,136,81,0,2026-07-21T00:00:52+00:00,WH-02,pending,8
ORD-000456,Plant-31,PO-8973-2547,120,81,0,2026-07-22T13:00:52+00:00,WH-01,in_progress,9
ORD-000457,Plant-03,CH-3049-3099,149,104,0,2026-07-26T04:00:52+00:00,WH-02,in_progress,4
ORD-000458,Plant-32,IN-6961-3382,21,17,0,2026-07-23T23:00:52+00:00,WH-02,pending,10
ORD-000459,Plant-28,PO-6906-1962,26,20,0,2026-07-20T06:00:52+00:00,WH-02,in_progress,2
ORD-000460,Plant-07,EL-2525-2706,16,4,0,2026-07-25T05:00:52+00:00,WH-01,completed,3
ORD-000461,Plant-24,CH-8045-2523,124,100,0,2026-07-26T06:00:52+00:00,WH-01,completed,1
ORD-000462,Plant-43,EL-1886-2051,70,33,0,2026-07-22T19:00:52+00:00,WH-02,in_progress,9
ORD-000463,Plant-06,PO-2932-3793,131,81,0,2026-07-23T13:00:52+00:00,WH-01,completed,1
ORD-000464,Plant-02,IN-8321-3154,57,38,0,2026-07-21T06:00:52+00:00,WH-02,completed,7
ORD-000465,Plant-31,IN-4222-3361,31,28,0,2026-07-25T09:00:52+00:00,WH-01,completed,5
ORD-000466,Plant-46,PO-5290-2048,48,8,0,2026-07-23T22:00:52+00:00,WH-02,in_progress,5
ORD-000467,Plant-13,FL-5009-2220,123,80,0,2026-07-23T10:00:52+00:00,WH-02,pending,5
ORD-000468,Plant-24,FL-8216-2468,90,16,0,2026-07-21T14:00:52+00:00,WH-02,pending,4
ORD-000469,Plant-33,PO-7015-2882,104,53,0,2026-07-20T01:00:52+00:00,WH-01,completed,3
ORD-000470,Plant-07,IN-3649-3480,89,28,0,2026-07-23T22:00:52+00:00,WH-02,pending,9
ORD-000471,Plant-06,EL-9895-1026,120,74,0,2026-07-25T23:00:52+00:00,WH-01,completed,9
ORD-000472,Plant-25,EL-6858-753,83,3,0,2026-07-23T13:00:52+00:00,WH-02,completed,5
ORD-000473,Plant-03,EL-5150-3582,58,16,0,2026-07-23T22:00:52+00:00,WH-01,completed,7
ORD-000474,Plant-25,EL-6270-2179,67,47,0,2026-07-24T23:00:52+00:00,WH-02,in_progress,4
ORD-000475,Plant-29,PO-7095-1128,85,40,0,2026-07-24T17:00:52+00:00,WH-02,completed,8
ORD-000476,Plant-04,PO-3267-3957,133,44,0,2026-07-21T21:00:52+00:00,WH-01,pending,2
ORD-000477,Plant-36,EL-2969-3671,103,28,0,2026-07-22T19:00:52+00:00,WH-02,completed,9
ORD-000478,Plant-10,FL-5479-4950,48,26,0,2026-07-21T22:00:52+00:00,WH-01,pending,4
ORD-000479,Plant-10,PO-5511-4457,52,47,0,2026-07-26T05:00:52+00:00,WH-01,in_progress,5
ORD-000480,Plant-10,FL-6534-1468,50,36,0,2026-07-20T16:00:52+00:00,WH-01,pending,8
ORD-000481,Plant-01,CH-8466-3970,106,26,0,2026-07-22T20:00:52+00:00,WH-01,in_progress,1
ORD-000482,Plant-12,PO-6887-4016,30,18,0,2026-07-25T18:00:52+00:00,WH-01,pending,2
ORD-000483,Plant-38,IN-8835-4236,48,41,0,2026-07-25T11:00:52+00:00,WH-02,pending,4
ORD-000484,Plant-04,FL-4577-230,20,7,0,2026-07-22T00:00:52+00:00,WH-02,in_progress,2
ORD-000485,Plant-25,IN-8265-1014,8,0,0,2026-07-24T08:00:52+00:00,WH-01,in_progress,7
ORD-000486,Plant-23,FL-9061-2028,107,55,0,2026-07-23T10:00:52+00:00,WH-02,pending,1
ORD-000487,Plant-31,IN-5573-019,101,51,0,2026-07-20T22:00:52+00:00,WH-02,completed,4
ORD-000488,Plant-09,FL-5275-473,50,33,0,2026-07-20T18:00:52+00:00,WH-02,in_progress,4
ORD-000489,Plant-01,EL-4249-1648,123,106,0,2026-07-26T01:00:52+00:00,WH-01,pending,10
ORD-000490,Plant-18,FL-4452-4064,116,81,0,2026-07-19T18:00:52+00:00,WH-01,completed,4
ORD-000491,Plant-07,PO-4696-4052,130,101,0,2026-07-23T08:00:52+00:00,WH-01,in_progress,10
ORD-000492,Plant-13,EL-4427-3130,144,110,0,2026-07-21T18:00:52+00:00,WH-01,pending,9
ORD-000493,Plant-45,CH-2821-2467,6,3,0,2026-07-25T13:00:52+00:00,WH-02,in_progress,7
ORD-000494,Plant-23,IN-9111-4635,78,15,0,2026-07-25T06:00:52+00:00,WH-02,in_progress,1
ORD-000495,Plant-40,CH-6365-886,118,32,0,2026-07-20T12:00:52+00:00,WH-01,pending,7
ORD-000496,Plant-19,PO-4699-4478,77,39,0,2026-07-24T17:00:52+00:00,WH-01,completed,1
ORD-000497,Plant-40,FL-6795-4792,113,112,0,2026-07-20T05:00:52+00:00,WH-01,completed,6
ORD-000498,Plant-31,CH-8790-4260,70,40,0,2026-07-20T09:00:52+00:00,WH-02,pending,2
ORD-000499,Plant-08,EL-1861-733,30,24,0,2026-07-25T07:00:52+00:00,WH-02,completed,5
ORD-000500,Plant-19,FL-2331-2675,117,77,0,2026-07-25T12:00:52+00:00,WH-02,in_progress,10
ORD-000501,Plant-47,IN-3933-4533,19,17,0,2026-07-26T06:00:52+00:00,WH-02,completed,7
ORD-000502,Plant-31,EL-5867-4166,126,85,0,2026-07-22T11:00:52+00:00,WH-01,completed,2
ORD-000503,Plant-28,EL-9980-3719,111,44,0,2026-07-20T22:00:52+00:00,WH-01,in_progress,5
ORD-000504,Plant-12,EL-1177-2901,97,2,0,2026-07-24T04:00:52+00:00,WH-01,in_progress,10
ORD-000505,Plant-20,IN-5734-1080,77,1,0,2026-07-22T01:00:52+00:00,WH-02,pending,9
ORD-000506,Plant-23,FL-5329-1543,86,56,0,2026-07-23T15:00:52+00:00,WH-01,pending,3
ORD-000507,Plant-34,FL-6432-2717,143,59,0,2026-07-23T20:00:52+00:00,WH-02,in_progress,4
ORD-000508,Plant-35,EL-2058-2625,11,0,0,2026-07-20T12:00:52+00:00,WH-02,completed,8
ORD-000509,Plant-22,PO-1256-1079,119,2,0,2026-07-20T14:00:52+00:00,WH-01,completed,8
ORD-000510,Plant-44,EL-7033-3669,9,6,0,2026-07-21T16:00:52+00:00,WH-01,completed,2
ORD-000511,Plant-23,FL-8333-576,26,12,0,2026-07-22T04:00:52+00:00,WH-02,pending,2
ORD-000512,Plant-46,PO-2014-1378,123,60,0,2026-07-20T10:00:52+00:00,WH-01,pending,2
ORD-000513,Plant-07,CH-3815-1319,45,16,0,2026-07-20T07:00:52+00:00,WH-02,in_progress,7
ORD-000514,Plant-25,EL-8006-4254,136,26,0,2026-07-23T16:00:52+00:00,WH-01,completed,1
ORD-000515,Plant-34,FL-8515-3657,147,15,0,2026-07-24T17:00:52+00:00,WH-01,completed,8
ORD-000516,Plant-30,IN-6268-734,99,29,0,2026-07-21T20:00:52+00:00,WH-02,in_progress,6
ORD-000517,Plant-43,CH-4162-536,80,74,0,2026-07-26T13:00:52+00:00,WH-02,in_progress,7
ORD-000518,Plant-39,FL-8621-958,5,5,0,2026-07-23T00:00:52+00:00,WH-01,completed,9
ORD-000519,Plant-09,IN-9977-1823,122,91,0,2026-07-23T20:00:52+00:00,WH-01,pending,1
ORD-000520,Plant-47,EL-9341-3968,127,104,0,2026-07-20T13:00:52+00:00,WH-02,in_progress,1
ORD-000521,Plant-27,CH-4845-783,18,11,0,2026-07-23T00:00:52+00:00,WH-01,in_progress,5
ORD-000522,Plant-31,EL-7061-4808,105,101,0,2026-07-20T09:00:52+00:00,WH-01,in_progress,1
ORD-000523,Plant-06,CH-1188-4805,81,32,0,2026-07-23T19:00:52+00:00,WH-02,in_progress,8
ORD-000524,Plant-15,IN-5942-3256,69,20,0,2026-07-24T05:00:52+00:00,WH-01,completed,8
ORD-000525,Plant-09,PO-2467-854,128,46,0,2026-07-20T13:00:52+00:00,WH-02,completed,4
ORD-000526,Plant-33,FL-5141-4205,39,5,0,2026-07-23T17:00:52+00:00,WH-02,in_progress,8
ORD-000527,Plant-18,PO-3122-3084,148,63,0,2026-07-26T06:00:52+00:00,WH-02,completed,4
ORD-000528,Plant-26,FL-7669-4349,56,38,0,2026-07-21T13:00:52+00:00,WH-01,in_progress,8
ORD-000529,Plant-02,EL-4119-2374,137,3,0,2026-07-24T12:00:52+00:00,WH-01,completed,9
ORD-000530,Plant-30,CH-7341-427,33,13,0,2026-07-26T07:00:52+00:00,WH-01,pending,7
ORD-000531,Plant-11,PO-2451-144,7,7,0,2026-07-25T06:00:52+00:00,WH-01,pending,4
ORD-000532,Plant-20,PO-6327-4624,91,36,0,2026-07-19T19:00:52+00:00,WH-01,completed,8
ORD-000533,Plant-39,EL-3481-4462,31,10,0,2026-07-26T18:00:52+00:00,WH-02,in_progress,9
ORD-000534,Plant-11,CH-3489-273,143,4,0,2026-07-21T09:00:52+00:00,WH-02,completed,10
ORD-000535,Plant-30,FL-4487-1266,131,72,0,2026-07-20T07:00:52+00:00,WH-02,in_progress,9
ORD-000536,Plant-32,IN-8205-1452,116,71,0,2026-07-20T11:00:52+00:00,WH-01,in_progress,1
ORD-000537,Plant-12,FL-4414-249,62,6,0,2026-07-22T04:00:52+00:00,WH-02,completed,1
ORD-000538,Plant-02,FL-1751-4002,114,88,0,2026-07-25T01:00:52+00:00,WH-02,pending,1
ORD-000539,Plant-29,IN-3953-3158,84,34,0,2026-07-21T18:00:52+00:00,WH-01,in_progress,10
ORD-000540,Plant-20,CH-9847-478,90,26,0,2026-07-22T06:00:52+00:00,WH-01,pending,3
ORD-000541,Plant-38,EL-9706-953,122,21,0,2026-07-20T14:00:52+00:00,WH-01,pending,9
ORD-000542,Plant-27,CH-6340-4009,14,6,0,2026-07-25T00:00:52+00:00,WH-01,pending,3
ORD-000543,Plant-48,FL-3704-4220,8,6,0,2026-07-22T07:00:52+00:00,WH-01,completed,10
ORD-000544,Plant-01,CH-9222-4404,130,119,0,2026-07-19T19:00:52+00:00,WH-02,completed,2
ORD-000545,Plant-18,FL-4749-1333,136,49,0,2026-07-22T03:00:52+00:00,WH-01,pending,2
ORD-000546,Plant-26,IN-6351-2391,46,5,0,2026-07-22T07:00:52+00:00,WH-01,pending,4
ORD-000547,Plant-14,CH-9269-362,110,17,0,2026-07-25T23:00:52+00:00,WH-01,completed,3
ORD-000548,Plant-12,IN-3372-2288,13,1,0,2026-07-24T00:00:52+00:00,WH-02,completed,7
ORD-000549,Plant-27,FL-5446-4005,42,8,0,2026-07-25T13:00:52+00:00,WH-02,pending,8
ORD-000550,Plant-01,PO-7538-3732,116,50,0,2026-07-22T04:00:52+00:00,WH-01,in_progress,4
ORD-000551,Plant-39,FL-1722-4795,106,100,0,2026-07-26T08:00:52+00:00,WH-02,completed,1
ORD-000552,Plant-24,PO-2571-165,107,90,0,2026-07-23T05:00:52+00:00,WH-02,pending,8
ORD-000553,Plant-10,IN-2212-2175,26,24,0,2026-07-24T18:00:52+00:00,WH-02,completed,3
ORD-000554,Plant-37,IN-7184-1098,12,11,0,2026-07-22T02:00:52+00:00,WH-02,in_progress,4
ORD-000555,Plant-13,EL-4500-4764,21,15,0,2026-07-23T04:00:52+00:00,WH-01,pending,7
ORD-000556,Plant-33,CH-8373-1385,110,92,0,2026-07-20T11:00:52+00:00,WH-01,pending,3
ORD-000557,Plant-27,IN-5396-2158,125,18,0,2026-07-22T12:00:52+00:00,WH-01,pending,10
ORD-000558,Plant-29,PO-6005-1761,117,78,0,2026-07-26T17:00:52+00:00,WH-02,in_progress,8
ORD-000559,Plant-22,EL-5568-4536,19,6,0,2026-07-20T15:00:52+00:00,WH-01,pending,3
ORD-000560,Plant-43,IN-5962-4227,20,12,0,2026-07-20T22:00:52+00:00,WH-01,pending,9
ORD-000561,Plant-29,CH-2148-2320,74,26,0,2026-07-23T03:00:52+00:00,WH-01,completed,3
ORD-000562,Plant-26,FL-6559-2830,53,35,0,2026-07-20T13:00:52+00:00,WH-02,in_progress,8
ORD-000563,Plant-17,PO-5155-942,134,6,0,2026-07-21T06:00:52+00:00,WH-02,completed,8
ORD-000564,Plant-42,EL-4872-1618,119,56,0,2026-07-22T20:00:52+00:00,WH-01,completed,9
ORD-000565,Plant-11,PO-3368-3947,27,19,0,2026-07-22T16:00:52+00:00,WH-02,pending,9
ORD-000566,Plant-06,FL-5024-3917,54,40,0,2026-07-20T16:00:52+00:00,WH-02,pending,7
ORD-000567,Plant-08,IN-3772-1434,98,73,0,2026-07-25T05:00:52+00:00,WH-02,pending,6
ORD-000568,Plant-35,PO-2865-335,88,21,0,2026-07-26T09:00:52+00:00,WH-02,pending,2
ORD-000569,Plant-17,IN-1532-4207,20,4,0,2026-07-20T11:00:52+00:00,WH-01,in_progress,1
ORD-000570,Plant-12,PO-9948-3755,42,32,0,2026-07-26T01:00:52+00:00,WH-02,in_progress,8
ORD-000571,Plant-25,EL-5846-2980,118,5,0,2026-07-22T18:00:52+00:00,WH-02,in_progress,1
ORD-000572,Plant-08,FL-6886-1107,79,50,0,2026-07-25T01:00:52+00:00,WH-01,in_progress,2
ORD-000573,Plant-44,FL-1722-4545,108,55,0,2026-07-25T07:00:52+00:00,WH-01,pending,5
ORD-000574,Plant-31,EL-2255-215,66,28,0,2026-07-22T01:00:52+00:00,WH-02,pending,6
ORD-000575,Plant-23,PO-9029-2731,12,5,0,2026-07-19T23:00:52+00:00,WH-02,pending,9
ORD-000576,Plant-26,FL-2986-1485,65,14,0,2026-07-20T14:00:52+00:00,WH-01,in_progress,5
ORD-000577,Plant-25,EL-6961-4294,65,5,0,2026-07-19T21:00:52+00:00,WH-01,in_progress,9
ORD-000578,Plant-22,IN-8222-600,63,3,0,2026-07-20T21:00:52+00:00,WH-01,completed,5
ORD-000579,Plant-41,CH-4162-536,143,40,0,2026-07-22T20:00:52+00:00,WH-01,completed,3
ORD-000580,Plant-04,PO-6640-4460,72,49,0,2026-07-21T02:00:52+00:00,WH-01,pending,5
ORD-000581,Plant-05,PO-7835-2596,73,70,0,2026-07-24T10:00:52+00:00,WH-02,in_progress,2
ORD-000582,Plant-21,FL-7179-4942,5,2,0,2026-07-24T07:00:52+00:00,WH-01,in_progress,1
ORD-000583,Plant-23,EL-9212-4034,132,109,0,2026-07-23T00:00:52+00:00,WH-01,in_progress,6
ORD-000584,Plant-26,PO-5250-930,63,58,0,2026-07-24T12:00:52+00:00,WH-01,in_progress,1
ORD-000585,Plant-18,EL-6414-1554,18,7,0,2026-07-23T04:00:52+00:00,WH-01,completed,4
ORD-000586,Plant-40,CH-8931-1946,82,73,0,2026-07-20T02:00:52+00:00,WH-01,completed,8
ORD-000587,Plant-31,IN-7074-2294,82,79,0,2026-07-23T10:00:52+00:00,WH-01,pending,10
ORD-000588,Plant-13,CH-4649-4458,114,99,0,2026-07-22T15:00:52+00:00,WH-01,completed,7
ORD-000589,Plant-40,FL-6065-3982,12,6,0,2026-07-23T13:00:52+00:00,WH-01,in_progress,6
ORD-000590,Plant-25,EL-2516-2144,31,4,0,2026-07-23T14:00:52+00:00,WH-01,pending,1
ORD-000591,Plant-34,CH-2437-4148,116,70,0,2026-07-21T13:00:52+00:00,WH-01,pending,10
ORD-000592,Plant-47,PO-3526-4886,116,11,0,2026-07-20T13:00:52+00:00,WH-01,in_progress,1
ORD-000593,Plant-06,IN-7273-022,46,18,0,2026-07-23T21:00:52+00:00,WH-01,completed,4
ORD-000594,Plant-39,FL-3853-3257,146,87,0,2026-07-25T20:00:52+00:00,WH-01,completed,9
ORD-000595,Plant-02,FL-6687-2760,75,57,0,2026-07-24T09:00:52+00:00,WH-01,completed,2
ORD-000596,Plant-16,EL-7141-2992,144,121,0,2026-07-19T23:00:52+00:00,WH-02,completed,5
ORD-000597,Plant-05,IN-8509-1072,49,47,0,2026-07-23T07:00:52+00:00,WH-02,in_progress,4
ORD-000598,Plant-39,IN-4400-3949,59,36,0,2026-07-24T01:00:52+00:00,WH-01,pending,7
ORD-000599,Plant-20,CH-3338-2202,150,29,0,2026-07-24T01:00:52+00:00,WH-02,in_progress,3
ORD-000600,Plant-06,PO-8060-879,109,101,0,2026-07-26T13:00:52+00:00,WH-01,pending,3
ORD-000601,Plant-21,PO-9629-1110,80,27,0,2026-07-20T18:00:52+00:00,WH-01,in_progress,8
ORD-000602,Plant-14,PO-9524-1000,38,8,0,2026-07-20T23:00:52+00:00,WH-01,completed,10
ORD-000603,Plant-06,EL-1812-093,76,73,0,2026-07-22T08:00:52+00:00,WH-02,completed,8
ORD-000604,Plant-43,CH-7529-4412,34,24,0,2026-07-20T16:00:52+00:00,WH-02,in_progress,2
ORD-000605,Plant-11,IN-7819-3668,41,36,0,2026-07-25T09:00:52+00:00,WH-02,completed,10
ORD-000606,Plant-47,PO-7464-2594,5,0,0,2026-07-26T17:00:52+00:00,WH-01,pending,2
ORD-000607,Plant-46,CH-3449-3032,104,26,0,2026-07-24T05:00:52+00:00,WH-01,pending,8
ORD-000608,Plant-37,CH-9883-1643,88,24,0,2026-07-23T06:00:52+00:00,WH-01,in_progress,7
ORD-000609,Plant-07,PO-8196-1149,130,100,0,2026-07-24T01:00:52+00:00,WH-02,in_progress,6
ORD-000610,Plant-01,FL-5416-086,94,62,0,2026-07-21T01:00:52+00:00,WH-01,completed,7
ORD-000611,Plant-29,IN-8292-2041,111,74,0,2026-07-20T19:00:52+00:00,WH-01,completed,8
ORD-000612,Plant-31,EL-5746-4877,35,27,0,2026-07-26T14:00:52+00:00,WH-02,pending,3
ORD-000613,Plant-47,PO-8490-2373,96,69,0,2026-07-25T12:00:52+00:00,WH-02,in_progress,5
ORD-000614,Plant-11,EL-1779-4426,85,3,0,2026-07-20T06:00:52+00:00,WH-01,completed,5
ORD-000615,Plant-27,PO-2621-1585,22,17,0,2026-07-24T07:00:52+00:00,WH-01,completed,9
ORD-000616,Plant-02,EL-7870-1059,133,49,0,2026-07-20T16:00:52+00:00,WH-01,completed,9
ORD-000617,Plant-43,CH-3016-2506,132,71,0,2026-07-22T04:00:52+00:00,WH-01,completed,8
ORD-000618,Plant-46,FL-2359-3974,24,4,0,2026-07-25T07:00:52+00:00,WH-01,in_progress,1
ORD-000619,Plant-20,FL-7551-4861,138,24,0,2026-07-24T14:00:52+00:00,WH-02,pending,10
ORD-000620,Plant-17,EL-8645-4043,86,35,0,2026-07-20T19:00:52+00:00,WH-02,pending,7
ORD-000621,Plant-19,IN-5705-1465,31,12,0,2026-07-23T13:00:52+00:00,WH-01,in_progress,9
ORD-000622,Plant-42,CH-3559-2878,37,30,0,2026-07-20T06:00:52+00:00,WH-02,in_progress,1
ORD-000623,Plant-13,PO-5971-2259,49,37,0,2026-07-26T00:00:52+00:00,WH-02,completed,1
ORD-000624,Plant-14,PO-1012-2021,125,79,0,2026-07-26T07:00:52+00:00,WH-01,in_progress,8
ORD-000625,Plant-06,PO-4690-4288,33,19,0,2026-07-24T06:00:52+00:00,WH-02,completed,2
ORD-000626,Plant-22,EL-3141-1753,47,34,0,2026-07-23T14:00:52+00:00,WH-02,pending,1
ORD-000627,Plant-48,EL-5873-4083,42,17,0,2026-07-26T18:00:52+00:00,WH-01,pending,3
ORD-000628,Plant-08,FL-7129-4612,107,41,0,2026-07-26T07:00:52+00:00,WH-02,completed,2
ORD-000629,Plant-28,CH-2449-437,101,14,0,2026-07-22T08:00:52+00:00,WH-01,completed,2
ORD-000630,Plant-41,FL-8547-4270,101,3,0,2026-07-23T10:00:52+00:00,WH-02,completed,8
ORD-000631,Plant-45,CH-2571-889,79,24,0,2026-07-20T19:00:52+00:00,WH-02,in_progress,8
ORD-000632,Plant-03,FL-4192-2050,99,12,0,2026-07-25T13:00:52+00:00,WH-01,in_progress,10
ORD-000633,Plant-41,CH-9123-3751,63,0,0,2026-07-26T03:00:52+00:00,WH-02,pending,3
ORD-000634,Plant-14,FL-7047-1985,126,71,0,2026-07-19T19:00:52+00:00,WH-02,completed,5
ORD-000635,Plant-35,EL-3839-205,129,0,0,2026-07-20T14:00:52+00:00,WH-02,pending,1
ORD-000636,Plant-05,IN-3895-1872,67,32,0,2026-07-24T06:00:52+00:00,WH-01,pending,6
ORD-000637,Plant-23,CH-4891-710,101,10,0,2026-07-20T16:00:52+00:00,WH-01,pending,8
ORD-000638,Plant-06,FL-6451-4959,117,48,0,2026-07-25T22:00:52+00:00,WH-01,pending,5
ORD-000639,Plant-30,CH-5550-4677,144,141,0,2026-07-22T00:00:52+00:00,WH-01,completed,2
ORD-000640,Plant-01,IN-3372-2288,13,6,0,2026-07-19T20:00:52+00:00,WH-02,pending,7
ORD-000641,Plant-11,FL-6084-1076,103,21,0,2026-07-24T21:00:52+00:00,WH-02,pending,9
ORD-000642,Plant-01,IN-6948-082,60,38,0,2026-07-22T14:00:52+00:00,WH-02,pending,1
ORD-000643,Plant-21,EL-4862-4202,103,34,0,2026-07-26T17:00:52+00:00,WH-02,completed,10
ORD-000644,Plant-18,IN-3576-3844,109,96,0,2026-07-25T11:00:52+00:00,WH-02,in_progress,8
ORD-000645,Plant-31,EL-4496-4320,22,6,0,2026-07-21T16:00:52+00:00,WH-01,pending,5
ORD-000646,Plant-43,EL-5590-827,91,52,0,2026-07-24T03:00:52+00:00,WH-01,pending,9
ORD-000647,Plant-19,EL-7738-2613,85,81,0,2026-07-24T10:00:52+00:00,WH-01,in_progress,8
ORD-000648,Plant-08,IN-3694-2986,9,1,0,2026-07-24T02:00:52+00:00,WH-01,in_progress,2
ORD-000649,Plant-45,PO-8501-708,38,8,0,2026-07-23T23:00:52+00:00,WH-02,completed,6
ORD-000650,Plant-01,FL-7184-4957,136,63,0,2026-07-25T22:00:52+00:00,WH-01,in_progress,2
ORD-000651,Plant-20,IN-1030-4773,115,19,0,2026-07-22T18:00:52+00:00,WH-02,completed,9
ORD-000652,Plant-15,IN-7378-3244,80,66,0,2026-07-19T18:00:52+00:00,WH-02,completed,9
ORD-000653,Plant-33,EL-9961-4280,145,62,0,2026-07-22T02:00:52+00:00,WH-01,in_progress,3
ORD-000654,Plant-07,CH-3416-3325,144,88,0,2026-07-20T14:00:52+00:00,WH-01,pending,1
ORD-000655,Plant-22,PO-9169-2661,61,30,0,2026-07-22T01:00:52+00:00,WH-01,completed,5
ORD-000656,Plant-14,PO-4528-653,7,3,0,2026-07-25T02:00:52+00:00,WH-01,completed,1
ORD-000657,Plant-18,FL-4023-4013,45,36,0,2026-07-23T04:00:52+00:00,WH-02,in_progress,7
ORD-000658,Plant-43,IN-6505-3156,111,32,0,2026-07-25T23:00:52+00:00,WH-01,in_progress,6
ORD-000659,Plant-14,FL-4914-1013,71,62,0,2026-07-23T16:00:52+00:00,WH-01,completed,3
ORD-000660,Plant-11,PO-7154-3926,94,81,0,2026-07-21T15:00:52+00:00,WH-02,pending,9
ORD-000661,Plant-38,PO-1255-436,107,94,0,2026-07-19T21:00:52+00:00,WH-02,completed,3
ORD-000662,Plant-37,FL-5253-1297,149,15,0,2026-07-24T15:00:52+00:00,WH-02,completed,7
ORD-000663,Plant-17,FL-5180-4899,71,9,0,2026-07-20T23:00:52+00:00,WH-02,pending,7
ORD-000664,Plant-02,IN-7616-1787,66,19,0,2026-07-24T02:00:52+00:00,WH-02,completed,6
ORD-000665,Plant-19,FL-1558-4615,92,40,0,2026-07-25T09:00:52+00:00,WH-02,in_progress,5
ORD-000666,Plant-37,FL-2269-1053,47,34,0,2026-07-22T13:00:52+00:00,WH-02,completed,4
ORD-000667,Plant-12,CH-8931-1946,65,26,0,2026-07-22T13:00:52+00:00,WH-02,pending,3
ORD-000668,Plant-35,EL-6259-4453,14,10,0,2026-07-22T22:00:52+00:00,WH-02,completed,10
ORD-000669,Plant-24,CH-2729-2577,137,46,0,2026-07-20T18:00:52+00:00,WH-02,pending,4
ORD-000670,Plant-24,FL-9294-1929,119,74,0,2026-07-25T05:00:52+00:00,WH-02,pending,1
ORD-000671,Plant-07,EL-6086-4574,120,10,0,2026-07-23T11:00:52+00:00,WH-02,completed,4
ORD-000672,Plant-34,EL-5075-2354,149,29,0,2026-07-24T05:00:52+00:00,WH-02,pending,2
ORD-000673,Plant-30,PO-6005-1761,113,39,0,2026-07-19T23:00:52+00:00,WH-01,pending,10
ORD-000674,Plant-12,CH-2264-792,6,3,0,2026-07-23T10:00:52+00:00,WH-01,in_progress,8
ORD-000675,Plant-43,EL-5557-3754,57,53,0,2026-07-20T11:00:52+00:00,WH-02,pending,2
ORD-000676,Plant-20,IN-8329-2198,46,2,0,2026-07-22T07:00:52+00:00,WH-02,in_progress,6
ORD-000677,Plant-03,IN-7356-4485,81,33,0,2026-07-22T04:00:52+00:00,WH-01,completed,7
ORD-000678,Plant-12,CH-7597-4520,139,77,0,2026-07-22T18:00:52+00:00,WH-02,pending,3
ORD-000679,Plant-10,IN-2765-4037,81,25,0,2026-07-23T08:00:52+00:00,WH-01,pending,10
ORD-000680,Plant-13,PO-6139-2646,8,5,0,2026-07-26T02:00:52+00:00,WH-02,completed,7
ORD-000681,Plant-47,CH-6616-1681,135,112,0,2026-07-21T21:00:52+00:00,WH-01,pending,4
ORD-000682,Plant-30,IN-5529-548,8,4,0,2026-07-19T22:00:52+00:00,WH-02,completed,3
ORD-000683,Plant-19,CH-6872-1998,73,27,0,2026-07-24T14:00:52+00:00,WH-02,completed,2
ORD-000684,Plant-41,IN-2936-2434,112,16,0,2026-07-23T05:00:52+00:00,WH-02,pending,7
ORD-000685,Plant-46,CH-1840-3237,121,35,0,2026-07-22T23:00:52+00:00,WH-01,pending,1
ORD-000686,Plant-44,EL-3226-1228,61,22,0,2026-07-24T10:00:52+00:00,WH-02,completed,5
ORD-000687,Plant-21,EL-5032-3219,109,93,0,2026-07-26T15:00:52+00:00,WH-01,completed,9
ORD-000688,Plant-31,CH-9108-3176,29,23,0,2026-07-23T21:00:52+00:00,WH-02,pending,7
ORD-000689,Plant-42,IN-8963-1883,145,53,0,2026-07-21T19:00:52+00:00,WH-01,completed,5
ORD-000690,Plant-11,FL-6145-4414,4,3,0,2026-07-20T07:00:52+00:00,WH-02,in_progress,3
ORD-000691,Plant-14,IN-8036-3205,33,30,0,2026-07-24T17:00:52+00:00,WH-01,pending,4
ORD-000692,Plant-47,EL-7202-4442,96,82,0,2026-07-22T19:00:52+00:00,WH-02,pending,2
ORD-000693,Plant-46,CH-1938-993,15,12,0,2026-07-19T18:00:52+00:00,WH-02,completed,2
ORD-000694,Plant-14,CH-3278-4650,84,77,0,2026-07-22T13:00:52+00:00,WH-02,completed,10
ORD-000695,Plant-48,CH-6053-1436,126,37,0,2026-07-20T07:00:52+00:00,WH-02,in_progress,5
ORD-000696,Plant-43,IN-1153-2340,42,8,0,2026-07-24T14:00:52+00:00,WH-02,in_progress,3
ORD-000697,Plant-02,EL-2810-4466,57,54,0,2026-07-20T05:00:52+00:00,WH-01,in_progress,7
ORD-000698,Plant-16,PO-3574-2604,19,0,0,2026-07-21T13:00:52+00:00,WH-02,in_progress,3
ORD-000699,Plant-26,EL-8126-1674,126,33,0,2026-07-24T15:00:52+00:00,WH-02,completed,7
ORD-000700,Plant-36,FL-1598-1441,50,12,0,2026-07-20T23:00:52+00:00,WH-02,completed,7
ORD-000701,Plant-09,EL-4432-3469,90,37,0,2026-07-26T14:00:52+00:00,WH-01,pending,5
ORD-000702,Plant-40,PO-6076-4365,102,102,0,2026-07-23T14:00:52+00:00,WH-01,completed,4
ORD-000703,Plant-25,PO-7452-3227,98,87,0,2026-07-21T05:00:52+00:00,WH-02,completed,3
ORD-000704,Plant-10,IN-5451-1938,99,97,0,2026-07-20T11:00:52+00:00,WH-02,pending,8
ORD-000705,Plant-33,FL-3853-3257,16,10,0,2026-07-24T14:00:52+00:00,WH-01,completed,9
ORD-000706,Plant-10,FL-3462-1295,132,9,0,2026-07-26T06:00:52+00:00,WH-01,in_progress,8
ORD-000707,Plant-05,PO-6324-1959,129,114,0,2026-07-21T01:00:52+00:00,WH-01,pending,2
ORD-000708,Plant-31,IN-4746-3416,28,6,0,2026-07-23T16:00:52+00:00,WH-01,in_progress,3
ORD-000709,Plant-02,EL-5512-922,148,113,0,2026-07-26T01:00:52+00:00,WH-02,pending,7
ORD-000710,Plant-03,IN-6062-3422,136,31,0,2026-07-21T12:00:52+00:00,WH-02,pending,1
ORD-000711,Plant-39,EL-3702-631,31,8,0,2026-07-22T20:00:52+00:00,WH-02,pending,2
ORD-000712,Plant-08,EL-9175-3878,100,81,0,2026-07-24T03:00:52+00:00,WH-02,completed,1
ORD-000713,Plant-34,PO-2451-144,22,0,0,2026-07-24T17:00:52+00:00,WH-01,completed,2
ORD-000714,Plant-11,CH-3152-3981,138,75,0,2026-07-23T13:00:52+00:00,WH-02,completed,6
ORD-000715,Plant-23,EL-4483-1140,28,18,0,2026-07-25T17:00:52+00:00,WH-02,pending,6
ORD-000716,Plant-31,PO-4790-4087,10,8,0,2026-07-21T11:00:52+00:00,WH-01,completed,4
ORD-000717,Plant-45,FL-5108-3013,79,59,0,2026-07-25T23:00:52+00:00,WH-02,in_progress,5
ORD-000718,Plant-36,EL-4844-1160,52,25,0,2026-07-21T00:00:52+00:00,WH-02,completed,8
ORD-000719,Plant-45,EL-2255-215,89,29,0,2026-07-23T05:00:52+00:00,WH-01,completed,5
ORD-000720,Plant-20,PO-2226-4474,96,6,0,2026-07-24T21:00:52+00:00,WH-02,completed,10
ORD-000721,Plant-43,PO-5867-3011,99,6,0,2026-07-23T23:00:52+00:00,WH-02,pending,4
ORD-000722,Plant-31,EL-2313-4693,9,9,0,2026-07-23T01:00:52+00:00,WH-02,completed,4
ORD-000723,Plant-28,IN-2583-185,98,92,0,2026-07-23T08:00:52+00:00,WH-01,pending,6
ORD-000724,Plant-20,PO-9426-3965,91,67,0,2026-07-23T17:00:52+00:00,WH-02,pending,9
ORD-000725,Plant-03,IN-1853-1373,121,61,0,2026-07-22T13:00:52+00:00,WH-01,completed,3
ORD-000726,Plant-15,IN-7493-3594,83,81,0,2026-07-24T03:00:52+00:00,WH-02,completed,2
ORD-000727,Plant-41,CH-5182-4790,83,36,0,2026-07-24T06:00:52+00:00,WH-02,in_progress,7
ORD-000728,Plant-46,IN-3725-1800,16,16,0,2026-07-23T16:00:52+00:00,WH-01,completed,6
ORD-000729,Plant-26,CH-2702-4513,5,3,0,2026-07-20T18:00:52+00:00,WH-02,in_progress,7
ORD-000730,Plant-33,CH-8413-3600,84,47,0,2026-07-26T00:00:52+00:00,WH-02,completed,1
ORD-000731,Plant-06,IN-6006-048,101,76,0,2026-07-25T02:00:52+00:00,WH-01,pending,10
ORD-000732,Plant-15,CH-7795-2947,138,73,0,2026-07-24T19:00:52+00:00,WH-01,in_progress,4
ORD-000733,Plant-32,EL-9895-1026,133,36,0,2026-07-21T13:00:52+00:00,WH-01,in_progress,9
ORD-000734,Plant-02,FL-8394-1413,12,10,0,2026-07-25T11:00:52+00:00,WH-01,in_progress,1
ORD-000735,Plant-21,EL-4751-1289,46,10,0,2026-07-22T19:00:52+00:00,WH-01,completed,5
ORD-000736,Plant-21,FL-8641-2755,41,14,0,2026-07-21T09:00:52+00:00,WH-01,pending,9
ORD-000737,Plant-27,PO-7539-2991,4,2,0,2026-07-21T06:00:52+00:00,WH-01,in_progress,8
ORD-000738,Plant-29,CH-9411-420,55,49,0,2026-07-25T10:00:52+00:00,WH-02,in_progress,9
ORD-000739,Plant-05,PO-3482-1626,89,81,0,2026-07-25T07:00:52+00:00,WH-02,pending,1
ORD-000740,Plant-30,FL-6271-1560,95,60,0,2026-07-25T05:00:52+00:00,WH-02,in_progress,8
ORD-000741,Plant-07,IN-7759-2156,72,42,0,2026-07-24T06:00:52+00:00,WH-01,in_progress,9
ORD-000742,Plant-35,EL-5279-3476,72,32,0,2026-07-26T00:00:52+00:00,WH-01,pending,5
ORD-000743,Plant-02,EL-2043-764,70,28,0,2026-07-25T06:00:52+00:00,WH-01,completed,8
ORD-000744,Plant-22,FL-5047-1813,48,36,0,2026-07-21T18:00:52+00:00,WH-02,in_progress,8
ORD-000745,Plant-11,PO-1923-2801,113,47,0,2026-07-24T06:00:52+00:00,WH-02,pending,10
ORD-000746,Plant-25,FL-7580-3218,101,78,0,2026-07-19T19:00:52+00:00,WH-02,completed,6
ORD-000747,Plant-43,IN-3415-2906,10,1,0,2026-07-21T08:00:52+00:00,WH-01,in_progress,7
ORD-000748,Plant-40,PO-2197-1712,33,29,0,2026-07-20T02:00:52+00:00,WH-02,completed,1
ORD-000749,Plant-03,EL-9573-643,66,46,0,2026-07-24T01:00:52+00:00,WH-01,pending,2
ORD-000750,Plant-02,PO-6593-315,83,62,0,2026-07-20T21:00:52+00:00,WH-02,in_progress,6
ORD-000751,Plant-46,IN-4253-1125,53,22,0,2026-07-23T17:00:52+00:00,WH-01,completed,10
ORD-000752,Plant-40,CH-7397-3075,66,46,0,2026-07-23T06:00:52+00:00,WH-02,completed,9
ORD-000753,Plant-46,EL-1852-1127,53,19,0,2026-07-23T16:00:52+00:00,WH-02,pending,3
ORD-000754,Plant-02,CH-9108-3176,11,4,0,2026-07-26T08:00:52+00:00,WH-01,completed,9
ORD-000755,Plant-13,PO-9837-4119,141,94,0,2026-07-23T18:00:52+00:00,WH-01,completed,5
ORD-000756,Plant-22,IN-4134-4714,135,1,0,2026-07-22T13:00:52+00:00,WH-01,completed,4
ORD-000757,Plant-18,PO-4383-658,104,47,0,2026-07-22T20:00:52+00:00,WH-02,in_progress,8
ORD-000758,Plant-08,EL-6091-4249,16,16,0,2026-07-19T20:00:52+00:00,WH-02,pending,2
ORD-000759,Plant-10,IN-4982-4222,36,17,0,2026-07-23T06:00:52+00:00,WH-02,in_progress,1
ORD-000760,Plant-19,IN-4522-1589,147,97,0,2026-07-19T19:00:52+00:00,WH-01,pending,8
ORD-000761,Plant-08,PO-5845-4864,141,72,0,2026-07-21T15:00:52+00:00,WH-02,pending,2
ORD-000762,Plant-19,IN-6135-1622,58,22,0,2026-07-24T13:00:52+00:00,WH-02,in_progress,2
ORD-000763,Plant-32,EL-7218-2302,49,25,0,2026-07-19T23:00:52+00:00,WH-02,pending,8
ORD-000764,Plant-24,CH-5240-3492,136,14,0,2026-07-20T21:00:52+00:00,WH-01,completed,5
ORD-000765,Plant-33,CH-8904-1973,51,41,0,2026-07-19T21:00:52+00:00,WH-02,in_progress,1
ORD-000766,Plant-18,IN-9026-2222,100,90,0,2026-07-20T17:00:52+00:00,WH-01,in_progress,8
ORD-000767,Plant-24,CH-5495-3836,47,2,0,2026-07-20T05:00:52+00:00,WH-01,completed,7
ORD-000768,Plant-31,FL-9247-3234,131,19,0,2026-07-21T07:00:52+00:00,WH-02,pending,5
ORD-000769,Plant-44,FL-9961-2019,35,25,0,2026-07-20T19:00:52+00:00,WH-01,completed,3
ORD-000770,Plant-26,CH-3285-1489,136,52,0,2026-07-21T00:00:52+00:00,WH-02,pending,2
ORD-000771,Plant-33,FL-2420-4352,132,103,0,2026-07-23T05:00:52+00:00,WH-01,completed,5
ORD-000772,Plant-15,IN-9581-773,47,16,0,2026-07-21T19:00:52+00:00,WH-01,in_progress,5
ORD-000773,Plant-16,IN-7960-327,84,56,0,2026-07-22T14:00:52+00:00,WH-02,in_progress,7
ORD-000774,Plant-28,FL-4247-2997,47,46,0,2026-07-26T03:00:52+00:00,WH-01,pending,3
ORD-000775,Plant-35,CH-2757-817,125,58,0,2026-07-24T19:00:52+00:00,WH-02,in_progress,2
ORD-000776,Plant-21,EL-7571-3086,12,0,0,2026-07-21T20:00:52+00:00,WH-01,in_progress,1
ORD-000777,Plant-43,IN-4331-4643,45,2,0,2026-07-25T03:00:52+00:00,WH-02,pending,6
ORD-000778,Plant-16,FL-3681-1653,61,36,0,2026-07-21T21:00:52+00:00,WH-02,in_progress,8
ORD-000779,Plant-13,FL-9054-2692,144,133,0,2026-07-26T05:00:52+00:00,WH-01,completed,1
ORD-000780,Plant-48,FL-8641-4562,4,2,0,2026-07-19T19:00:52+00:00,WH-02,pending,10
ORD-000781,Plant-47,PO-4512-4816,106,86,0,2026-07-26T06:00:52+00:00,WH-02,pending,4
ORD-000782,Plant-38,FL-2331-2675,132,96,0,2026-07-21T02:00:52+00:00,WH-01,in_progress,3
ORD-000783,Plant-14,CH-2670-3782,73,12,0,2026-07-25T15:00:52+00:00,WH-02,in_progress,2
ORD-000784,Plant-15,IN-8799-706,82,27,0,2026-07-20T11:00:52+00:00,WH-02,pending,4
ORD-000785,Plant-20,EL-6245-3787,16,9,0,2026-07-22T14:00:52+00:00,WH-01,in_progress,3
ORD-000786,Plant-19,PO-5551-3339,126,45,0,2026-07-22T19:00:52+00:00,WH-01,completed,10
ORD-000787,Plant-20,EL-3598-4449,129,124,0,2026-07-22T22:00:52+00:00,WH-02,completed,9
ORD-000788,Plant-16,EL-9952-4653,37,37,0,2026-07-22T04:00:52+00:00,WH-01,completed,5
ORD-000789,Plant-34,PO-7556-962,25,10,0,2026-07-24T11:00:52+00:00,WH-02,in_progress,1
ORD-000790,Plant-29,FL-8831-1007,135,33,0,2026-07-26T03:00:52+00:00,WH-02,in_progress,9
ORD-000791,Plant-42,CH-5019-3238,42,22,0,2026-07-21T08:00:52+00:00,WH-01,pending,4
ORD-000792,Plant-32,CH-7806-3073,68,24,0,2026-07-24T20:00:52+00:00,WH-02,pending,4
ORD-000793,Plant-16,IN-1698-3781,66,14,0,2026-07-19T19:00:52+00:00,WH-02,completed,6
ORD-000794,Plant-11,FL-1672-1437,42,24,0,2026-07-20T19:00:52+00:00,WH-01,in_progress,10
ORD-000795,Plant-31,FL-8831-1007,6,6,0,2026-07-21T00:00:52+00:00,WH-02,completed,6
ORD-000796,Plant-48,CH-2846-216,123,112,0,2026-07-25T22:00:52+00:00,WH-01,pending,7
ORD-000797,Plant-15,IN-9133-2638,116,101,0,2026-07-24T18:00:52+00:00,WH-02,in_progress,5
ORD-000798,Plant-40,EL-9961-4280,57,10,0,2026-07-21T18:00:52+00:00,WH-01,in_progress,6
ORD-000799,Plant-48,CH-4279-1583,131,61,0,2026-07-24T01:00:52+00:00,WH-01,completed,1
ORD-000800,Plant-17,EL-8268-2543,6,0,0,2026-07-26T04:00:52+00:00,WH-02,completed,1
ORD-000801,Plant-48,CH-2260-1447,48,43,0,2026-07-26T10:00:52+00:00,WH-02,pending,1
ORD-000802,Plant-05,EL-2628-4525,58,20,0,2026-07-22T04:00:52+00:00,WH-01,pending,10
ORD-000803,Plant-44,CH-1163-1418,126,87,0,2026-07-24T19:00:52+00:00,WH-01,pending,3
ORD-000804,Plant-25,PO-8060-879,60,8,0,2026-07-25T23:00:52+00:00,WH-01,completed,2
ORD-000805,Plant-17,FL-9104-3542,23,15,0,2026-07-20T09:00:52+00:00,WH-02,completed,8
ORD-000806,Plant-05,PO-7638-1504,14,5,0,2026-07-22T23:00:52+00:00,WH-01,in_progress,3
ORD-000807,Plant-05,FL-8831-1007,16,12,0,2026-07-21T23:00:52+00:00,WH-01,in_progress,4
ORD-000808,Plant-28,CH-3648-2785,102,7,0,2026-07-22T21:00:52+00:00,WH-02,in_progress,8
ORD-000809,Plant-03,FL-5101-2732,147,128,0,2026-07-24T02:00:52+00:00,WH-02,completed,4
ORD-000810,Plant-37,EL-4142-1487,32,6,0,2026-07-24T03:00:52+00:00,WH-02,in_progress,7
ORD-000811,Plant-21,EL-3902-2492,126,110,0,2026-07-23T02:00:52+00:00,WH-02,in_progress,4
ORD-000812,Plant-20,IN-6467-1700,41,41,0,2026-07-25T03:00:52+00:00,WH-01,pending,10
ORD-000813,Plant-16,FL-7013-2950,34,12,0,2026-07-19T23:00:52+00:00,WH-02,completed,8
ORD-000814,Plant-30,FL-5497-466,48,24,0,2026-07-22T21:00:52+00:00,WH-02,in_progress,8
ORD-000815,Plant-22,FL-8037-3152,50,43,0,2026-07-25T00:00:52+00:00,WH-01,in_progress,8
ORD-000816,Plant-26,CH-1659-892,69,67,0,2026-07-26T10:00:52+00:00,WH-01,in_progress,9
ORD-000817,Plant-24,PO-7898-3198,15,13,0,2026-07-22T06:00:52+00:00,WH-01,completed,8
ORD-000818,Plant-22,IN-7293-2042,132,90,0,2026-07-26T07:00:52+00:00,WH-02,completed,6
ORD-000819,Plant-22,PO-8023-1693,33,19,0,2026-07-21T23:00:52+00:00,WH-01,completed,5
ORD-000820,Plant-08,PO-4727-4348,49,9,0,2026-07-23T17:00:52+00:00,WH-02,pending,7
ORD-000821,Plant-08,CH-4395-2214,75,3,0,2026-07-21T16:00:52+00:00,WH-01,completed,2
ORD-000822,Plant-26,CH-3347-2414,51,30,0,2026-07-24T08:00:52+00:00,WH-01,completed,1
ORD-000823,Plant-41,EL-6416-4518,101,52,0,2026-07-24T14:00:52+00:00,WH-02,pending,5
ORD-000824,Plant-05,FL-8087-193,93,32,0,2026-07-24T14:00:52+00:00,WH-01,in_progress,9
ORD-000825,Plant-36,PO-9125-4726,119,21,0,2026-07-20T08:00:52+00:00,WH-01,pending,10
ORD-000826,Plant-08,FL-1542-4626,134,86,0,2026-07-21T08:00:52+00:00,WH-02,pending,8
ORD-000827,Plant-01,CH-5580-4255,89,58,0,2026-07-26T15:00:52+00:00,WH-02,pending,6
ORD-000828,Plant-11,IN-8167-3731,83,61,0,2026-07-20T07:00:52+00:00,WH-02,completed,4
ORD-000829,Plant-02,EL-4781-3837,118,102,0,2026-07-25T14:00:52+00:00,WH-01,completed,6
ORD-000830,Plant-10,IN-2999-3915,68,13,0,2026-07-24T00:00:52+00:00,WH-01,pending,3
ORD-000831,Plant-31,EL-9918-865,126,54,0,2026-07-20T22:00:52+00:00,WH-01,pending,8
ORD-000832,Plant-12,CH-8790-4260,111,3,0,2026-07-24T08:00:52+00:00,WH-02,completed,3
ORD-000833,Plant-48,IN-5038-177,10,10,0,2026-07-26T15:00:52+00:00,WH-02,completed,4
ORD-000834,Plant-38,FL-4408-4976,21,10,0,2026-07-25T05:00:52+00:00,WH-02,in_progress,7
ORD-000835,Plant-37,EL-6855-2191,71,17,0,2026-07-22T19:00:52+00:00,WH-01,in_progress,10
ORD-000836,Plant-21,PO-7229-4293,121,105,0,2026-07-21T20:00:52+00:00,WH-01,completed,3
ORD-000837,Plant-38,PO-4769-300,36,21,0,2026-07-24T09:00:52+00:00,WH-01,pending,6
ORD-000838,Plant-48,PO-7063-3020,123,47,0,2026-07-22T19:00:52+00:00,WH-01,pending,6
ORD-000839,Plant-16,PO-1862-3460,77,76,0,2026-07-24T03:00:52+00:00,WH-01,pending,7
ORD-000840,Plant-28,FL-3155-4468,49,40,0,2026-07-23T00:00:52+00:00,WH-01,in_progress,7
ORD-000841,Plant-13,CH-4868-1272,84,70,0,2026-07-21T13:00:52+00:00,WH-02,completed,2
ORD-000842,Plant-46,FL-4244-2491,69,29,0,2026-07-26T02:00:52+00:00,WH-01,completed,5
ORD-000843,Plant-38,IN-6335-3502,52,43,0,2026-07-23T03:00:52+00:00,WH-01,completed,7
ORD-000844,Plant-13,IN-7059-1790,97,35,0,2026-07-23T07:00:52+00:00,WH-02,pending,4
ORD-000845,Plant-32,PO-6153-1971,11,3,0,2026-07-26T12:00:52+00:00,WH-01,pending,8
ORD-000846,Plant-17,PO-7211-1123,13,5,0,2026-07-20T16:00:52+00:00,WH-02,completed,8
ORD-000847,Plant-35,CH-1761-894,129,96,0,2026-07-23T22:00:52+00:00,WH-02,completed,5
ORD-000848,Plant-22,CH-6764-3356,36,7,0,2026-07-24T08:00:52+00:00,WH-02,pending,3
ORD-000849,Plant-09,PO-6805-3055,117,84,0,2026-07-20T21:00:52+00:00,WH-01,pending,6
ORD-000850,Plant-03,FL-6106-1166,40,15,0,2026-07-25T03:00:52+00:00,WH-01,completed,7
ORD-000851,Plant-26,FL-7895-4916,41,9,0,2026-07-20T11:00:52+00:00,WH-02,in_progress,2
ORD-000852,Plant-37,FL-8333-576,28,15,0,2026-07-25T23:00:52+00:00,WH-01,completed,4
ORD-000853,Plant-37,EL-9186-1837,37,2,0,2026-07-22T14:00:52+00:00,WH-02,completed,8
ORD-000854,Plant-02,IN-4712-4891,149,98,0,2026-07-26T04:00:52+00:00,WH-01,in_progress,6
ORD-000855,Plant-42,IN-8811-1815,140,41,0,2026-07-22T03:00:52+00:00,WH-02,completed,9
ORD-000856,Plant-07,EL-6238-4630,97,13,0,2026-07-20T15:00:52+00:00,WH-02,in_progress,7
ORD-000857,Plant-15,IN-4222-3361,23,10,0,2026-07-20T23:00:52+00:00,WH-01,completed,6
ORD-000858,Plant-19,CH-2001-4200,54,46,0,2026-07-21T08:00:52+00:00,WH-01,pending,4
ORD-000859,Plant-40,CH-4173-322,22,20,0,2026-07-21T16:00:52+00:00,WH-01,completed,10
ORD-000860,Plant-17,EL-9225-608,43,43,0,2026-07-26T18:00:52+00:00,WH-01,completed,10
ORD-000861,Plant-28,EL-6752-4256,76,57,0,2026-07-24T19:00:52+00:00,WH-01,pending,3
ORD-000862,Plant-47,IN-5833-4268,121,57,0,2026-07-25T10:00:52+00:00,WH-02,in_progress,10
ORD-000863,Plant-05,IN-1767-2799,73,56,0,2026-07-23T18:00:52+00:00,WH-02,pending,3
ORD-000864,Plant-27,CH-5940-2066,87,11,0,2026-07-25T10:00:52+00:00,WH-02,in_progress,9
ORD-000865,Plant-41,EL-8268-2543,60,21,0,2026-07-19T22:00:52+00:00,WH-01,pending,4
ORD-000866,Plant-35,FL-1775-371,139,39,0,2026-07-23T13:00:52+00:00,WH-02,pending,6
ORD-000867,Plant-21,PO-7068-2411,118,91,0,2026-07-26T16:00:52+00:00,WH-02,pending,10
ORD-000868,Plant-03,PO-1814-3861,110,78,0,2026-07-23T16:00:52+00:00,WH-01,completed,5
ORD-000869,Plant-06,IN-3576-3844,48,1,0,2026-07-26T08:00:52+00:00,WH-02,completed,8
ORD-000870,Plant-29,IN-3534-369,38,8,0,2026-07-22T05:00:52+00:00,WH-01,completed,1
ORD-000871,Plant-33,FL-9308-1590,143,8,0,2026-07-19T23:00:52+00:00,WH-02,pending,1
ORD-000872,Plant-33,EL-7589-728,31,19,0,2026-07-23T23:00:52+00:00,WH-02,in_progress,1
ORD-000873,Plant-43,EL-3112-2221,104,62,0,2026-07-23T05:00:52+00:00,WH-02,pending,10
ORD-000874,Plant-22,CH-6648-4416,63,19,0,2026-07-22T01:00:52+00:00,WH-01,pending,7
ORD-000875,Plant-28,FL-9794-1779,29,2,0,2026-07-26T07:00:52+00:00,WH-02,completed,6
ORD-000876,Plant-23,PO-1397-1979,93,46,0,2026-07-25T12:00:52+00:00,WH-02,in_progress,10
ORD-000877,Plant-18,EL-8645-4043,53,10,0,2026-07-23T23:00:52+00:00,WH-01,in_progress,10
ORD-000878,Plant-37,IN-8242-4542,8,3,0,2026-07-20T23:00:52+00:00,WH-01,in_progress,5
ORD-000879,Plant-16,IN-2954-1162,146,118,0,2026-07-24T22:00:52+00:00,WH-01,in_progress,8
ORD-000880,Plant-04,EL-2945-4399,75,11,0,2026-07-25T09:00:52+00:00,WH-01,pending,4
ORD-000881,Plant-04,PO-9898-4688,9,1,0,2026-07-26T11:00:52+00:00,WH-01,in_progress,2
ORD-000882,Plant-37,EL-2485-3435,123,4,0,2026-07-26T13:00:52+00:00,WH-02,pending,10
ORD-000883,Plant-23,FL-2999-655,39,35,0,2026-07-20T14:00:52+00:00,WH-02,in_progress,8
ORD-000884,Plant-34,IN-7312-1357,77,36,0,2026-07-22T11:00:52+00:00,WH-01,completed,6
ORD-000885,Plant-25,EL-5829-910,54,20,0,2026-07-25T06:00:52+00:00,WH-02,completed,5
ORD-000886,Plant-01,FL-2322-4889,144,130,0,2026-07-22T19:00:52+00:00,WH-02,completed,10
ORD-000887,Plant-38,PO-8041-1799,121,108,0,2026-07-20T15:00:52+00:00,WH-01,in_progress,8
ORD-000888,Plant-41,CH-7874-3155,42,29,0,2026-07-25T03:00:52+00:00,WH-01,completed,3
ORD-000889,Plant-06,IN-9975-4557,71,26,0,2026-07-25T10:00:52+00:00,WH-01,pending,8
ORD-000890,Plant-03,PO-7556-962,75,47,0,2026-07-22T02:00:52+00:00,WH-01,in_progress,9
ORD-000891,Plant-31,EL-5286-789,147,125,0,2026-07-22T06:00:52+00:00,WH-01,pending,6
ORD-000892,Plant-33,IN-2603-818,35,22,0,2026-07-25T06:00:52+00:00,WH-02,pending,2
ORD-000893,Plant-10,FL-4192-2050,84,71,0,2026-07-23T21:00:52+00:00,WH-01,in_progress,8
ORD-000894,Plant-33,PO-9635-3779,104,45,0,2026-07-24T23:00:52+00:00,WH-01,in_progress,7
ORD-000895,Plant-44,CH-7689-3231,95,57,0,2026-07-25T03:00:52+00:00,WH-02,pending,9
ORD-000896,Plant-17,PO-3295-1193,46,41,0,2026-07-23T21:00:52+00:00,WH-02,pending,10
ORD-000897,Plant-39,CH-9983-2915,24,24,0,2026-07-21T13:00:52+00:00,WH-01,in_progress,2
ORD-000898,Plant-02,EL-1266-4517,136,50,0,2026-07-26T05:00:52+00:00,WH-01,pending,8
ORD-000899,Plant-23,CH-3169-352,40,13,0,2026-07-20T23:00:52+00:00,WH-02,pending,8
ORD-000900,Plant-36,IN-9141-3789,58,49,0,2026-07-20T18:00:52+00:00,WH-02,in_progress,9
ORD-000901,Plant-07,FL-2882-192,57,2,0,2026-07-24T18:00:52+00:00,WH-02,pending,9
ORD-000902,Plant-02,PO-7768-2923,99,44,0,2026-07-26T04:00:52+00:00,WH-01,completed,9
ORD-000903,Plant-11,IN-7607-1665,75,16,0,2026-07-26T06:00:52+00:00,WH-01,completed,3
ORD-000904,Plant-35,CH-5172-3070,115,105,0,2026-07-22T12:00:52+00:00,WH-01,completed,1
ORD-000905,Plant-45,CH-7745-2879,60,51,0,2026-07-23T03:00:52+00:00,WH-02,in_progress,10
ORD-000906,Plant-41,EL-3938-150,46,24,0,2026-07-21T00:00:52+00:00,WH-01,pending,6
ORD-000907,Plant-15,PO-1171-1675,75,58,0,2026-07-22T09:00:52+00:00,WH-02,in_progress,7
ORD-000908,Plant-05,IN-3877-2696,47,27,0,2026-07-20T05:00:52+00:00,WH-02,pending,1
ORD-000909,Plant-45,IN-3325-2148,30,26,0,2026-07-21T16:00:52+00:00,WH-01,in_progress,3
ORD-000910,Plant-26,CH-9590-760,29,18,0,2026-07-25T02:00:52+00:00,WH-01,completed,3
ORD-000911,Plant-12,PO-5117-4701,126,6,0,2026-07-22T05:00:52+00:00,WH-01,in_progress,7
ORD-000912,Plant-03,EL-5590-827,147,140,0,2026-07-26T14:00:52+00:00,WH-01,completed,8
ORD-000913,Plant-20,PO-8066-2146,72,16,0,2026-07-20T16:00:52+00:00,WH-02,in_progress,7
ORD-000914,Plant-18,CH-7509-2026,62,40,0,2026-07-23T21:00:52+00:00,WH-02,pending,6
ORD-000915,Plant-47,CH-2040-4645,11,11,0,2026-07-24T22:00:52+00:00,WH-01,pending,2
ORD-000916,Plant-15,CH-1874-2726,18,11,0,2026-07-24T21:00:52+00:00,WH-01,completed,3
ORD-000917,Plant-26,FL-4400-1731,80,59,0,2026-07-24T18:00:52+00:00,WH-01,completed,1
ORD-000918,Plant-11,IN-5894-4549,144,77,0,2026-07-22T12:00:52+00:00,WH-01,in_progress,7
ORD-000919,Plant-47,FL-3046-1963,46,42,0,2026-07-24T09:00:52+00:00,WH-02,in_progress,4
ORD-000920,Plant-44,CH-9567-3816,20,12,0,2026-07-25T17:00:52+00:00,WH-02,in_progress,10
ORD-000921,Plant-22,FL-7136-2564,95,81,0,2026-07-22T19:00:52+00:00,WH-01,completed,7
ORD-000922,Plant-09,CH-4039-4299,144,125,0,2026-07-26T12:00:52+00:00,WH-01,pending,9
ORD-000923,Plant-06,FL-5101-2732,17,16,0,2026-07-23T08:00:52+00:00,WH-02,in_progress,5
ORD-000924,Plant-06,IN-9970-3301,42,2,0,2026-07-24T15:00:52+00:00,WH-02,pending,4
ORD-000925,Plant-31,IN-9265-119,108,33,0,2026-07-20T08:00:52+00:00,WH-01,pending,4
ORD-000926,Plant-34,CH-3295-4949,84,58,0,2026-07-23T15:00:52+00:00,WH-02,completed,5
ORD-000927,Plant-32,FL-2607-414,106,34,0,2026-07-20T22:00:52+00:00,WH-02,pending,3
ORD-000928,Plant-31,FL-5506-1619,49,1,0,2026-07-23T08:00:52+00:00,WH-01,pending,5
ORD-000929,Plant-06,PO-4569-1494,77,35,0,2026-07-22T08:00:52+00:00,WH-01,completed,1
ORD-000930,Plant-45,EL-4819-2794,83,12,0,2026-07-22T08:00:52+00:00,WH-01,completed,10
ORD-000931,Plant-43,PO-6076-4365,131,58,0,2026-07-23T14:00:52+00:00,WH-01,in_progress,10
ORD-000932,Plant-02,EL-8268-2543,88,11,0,2026-07-25T05:00:52+00:00,WH-02,completed,5
ORD-000933,Plant-37,EL-6890-4690,145,120,0,2026-07-21T00:00:52+00:00,WH-01,pending,1
ORD-000934,Plant-28,IN-6905-3919,118,110,0,2026-07-25T01:00:52+00:00,WH-01,in_progress,9
ORD-000935,Plant-25,CH-1731-4573,50,13,0,2026-07-19T21:00:52+00:00,WH-01,completed,4
ORD-000936,Plant-23,FL-7746-3357,58,23,0,2026-07-20T09:00:52+00:00,WH-01,completed,4
ORD-000937,Plant-06,EL-6752-4256,15,8,0,2026-07-21T13:00:52+00:00,WH-02,completed,5
ORD-000938,Plant-20,IN-2281-180,137,69,0,2026-07-24T19:00:52+00:00,WH-01,pending,2
ORD-000939,Plant-41,FL-7956-1629,113,73,0,2026-07-20T01:00:52+00:00,WH-01,pending,1
ORD-000940,Plant-26,IN-5387-850,105,7,0,2026-07-20T16:00:52+00:00,WH-01,pending,6
ORD-000941,Plant-10,IN-3427-917,44,1,0,2026-07-20T11:00:52+00:00,WH-02,in_progress,3
ORD-000942,Plant-35,CH-3648-2785,63,11,0,2026-07-24T11:00:52+00:00,WH-01,completed,2
ORD-000943,Plant-39,IN-9215-4276,145,59,0,2026-07-20T19:00:52+00:00,WH-01,completed,8
ORD-000944,Plant-24,EL-2543-3436,7,2,0,2026-07-19T20:00:52+00:00,WH-02,in_progress,6
ORD-000945,Plant-46,CH-6053-1436,105,59,0,2026-07-20T11:00:52+00:00,WH-01,in_progress,4
ORD-000946,Plant-20,CH-7212-004,27,20,0,2026-07-22T23:00:52+00:00,WH-02,completed,4
ORD-000947,Plant-05,CH-6337-4121,128,67,0,2026-07-20T14:00:52+00:00,WH-01,pending,7
ORD-000948,Plant-12,EL-3950-3863,83,30,0,2026-07-26T08:00:52+00:00,WH-01,pending,1
ORD-000949,Plant-27,IN-5958-547,57,56,0,2026-07-22T20:00:52+00:00,WH-01,pending,6
ORD-000950,Plant-06,EL-7292-2251,128,81,0,2026-07-21T04:00:52+00:00,WH-02,pending,4
ORD-000951,Plant-29,IN-2603-818,81,1,0,2026-07-21T23:00:52+00:00,WH-02,in_progress,3
ORD-000952,Plant-06,FL-2186-2722,84,51,0,2026-07-20T03:00:52+00:00,WH-02,in_progress,6
ORD-000953,Plant-08,FL-4300-464,64,34,0,2026-07-22T16:00:52+00:00,WH-01,pending,2
ORD-000954,Plant-31,EL-6266-4732,149,48,0,2026-07-21T14:00:52+00:00,WH-01,in_progress,10
ORD-000955,Plant-48,PO-4273-4364,123,10,0,2026-07-21T04:00:52+00:00,WH-02,completed,2
ORD-000956,Plant-47,EL-6814-4374,55,14,0,2026-07-24T01:00:52+00:00,WH-01,completed,3
ORD-000957,Plant-30,PO-5543-1343,72,18,0,2026-07-26T06:00:52+00:00,WH-02,completed,1
ORD-000958,Plant-06,PO-5551-3339,59,4,0,2026-07-26T13:00:52+00:00,WH-01,pending,1
ORD-000959,Plant-36,PO-8769-1920,37,12,0,2026-07-25T22:00:52+00:00,WH-01,pending,2
ORD-000960,Plant-15,PO-7048-3344,103,67,0,2026-07-20T03:00:52+00:00,WH-02,in_progress,4
ORD-000961,Plant-13,IN-5851-4698,102,87,0,2026-07-22T13:00:52+00:00,WH-02,pending,3
ORD-000962,Plant-09,PO-3700-739,129,26,0,2026-07-22T20:00:52+00:00,WH-01,pending,5
ORD-000963,Plant-28,CH-9123-3751,80,50,0,2026-07-25T04:00:52+00:00,WH-01,in_progress,8
ORD-000964,Plant-46,EL-9593-2168,74,42,0,2026-07-25T15:00:52+00:00,WH-02,pending,2
ORD-000965,Plant-18,PO-3984-2138,120,52,0,2026-07-22T07:00:52+00:00,WH-01,pending,7
ORD-000966,Plant-07,PO-6594-1664,132,91,0,2026-07-21T00:00:52+00:00,WH-01,completed,5
ORD-000967,Plant-19,IN-5699-950,41,37,0,2026-07-25T04:00:52+00:00,WH-02,pending,9
ORD-000968,Plant-09,CH-3802-3341,40,40,0,2026-07-24T18:00:52+00:00,WH-01,completed,8
ORD-000969,Plant-30,IN-2477-3364,45,15,0,2026-07-26T05:00:52+00:00,WH-01,completed,9
ORD-000970,Plant-41,PO-2339-4509,24,10,0,2026-07-22T16:00:52+00:00,WH-02,in_progress,4
ORD-000971,Plant-43,IN-6115-2782,15,8,0,2026-07-26T09:00:52+00:00,WH-02,completed,4
ORD-000972,Plant-19,CH-6936-2858,67,57,0,2026-07-24T15:00:52+00:00,WH-02,pending,4
ORD-000973,Plant-42,IN-8158-3076,116,5,0,2026-07-21T19:00:52+00:00,WH-01,in_progress,8
ORD-000974,Plant-07,FL-6488-2507,38,34,0,2026-07-21T06:00:52+00:00,WH-02,in_progress,6
ORD-000975,Plant-10,EL-1163-1362,93,47,0,2026-07-22T06:00:52+00:00,WH-02,in_progress,4
ORD-000976,Plant-06,EL-5875-829,13,9,0,2026-07-20T02:00:52+00:00,WH-01,in_progress,10
ORD-000977,Plant-28,IN-2186-241,110,1,0,2026-07-21T07:00:52+00:00,WH-01,in_progress,3
ORD-000978,Plant-13,FL-5709-3245,68,29,0,2026-07-23T09:00:52+00:00,WH-01,pending,8
ORD-000979,Plant-44,FL-7047-1985,144,0,0,2026-07-20T07:00:52+00:00,WH-02,pending,1
ORD-000980,Plant-30,PO-7999-911,90,64,0,2026-07-24T21:00:52+00:00,WH-02,completed,8
ORD-000981,Plant-32,FL-8322-198,145,26,0,2026-07-26T08:00:52+00:00,WH-01,in_progress,7
ORD-000982,Plant-18,PO-4338-3567,117,30,0,2026-07-25T21:00:52+00:00,WH-02,pending,8
ORD-000983,Plant-28,IN-1470-2312,121,50,0,2026-07-19T19:00:52+00:00,WH-01,in_progress,8
ORD-000984,Plant-14,CH-2670-3782,68,16,0,2026-07-21T00:00:52+00:00,WH-02,pending,1
ORD-000985,Plant-33,PO-3621-1766,125,29,0,2026-07-23T01:00:52+00:00,WH-02,in_progress,3
ORD-000986,Plant-07,EL-2728-860,22,13,0,2026-07-21T09:00:52+00:00,WH-01,pending,8
ORD-000987,Plant-04,FL-5180-4899,107,79,0,2026-07-23T08:00:52+00:00,WH-02,in_progress,4
ORD-000988,Plant-01,FL-1669-1060,129,87,0,2026-07-26T10:00:52+00:00,WH-01,in_progress,5
ORD-000989,Plant-34,IN-8799-706,61,44,0,2026-07-22T12:00:52+00:00,WH-01,pending,5
ORD-000990,Plant-33,IN-3933-4533,137,78,0,2026-07-24T18:00:52+00:00,WH-01,in_progress,8
ORD-000991,Plant-45,PO-8969-306,117,33,0,2026-07-23T13:00:52+00:00,WH-02,pending,4
ORD-000992,Plant-27,PO-6294-675,18,12,0,2026-07-20T23:00:52+00:00,WH-02,pending,3
ORD-000993,Plant-39,EL-2066-283,130,69,0,2026-07-25T17:00:52+00:00,WH-02,completed,10
ORD-000994,Plant-48,PO-6288-1897,59,25,0,2026-07-22T17:00:52+00:00,WH-02,completed,3
ORD-000995,Plant-12,EL-1787-4727,106,80,0,2026-07-22T01:00:52+00:00,WH-02,completed,7
ORD-000996,Plant-47,PO-7556-962,123,30,0,2026-07-20T20:00:52+00:00,WH-01,completed,7
ORD-000997,Plant-34,IN-2818-3194,90,89,0,2026-07-21T16:00:52+00:00,WH-02,in_progress,1
ORD-000998,Plant-17,FL-9634-1192,35,5,0,2026-07-22T10:00:52+00:00,WH-01,pending,9
ORD-000999,Plant-13,FL-8369-1756,40,14,0,2026-07-26T04:00:52+00:00,WH-01,completed,1
ORD-001000,Plant-41,CH-9222-4404,39,26,0,2026-07-21T00:00:52+00:00,WH-01,pending,3
ORD-001001,Plant-32,IN-7695-1566,60,53,0,2026-07-23T04:00:52+00:00,WH-02,completed,2
ORD-001002,Plant-18,CH-2948-2735,16,15,0,2026-07-25T12:00:52+00:00,WH-01,pending,10
ORD-001003,Plant-09,EL-6872-4107,119,69,0,2026-07-21T18:00:52+00:00,WH-02,in_progress,1
ORD-001004,Plant-28,EL-7022-058,107,61,0,2026-07-24T18:00:52+00:00,WH-02,in_progress,1
ORD-001005,Plant-16,IN-9828-1774,110,9,0,2026-07-26T01:00:52+00:00,WH-02,completed,10
ORD-001006,Plant-07,PO-3426-901,41,30,0,2026-07-26T05:00:52+00:00,WH-02,completed,10
ORD-001007,Plant-04,PO-8849-3570,143,1,0,2026-07-19T18:00:52+00:00,WH-02,in_progress,1
ORD-001008,Plant-45,FL-3998-2658,57,46,0,2026-07-25T20:00:52+00:00,WH-01,pending,4
ORD-001009,Plant-40,CH-7620-505,41,2,0,2026-07-23T08:00:52+00:00,WH-01,pending,9
ORD-001010,Plant-22,EL-6387-145,75,47,0,2026-07-23T12:00:52+00:00,WH-02,pending,3
ORD-001011,Plant-05,CH-6426-3711,15,0,0,2026-07-22T07:00:52+00:00,WH-01,in_progress,1
ORD-001012,Plant-43,IN-2393-2490,61,42,0,2026-07-24T18:00:52+00:00,WH-01,pending,4
ORD-001013,Plant-26,IN-9882-4162,66,52,0,2026-07-25T08:00:52+00:00,WH-01,in_progress,1
ORD-001014,Plant-31,CH-1742-4621,147,63,0,2026-07-23T09:00:52+00:00,WH-02,completed,1
ORD-001015,Plant-11,IN-8799-4409,4,2,0,2026-07-20T06:00:52+00:00,WH-02,completed,4
ORD-001016,Plant-30,FL-8667-4098,126,116,0,2026-07-25T13:00:52+00:00,WH-02,completed,4
ORD-001017,Plant-12,CH-7363-3223,94,6,0,2026-07-25T16:00:52+00:00,WH-02,in_progress,2
ORD-001018,Plant-36,CH-6863-1900,21,16,0,2026-07-22T20:00:52+00:00,WH-02,in_progress,10
ORD-001019,Plant-17,CH-8291-3101,90,0,0,2026-07-23T04:00:52+00:00,WH-01,in_progress,10
ORD-001020,Plant-39,CH-5237-4307,52,1,0,2026-07-20T05:00:52+00:00,WH-01,in_progress,4
ORD-001021,Plant-14,FL-6022-522,10,6,0,2026-07-26T04:00:52+00:00,WH-01,completed,8
ORD-001022,Plant-07,PO-6445-4452,87,30,0,2026-07-20T19:00:52+00:00,WH-01,completed,6
ORD-001023,Plant-30,PO-6179-3187,66,36,0,2026-07-22T01:00:52+00:00,WH-01,in_progress,9
ORD-001024,Plant-27,EL-6914-308,76,37,0,2026-07-26T06:00:52+00:00,WH-01,pending,5
ORD-001025,Plant-34,FL-8214-2224,9,2,0,2026-07-23T10:00:52+00:00,WH-02,pending,7
ORD-001026,Plant-10,EL-6270-2179,146,80,0,2026-07-25T14:00:52+00:00,WH-02,in_progress,7
ORD-001027,Plant-48,FL-9997-4046,48,41,0,2026-07-25T10:00:52+00:00,WH-01,pending,5
ORD-001028,Plant-19,CH-9538-111,39,29,0,2026-07-22T13:00:52+00:00,WH-02,completed,4
ORD-001029,Plant-26,FL-8757-1534,87,76,0,2026-07-21T13:00:52+00:00,WH-01,in_progress,8
ORD-001030,Plant-04,PO-4108-2145,34,8,0,2026-07-20T05:00:52+00:00,WH-01,in_progress,5
ORD-001031,Plant-39,EL-8262-1276,125,1,0,2026-07-24T06:00:52+00:00,WH-01,in_progress,6
ORD-001032,Plant-41,EL-5380-2900,16,16,0,2026-07-26T17:00:52+00:00,WH-01,completed,1
ORD-001033,Plant-07,PO-2531-1765,135,33,0,2026-07-20T01:00:52+00:00,WH-01,completed,9
ORD-001034,Plant-05,EL-7625-1942,78,53,0,2026-07-22T09:00:52+00:00,WH-02,completed,7
ORD-001035,Plant-21,PO-8538-3284,105,86,0,2026-07-23T23:00:52+00:00,WH-02,pending,7
ORD-001036,Plant-05,FL-8620-4454,90,78,0,2026-07-21T20:00:52+00:00,WH-02,pending,5
ORD-001037,Plant-26,IN-2516-1857,122,91,0,2026-07-22T15:00:52+00:00,WH-01,in_progress,3
ORD-001038,Plant-02,CH-3782-2091,76,48,0,2026-07-22T05:00:52+00:00,WH-02,completed,1
ORD-001039,Plant-15,IN-6948-082,133,81,0,2026-07-23T03:00:52+00:00,WH-01,in_progress,8
ORD-001040,Plant-32,EL-3352-1587,38,34,0,2026-07-21T12:00:52+00:00,WH-01,in_progress,1
ORD-001041,Plant-01,EL-7817-2364,48,38,0,2026-07-23T19:00:52+00:00,WH-02,completed,2
ORD-001042,Plant-29,PO-9781-1826,52,49,0,2026-07-21T14:00:52+00:00,WH-01,pending,5
ORD-001043,Plant-20,EL-6235-4909,131,11,0,2026-07-21T16:00:52+00:00,WH-02,in_progress,5
ORD-001044,Plant-18,IN-5028-164,142,81,0,2026-07-21T02:00:52+00:00,WH-02,pending,5
ORD-001045,Plant-19,EL-1404-3606,54,30,0,2026-07-21T10:00:52+00:00,WH-02,pending,1
ORD-001046,Plant-21,PO-8726-948,107,71,0,2026-07-21T07:00:52+00:00,WH-02,in_progress,5
ORD-001047,Plant-28,PO-4631-1212,101,29,0,2026-07-24T06:00:52+00:00,WH-02,pending,1
ORD-001048,Plant-18,PO-8030-2826,128,119,0,2026-07-20T10:00:52+00:00,WH-01,completed,2
ORD-001049,Plant-15,CH-8199-062,111,12,0,2026-07-20T16:00:52+00:00,WH-01,pending,2
ORD-001050,Plant-04,CH-5495-3836,67,57,0,2026-07-22T07:00:52+00:00,WH-02,pending,5
ORD-001051,Plant-39,CH-6863-1900,134,106,0,2026-07-25T09:00:52+00:00,WH-02,in_progress,5
ORD-001052,Plant-04,CH-2224-4924,20,5,0,2026-07-23T10:00:52+00:00,WH-02,pending,6
ORD-001053,Plant-26,PO-5658-4632,121,68,0,2026-07-21T22:00:52+00:00,WH-02,in_progress,10
ORD-001054,Plant-24,FL-9657-2393,98,62,0,2026-07-25T22:00:52+00:00,WH-02,completed,1
ORD-001055,Plant-30,FL-3501-029,88,43,0,2026-07-26T18:00:52+00:00,WH-01,pending,1
ORD-001056,Plant-05,CH-7549-1975,84,10,0,2026-07-22T18:00:52+00:00,WH-02,pending,6
ORD-001057,Plant-12,IN-9632-2551,42,10,0,2026-07-24T05:00:52+00:00,WH-01,pending,1
ORD-001058,Plant-26,PO-2674-4622,79,44,0,2026-07-22T00:00:52+00:00,WH-01,in_progress,2
ORD-001059,Plant-36,FL-7160-456,79,57,0,2026-07-24T10:00:52+00:00,WH-02,pending,7
ORD-001060,Plant-47,PO-3677-3842,103,93,0,2026-07-20T14:00:52+00:00,WH-02,completed,2
ORD-001061,Plant-37,CH-4730-3254,124,68,0,2026-07-26T12:00:52+00:00,WH-01,pending,3
ORD-001062,Plant-46,EL-7552-4197,105,15,0,2026-07-21T03:00:52+00:00,WH-02,pending,8
ORD-001063,Plant-42,FL-4409-3737,5,4,0,2026-07-24T00:00:52+00:00,WH-02,in_progress,4
ORD-001064,Plant-48,FL-7891-1893,140,134,0,2026-07-26T01:00:52+00:00,WH-02,pending,5
ORD-001065,Plant-32,IN-1707-2549,118,116,0,2026-07-21T14:00:52+00:00,WH-02,completed,1
ORD-001066,Plant-18,FL-6067-4848,19,15,0,2026-07-21T15:00:52+00:00,WH-02,pending,5
ORD-001067,Plant-32,CH-7798-2260,58,50,0,2026-07-24T02:00:52+00:00,WH-01,completed,1
ORD-001068,Plant-48,IN-7366-134,59,25,0,2026-07-24T19:00:52+00:00,WH-02,pending,7
ORD-001069,Plant-26,IN-4415-3129,82,70,0,2026-07-21T16:00:52+00:00,WH-02,in_progress,1
ORD-001070,Plant-19,IN-7166-2996,71,17,0,2026-07-24T04:00:52+00:00,WH-02,in_progress,2
ORD-001071,Plant-44,PO-7538-3732,107,3,0,2026-07-24T01:00:52+00:00,WH-02,completed,3
ORD-001072,Plant-20,PO-8906-3532,137,42,0,2026-07-21T11:00:52+00:00,WH-01,in_progress,3
ORD-001073,Plant-18,IN-4615-159,129,38,0,2026-07-23T13:00:52+00:00,WH-02,pending,10
ORD-001074,Plant-29,CH-6764-3356,68,16,0,2026-07-20T08:00:52+00:00,WH-01,completed,7
ORD-001075,Plant-29,IN-5180-887,66,31,0,2026-07-24T09:00:52+00:00,WH-02,in_progress,9
ORD-001076,Plant-08,CH-3805-1498,99,73,0,2026-07-20T07:00:52+00:00,WH-01,pending,6
ORD-001077,Plant-45,PO-2732-2372,144,42,0,2026-07-20T12:00:52+00:00,WH-02,pending,4
ORD-001078,Plant-35,IN-1057-754,89,17,0,2026-07-23T19:00:52+00:00,WH-02,in_progress,3
ORD-001079,Plant-01,PO-6675-3847,80,75,0,2026-07-25T01:00:52+00:00,WH-01,in_progress,9
ORD-001080,Plant-27,IN-2364-856,123,26,0,2026-07-24T11:00:52+00:00,WH-01,completed,1
ORD-001081,Plant-41,EL-8591-3310,5,0,0,2026-07-25T01:00:52+00:00,WH-01,in_progress,8
ORD-001082,Plant-48,FL-8586-3961,144,91,0,2026-07-20T08:00:52+00:00,WH-02,completed,8
ORD-001083,Plant-30,IN-8758-446,115,31,0,2026-07-23T12:00:52+00:00,WH-02,completed,8
ORD-001084,Plant-46,IN-1286-2241,77,3,0,2026-07-25T22:00:52+00:00,WH-01,in_progress,1
ORD-001085,Plant-29,IN-9542-3713,48,37,0,2026-07-25T16:00:52+00:00,WH-02,completed,5
ORD-001086,Plant-21,EL-9394-2591,106,96,0,2026-07-19T21:00:52+00:00,WH-01,in_progress,10
ORD-001087,Plant-22,IN-9975-4557,17,13,0,2026-07-24T01:00:52+00:00,WH-01,in_progress,4
ORD-001088,Plant-07,FL-9997-4046,149,93,0,2026-07-20T22:00:52+00:00,WH-02,completed,5
ORD-001089,Plant-23,EL-6600-964,81,76,0,2026-07-24T23:00:52+00:00,WH-01,in_progress,1
ORD-001090,Plant-47,IN-6215-618,54,16,0,2026-07-25T09:00:52+00:00,WH-02,in_progress,3
ORD-001091,Plant-35,EL-1820-656,61,23,0,2026-07-21T05:00:52+00:00,WH-01,pending,9
ORD-001092,Plant-37,IN-6342-4020,102,27,0,2026-07-20T04:00:52+00:00,WH-01,pending,9
ORD-001093,Plant-15,PO-9154-2642,52,22,0,2026-07-25T00:00:52+00:00,WH-02,pending,10
ORD-001094,Plant-31,FL-6380-2749,131,42,0,2026-07-20T02:00:52+00:00,WH-01,in_progress,5
ORD-001095,Plant-23,PO-9781-3641,32,13,0,2026-07-21T12:00:52+00:00,WH-02,pending,10
ORD-001096,Plant-44,IN-2729-1819,19,19,0,2026-07-23T07:00:52+00:00,WH-01,in_progress,8
ORD-001097,Plant-48,EL-6266-4732,116,8,0,2026-07-24T10:00:52+00:00,WH-01,completed,6
ORD-001098,Plant-17,FL-6896-151,58,35,0,2026-07-22T05:00:52+00:00,WH-01,in_progress,3
ORD-001099,Plant-35,FL-4985-064,145,103,0,2026-07-21T18:00:52+00:00,WH-01,in_progress,10
ORD-001100,Plant-09,EL-4872-1618,110,60,0,2026-07-19T20:00:52+00:00,WH-02,completed,2
ORD-001101,Plant-05,FL-5439-1896,149,144,0,2026-07-25T14:00:52+00:00,WH-01,completed,3
ORD-001102,Plant-46,PO-4959-528,147,52,0,2026-07-21T20:00:52+00:00,WH-02,pending,7
ORD-001103,Plant-10,PO-5509-4540,36,16,0,2026-07-24T10:00:52+00:00,WH-02,completed,8
ORD-001104,Plant-42,PO-6032-2529,114,47,0,2026-07-20T18:00:52+00:00,WH-01,pending,4
ORD-001105,Plant-23,EL-3870-2270,77,53,0,2026-07-20T11:00:52+00:00,WH-01,in_progress,1
ORD-001106,Plant-41,FL-8254-1404,77,39,0,2026-07-23T23:00:52+00:00,WH-02,pending,7
ORD-001107,Plant-11,CH-9448-3745,129,123,0,2026-07-24T17:00:52+00:00,WH-02,pending,1
ORD-001108,Plant-26,PO-8984-1633,28,22,0,2026-07-21T17:00:52+00:00,WH-02,in_progress,5
ORD-001109,Plant-39,PO-5198-301,9,7,0,2026-07-22T11:00:52+00:00,WH-01,in_progress,3
ORD-001110,Plant-44,PO-8814-2461,92,69,0,2026-07-24T17:00:52+00:00,WH-01,completed,7
ORD-001111,Plant-01,IN-7197-061,86,82,0,2026-07-22T15:00:52+00:00,WH-01,in_progress,4
ORD-001112,Plant-47,CH-8260-1715,111,64,0,2026-07-25T02:00:52+00:00,WH-02,completed,10
ORD-001113,Plant-34,PO-6579-302,123,23,0,2026-07-24T15:00:52+00:00,WH-02,in_progress,1
ORD-001114,Plant-32,EL-3992-1047,126,41,0,2026-07-26T01:00:52+00:00,WH-02,in_progress,3
ORD-001115,Plant-19,FL-6039-3758,111,98,0,2026-07-25T19:00:52+00:00,WH-02,in_progress,10
ORD-001116,Plant-10,PO-1041-3037,36,9,0,2026-07-22T22:00:52+00:00,WH-01,completed,7
ORD-001117,Plant-39,IN-2827-4473,51,33,0,2026-07-26T11:00:52+00:00,WH-01,pending,9
ORD-001118,Plant-38,CH-8936-1113,4,0,0,2026-07-25T18:00:52+00:00,WH-02,in_progress,8
ORD-001119,Plant-38,EL-7811-1958,53,51,0,2026-07-24T07:00:52+00:00,WH-02,completed,2
ORD-001120,Plant-07,FL-6358-2921,45,20,0,2026-07-26T05:00:52+00:00,WH-02,pending,6
ORD-001121,Plant-36,FL-4559-484,149,65,0,2026-07-21T23:00:52+00:00,WH-01,pending,10
ORD-001122,Plant-13,CH-5111-4219,135,28,0,2026-07-20T20:00:52+00:00,WH-01,completed,2
ORD-001123,Plant-41,FL-9356-4524,19,17,0,2026-07-22T20:00:52+00:00,WH-02,in_progress,10
ORD-001124,Plant-22,IN-6948-082,141,8,0,2026-07-26T15:00:52+00:00,WH-02,in_progress,6
ORD-001125,Plant-16,CH-6970-496,129,43,0,2026-07-26T10:00:52+00:00,WH-02,in_progress,8
ORD-001126,Plant-28,IN-7582-4386,6,6,0,2026-07-25T01:00:52+00:00,WH-02,pending,6
ORD-001127,Plant-46,EL-2850-1710,86,5,0,2026-07-19T23:00:52+00:00,WH-01,pending,7
ORD-001128,Plant-12,IN-3895-1872,137,36,0,2026-07-21T02:00:52+00:00,WH-01,pending,5
ORD-001129,Plant-32,IN-5180-887,5,2,0,2026-07-21T16:00:52+00:00,WH-01,in_progress,8
ORD-001130,Plant-23,PO-6874-554,111,58,0,2026-07-21T11:00:52+00:00,WH-01,completed,1
ORD-001131,Plant-45,PO-9891-1956,66,12,0,2026-07-25T11:00:52+00:00,WH-02,completed,2
ORD-001132,Plant-11,FL-1601-3700,134,117,0,2026-07-22T17:00:52+00:00,WH-02,pending,5
ORD-001133,Plant-16,EL-4496-4320,44,11,0,2026-07-20T02:00:52+00:00,WH-01,pending,4
ORD-001134,Plant-45,EL-2543-3436,82,70,0,2026-07-22T09:00:52+00:00,WH-02,in_progress,7
ORD-001135,Plant-44,FL-9717-263,52,26,0,2026-07-23T14:00:52+00:00,WH-02,completed,4
ORD-001136,Plant-18,CH-2032-4446,132,36,0,2026-07-23T17:00:52+00:00,WH-02,in_progress,10
ORD-001137,Plant-48,PO-5946-2113,45,8,0,2026-07-20T23:00:52+00:00,WH-01,completed,2
ORD-001138,Plant-10,CH-9067-852,148,98,0,2026-07-21T20:00:52+00:00,WH-01,pending,9
ORD-001139,Plant-16,PO-8456-4870,32,15,0,2026-07-23T14:00:52+00:00,WH-01,completed,6
ORD-001140,Plant-01,IN-2029-4789,17,3,0,2026-07-21T21:00:52+00:00,WH-01,pending,9
ORD-001141,Plant-09,PO-2831-264,5,5,0,2026-07-26T15:00:52+00:00,WH-01,completed,1
ORD-001142,Plant-06,FL-6109-2345,74,40,0,2026-07-21T11:00:52+00:00,WH-01,completed,8
ORD-001143,Plant-31,IN-1907-2787,120,29,0,2026-07-24T10:00:52+00:00,WH-01,in_progress,7
ORD-001144,Plant-14,IN-6698-361,53,18,0,2026-07-21T06:00:52+00:00,WH-02,in_progress,10
ORD-001145,Plant-26,CH-8873-4917,94,63,0,2026-07-22T22:00:52+00:00,WH-01,in_progress,8
ORD-001146,Plant-15,CH-1761-894,78,38,0,2026-07-26T05:00:52+00:00,WH-02,in_progress,6
ORD-001147,Plant-14,FL-7669-4349,86,20,0,2026-07-23T09:00:52+00:00,WH-02,in_progress,3
ORD-001148,Plant-44,CH-5156-4161,113,57,0,2026-07-26T18:00:52+00:00,WH-02,completed,1
ORD-001149,Plant-36,EL-2708-4337,65,11,0,2026-07-25T18:00:52+00:00,WH-01,in_progress,10
ORD-001150,Plant-12,EL-4986-1594,73,17,0,2026-07-26T07:00:52+00:00,WH-02,pending,3
ORD-001151,Plant-21,EL-6056-521,72,52,0,2026-07-23T01:00:52+00:00,WH-01,pending,3
ORD-001152,Plant-26,FL-6495-2699,124,34,0,2026-07-24T02:00:52+00:00,WH-01,in_progress,2
ORD-001153,Plant-16,PO-8686-2538,15,5,0,2026-07-25T00:00:52+00:00,WH-02,in_progress,4
ORD-001154,Plant-04,EL-1091-2014,83,25,0,2026-07-26T15:00:52+00:00,WH-01,completed,9
ORD-001155,Plant-39,IN-6251-2239,35,11,0,2026-07-26T11:00:52+00:00,WH-01,completed,1
ORD-001156,Plant-24,PO-4099-2505,132,99,0,2026-07-23T15:00:52+00:00,WH-02,completed,10
ORD-001157,Plant-47,FL-5856-3772,65,14,0,2026-07-22T02:00:52+00:00,WH-02,completed,2
ORD-001158,Plant-34,EL-7288-1093,150,150,0,2026-07-20T11:00:52+00:00,WH-02,completed,5
ORD-001159,Plant-06,FL-2753-3253,114,44,0,2026-07-23T06:00:52+00:00,WH-02,pending,3
ORD-001160,Plant-29,EL-1924-4552,29,19,0,2026-07-24T17:00:52+00:00,WH-01,pending,10
ORD-001161,Plant-02,CH-9452-1981,110,39,0,2026-07-20T22:00:52+00:00,WH-01,completed,4
ORD-001162,Plant-38,EL-3553-3698,122,39,0,2026-07-20T01:00:52+00:00,WH-01,completed,7
ORD-001163,Plant-47,CH-3449-3032,36,9,0,2026-07-24T22:00:52+00:00,WH-02,completed,10
ORD-001164,Plant-17,EL-6449-2626,71,4,0,2026-07-23T21:00:52+00:00,WH-01,completed,3
ORD-001165,Plant-16,CH-5352-2893,58,20,0,2026-07-21T23:00:52+00:00,WH-02,completed,6
ORD-001166,Plant-36,CH-3413-113,55,20,0,2026-07-21T04:00:52+00:00,WH-01,pending,6
ORD-001167,Plant-04,PO-9762-285,102,4,0,2026-07-25T14:00:52+00:00,WH-02,completed,8
ORD-001168,Plant-17,CH-1074-2710,148,13,0,2026-07-26T01:00:52+00:00,WH-01,in_progress,4
ORD-001169,Plant-24,PO-2980-1477,125,24,0,2026-07-22T13:00:52+00:00,WH-01,pending,3
ORD-001170,Plant-22,CH-2290-1640,6,5,0,2026-07-24T07:00:52+00:00,WH-02,pending,10
ORD-001171,Plant-32,CH-7485-970,6,5,0,2026-07-21T09:00:52+00:00,WH-02,completed,5
ORD-001172,Plant-20,CH-1042-1177,48,9,0,2026-07-24T19:00:52+00:00,WH-01,in_progress,4
ORD-001173,Plant-28,FL-8254-2375,6,2,0,2026-07-21T08:00:52+00:00,WH-02,pending,6
ORD-001174,Plant-16,PO-3466-3100,116,18,0,2026-07-22T23:00:52+00:00,WH-01,pending,9
ORD-001175,Plant-28,CH-5197-2058,16,9,0,2026-07-20T08:00:52+00:00,WH-02,completed,10
ORD-001176,Plant-20,FL-8181-149,149,24,0,2026-07-26T12:00:52+00:00,WH-02,completed,8
ORD-001177,Plant-43,EL-1689-4006,38,4,0,2026-07-22T01:00:52+00:00,WH-02,pending,4
ORD-001178,Plant-27,IN-5387-850,52,51,0,2026-07-23T09:00:52+00:00,WH-01,pending,7
ORD-001179,Plant-40,FL-3124-3165,149,134,0,2026-07-24T01:00:52+00:00,WH-01,in_progress,5
ORD-001180,Plant-07,FL-1241-3651,108,4,0,2026-07-21T12:00:52+00:00,WH-02,in_progress,1
ORD-001181,Plant-47,IN-1449-213,120,107,0,2026-07-23T06:00:52+00:00,WH-01,completed,9
ORD-001182,Plant-26,IN-8282-1459,74,38,0,2026-07-26T08:00:52+00:00,WH-02,pending,9
ORD-001183,Plant-24,CH-3559-915,94,12,0,2026-07-20T10:00:52+00:00,WH-02,completed,10
ORD-001184,Plant-27,PO-4032-2557,103,28,0,2026-07-22T02:00:52+00:00,WH-02,completed,4
ORD-001185,Plant-08,CH-7702-2561,8,0,0,2026-07-19T23:00:52+00:00,WH-01,pending,2
ORD-001186,Plant-10,CH-9217-2059,102,8,0,2026-07-22T21:00:52+00:00,WH-02,completed,7
ORD-001187,Plant-28,FL-2316-1032,131,91,0,2026-07-25T14:00:52+00:00,WH-01,pending,9
ORD-001188,Plant-15,FL-7179-4942,85,7,0,2026-07-23T04:00:52+00:00,WH-01,in_progress,6
ORD-001189,Plant-21,EL-9440-1352,140,4,0,2026-07-24T22:00:52+00:00,WH-01,completed,4
ORD-001190,Plant-19,IN-7591-4117,72,64,0,2026-07-19T20:00:52+00:00,WH-01,completed,2
ORD-001191,Plant-44,EL-4633-1397,146,77,0,2026-07-25T15:00:52+00:00,WH-01,in_progress,5
ORD-001192,Plant-24,CH-4015-2472,78,74,0,2026-07-23T01:00:52+00:00,WH-02,in_progress,1
ORD-001193,Plant-33,PO-4631-1212,139,113,0,2026-07-22T18:00:52+00:00,WH-02,pending,4
ORD-001194,Plant-12,EL-2495-3454,44,22,0,2026-07-23T11:00:52+00:00,WH-01,in_progress,9
ORD-001195,Plant-24,FL-2648-3959,49,2,0,2026-07-25T23:00:52+00:00,WH-01,in_progress,9
ORD-001196,Plant-45,EL-3860-4657,114,14,0,2026-07-22T19:00:52+00:00,WH-01,completed,10
ORD-001197,Plant-31,CH-1742-4621,55,20,0,2026-07-21T06:00:52+00:00,WH-01,pending,4
ORD-001198,Plant-36,PO-7940-499,26,24,0,2026-07-21T21:00:52+00:00,WH-01,completed,2
ORD-001199,Plant-31,IN-7818-3387,142,49,0,2026-07-21T03:00:52+00:00,WH-01,in_progress,4
ORD-001200,Plant-48,CH-3534-3819,21,14,0,2026-07-25T05:00:52+00:00,WH-01,pending,2
ORD-001201,Plant-13,IN-9543-4099,9,4,0,2026-07-20T21:00:52+00:00,WH-01,in_progress,3
ORD-001202,Plant-10,PO-7598-3525,34,3,0,2026-07-20T08:00:52+00:00,WH-01,completed,3
ORD-001203,Plant-04,IN-6330-2147,132,73,0,2026-07-19T20:00:52+00:00,WH-01,in_progress,7
ORD-001204,Plant-19,EL-6245-3787,140,39,0,2026-07-22T09:00:52+00:00,WH-01,completed,5
ORD-001205,Plant-17,EL-8460-1718,23,9,0,2026-07-21T13:00:52+00:00,WH-01,pending,8
ORD-001206,Plant-24,IN-2776-1601,131,111,0,2026-07-19T20:00:52+00:00,WH-02,in_progress,6
ORD-001207,Plant-08,CH-3333-2169,134,130,0,2026-07-22T00:00:52+00:00,WH-01,pending,1
ORD-001208,Plant-36,IN-3952-1853,41,0,0,2026-07-20T06:00:52+00:00,WH-02,completed,3
ORD-001209,Plant-22,PO-8501-708,109,10,0,2026-07-23T00:00:52+00:00,WH-02,pending,2
ORD-001210,Plant-34,EL-1972-3285,72,58,0,2026-07-20T10:00:52+00:00,WH-02,in_progress,1
ORD-001211,Plant-28,CH-4002-3161,108,44,0,2026-07-20T21:00:52+00:00,WH-02,in_progress,3
ORD-001212,Plant-27,EL-6448-3335,23,1,0,2026-07-22T06:00:52+00:00,WH-01,pending,7
ORD-001213,Plant-14,FL-3614-3278,63,8,0,2026-07-26T01:00:52+00:00,WH-02,pending,2
ORD-001214,Plant-32,EL-1124-3583,50,17,0,2026-07-25T06:00:52+00:00,WH-01,completed,8
ORD-001215,Plant-42,PO-6617-1627,101,97,0,2026-07-25T06:00:52+00:00,WH-02,pending,7
ORD-001216,Plant-16,CH-1874-2726,94,17,0,2026-07-20T16:00:52+00:00,WH-01,pending,8
ORD-001217,Plant-06,CH-4681-2126,101,100,0,2026-07-24T20:00:52+00:00,WH-01,completed,7
ORD-001218,Plant-08,EL-7955-4831,7,6,0,2026-07-22T02:00:52+00:00,WH-02,completed,1
ORD-001219,Plant-11,CH-3362-562,67,40,0,2026-07-22T14:00:52+00:00,WH-01,pending,4
ORD-001220,Plant-24,IN-3622-395,57,3,0,2026-07-24T04:00:52+00:00,WH-02,completed,10
ORD-001221,Plant-19,CH-5282-2321,18,9,0,2026-07-25T13:00:52+00:00,WH-01,completed,7
ORD-001222,Plant-47,CH-6882-2736,74,5,0,2026-07-21T11:00:52+00:00,WH-02,pending,1
ORD-001223,Plant-41,IN-6155-2791,58,52,0,2026-07-22T19:00:52+00:00,WH-02,completed,6
ORD-001224,Plant-13,PO-6148-343,6,5,0,2026-07-23T20:00:52+00:00,WH-01,in_progress,8
ORD-001225,Plant-19,IN-5656-4873,118,30,0,2026-07-21T17:00:52+00:00,WH-01,completed,1
ORD-001226,Plant-02,FL-6192-4498,112,50,0,2026-07-22T15:00:52+00:00,WH-02,pending,3
ORD-001227,Plant-16,PO-5486-1770,37,23,0,2026-07-23T13:00:52+00:00,WH-01,completed,10
ORD-001228,Plant-06,IN-2672-3221,36,11,0,2026-07-23T10:00:52+00:00,WH-02,pending,4
ORD-001229,Plant-08,IN-5169-1858,148,83,0,2026-07-23T05:00:52+00:00,WH-01,completed,8
ORD-001230,Plant-31,IN-6453-1131,137,59,0,2026-07-24T17:00:52+00:00,WH-02,completed,3
ORD-001231,Plant-45,CH-2532-2579,67,20,0,2026-07-20T15:00:52+00:00,WH-01,completed,6
ORD-001232,Plant-15,CH-3922-2951,78,4,0,2026-07-24T14:00:52+00:00,WH-02,completed,2
ORD-001233,Plant-40,EL-7288-1093,70,12,0,2026-07-22T12:00:52+00:00,WH-02,in_progress,5
ORD-001234,Plant-39,EL-1520-748,82,39,0,2026-07-22T11:00:52+00:00,WH-02,in_progress,8
ORD-001235,Plant-07,PO-7048-3344,128,107,0,2026-07-21T00:00:52+00:00,WH-01,completed,5
ORD-001236,Plant-34,CH-1101-4859,83,40,0,2026-07-19T22:00:52+00:00,WH-01,in_progress,6
ORD-001237,Plant-45,EL-4472-3672,54,36,0,2026-07-20T09:00:52+00:00,WH-02,pending,10
ORD-001238,Plant-41,IN-2128-3627,143,124,0,2026-07-20T16:00:52+00:00,WH-02,completed,7
ORD-001239,Plant-07,EL-8464-4093,133,47,0,2026-07-25T16:00:52+00:00,WH-01,completed,6
ORD-001240,Plant-05,FL-3446-4964,96,12,0,2026-07-26T03:00:52+00:00,WH-01,in_progress,10
ORD-001241,Plant-16,CH-9736-2664,19,11,0,2026-07-21T18:00:52+00:00,WH-01,pending,6
ORD-001242,Plant-19,EL-5955-4086,22,0,0,2026-07-20T15:00:52+00:00,WH-02,pending,1
ORD-001243,Plant-13,FL-8889-1204,72,22,0,2026-07-20T01:00:52+00:00,WH-02,pending,7
ORD-001244,Plant-24,EL-4293-4519,13,6,0,2026-07-26T07:00:52+00:00,WH-01,pending,9
ORD-001245,Plant-48,IN-7414-729,98,36,0,2026-07-25T08:00:52+00:00,WH-02,completed,1
ORD-001246,Plant-07,FL-6198-2608,126,81,0,2026-07-24T03:00:52+00:00,WH-02,pending,9
ORD-001247,Plant-42,EL-6980-3524,131,80,0,2026-07-24T07:00:52+00:00,WH-01,completed,6
ORD-001248,Plant-07,PO-6811-4483,86,64,0,2026-07-26T02:00:52+00:00,WH-02,completed,4
ORD-001249,Plant-13,EL-1295-3289,69,8,0,2026-07-22T15:00:52+00:00,WH-01,in_progress,5
ORD-001250,Plant-18,CH-1874-2726,99,85,0,2026-07-25T18:00:52+00:00,WH-02,in_progress,10
ORD-001251,Plant-07,CH-7998-1751,135,9,0,2026-07-22T01:00:52+00:00,WH-02,completed,9
ORD-001252,Plant-33,EL-1385-2228,49,39,0,2026-07-24T10:00:52+00:00,WH-02,pending,9
ORD-001253,Plant-37,FL-6496-438,64,37,0,2026-07-26T06:00:52+00:00,WH-02,pending,8
ORD-001254,Plant-12,PO-1640-2420,148,136,0,2026-07-25T07:00:52+00:00,WH-01,completed,5
ORD-001255,Plant-30,PO-1564-2708,52,31,0,2026-07-21T02:00:52+00:00,WH-02,pending,10
ORD-001256,Plant-39,PO-3126-513,50,19,0,2026-07-19T23:00:52+00:00,WH-01,pending,5
ORD-001257,Plant-09,EL-7904-1409,45,0,0,2026-07-20T10:00:52+00:00,WH-02,pending,1
ORD-001258,Plant-22,FL-9601-166,129,71,0,2026-07-23T20:00:52+00:00,WH-01,completed,1
ORD-001259,Plant-30,PO-5304-4427,101,75,0,2026-07-21T10:00:52+00:00,WH-02,in_progress,10
ORD-001260,Plant-25,IN-4997-2872,99,83,0,2026-07-24T05:00:52+00:00,WH-01,pending,10
ORD-001261,Plant-18,FL-2212-4925,12,0,0,2026-07-22T19:00:52+00:00,WH-01,pending,7
ORD-001262,Plant-22,PO-2503-351,32,29,0,2026-07-24T15:00:52+00:00,WH-01,pending,8
ORD-001263,Plant-13,CH-7440-130,90,28,0,2026-07-26T07:00:52+00:00,WH-01,completed,7
ORD-001264,Plant-13,EL-3636-3552,118,58,0,2026-07-24T12:00:52+00:00,WH-02,completed,6
ORD-001265,Plant-13,CH-7043-2987,67,53,0,2026-07-21T22:00:52+00:00,WH-01,pending,8
ORD-001266,Plant-20,IN-2464-1150,142,48,0,2026-07-23T10:00:52+00:00,WH-02,in_progress,6
ORD-001267,Plant-12,IN-6704-3303,45,17,0,2026-07-22T08:00:52+00:00,WH-02,in_progress,9
ORD-001268,Plant-15,IN-5573-906,29,24,0,2026-07-24T10:00:52+00:00,WH-01,in_progress,9
ORD-001269,Plant-33,IN-8041-4182,21,1,0,2026-07-21T00:00:52+00:00,WH-02,pending,10
ORD-001270,Plant-21,FL-7694-1889,79,42,0,2026-07-25T18:00:52+00:00,WH-02,completed,2
ORD-001271,Plant-32,EL-9950-008,94,29,0,2026-07-24T12:00:52+00:00,WH-02,completed,3
ORD-001272,Plant-18,EL-3783-4534,66,36,0,2026-07-20T12:00:52+00:00,WH-02,pending,8
ORD-001273,Plant-46,CH-2244-4986,42,4,0,2026-07-19T19:00:52+00:00,WH-02,completed,1
ORD-001274,Plant-40,EL-3636-3625,24,4,0,2026-07-20T05:00:52+00:00,WH-02,in_progress,7
ORD-001275,Plant-25,CH-3393-2648,27,20,0,2026-07-22T18:00:52+00:00,WH-02,completed,9
ORD-001276,Plant-28,IN-2260-1223,150,20,0,2026-07-20T14:00:52+00:00,WH-01,pending,1
ORD-001277,Plant-30,PO-2980-4872,138,113,0,2026-07-25T19:00:52+00:00,WH-01,in_progress,7
ORD-001278,Plant-43,EL-6750-4057,66,23,0,2026-07-21T06:00:52+00:00,WH-01,in_progress,8
ORD-001279,Plant-06,FL-2095-1762,40,39,0,2026-07-24T23:00:52+00:00,WH-01,in_progress,1
ORD-001280,Plant-36,PO-8029-2435,11,2,0,2026-07-22T12:00:52+00:00,WH-01,in_progress,8
ORD-001281,Plant-05,IN-4400-3949,150,58,0,2026-07-20T09:00:52+00:00,WH-02,in_progress,3
ORD-001282,Plant-48,IN-5612-1087,114,48,0,2026-07-19T21:00:52+00:00,WH-02,in_progress,6
ORD-001283,Plant-35,CH-3029-2194,54,53,0,2026-07-20T06:00:52+00:00,WH-02,completed,7
ORD-001284,Plant-10,FL-4992-142,147,120,0,2026-07-26T12:00:52+00:00,WH-01,completed,1
ORD-001285,Plant-07,FL-1219-4448,31,23,0,2026-07-20T19:00:52+00:00,WH-02,completed,4
ORD-001286,Plant-16,FL-6575-3580,106,102,0,2026-07-25T00:00:52+00:00,WH-02,completed,5
ORD-001287,Plant-19,IN-7466-1401,135,131,0,2026-07-21T08:00:52+00:00,WH-02,pending,10
ORD-001288,Plant-11,FL-8467-633,16,14,0,2026-07-20T16:00:52+00:00,WH-02,in_progress,7
ORD-001289,Plant-23,CH-3549-2572,76,33,0,2026-07-24T08:00:52+00:00,WH-02,completed,5
ORD-001290,Plant-16,EL-2708-1050,121,9,0,2026-07-22T10:00:52+00:00,WH-02,pending,8
ORD-001291,Plant-21,PO-1124-4264,124,4,0,2026-07-21T03:00:52+00:00,WH-01,in_progress,6
ORD-001292,Plant-23,CH-4052-1724,28,19,0,2026-07-23T23:00:52+00:00,WH-02,completed,1
ORD-001293,Plant-38,EL-3293-3401,75,29,0,2026-07-21T05:00:52+00:00,WH-01,pending,9
ORD-001294,Plant-11,CH-6641-2296,147,85,0,2026-07-25T17:00:52+00:00,WH-01,pending,8
ORD-001295,Plant-45,IN-3143-2857,106,10,0,2026-07-22T17:00:52+00:00,WH-02,completed,9
ORD-001296,Plant-30,IN-3722-696,12,3,0,2026-07-24T00:00:52+00:00,WH-01,in_progress,10
ORD-001297,Plant-21,FL-9560-771,12,10,0,2026-07-21T17:00:52+00:00,WH-01,pending,6
ORD-001298,Plant-30,EL-3494-4902,49,19,0,2026-07-26T02:00:52+00:00,WH-02,in_progress,6
ORD-001299,Plant-37,EL-8895-3891,64,27,0,2026-07-20T11:00:52+00:00,WH-01,in_progress,5
ORD-001300,Plant-01,FL-2514-686,125,22,0,2026-07-19T22:00:52+00:00,WH-02,in_progress,2
ORD-001301,Plant-24,CH-2166-550,33,22,0,2026-07-22T15:00:52+00:00,WH-01,in_progress,4
ORD-001302,Plant-20,IN-6998-4105,22,9,0,2026-07-25T04:00:52+00:00,WH-02,in_progress,8
ORD-001303,Plant-08,EL-4741-4384,59,23,0,2026-07-20T12:00:52+00:00,WH-01,pending,10
ORD-001304,Plant-27,FL-1172-066,137,82,0,2026-07-22T01:00:52+00:00,WH-02,in_progress,3
ORD-001305,Plant-37,IN-1649-2863,150,87,0,2026-07-21T21:00:52+00:00,WH-01,in_progress,8
ORD-001306,Plant-14,CH-3722-3273,126,79,0,2026-07-26T09:00:52+00:00,WH-02,in_progress,3
ORD-001307,Plant-12,CH-1738-4282,78,5,0,2026-07-23T22:00:52+00:00,WH-02,in_progress,3
ORD-001308,Plant-37,FL-1541-2738,41,24,0,2026-07-24T14:00:52+00:00,WH-01,pending,7
ORD-001309,Plant-08,IN-5308-1003,137,19,0,2026-07-20T12:00:52+00:00,WH-01,completed,1
ORD-001310,Plant-36,PO-7243-3746,65,30,0,2026-07-25T22:00:52+00:00,WH-02,completed,2
ORD-001311,Plant-03,CH-9641-2402,33,19,0,2026-07-20T03:00:52+00:00,WH-02,pending,8
ORD-001312,Plant-38,CH-2182-2186,21,9,0,2026-07-24T12:00:52+00:00,WH-02,completed,3
ORD-001313,Plant-29,PO-1996-4830,116,1,0,2026-07-20T14:00:52+00:00,WH-01,pending,7
ORD-001314,Plant-18,PO-9468-4734,4,4,0,2026-07-23T09:00:52+00:00,WH-01,in_progress,9
ORD-001315,Plant-37,PO-4794-3686,111,20,0,2026-07-23T07:00:52+00:00,WH-02,completed,6
ORD-001316,Plant-27,EL-6604-042,69,54,0,2026-07-20T14:00:52+00:00,WH-02,completed,5
ORD-001317,Plant-35,IN-6871-4085,95,62,0,2026-07-22T15:00:52+00:00,WH-02,completed,7
ORD-001318,Plant-21,PO-6978-747,22,14,0,2026-07-21T09:00:52+00:00,WH-02,completed,3
ORD-001319,Plant-12,CH-1571-3452,102,17,0,2026-07-23T21:00:52+00:00,WH-01,pending,1
ORD-001320,Plant-30,IN-1853-1552,113,61,0,2026-07-20T06:00:52+00:00,WH-02,completed,4
ORD-001321,Plant-25,PO-6708-046,34,7,0,2026-07-25T13:00:52+00:00,WH-02,in_progress,6
ORD-001322,Plant-16,PO-8472-2727,44,28,0,2026-07-25T05:00:52+00:00,WH-01,pending,5
ORD-001323,Plant-42,EL-5692-3003,116,52,0,2026-07-24T10:00:52+00:00,WH-01,completed,4
ORD-001324,Plant-15,CH-3515-685,103,27,0,2026-07-25T03:00:52+00:00,WH-01,pending,10
ORD-001325,Plant-41,FL-9499-3621,32,3,0,2026-07-22T06:00:52+00:00,WH-02,in_progress,6
ORD-001326,Plant-35,IN-3630-3411,78,36,0,2026-07-23T15:00:52+00:00,WH-01,pending,1
ORD-001327,Plant-05,FL-6201-2203,107,68,0,2026-07-21T08:00:52+00:00,WH-02,pending,5
ORD-001328,Plant-41,IN-2194-076,148,3,0,2026-07-22T14:00:52+00:00,WH-01,completed,7
ORD-001329,Plant-32,EL-9833-511,21,20,0,2026-07-25T06:00:52+00:00,WH-01,pending,9
ORD-001330,Plant-40,IN-4170-319,84,33,0,2026-07-22T16:00:52+00:00,WH-01,in_progress,3
ORD-001331,Plant-35,EL-3636-3552,140,2,0,2026-07-24T06:00:52+00:00,WH-02,completed,4
ORD-001332,Plant-23,PO-3126-513,128,32,0,2026-07-20T01:00:52+00:00,WH-01,completed,6
ORD-001333,Plant-22,PO-9843-1905,62,28,0,2026-07-25T19:00:52+00:00,WH-01,completed,7
ORD-001334,Plant-30,CH-3077-4589,9,1,0,2026-07-20T00:00:52+00:00,WH-01,completed,7
ORD-001335,Plant-08,IN-2285-3756,59,57,0,2026-07-22T17:00:52+00:00,WH-01,pending,6
ORD-001336,Plant-19,PO-6309-1326,90,60,0,2026-07-25T11:00:52+00:00,WH-02,pending,2
ORD-001337,Plant-02,FL-8511-4869,56,33,0,2026-07-23T04:00:52+00:00,WH-01,in_progress,1
ORD-001338,Plant-38,CH-7998-1751,30,30,0,2026-07-24T12:00:52+00:00,WH-01,completed,6
ORD-001339,Plant-34,FL-8758-1144,55,1,0,2026-07-20T08:00:52+00:00,WH-01,pending,8
ORD-001340,Plant-43,PO-6494-3334,120,28,0,2026-07-25T20:00:52+00:00,WH-01,completed,1
ORD-001341,Plant-13,FL-4729-2483,133,9,0,2026-07-22T16:00:52+00:00,WH-02,completed,5
ORD-001342,Plant-45,PO-3775-4279,148,29,0,2026-07-25T16:00:52+00:00,WH-01,completed,3
ORD-001343,Plant-18,FL-2765-935,125,121,0,2026-07-23T11:00:52+00:00,WH-02,completed,1
ORD-001344,Plant-13,EL-6373-1831,90,21,0,2026-07-20T14:00:52+00:00,WH-01,in_progress,8
ORD-001345,Plant-39,FL-6550-3144,99,69,0,2026-07-23T09:00:52+00:00,WH-02,pending,9
ORD-001346,Plant-37,CH-5197-4985,139,128,0,2026-07-22T19:00:52+00:00,WH-01,in_progress,8
ORD-001347,Plant-38,IN-2212-2175,141,137,0,2026-07-25T10:00:52+00:00,WH-01,completed,7
ORD-001348,Plant-03,PO-7981-2862,63,19,0,2026-07-21T07:00:52+00:00,WH-02,pending,4
ORD-001349,Plant-09,EL-4951-204,82,27,0,2026-07-25T02:00:52+00:00,WH-02,pending,2
ORD-001350,Plant-18,FL-4800-4910,146,31,0,2026-07-21T08:00:52+00:00,WH-01,in_progress,4
ORD-001351,Plant-16,IN-6038-1063,39,26,0,2026-07-19T22:00:52+00:00,WH-01,completed,5
ORD-001352,Plant-06,IN-8004-4363,103,51,0,2026-07-20T19:00:52+00:00,WH-02,pending,5
ORD-001353,Plant-05,FL-2878-794,102,97,0,2026-07-26T14:00:52+00:00,WH-02,pending,2
ORD-001354,Plant-48,IN-3071-4106,68,0,0,2026-07-26T02:00:52+00:00,WH-02,completed,2
ORD-001355,Plant-46,CH-9146-4832,87,51,0,2026-07-20T22:00:52+00:00,WH-02,in_progress,2
ORD-001356,Plant-35,CH-2889-2995,18,6,0,2026-07-24T02:00:52+00:00,WH-01,completed,2
ORD-001357,Plant-12,CH-6185-989,110,67,0,2026-07-23T23:00:52+00:00,WH-01,in_progress,1
ORD-001358,Plant-40,EL-7033-3669,125,25,0,2026-07-25T06:00:52+00:00,WH-01,in_progress,1
ORD-001359,Plant-16,CH-5318-712,44,39,0,2026-07-25T23:00:52+00:00,WH-02,pending,2
ORD-001360,Plant-17,CH-6764-3356,10,8,0,2026-07-23T03:00:52+00:00,WH-02,pending,1
ORD-001361,Plant-35,CH-1751-355,25,0,0,2026-07-25T21:00:52+00:00,WH-02,pending,9
ORD-001362,Plant-22,IN-8016-4007,65,29,0,2026-07-24T12:00:52+00:00,WH-02,in_progress,9
ORD-001363,Plant-31,CH-2047-2769,121,62,0,2026-07-22T22:00:52+00:00,WH-02,in_progress,8
ORD-001364,Plant-35,FL-6432-2717,84,61,0,2026-07-20T06:00:52+00:00,WH-02,pending,8
ORD-001365,Plant-43,FL-3837-731,116,26,0,2026-07-22T01:00:52+00:00,WH-01,completed,10
ORD-001366,Plant-02,CH-6432-919,121,64,0,2026-07-25T03:00:52+00:00,WH-02,completed,2
ORD-001367,Plant-30,EL-3619-1273,93,49,0,2026-07-23T09:00:52+00:00,WH-02,in_progress,9
ORD-001368,Plant-32,EL-7833-791,45,35,0,2026-07-24T21:00:52+00:00,WH-02,pending,7
ORD-001369,Plant-09,CH-6329-1384,121,28,0,2026-07-20T06:00:52+00:00,WH-02,in_progress,10
ORD-001370,Plant-41,CH-8654-799,103,74,0,2026-07-22T23:00:52+00:00,WH-02,completed,10
ORD-001371,Plant-04,FL-7185-247,146,86,0,2026-07-20T01:00:52+00:00,WH-01,completed,4
ORD-001372,Plant-05,EL-2297-1814,148,93,0,2026-07-24T05:00:52+00:00,WH-01,pending,3
ORD-001373,Plant-04,CH-9009-1252,121,77,0,2026-07-22T17:00:52+00:00,WH-02,completed,10
ORD-001374,Plant-31,CH-9154-1697,23,8,0,2026-07-23T22:00:52+00:00,WH-02,in_progress,7
ORD-001375,Plant-18,CH-2690-1132,141,128,0,2026-07-25T16:00:52+00:00,WH-01,in_progress,6
ORD-001376,Plant-09,EL-6688-1342,111,14,0,2026-07-21T13:00:52+00:00,WH-01,pending,3
ORD-001377,Plant-34,PO-3130-3696,114,90,0,2026-07-21T01:00:52+00:00,WH-02,in_progress,10
ORD-001378,Plant-11,CH-4348-995,102,68,0,2026-07-21T22:00:52+00:00,WH-02,in_progress,4
ORD-001379,Plant-36,CH-2846-216,18,10,0,2026-07-22T23:00:52+00:00,WH-01,completed,3
ORD-001380,Plant-32,CH-8491-4165,85,27,0,2026-07-24T02:00:52+00:00,WH-02,pending,5
ORD-001381,Plant-26,EL-7082-1941,130,123,0,2026-07-21T04:00:52+00:00,WH-02,completed,3
ORD-001382,Plant-21,EL-9134-2005,116,43,0,2026-07-20T10:00:52+00:00,WH-01,in_progress,4
ORD-001383,Plant-25,FL-7848-1784,15,9,0,2026-07-21T07:00:52+00:00,WH-01,in_progress,5
ORD-001384,Plant-38,EL-3946-3321,32,13,0,2026-07-21T02:00:52+00:00,WH-02,in_progress,4
ORD-001385,Plant-10,CH-5039-3721,95,61,0,2026-07-21T09:00:52+00:00,WH-01,in_progress,8
ORD-001386,Plant-39,IN-1937-4879,22,8,0,2026-07-21T07:00:52+00:00,WH-01,in_progress,4
ORD-001387,Plant-39,CH-1335-3838,22,22,0,2026-07-20T11:00:52+00:00,WH-01,completed,3
ORD-001388,Plant-22,FL-5497-466,111,94,0,2026-07-23T20:00:52+00:00,WH-01,completed,5
ORD-001389,Plant-11,EL-9595-1839,141,139,0,2026-07-20T19:00:52+00:00,WH-02,in_progress,6
ORD-001390,Plant-13,CH-9196-1980,84,25,0,2026-07-24T07:00:52+00:00,WH-02,completed,9
ORD-001391,Plant-16,IN-7011-251,72,69,0,2026-07-22T13:00:52+00:00,WH-02,completed,4
ORD-001392,Plant-09,FL-6736-2351,64,38,0,2026-07-24T20:00:52+00:00,WH-01,pending,1
ORD-001393,Plant-46,CH-8560-170,148,84,0,2026-07-22T08:00:52+00:00,WH-01,completed,5
ORD-001394,Plant-02,CH-1733-2392,120,46,0,2026-07-26T14:00:52+00:00,WH-02,completed,3
ORD-001395,Plant-42,EL-3016-3338,131,53,0,2026-07-23T20:00:52+00:00,WH-02,in_progress,10
ORD-001396,Plant-01,EL-7906-515,14,9,0,2026-07-22T15:00:52+00:00,WH-01,in_progress,7
ORD-001397,Plant-45,PO-8900-2650,74,61,0,2026-07-20T23:00:52+00:00,WH-01,in_progress,1
ORD-001398,Plant-42,IN-8041-4182,145,101,0,2026-07-23T15:00:52+00:00,WH-01,completed,5
ORD-001399,Plant-03,PO-2161-2816,120,116,0,2026-07-23T02:00:52+00:00,WH-01,pending,6
ORD-001400,Plant-02,CH-2884-1699,122,7,0,2026-07-24T10:00:52+00:00,WH-02,in_progress,1
ORD-001401,Plant-04,IN-5830-1476,24,9,0,2026-07-21T03:00:52+00:00,WH-02,pending,6
ORD-001402,Plant-39,EL-7151-4651,57,54,0,2026-07-25T13:00:52+00:00,WH-02,in_progress,5
ORD-001403,Plant-26,EL-7221-2089,33,31,0,2026-07-19T21:00:52+00:00,WH-01,pending,4
ORD-001404,Plant-09,IN-2729-1819,75,11,0,2026-07-20T23:00:52+00:00,WH-02,in_progress,9
ORD-001405,Plant-38,PO-2093-1471,64,7,0,2026-07-20T22:00:52+00:00,WH-02,pending,7
ORD-001406,Plant-41,CH-6764-3356,117,106,0,2026-07-26T03:00:52+00:00,WH-02,in_progress,7
ORD-001407,Plant-29,PO-8891-2497,63,32,0,2026-07-25T02:00:52+00:00,WH-02,in_progress,9
ORD-001408,Plant-22,CH-8615-3118,123,38,0,2026-07-26T12:00:52+00:00,WH-02,in_progress,1
ORD-001409,Plant-25,CH-4900-1310,73,42,0,2026-07-20T19:00:52+00:00,WH-02,completed,6
ORD-001410,Plant-24,FL-7357-3049,107,26,0,2026-07-24T21:00:52+00:00,WH-01,in_progress,1
ORD-001411,Plant-01,PO-2742-672,143,3,0,2026-07-26T01:00:52+00:00,WH-01,completed,9
ORD-001412,Plant-45,IN-3031-980,31,14,0,2026-07-25T00:00:52+00:00,WH-01,completed,4
ORD-001413,Plant-08,IN-9630-453,15,2,0,2026-07-24T02:00:52+00:00,WH-01,pending,3
ORD-001414,Plant-03,PO-5447-1154,129,113,0,2026-07-23T08:00:52+00:00,WH-02,pending,4
ORD-001415,Plant-11,CH-7670-2679,134,78,0,2026-07-20T01:00:52+00:00,WH-02,pending,2
ORD-001416,Plant-06,CH-1611-356,98,22,0,2026-07-21T04:00:52+00:00,WH-01,completed,1
ORD-001417,Plant-48,EL-5028-4357,47,26,0,2026-07-25T10:00:52+00:00,WH-02,completed,7
ORD-001418,Plant-28,IN-4374-1720,63,61,0,2026-07-26T10:00:52+00:00,WH-02,completed,9
ORD-001419,Plant-24,IN-7566-4392,82,7,0,2026-07-23T19:00:52+00:00,WH-01,in_progress,4
ORD-001420,Plant-28,FL-7683-3522,132,81,0,2026-07-21T08:00:52+00:00,WH-02,pending,9
ORD-001421,Plant-19,PO-9421-1406,128,63,0,2026-07-24T10:00:52+00:00,WH-02,completed,8
ORD-001422,Plant-17,IN-7197-061,17,7,0,2026-07-21T20:00:52+00:00,WH-01,in_progress,5
ORD-001423,Plant-24,FL-9717-263,27,9,0,2026-07-24T06:00:52+00:00,WH-01,in_progress,10
ORD-001424,Plant-16,CH-1571-3452,83,44,0,2026-07-26T12:00:52+00:00,WH-01,in_progress,2
ORD-001425,Plant-44,CH-4421-167,62,57,0,2026-07-25T00:00:52+00:00,WH-02,pending,5
ORD-001426,Plant-44,EL-8057-1666,109,37,0,2026-07-23T16:00:52+00:00,WH-02,completed,7
ORD-001427,Plant-02,EL-4241-2636,88,65,0,2026-07-25T14:00:52+00:00,WH-01,in_progress,4
ORD-001428,Plant-40,PO-5177-3331,15,10,0,2026-07-22T23:00:52+00:00,WH-02,pending,8
ORD-001429,Plant-05,FL-6098-2206,50,49,0,2026-07-25T19:00:52+00:00,WH-02,in_progress,3
ORD-001430,Plant-36,EL-9215-3324,45,15,0,2026-07-26T09:00:52+00:00,WH-01,completed,1
ORD-001431,Plant-23,PO-1302-2055,21,12,0,2026-07-25T23:00:52+00:00,WH-01,completed,4
ORD-001432,Plant-40,PO-3021-3149,93,89,0,2026-07-23T13:00:52+00:00,WH-02,completed,3
ORD-001433,Plant-44,IN-5164-2657,128,67,0,2026-07-20T22:00:52+00:00,WH-02,completed,10
ORD-001434,Plant-08,EL-7886-2421,97,28,0,2026-07-23T05:00:52+00:00,WH-02,completed,4
ORD-001435,Plant-47,CH-4845-783,75,61,0,2026-07-21T08:00:52+00:00,WH-02,completed,5
ORD-001436,Plant-10,CH-2777-1909,16,10,0,2026-07-21T06:00:52+00:00,WH-02,completed,3
ORD-001437,Plant-18,EL-1084-4570,112,64,0,2026-07-22T20:00:52+00:00,WH-02,in_progress,10
ORD-001438,Plant-31,PO-4054-4295,17,15,0,2026-07-23T23:00:52+00:00,WH-01,pending,8
ORD-001439,Plant-41,FL-7994-3393,90,70,0,2026-07-22T19:00:52+00:00,WH-01,in_progress,2
ORD-001440,Plant-40,IN-2810-1572,114,30,0,2026-07-21T12:00:52+00:00,WH-01,in_progress,6
ORD-001441,Plant-47,IN-4253-1125,71,42,0,2026-07-26T01:00:52+00:00,WH-01,in_progress,4
ORD-001442,Plant-18,FL-6692-1450,7,6,0,2026-07-21T00:00:52+00:00,WH-01,in_progress,1
ORD-001443,Plant-18,CH-7536-2275,121,9,0,2026-07-25T14:00:52+00:00,WH-02,pending,4
ORD-001444,Plant-25,EL-1177-2901,74,23,0,2026-07-23T07:00:52+00:00,WH-01,pending,3
ORD-001445,Plant-46,IN-9514-2508,85,80,0,2026-07-22T07:00:52+00:00,WH-01,pending,4
ORD-001446,Plant-26,IN-3665-2524,58,22,0,2026-07-26T03:00:52+00:00,WH-02,pending,7
ORD-001447,Plant-23,CH-1742-4621,45,19,0,2026-07-20T07:00:52+00:00,WH-01,pending,9
ORD-001448,Plant-09,PO-6978-747,7,2,0,2026-07-20T17:00:52+00:00,WH-02,pending,1
ORD-001449,Plant-17,IN-8282-1459,146,139,0,2026-07-21T13:00:52+00:00,WH-02,pending,3
ORD-001450,Plant-39,CH-7017-4346,70,47,0,2026-07-23T13:00:52+00:00,WH-02,pending,1
ORD-001451,Plant-34,CH-7144-1316,65,56,0,2026-07-25T15:00:52+00:00,WH-01,pending,4
ORD-001452,Plant-46,PO-1534-1178,112,23,0,2026-07-24T05:00:52+00:00,WH-01,in_progress,3
ORD-001453,Plant-34,FL-2331-2675,108,31,0,2026-07-24T11:00:52+00:00,WH-02,in_progress,4
ORD-001454,Plant-29,IN-6330-2147,42,32,0,2026-07-26T14:00:52+00:00,WH-01,in_progress,4
ORD-001455,Plant-43,EL-4393-303,50,2,0,2026-07-25T04:00:52+00:00,WH-02,in_progress,2
ORD-001456,Plant-33,FL-3308-089,110,87,0,2026-07-19T20:00:52+00:00,WH-01,completed,2
ORD-001457,Plant-12,EL-5034-2610,115,36,0,2026-07-22T05:00:52+00:00,WH-02,completed,3
ORD-001458,Plant-16,EL-7134-758,123,74,0,2026-07-20T22:00:52+00:00,WH-01,in_progress,1
ORD-001459,Plant-31,FL-6019-4187,61,9,0,2026-07-23T13:00:52+00:00,WH-01,completed,8
ORD-001460,Plant-21,EL-6107-3979,105,48,0,2026-07-24T02:00:52+00:00,WH-02,completed,8
ORD-001461,Plant-07,FL-6954-3102,6,3,0,2026-07-21T22:00:52+00:00,WH-02,in_progress,7
ORD-001462,Plant-16,PO-4625-1170,50,9,0,2026-07-23T10:00:52+00:00,WH-01,pending,3
ORD-001463,Plant-24,CH-8722-4703,27,18,0,2026-07-20T04:00:52+00:00,WH-01,completed,2
ORD-001464,Plant-21,CH-4666-4646,33,4,0,2026-07-21T08:00:52+00:00,WH-01,pending,5
ORD-001465,Plant-30,FL-5432-3108,24,17,0,2026-07-25T11:00:52+00:00,WH-01,completed,1
ORD-001466,Plant-38,PO-8907-3365,100,5,0,2026-07-21T12:00:52+00:00,WH-01,completed,6
ORD-001467,Plant-42,FL-8298-2763,57,24,0,2026-07-26T00:00:52+00:00,WH-02,pending,4
ORD-001468,Plant-18,FL-5928-1268,67,28,0,2026-07-23T17:00:52+00:00,WH-01,pending,1
ORD-001469,Plant-44,EL-3494-4902,54,22,0,2026-07-25T05:00:52+00:00,WH-01,in_progress,6
ORD-001470,Plant-32,CH-7580-4938,80,29,0,2026-07-20T16:00:52+00:00,WH-01,completed,8
ORD-001471,Plant-19,CH-4162-4560,78,57,0,2026-07-26T11:00:52+00:00,WH-02,in_progress,9
ORD-001472,Plant-19,CH-4001-944,41,36,0,2026-07-26T12:00:52+00:00,WH-01,pending,4
ORD-001473,Plant-28,CH-2608-1052,85,23,0,2026-07-22T00:00:52+00:00,WH-01,pending,3
ORD-001474,Plant-01,CH-9288-1033,8,8,0,2026-07-21T15:00:52+00:00,WH-01,completed,10
ORD-001475,Plant-22,CH-4510-638,13,1,0,2026-07-25T09:00:52+00:00,WH-02,pending,6
ORD-001476,Plant-25,EL-1279-2378,119,13,0,2026-07-22T09:00:52+00:00,WH-01,completed,2
ORD-001477,Plant-08,IN-5660-4238,139,90,0,2026-07-22T16:00:52+00:00,WH-02,pending,3
ORD-001478,Plant-38,FL-5871-3157,23,13,0,2026-07-19T21:00:52+00:00,WH-02,completed,7
ORD-001479,Plant-02,CH-8583-4928,149,66,0,2026-07-24T03:00:52+00:00,WH-02,pending,9
ORD-001480,Plant-34,IN-5048-168,111,87,0,2026-07-22T14:00:52+00:00,WH-02,pending,10
ORD-001481,Plant-33,EL-6722-060,18,18,0,2026-07-24T06:00:52+00:00,WH-02,completed,9
ORD-001482,Plant-12,EL-5857-2729,9,3,0,2026-07-22T09:00:52+00:00,WH-01,in_progress,7
ORD-001483,Plant-46,IN-1357-4668,76,39,0,2026-07-26T08:00:52+00:00,WH-02,pending,10
ORD-001484,Plant-09,PO-9710-2132,124,59,0,2026-07-22T08:00:52+00:00,WH-02,completed,10
ORD-001485,Plant-05,CH-3920-3991,52,41,0,2026-07-25T18:00:52+00:00,WH-02,pending,8
ORD-001486,Plant-32,EL-5714-4139,98,10,0,2026-07-19T20:00:52+00:00,WH-02,in_progress,1
ORD-001487,Plant-33,CH-1738-4282,133,24,0,2026-07-23T10:00:52+00:00,WH-01,in_progress,8
ORD-001488,Plant-30,IN-2751-2640,96,34,0,2026-07-24T17:00:52+00:00,WH-01,in_progress,1
ORD-001489,Plant-09,FL-5908-3530,37,17,0,2026-07-21T03:00:52+00:00,WH-02,pending,8
ORD-001490,Plant-10,EL-7706-109,97,51,0,2026-07-25T23:00:52+00:00,WH-01,completed,7
ORD-001491,Plant-01,FL-4188-1982,96,31,0,2026-07-25T21:00:52+00:00,WH-01,pending,2
ORD-001492,Plant-05,EL-5230-4149,126,60,0,2026-07-21T10:00:52+00:00,WH-02,pending,3
ORD-001493,Plant-15,IN-4373-3777,59,25,0,2026-07-21T16:00:52+00:00,WH-01,pending,8
ORD-001494,Plant-27,PO-4112-2973,130,17,0,2026-07-25T18:00:52+00:00,WH-02,completed,5
ORD-001495,Plant-11,FL-4758-535,48,47,0,2026-07-20T17:00:52+00:00,WH-02,pending,3
ORD-001496,Plant-19,PO-2983-1656,91,85,0,2026-07-25T16:00:52+00:00,WH-01,completed,7
ORD-001497,Plant-10,IN-9877-1728,91,87,0,2026-07-24T19:00:52+00:00,WH-02,pending,3
ORD-001498,Plant-17,EL-9921-549,28,11,0,2026-07-21T17:00:52+00:00,WH-01,in_progress,7
ORD-001499,Plant-34,IN-2907-3181,30,17,0,2026-07-24T11:00:52+00:00,WH-02,pending,3
ORD-001500,Plant-18,EL-5240-4371,4,3,0,2026-07-24T09:00:52+00:00,WH-02,in_progress,1
ORD-001501,Plant-21,CH-9580-4051,131,35,0,2026-07-24T04:00:52+00:00,WH-02,completed,6
ORD-001502,Plant-31,PO-3267-596,58,9,0,2026-07-24T13:00:52+00:00,WH-02,pending,4
ORD-001503,Plant-04,PO-9488-222,134,20,0,2026-07-22T23:00:52+00:00,WH-02,in_progress,4
ORD-001504,Plant-01,IN-7581-978,23,16,0,2026-07-22T06:00:52+00:00,WH-01,pending,2
ORD-001505,Plant-35,CH-4845-783,99,31,0,2026-07-26T15:00:52+00:00,WH-01,completed,6
ORD-001506,Plant-32,PO-7364-006,124,89,0,2026-07-20T04:00:52+00:00,WH-01,completed,7
ORD-001507,Plant-31,CH-8118-973,90,53,0,2026-07-22T13:00:52+00:00,WH-02,completed,8
ORD-001508,Plant-34,EL-5011-4484,136,64,0,2026-07-26T01:00:52+00:00,WH-01,pending,10
ORD-001509,Plant-28,CH-7806-3073,17,8,0,2026-07-24T11:00:52+00:00,WH-02,in_progress,8
ORD-001510,Plant-25,EL-9186-1837,105,94,0,2026-07-25T03:00:52+00:00,WH-01,completed,3
ORD-001511,Plant-08,FL-9150-874,140,37,0,2026-07-23T23:00:52+00:00,WH-01,pending,1
ORD-001512,Plant-06,IN-9758-3200,52,41,0,2026-07-19T21:00:52+00:00,WH-01,pending,8
ORD-001513,Plant-31,PO-1433-440,116,12,0,2026-07-25T09:00:52+00:00,WH-02,completed,6
ORD-001514,Plant-22,EL-5955-4086,88,56,0,2026-07-23T12:00:52+00:00,WH-01,in_progress,5
ORD-001515,Plant-19,IN-6973-1057,24,0,0,2026-07-22T19:00:52+00:00,WH-02,in_progress,1
ORD-001516,Plant-45,IN-9691-1735,128,119,0,2026-07-25T20:00:52+00:00,WH-01,completed,4
ORD-001517,Plant-04,FL-1173-1419,123,100,0,2026-07-25T01:00:52+00:00,WH-01,completed,10
ORD-001518,Plant-05,FL-2351-1359,22,10,0,2026-07-22T04:00:52+00:00,WH-01,pending,5
ORD-001519,Plant-19,CH-3222-689,71,63,0,2026-07-23T01:00:52+00:00,WH-01,completed,1
ORD-001520,Plant-29,CH-3152-3981,39,30,0,2026-07-25T11:00:52+00:00,WH-02,in_progress,10
ORD-001521,Plant-13,IN-2383-1649,98,97,0,2026-07-26T12:00:52+00:00,WH-02,in_progress,6
ORD-001522,Plant-05,EL-1266-4517,130,117,0,2026-07-20T01:00:52+00:00,WH-01,completed,1
ORD-001523,Plant-01,IN-9342-4868,47,25,0,2026-07-24T06:00:52+00:00,WH-02,in_progress,3
ORD-001524,Plant-08,FL-2296-864,100,46,0,2026-07-24T19:00:52+00:00,WH-02,in_progress,2
ORD-001525,Plant-38,CH-8264-801,83,23,0,2026-07-22T02:00:52+00:00,WH-01,completed,5
ORD-001526,Plant-15,IN-3760-1303,24,17,0,2026-07-22T07:00:52+00:00,WH-01,pending,5
ORD-001527,Plant-11,PO-3112-1812,144,68,0,2026-07-24T20:00:52+00:00,WH-02,completed,3
ORD-001528,Plant-05,EL-2694-2689,57,22,0,2026-07-22T22:00:52+00:00,WH-01,completed,7
ORD-001529,Plant-07,CH-1764-740,136,98,0,2026-07-26T02:00:52+00:00,WH-02,completed,7
ORD-001530,Plant-09,CH-5126-1529,57,36,0,2026-07-20T22:00:52+00:00,WH-02,completed,1
ORD-001531,Plant-32,EL-7906-515,43,23,0,2026-07-20T20:00:52+00:00,WH-01,pending,8
ORD-001532,Plant-30,IN-4184-824,92,16,0,2026-07-20T16:00:52+00:00,WH-02,pending,8
ORD-001533,Plant-27,CH-7679-3931,50,35,0,2026-07-24T07:00:52+00:00,WH-01,in_progress,6
ORD-001534,Plant-19,CH-1372-803,34,34,0,2026-07-23T06:00:52+00:00,WH-01,completed,2
ORD-001535,Plant-38,FL-5917-2918,128,26,0,2026-07-24T05:00:52+00:00,WH-02,in_progress,1
ORD-001536,Plant-46,FL-8889-1287,133,97,0,2026-07-24T23:00:52+00:00,WH-01,completed,9
ORD-001537,Plant-19,EL-1938-3051,14,13,0,2026-07-26T02:00:52+00:00,WH-01,completed,3
ORD-001538,Plant-38,IN-9135-1422,105,86,0,2026-07-21T11:00:52+00:00,WH-02,completed,8
ORD-001539,Plant-36,EL-2934-1600,17,6,0,2026-07-24T23:00:52+00:00,WH-02,pending,7
ORD-001540,Plant-22,PO-5196-4933,38,24,0,2026-07-22T19:00:52+00:00,WH-01,pending,10
ORD-001541,Plant-35,PO-3122-3084,101,10,0,2026-07-24T09:00:52+00:00,WH-01,pending,6
ORD-001542,Plant-21,CH-1388-4982,69,64,0,2026-07-22T01:00:52+00:00,WH-02,in_progress,5
ORD-001543,Plant-35,PO-8310-1405,40,6,0,2026-07-24T21:00:52+00:00,WH-01,completed,7
ORD-001544,Plant-10,PO-5388-2439,39,6,0,2026-07-21T10:00:52+00:00,WH-01,pending,3
ORD-001545,Plant-45,PO-4618-1748,105,87,0,2026-07-24T08:00:52+00:00,WH-02,in_progress,1
ORD-001546,Plant-29,EL-7108-837,92,52,0,2026-07-21T13:00:52+00:00,WH-02,in_progress,3
ORD-001547,Plant-18,FL-7778-3612,106,24,0,2026-07-23T12:00:52+00:00,WH-01,pending,9
ORD-001548,Plant-18,IN-1071-4824,29,21,0,2026-07-22T09:00:52+00:00,WH-02,completed,8
ORD-001549,Plant-12,IN-1796-2559,99,64,0,2026-07-22T05:00:52+00:00,WH-01,in_progress,9
ORD-001550,Plant-30,IN-6552-3323,12,4,0,2026-07-24T10:00:52+00:00,WH-02,completed,9
ORD-001551,Plant-31,FL-5155-4984,60,23,0,2026-07-24T20:00:52+00:00,WH-01,in_progress,2
ORD-001552,Plant-44,IN-3587-1862,13,12,0,2026-07-20T03:00:52+00:00,WH-02,in_progress,6
ORD-001553,Plant-08,FL-6393-2771,57,41,0,2026-07-26T16:00:52+00:00,WH-01,completed,10
ORD-001554,Plant-20,IN-7910-179,53,37,0,2026-07-24T06:00:52+00:00,WH-01,pending,8
ORD-001555,Plant-01,FL-4712-4451,51,13,0,2026-07-24T17:00:52+00:00,WH-02,pending,2
ORD-001556,Plant-32,PO-1178-3658,42,39,0,2026-07-24T23:00:52+00:00,WH-01,in_progress,5
ORD-001557,Plant-01,EL-6259-530,73,13,0,2026-07-23T12:00:52+00:00,WH-01,completed,4
ORD-001558,Plant-23,CH-8542-2747,34,8,0,2026-07-21T01:00:52+00:00,WH-01,pending,3
ORD-001559,Plant-26,IN-1774-966,142,1,0,2026-07-24T08:00:52+00:00,WH-02,completed,5
ORD-001560,Plant-48,CH-4425-1968,21,13,0,2026-07-23T18:00:52+00:00,WH-01,pending,8
ORD-001561,Plant-04,FL-6246-1918,100,87,0,2026-07-20T17:00:52+00:00,WH-01,in_progress,9
ORD-001562,Plant-18,EL-8268-2543,129,65,0,2026-07-22T03:00:52+00:00,WH-02,in_progress,5
ORD-001563,Plant-40,IN-8509-1072,144,78,0,2026-07-21T02:00:52+00:00,WH-02,in_progress,8
ORD-001564,Plant-29,EL-3100-1993,51,0,0,2026-07-21T23:00:52+00:00,WH-02,completed,10
ORD-001565,Plant-19,EL-9833-511,64,42,0,2026-07-22T23:00:52+00:00,WH-02,completed,4
ORD-001566,Plant-39,EL-4061-3714,36,23,0,2026-07-26T11:00:52+00:00,WH-01,pending,10
ORD-001567,Plant-05,IN-5734-1080,25,22,0,2026-07-23T08:00:52+00:00,WH-01,in_progress,9
ORD-001568,Plant-26,CH-5600-2522,126,8,0,2026-07-26T07:00:52+00:00,WH-02,pending,4
ORD-001569,Plant-18,IN-5931-947,96,64,0,2026-07-25T12:00:52+00:00,WH-02,in_progress,9
ORD-001570,Plant-25,FL-1549-4079,26,6,0,2026-07-20T09:00:52+00:00,WH-01,pending,8
ORD-001571,Plant-38,PO-2195-2999,38,34,0,2026-07-22T03:00:52+00:00,WH-02,completed,10
ORD-001572,Plant-33,IN-5636-1551,37,17,0,2026-07-24T16:00:52+00:00,WH-02,completed,6
ORD-001573,Plant-42,IN-8765-2644,90,59,0,2026-07-24T23:00:52+00:00,WH-02,in_progress,10
ORD-001574,Plant-42,CH-9170-3679,114,94,0,2026-07-25T05:00:52+00:00,WH-02,completed,5
ORD-001575,Plant-04,EL-1152-3955,18,13,0,2026-07-25T12:00:52+00:00,WH-01,in_progress,6
ORD-001576,Plant-28,CH-1118-713,40,4,0,2026-07-21T20:00:52+00:00,WH-02,completed,5
ORD-001577,Plant-20,IN-4610-229,61,0,0,2026-07-26T16:00:52+00:00,WH-01,in_progress,2
ORD-001578,Plant-03,IN-2827-4473,111,38,0,2026-07-22T18:00:52+00:00,WH-02,in_progress,2
ORD-001579,Plant-07,EL-7521-4497,133,48,0,2026-07-21T14:00:52+00:00,WH-02,completed,2
ORD-001580,Plant-06,IN-5958-547,37,35,0,2026-07-21T07:00:52+00:00,WH-02,completed,6
ORD-001581,Plant-35,CH-9154-1697,41,14,0,2026-07-24T02:00:52+00:00,WH-02,in_progress,10
ORD-001582,Plant-23,PO-8183-4059,126,0,0,2026-07-19T21:00:52+00:00,WH-01,completed,4
ORD-001583,Plant-34,EL-6961-4294,148,51,0,2026-07-26T11:00:52+00:00,WH-01,pending,6
ORD-001584,Plant-27,FL-9003-3345,89,31,0,2026-07-24T04:00:52+00:00,WH-02,completed,1
ORD-001585,Plant-25,PO-4573-431,51,47,0,2026-07-24T19:00:52+00:00,WH-01,in_progress,3
ORD-001586,Plant-04,FL-5279-1916,38,6,0,2026-07-22T17:00:52+00:00,WH-02,completed,8
ORD-001587,Plant-24,EL-8670-4712,53,41,0,2026-07-20T09:00:52+00:00,WH-01,in_progress,2
ORD-001588,Plant-15,PO-4141-1796,7,2,0,2026-07-25T05:00:52+00:00,WH-01,pending,5
ORD-001589,Plant-14,CH-1789-1911,17,12,0,2026-07-24T08:00:52+00:00,WH-01,completed,10
ORD-001590,Plant-24,CH-4651-4647,142,133,0,2026-07-25T00:00:52+00:00,WH-01,in_progress,7
ORD-001591,Plant-21,IN-1167-1429,111,95,0,2026-07-24T08:00:52+00:00,WH-02,pending,6
ORD-001592,Plant-46,IN-5161-4163,65,32,0,2026-07-21T17:00:52+00:00,WH-02,completed,9
ORD-001593,Plant-02,CH-7363-3223,99,91,0,2026-07-25T01:00:52+00:00,WH-01,in_progress,3
ORD-001594,Plant-08,EL-3601-1189,39,10,0,2026-07-25T11:00:52+00:00,WH-02,in_progress,1
ORD-001595,Plant-32,FL-1132-2556,97,26,0,2026-07-22T06:00:52+00:00,WH-01,pending,3
ORD-001596,Plant-15,EL-5144-2211,60,29,0,2026-07-24T13:00:52+00:00,WH-01,completed,1
ORD-001597,Plant-35,FL-5688-4579,44,39,0,2026-07-25T12:00:52+00:00,WH-01,pending,9
ORD-001598,Plant-38,EL-8299-4331,31,22,0,2026-07-24T03:00:52+00:00,WH-02,pending,10
ORD-001599,Plant-34,FL-2189-2330,134,1,0,2026-07-22T23:00:52+00:00,WH-02,completed,5
ORD-001600,Plant-01,PO-2735-4344,42,32,0,2026-07-21T07:00:52+00:00,WH-02,completed,8
ORD-001601,Plant-18,FL-3501-029,86,33,0,2026-07-20T11:00:52+00:00,WH-01,in_progress,4
ORD-001602,Plant-38,PO-2232-1368,134,126,0,2026-07-23T22:00:52+00:00,WH-01,completed,4
ORD-001603,Plant-41,FL-4799-129,74,11,0,2026-07-21T14:00:52+00:00,WH-01,pending,9
ORD-001604,Plant-40,IN-3530-147,7,6,0,2026-07-20T03:00:52+00:00,WH-02,completed,1
ORD-001605,Plant-35,PO-2043-1683,125,125,0,2026-07-19T23:00:52+00:00,WH-01,in_progress,9
ORD-001606,Plant-01,EL-6196-3419,102,48,0,2026-07-25T11:00:52+00:00,WH-01,in_progress,7
ORD-001607,Plant-32,CH-3188-3950,135,44,0,2026-07-25T10:00:52+00:00,WH-02,in_progress,3
ORD-001608,Plant-13,PO-5371-1876,27,10,0,2026-07-21T02:00:52+00:00,WH-02,pending,10
ORD-001609,Plant-37,CH-7183-4413,5,3,0,2026-07-20T01:00:52+00:00,WH-02,completed,3
ORD-001610,Plant-26,IN-6062-3422,105,83,0,2026-07-22T02:00:52+00:00,WH-01,pending,9
ORD-001611,Plant-41,PO-2569-3750,42,14,0,2026-07-23T12:00:52+00:00,WH-02,in_progress,6
ORD-001612,Plant-13,EL-4966-4842,59,46,0,2026-07-26T13:00:52+00:00,WH-01,pending,5
ORD-001613,Plant-45,PO-2857-3825,88,19,0,2026-07-24T16:00:52+00:00,WH-02,pending,6
ORD-001614,Plant-19,EL-6437-272,104,55,0,2026-07-26T12:00:52+00:00,WH-01,completed,1
ORD-001615,Plant-43,PO-7468-1930,130,113,0,2026-07-24T06:00:52+00:00,WH-01,in_progress,6
ORD-001616,Plant-22,FL-5392-1582,55,14,0,2026-07-26T00:00:52+00:00,WH-02,in_progress,7
ORD-001617,Plant-02,EL-6991-3527,103,13,0,2026-07-23T00:00:52+00:00,WH-02,in_progress,5
ORD-001618,Plant-04,FL-9824-2790,47,46,0,2026-07-23T00:00:52+00:00,WH-01,pending,6
ORD-001619,Plant-09,IN-8976-3340,6,3,0,2026-07-23T12:00:52+00:00,WH-02,pending,4
ORD-001620,Plant-42,FL-8087-193,23,22,0,2026-07-22T22:00:52+00:00,WH-02,completed,8
ORD-001621,Plant-30,CH-9103-1181,31,25,0,2026-07-25T18:00:52+00:00,WH-01,completed,4
ORD-001622,Plant-48,CH-5500-1737,118,22,0,2026-07-20T02:00:52+00:00,WH-02,in_progress,6
ORD-001623,Plant-07,IN-8146-2273,93,37,0,2026-07-21T10:00:52+00:00,WH-02,completed,6
ORD-001624,Plant-43,FL-6239-3319,20,7,0,2026-07-21T20:00:52+00:00,WH-02,completed,2
ORD-001625,Plant-04,IN-1537-418,77,58,0,2026-07-20T22:00:52+00:00,WH-01,completed,4
ORD-001626,Plant-15,IN-5575-083,140,131,0,2026-07-26T16:00:52+00:00,WH-02,in_progress,10
ORD-001627,Plant-38,EL-2788-018,129,49,0,2026-07-26T01:00:52+00:00,WH-01,completed,7
ORD-001628,Plant-19,EL-5969-4571,37,8,0,2026-07-23T10:00:52+00:00,WH-02,completed,10
ORD-001629,Plant-21,PO-3423-3738,73,63,0,2026-07-25T15:00:52+00:00,WH-01,completed,8
ORD-001630,Plant-42,FL-4775-4875,14,4,0,2026-07-20T08:00:52+00:00,WH-02,in_progress,9
ORD-001631,Plant-29,CH-3824-642,146,74,0,2026-07-24T18:00:52+00:00,WH-02,in_progress,2
ORD-001632,Plant-29,FL-7141-010,118,43,0,2026-07-21T00:00:52+00:00,WH-01,pending,7
ORD-001633,Plant-46,FL-1262-4025,130,42,0,2026-07-26T08:00:52+00:00,WH-02,in_progress,3
ORD-001634,Plant-39,IN-7826-1443,59,21,0,2026-07-24T17:00:52+00:00,WH-02,in_progress,9
ORD-001635,Plant-29,IN-3173-3820,100,83,0,2026-07-24T22:00:52+00:00,WH-01,pending,9
ORD-001636,Plant-02,CH-5741-1156,12,1,0,2026-07-25T22:00:52+00:00,WH-01,in_progress,8
ORD-001637,Plant-39,FL-7797-971,98,19,0,2026-07-26T06:00:52+00:00,WH-01,in_progress,7
ORD-001638,Plant-48,PO-7048-3007,95,64,0,2026-07-20T04:00:52+00:00,WH-02,completed,7
ORD-001639,Plant-08,PO-8900-2650,88,48,0,2026-07-21T20:00:52+00:00,WH-01,completed,3
ORD-001640,Plant-27,PO-8273-155,138,78,0,2026-07-26T14:00:52+00:00,WH-01,completed,2
ORD-001641,Plant-45,CH-4352-1798,132,90,0,2026-07-20T01:00:52+00:00,WH-01,completed,8
ORD-001642,Plant-10,IN-1532-4207,30,2,0,2026-07-26T00:00:52+00:00,WH-02,completed,8
ORD-001643,Plant-48,FL-9356-4524,35,30,0,2026-07-21T09:00:52+00:00,WH-02,in_progress,5
ORD-001644,Plant-47,EL-1286-3001,75,56,0,2026-07-22T21:00:52+00:00,WH-01,in_progress,7
ORD-001645,Plant-12,PO-6327-4624,65,24,0,2026-07-21T00:00:52+00:00,WH-02,pending,8
ORD-001646,Plant-35,CH-9605-541,35,14,0,2026-07-23T07:00:52+00:00,WH-01,completed,2
ORD-001647,Plant-09,CH-7689-3231,26,9,0,2026-07-20T08:00:52+00:00,WH-01,pending,9
ORD-001648,Plant-12,EL-3004-4852,146,30,0,2026-07-23T16:00:52+00:00,WH-02,pending,8
ORD-001649,Plant-44,EL-7738-2613,20,17,0,2026-07-19T22:00:52+00:00,WH-02,in_progress,4
ORD-001650,Plant-03,EL-8730-4785,145,2,0,2026-07-21T06:00:52+00:00,WH-02,pending,10
ORD-001651,Plant-23,PO-8275-1099,93,88,0,2026-07-25T02:00:52+00:00,WH-01,pending,8
ORD-001652,Plant-21,EL-4719-2389,45,27,0,2026-07-21T00:00:52+00:00,WH-02,completed,7
ORD-001653,Plant-14,FL-5029-2603,114,109,0,2026-07-25T04:00:52+00:00,WH-02,in_progress,3
ORD-001654,Plant-42,IN-2876-3030,15,14,0,2026-07-25T05:00:52+00:00,WH-01,pending,3
ORD-001655,Plant-36,IN-6751-3586,138,126,0,2026-07-21T20:00:52+00:00,WH-02,in_progress,9
ORD-001656,Plant-48,IN-3838-2410,88,37,0,2026-07-21T13:00:52+00:00,WH-01,completed,10
ORD-001657,Plant-06,CH-1133-4541,20,16,0,2026-07-20T14:00:52+00:00,WH-02,pending,2
ORD-001658,Plant-09,IN-5064-3626,10,4,0,2026-07-22T04:00:52+00:00,WH-01,completed,9
ORD-001659,Plant-45,FL-4282-1740,21,20,0,2026-07-22T01:00:52+00:00,WH-01,in_progress,1
ORD-001660,Plant-23,CH-4919-1713,76,51,0,2026-07-24T19:00:52+00:00,WH-01,in_progress,1
ORD-001661,Plant-10,CH-3570-3866,12,6,0,2026-07-23T07:00:52+00:00,WH-02,completed,6
ORD-001662,Plant-40,EL-5692-3003,108,29,0,2026-07-26T08:00:52+00:00,WH-01,in_progress,6
ORD-001663,Plant-45,CH-7355-3373,37,30,0,2026-07-19T21:00:52+00:00,WH-01,in_progress,7
ORD-001664,Plant-36,IN-2999-3915,87,49,0,2026-07-21T02:00:52+00:00,WH-01,in_progress,5
ORD-001665,Plant-29,FL-7555-4111,114,32,0,2026-07-21T13:00:52+00:00,WH-02,in_progress,1
ORD-001666,Plant-43,CH-1597-4531,84,47,0,2026-07-20T22:00:52+00:00,WH-02,in_progress,1
ORD-001667,Plant-14,CH-9296-1478,75,0,0,2026-07-22T04:00:52+00:00,WH-01,pending,7
ORD-001668,Plant-07,IN-9287-3715,27,24,0,2026-07-26T17:00:52+00:00,WH-02,in_progress,5
ORD-001669,Plant-21,EL-5867-4166,5,5,0,2026-07-24T01:00:52+00:00,WH-02,pending,10
ORD-001670,Plant-10,EL-8418-1309,135,104,0,2026-07-24T21:00:52+00:00,WH-01,pending,10
ORD-001671,Plant-19,EL-5028-4357,39,37,0,2026-07-26T06:00:52+00:00,WH-01,in_progress,3
ORD-001672,Plant-04,IN-8041-4182,51,31,0,2026-07-22T19:00:52+00:00,WH-01,completed,9
ORD-001673,Plant-28,EL-5706-4345,104,78,0,2026-07-24T11:00:52+00:00,WH-01,in_progress,4
ORD-001674,Plant-26,CH-9419-1473,42,41,0,2026-07-20T02:00:52+00:00,WH-01,pending,10
ORD-001675,Plant-42,CH-5787-3415,27,12,0,2026-07-21T05:00:52+00:00,WH-02,pending,3
ORD-001676,Plant-44,IN-7487-3224,109,71,0,2026-07-26T14:00:52+00:00,WH-02,in_progress,4
ORD-001677,Plant-28,IN-3812-1242,70,41,0,2026-07-21T16:00:52+00:00,WH-02,in_progress,8
ORD-001678,Plant-22,IN-8475-2812,78,16,0,2026-07-23T04:00:52+00:00,WH-02,completed,10
ORD-001679,Plant-11,FL-2066-3801,67,12,0,2026-07-26T03:00:52+00:00,WH-01,pending,4
ORD-001680,Plant-33,FL-5619-2803,132,27,0,2026-07-21T16:00:52+00:00,WH-01,in_progress,6
ORD-001681,Plant-16,PO-9170-3828,91,19,0,2026-07-21T16:00:52+00:00,WH-02,pending,8
ORD-001682,Plant-07,PO-7807-2937,119,41,0,2026-07-24T00:00:52+00:00,WH-02,pending,6
ORD-001683,Plant-48,CH-2414-788,49,34,0,2026-07-25T18:00:52+00:00,WH-01,completed,9
ORD-001684,Plant-01,CH-6764-3356,92,21,0,2026-07-23T12:00:52+00:00,WH-01,pending,2
ORD-001685,Plant-07,CH-3294-1302,120,58,0,2026-07-26T02:00:52+00:00,WH-02,completed,2
ORD-001686,Plant-43,CH-6162-3905,138,40,0,2026-07-24T23:00:52+00:00,WH-02,completed,10
ORD-001687,Plant-15,PO-4569-1006,45,6,0,2026-07-23T17:00:52+00:00,WH-02,completed,10
ORD-001688,Plant-07,FL-7106-413,142,46,0,2026-07-20T05:00:52+00:00,WH-01,in_progress,2
ORD-001689,Plant-31,PO-9194-2037,38,12,0,2026-07-20T17:00:52+00:00,WH-01,in_progress,2
ORD-001690,Plant-40,IN-7427-1894,130,40,0,2026-07-20T09:00:52+00:00,WH-01,pending,10
ORD-001691,Plant-03,FL-7994-1143,139,89,0,2026-07-26T17:00:52+00:00,WH-02,in_progress,7
ORD-001692,Plant-14,EL-1105-609,6,1,0,2026-07-24T11:00:52+00:00,WH-02,completed,9
ORD-001693,Plant-44,CH-9478-3465,25,2,0,2026-07-20T23:00:52+00:00,WH-02,completed,6
ORD-001694,Plant-43,CH-6129-4252,6,4,0,2026-07-26T00:00:52+00:00,WH-02,completed,5
ORD-001695,Plant-07,PO-9770-4905,29,9,0,2026-07-20T15:00:52+00:00,WH-02,pending,2
ORD-001696,Plant-46,EL-6449-2626,128,87,0,2026-07-26T04:00:52+00:00,WH-01,in_progress,7
ORD-001697,Plant-09,FL-2532-2673,22,18,0,2026-07-23T15:00:52+00:00,WH-01,pending,10
ORD-001698,Plant-03,CH-9641-4551,24,1,0,2026-07-20T10:00:52+00:00,WH-02,in_progress,4
ORD-001699,Plant-14,FL-7866-2885,31,14,0,2026-07-22T22:00:52+00:00,WH-02,pending,9
ORD-001700,Plant-02,IN-1470-2312,126,121,0,2026-07-20T14:00:52+00:00,WH-01,pending,5
ORD-001701,Plant-09,CH-6959-2723,109,10,0,2026-07-22T12:00:52+00:00,WH-01,completed,8
ORD-001702,Plant-04,PO-1922-2963,98,81,0,2026-07-24T08:00:52+00:00,WH-02,pending,5
ORD-001703,Plant-41,IN-7236-4405,50,6,0,2026-07-20T07:00:52+00:00,WH-01,pending,9
ORD-001704,Plant-05,FL-7905-1892,138,129,0,2026-07-20T22:00:52+00:00,WH-01,pending,10
ORD-001705,Plant-37,EL-1513-033,80,17,0,2026-07-22T15:00:52+00:00,WH-02,in_progress,4
ORD-001706,Plant-40,PO-9402-4330,25,14,0,2026-07-23T02:00:52+00:00,WH-02,completed,5
ORD-001707,Plant-07,CH-2414-788,30,8,0,2026-07-22T18:00:52+00:00,WH-02,in_progress,5
ORD-001708,Plant-25,EL-4396-163,32,16,0,2026-07-20T09:00:52+00:00,WH-01,completed,8
ORD-001709,Plant-41,CH-2729-2577,121,32,0,2026-07-23T10:00:52+00:00,WH-02,pending,7
ORD-001710,Plant-12,IN-2260-1223,39,29,0,2026-07-22T16:00:52+00:00,WH-01,completed,9
ORD-001711,Plant-19,EL-2765-353,127,7,0,2026-07-20T07:00:52+00:00,WH-02,pending,10
ORD-001712,Plant-04,FL-7873-2444,45,42,0,2026-07-26T02:00:52+00:00,WH-01,in_progress,7
ORD-001713,Plant-27,CH-2286-4359,52,49,0,2026-07-20T10:00:52+00:00,WH-02,in_progress,4
ORD-001714,Plant-38,CH-1504-2250,38,0,0,2026-07-21T18:00:52+00:00,WH-01,pending,3
ORD-001715,Plant-44,IN-3863-2102,64,53,0,2026-07-25T01:00:52+00:00,WH-01,in_progress,2
ORD-001716,Plant-10,EL-9953-2552,116,6,0,2026-07-22T07:00:52+00:00,WH-01,in_progress,9
ORD-001717,Plant-15,CH-2430-1402,13,7,0,2026-07-21T15:00:52+00:00,WH-02,completed,3
ORD-001718,Plant-08,IN-3953-3158,82,27,0,2026-07-22T18:00:52+00:00,WH-02,pending,4
ORD-001719,Plant-12,IN-5070-2163,71,4,0,2026-07-21T09:00:52+00:00,WH-01,in_progress,8
ORD-001720,Plant-15,CH-4162-4560,133,17,0,2026-07-22T17:00:52+00:00,WH-01,pending,6
ORD-001721,Plant-45,FL-1096-2287,67,57,0,2026-07-23T01:00:52+00:00,WH-01,completed,9
ORD-001722,Plant-10,CH-2459-206,66,8,0,2026-07-20T12:00:52+00:00,WH-01,completed,5
ORD-001723,Plant-40,PO-7443-3875,20,7,0,2026-07-20T05:00:52+00:00,WH-02,pending,1
ORD-001724,Plant-37,PO-7448-114,118,116,0,2026-07-20T02:00:52+00:00,WH-01,pending,4
ORD-001725,Plant-38,FL-1359-4966,57,23,0,2026-07-23T19:00:52+00:00,WH-01,completed,10
ORD-001726,Plant-28,PO-9383-1695,19,10,0,2026-07-21T19:00:52+00:00,WH-01,completed,6
ORD-001727,Plant-17,IN-2109-590,17,13,0,2026-07-23T07:00:52+00:00,WH-01,pending,9
ORD-001728,Plant-02,FL-6698-3127,117,35,0,2026-07-20T15:00:52+00:00,WH-01,pending,2
ORD-001729,Plant-32,IN-8099-3656,40,22,0,2026-07-25T13:00:52+00:00,WH-01,completed,1
ORD-001730,Plant-16,CH-3935-367,12,8,0,2026-07-20T10:00:52+00:00,WH-02,completed,9
ORD-001731,Plant-10,IN-1625-2174,127,23,0,2026-07-20T23:00:52+00:00,WH-02,pending,3
ORD-001732,Plant-37,EL-6672-2010,75,24,0,2026-07-21T00:00:52+00:00,WH-02,pending,5
ORD-001733,Plant-33,EL-2885-3472,21,18,0,2026-07-21T17:00:52+00:00,WH-02,pending,7
ORD-001734,Plant-21,FL-5479-4950,110,101,0,2026-07-21T11:00:52+00:00,WH-01,pending,3
ORD-001735,Plant-35,IN-7081-1347,38,3,0,2026-07-26T07:00:52+00:00,WH-01,pending,4
ORD-001736,Plant-05,IN-5323-2404,87,1,0,2026-07-21T00:00:52+00:00,WH-01,completed,8
ORD-001737,Plant-03,FL-9991-4664,16,14,0,2026-07-22T23:00:52+00:00,WH-01,pending,1
ORD-001738,Plant-02,IN-4688-4801,129,78,0,2026-07-25T00:00:52+00:00,WH-02,pending,4
ORD-001739,Plant-46,CH-7325-4828,129,84,0,2026-07-20T18:00:52+00:00,WH-02,completed,9
ORD-001740,Plant-31,IN-7649-3976,102,7,0,2026-07-21T20:00:52+00:00,WH-01,pending,4
ORD-001741,Plant-11,PO-7727-3609,127,102,0,2026-07-20T09:00:52+00:00,WH-01,in_progress,10
ORD-001742,Plant-33,CH-5792-4343,61,14,0,2026-07-20T10:00:52+00:00,WH-02,in_progress,6
ORD-001743,Plant-35,FL-8154-422,66,33,0,2026-07-26T12:00:52+00:00,WH-01,completed,8
ORD-001744,Plant-18,CH-2686-1096,58,54,0,2026-07-24T21:00:52+00:00,WH-01,completed,5
ORD-001745,Plant-29,FL-4384-2496,14,9,0,2026-07-24T19:00:52+00:00,WH-01,completed,5
ORD-001746,Plant-19,FL-8606-620,81,51,0,2026-07-26T18:00:52+00:00,WH-02,in_progress,8
ORD-001747,Plant-25,CH-6665-537,67,50,0,2026-07-22T02:00:52+00:00,WH-01,pending,10
ORD-001748,Plant-44,CH-7017-4346,20,6,0,2026-07-23T19:00:52+00:00,WH-02,completed,1
ORD-001749,Plant-27,EL-1107-1928,55,46,0,2026-07-22T06:00:52+00:00,WH-02,completed,2
ORD-001750,Plant-33,PO-6235-248,9,2,0,2026-07-20T02:00:52+00:00,WH-02,in_progress,6
ORD-001751,Plant-19,CH-3033-1791,77,21,0,2026-07-25T11:00:52+00:00,WH-02,completed,6
ORD-001752,Plant-37,CH-3654-3201,147,9,0,2026-07-23T16:00:52+00:00,WH-01,in_progress,9
ORD-001753,Plant-09,FL-7185-247,44,24,0,2026-07-21T02:00:52+00:00,WH-01,completed,9
ORD-001754,Plant-22,EL-1951-3002,64,19,0,2026-07-20T05:00:52+00:00,WH-01,in_progress,1
ORD-001755,Plant-19,FL-9085-3174,14,12,0,2026-07-21T12:00:52+00:00,WH-01,pending,7
ORD-001756,Plant-38,FL-4474-2036,135,78,0,2026-07-24T08:00:52+00:00,WH-01,in_progress,6
ORD-001757,Plant-05,PO-8142-2128,87,47,0,2026-07-25T15:00:52+00:00,WH-01,pending,7
ORD-001758,Plant-40,PO-6826-2368,100,19,0,2026-07-25T03:00:52+00:00,WH-02,completed,6
ORD-001759,Plant-26,EL-5432-2024,133,46,0,2026-07-20T09:00:52+00:00,WH-01,in_progress,6
ORD-001760,Plant-32,CH-4932-3571,86,61,0,2026-07-19T22:00:52+00:00,WH-02,completed,5
ORD-001761,Plant-13,FL-4212-1244,110,79,0,2026-07-25T23:00:52+00:00,WH-01,in_progress,1
ORD-001762,Plant-13,PO-4394-3541,121,106,0,2026-07-21T06:00:52+00:00,WH-02,completed,5
ORD-001763,Plant-42,FL-1333-3795,91,63,0,2026-07-24T07:00:52+00:00,WH-02,completed,4
ORD-001764,Plant-45,PO-3470-1482,137,92,0,2026-07-25T04:00:52+00:00,WH-01,completed,3
ORD-001765,Plant-06,EL-4403-4061,118,115,0,2026-07-22T07:00:52+00:00,WH-02,completed,5
ORD-001766,Plant-41,IN-2135-3147,45,16,0,2026-07-25T00:00:52+00:00,WH-02,pending,5
ORD-001767,Plant-28,EL-8700-237,19,14,0,2026-07-23T21:00:52+00:00,WH-01,completed,2
ORD-001768,Plant-05,PO-7241-490,78,71,0,2026-07-21T07:00:52+00:00,WH-01,in_progress,9
ORD-001769,Plant-08,PO-5997-3607,93,21,0,2026-07-21T06:00:52+00:00,WH-01,in_progress,4
ORD-001770,Plant-37,IN-3000-3215,96,37,0,2026-07-23T10:00:52+00:00,WH-01,pending,2
ORD-001771,Plant-05,PO-3640-2424,76,27,0,2026-07-24T02:00:52+00:00,WH-02,in_progress,1
ORD-001772,Plant-45,IN-6840-555,81,58,0,2026-07-23T04:00:52+00:00,WH-01,in_progress,5
ORD-001773,Plant-14,EL-1105-609,133,1,0,2026-07-21T05:00:52+00:00,WH-01,in_progress,4
ORD-001774,Plant-43,FL-7295-3902,68,48,0,2026-07-20T23:00:52+00:00,WH-01,pending,3
ORD-001775,Plant-34,EL-3946-2305,104,85,0,2026-07-21T19:00:52+00:00,WH-01,in_progress,6
ORD-001776,Plant-08,FL-8394-1413,137,74,0,2026-07-24T07:00:52+00:00,WH-01,in_progress,7
ORD-001777,Plant-29,EL-1580-3424,115,96,0,2026-07-24T17:00:52+00:00,WH-01,completed,5
ORD-001778,Plant-31,CH-3295-4949,147,114,0,2026-07-23T12:00:52+00:00,WH-01,in_progress,2
ORD-001779,Plant-18,EL-6822-4368,138,85,0,2026-07-26T05:00:52+00:00,WH-01,in_progress,3
ORD-001780,Plant-40,CH-3630-4748,129,62,0,2026-07-24T21:00:52+00:00,WH-02,completed,7
ORD-001781,Plant-16,EL-1155-4067,55,24,0,2026-07-24T15:00:52+00:00,WH-02,pending,8
ORD-001782,Plant-07,CH-8936-1113,10,10,0,2026-07-21T21:00:52+00:00,WH-02,pending,6
ORD-001783,Plant-08,CH-3769-3762,150,141,0,2026-07-25T20:00:52+00:00,WH-01,in_progress,1
ORD-001784,Plant-46,FL-2409-4633,46,20,0,2026-07-24T00:00:52+00:00,WH-02,pending,3
ORD-001785,Plant-11,CH-8635-2105,146,136,0,2026-07-20T10:00:52+00:00,WH-01,pending,4
ORD-001786,Plant-26,PO-2386-3813,70,1,0,2026-07-20T14:00:52+00:00,WH-01,pending,8
ORD-001787,Plant-32,CH-5044-969,87,70,0,2026-07-25T15:00:52+00:00,WH-02,pending,9
ORD-001788,Plant-18,PO-6875-4598,125,71,0,2026-07-26T05:00:52+00:00,WH-02,in_progress,2
ORD-001789,Plant-13,PO-7860-4691,54,18,0,2026-07-24T02:00:52+00:00,WH-02,completed,3
ORD-001790,Plant-41,PO-2709-3840,121,57,0,2026-07-25T16:00:52+00:00,WH-01,completed,1
ORD-001791,Plant-22,CH-3695-4144,140,49,0,2026-07-22T23:00:52+00:00,WH-02,pending,1
ORD-001792,Plant-29,CH-1163-1418,41,17,0,2026-07-20T15:00:52+00:00,WH-02,in_progress,9
ORD-001793,Plant-31,CH-9965-1012,103,69,0,2026-07-24T23:00:52+00:00,WH-02,pending,6
ORD-001794,Plant-09,PO-3918-3916,16,7,0,2026-07-22T02:00:52+00:00,WH-02,in_progress,1
ORD-001795,Plant-37,PO-8652-3865,62,35,0,2026-07-26T15:00:52+00:00,WH-01,completed,9
ORD-001796,Plant-25,PO-1923-2801,97,0,0,2026-07-25T17:00:52+00:00,WH-01,completed,10
ORD-001797,Plant-25,IN-5029-3617,108,83,0,2026-07-21T16:00:52+00:00,WH-01,in_progress,3
ORD-001798,Plant-03,FL-8333-576,105,11,0,2026-07-25T18:00:52+00:00,WH-01,completed,7
ORD-001799,Plant-05,IN-2688-3809,77,38,0,2026-07-21T02:00:52+00:00,WH-01,completed,5
ORD-001800,Plant-43,CH-8047-4030,26,16,0,2026-07-25T10:00:52+00:00,WH-02,in_progress,7
ORD-001801,Plant-05,FL-3962-4004,134,91,0,2026-07-20T21:00:52+00:00,WH-02,pending,1
ORD-001802,Plant-01,EL-8381-2063,116,68,0,2026-07-25T03:00:52+00:00,WH-01,in_progress,1
ORD-001803,Plant-13,IN-5148-2462,36,19,0,2026-07-25T14:00:52+00:00,WH-02,pending,2
ORD-001804,Plant-35,CH-1232-4315,35,30,0,2026-07-23T11:00:52+00:00,WH-02,in_progress,8
ORD-001805,Plant-27,IN-1532-525,56,25,0,2026-07-21T03:00:52+00:00,WH-01,in_progress,3
ORD-001806,Plant-03,IN-2281-180,73,50,0,2026-07-21T09:00:52+00:00,WH-02,completed,6
ORD-001807,Plant-34,FL-7076-3868,40,38,0,2026-07-26T15:00:52+00:00,WH-02,in_progress,7
ORD-001808,Plant-17,EL-2856-4528,41,7,0,2026-07-26T06:00:52+00:00,WH-02,pending,1
ORD-001809,Plant-37,IN-6977-3538,17,17,0,2026-07-21T06:00:52+00:00,WH-02,pending,5
ORD-001810,Plant-04,IN-7807-1375,108,39,0,2026-07-22T13:00:52+00:00,WH-02,pending,4
ORD-001811,Plant-07,PO-3900-3426,14,4,0,2026-07-24T17:00:52+00:00,WH-02,pending,3
ORD-001812,Plant-34,IN-1703-3958,96,29,0,2026-07-21T13:00:52+00:00,WH-02,completed,10
ORD-001813,Plant-33,CH-4898-1400,116,116,0,2026-07-25T11:00:52+00:00,WH-01,pending,6
ORD-001814,Plant-15,IN-7459-1888,91,22,0,2026-07-25T22:00:52+00:00,WH-02,pending,4
ORD-001815,Plant-33,FL-4992-142,46,46,0,2026-07-24T23:00:52+00:00,WH-01,completed,1
ORD-001816,Plant-43,IN-5958-547,100,39,0,2026-07-26T05:00:52+00:00,WH-02,pending,4
ORD-001817,Plant-13,IN-8737-429,96,29,0,2026-07-26T17:00:52+00:00,WH-02,completed,1
ORD-001818,Plant-21,IN-9303-957,45,42,0,2026-07-21T04:00:52+00:00,WH-02,in_progress,9
ORD-001819,Plant-46,EL-7391-955,16,6,0,2026-07-26T16:00:52+00:00,WH-01,in_progress,2
ORD-001820,Plant-45,PO-1964-286,24,8,0,2026-07-22T16:00:52+00:00,WH-01,pending,4
ORD-001821,Plant-02,PO-4631-1212,23,0,0,2026-07-20T17:00:52+00:00,WH-02,completed,7
ORD-001822,Plant-06,EL-4221-2180,131,14,0,2026-07-26T10:00:52+00:00,WH-01,pending,5
ORD-001823,Plant-25,PO-1707-3192,58,28,0,2026-07-24T21:00:52+00:00,WH-01,pending,8
ORD-001824,Plant-44,CH-8710-385,7,2,0,2026-07-22T14:00:52+00:00,WH-01,pending,2
ORD-001825,Plant-15,IN-9850-3680,39,28,0,2026-07-24T06:00:52+00:00,WH-02,in_progress,5
ORD-001826,Plant-30,CH-9538-111,107,88,0,2026-07-23T14:00:52+00:00,WH-01,completed,7
ORD-001827,Plant-38,EL-2251-1109,105,89,0,2026-07-25T17:00:52+00:00,WH-01,in_progress,2
ORD-001828,Plant-41,EL-5720-1978,29,11,0,2026-07-23T02:00:52+00:00,WH-01,completed,4
ORD-001829,Plant-31,EL-1448-401,94,63,0,2026-07-21T11:00:52+00:00,WH-01,completed,9
ORD-001830,Plant-32,EL-8810-2958,126,121,0,2026-07-22T20:00:52+00:00,WH-01,pending,5
ORD-001831,Plant-30,FL-4992-142,93,82,0,2026-07-23T09:00:52+00:00,WH-02,completed,6
ORD-001832,Plant-30,PO-2404-4945,31,1,0,2026-07-20T03:00:52+00:00,WH-02,completed,5
ORD-001833,Plant-46,CH-3528-4811,122,12,0,2026-07-24T04:00:52+00:00,WH-02,in_progress,8
ORD-001834,Plant-20,EL-5365-1481,40,13,0,2026-07-23T20:00:52+00:00,WH-02,completed,7
ORD-001835,Plant-47,IN-3347-738,98,27,0,2026-07-22T09:00:52+00:00,WH-02,pending,2
ORD-001836,Plant-06,FL-6145-4414,95,19,0,2026-07-26T02:00:52+00:00,WH-02,completed,8
ORD-001837,Plant-31,FL-7364-617,44,14,0,2026-07-21T06:00:52+00:00,WH-01,in_progress,3
ORD-001838,Plant-23,CH-9395-3177,27,14,0,2026-07-22T09:00:52+00:00,WH-01,pending,9
ORD-001839,Plant-02,EL-2495-3454,8,1,0,2026-07-25T17:00:52+00:00,WH-01,completed,4
ORD-001840,Plant-39,CH-9847-478,33,6,0,2026-07-20T02:00:52+00:00,WH-01,pending,3
ORD-001841,Plant-19,CH-7885-2120,21,5,0,2026-07-23T12:00:52+00:00,WH-02,pending,5
ORD-001842,Plant-16,PO-9656-933,130,67,0,2026-07-20T18:00:52+00:00,WH-02,in_progress,7
ORD-001843,Plant-39,FL-5976-1886,33,25,0,2026-07-19T22:00:52+00:00,WH-02,pending,8
ORD-001844,Plant-38,IN-9323-2430,123,21,0,2026-07-22T15:00:52+00:00,WH-02,in_progress,10
ORD-001845,Plant-11,FL-2700-2310,55,55,0,2026-07-26T02:00:52+00:00,WH-02,pending,6
ORD-001846,Plant-22,IN-1071-4824,50,20,0,2026-07-22T20:00:52+00:00,WH-01,completed,6
ORD-001847,Plant-04,FL-8783-3275,40,8,0,2026-07-25T12:00:52+00:00,WH-01,in_progress,6
ORD-001848,Plant-31,IN-5952-4400,129,123,0,2026-07-22T10:00:52+00:00,WH-02,in_progress,6
ORD-001849,Plant-14,IN-8634-3128,46,12,0,2026-07-25T21:00:52+00:00,WH-01,pending,2
ORD-001850,Plant-43,CH-5307-1522,129,72,0,2026-07-21T06:00:52+00:00,WH-01,in_progress,4
ORD-001851,Plant-03,EL-6606-1214,68,45,0,2026-07-23T13:00:52+00:00,WH-01,completed,3
ORD-001852,Plant-32,IN-6029-1091,93,27,0,2026-07-26T08:00:52+00:00,WH-02,completed,9
ORD-001853,Plant-26,PO-5737-3455,72,23,0,2026-07-26T15:00:52+00:00,WH-01,in_progress,9
ORD-001854,Plant-43,IN-1537-418,132,124,0,2026-07-25T00:00:52+00:00,WH-01,in_progress,2
ORD-001855,Plant-35,CH-6056-4704,49,46,0,2026-07-25T03:00:52+00:00,WH-02,completed,8
ORD-001856,Plant-48,PO-7546-3138,149,138,0,2026-07-26T08:00:52+00:00,WH-01,pending,3
ORD-001857,Plant-28,PO-3626-336,56,21,0,2026-07-26T06:00:52+00:00,WH-01,in_progress,2
ORD-001858,Plant-06,IN-9026-2222,29,4,0,2026-07-23T17:00:52+00:00,WH-02,in_progress,2
ORD-001859,Plant-15,EL-7134-758,58,50,0,2026-07-26T08:00:52+00:00,WH-02,pending,8
ORD-001860,Plant-14,FL-5639-832,4,4,0,2026-07-23T07:00:52+00:00,WH-02,completed,1
ORD-001861,Plant-04,FL-3484-3694,113,57,0,2026-07-20T02:00:52+00:00,WH-02,in_progress,3
ORD-001862,Plant-14,CH-2295-1701,107,34,0,2026-07-23T03:00:52+00:00,WH-02,pending,8
ORD-001863,Plant-25,PO-3889-583,29,10,0,2026-07-20T21:00:52+00:00,WH-02,completed,1
ORD-001864,Plant-20,FL-1441-2880,50,26,0,2026-07-19T19:00:52+00:00,WH-02,pending,8
ORD-001865,Plant-14,PO-6583-4893,23,13,0,2026-07-20T18:00:52+00:00,WH-02,pending,9
ORD-001866,Plant-40,CH-8009-4846,67,33,0,2026-07-24T02:00:52+00:00,WH-01,pending,5
ORD-001867,Plant-25,PO-3775-4279,140,46,0,2026-07-21T17:00:52+00:00,WH-02,pending,4
ORD-001868,Plant-44,IN-1853-1552,30,29,0,2026-07-23T21:00:52+00:00,WH-01,in_progress,7
ORD-001869,Plant-33,IN-9804-3407,87,7,0,2026-07-21T00:00:52+00:00,WH-02,completed,8
ORD-001870,Plant-10,PO-9690-4326,146,116,0,2026-07-23T08:00:52+00:00,WH-02,completed,2
ORD-001871,Plant-15,EL-9382-1874,128,64,0,2026-07-21T05:00:52+00:00,WH-02,pending,8
ORD-001872,Plant-25,PO-4032-2557,140,117,0,2026-07-21T10:00:52+00:00,WH-02,in_progress,5
ORD-001873,Plant-44,EL-6674-3355,98,49,0,2026-07-21T10:00:52+00:00,WH-02,pending,9
ORD-001874,Plant-31,FL-4344-4130,35,10,0,2026-07-26T17:00:52+00:00,WH-01,pending,5
ORD-001875,Plant-47,PO-3671-3399,16,14,0,2026-07-24T22:00:52+00:00,WH-01,completed,6
ORD-001876,Plant-02,IN-1357-4668,149,41,0,2026-07-25T00:00:52+00:00,WH-01,in_progress,4
ORD-001877,Plant-11,CH-4562-2069,75,49,0,2026-07-20T02:00:52+00:00,WH-01,completed,6
ORD-001878,Plant-29,IN-7352-3096,49,39,0,2026-07-20T14:00:52+00:00,WH-02,completed,5
ORD-001879,Plant-31,EL-1639-1159,64,23,0,2026-07-20T17:00:52+00:00,WH-01,in_progress,1
ORD-001880,Plant-28,CH-3346-2314,118,34,0,2026-07-24T18:00:52+00:00,WH-02,completed,10
ORD-001881,Plant-10,PO-7384-3332,101,17,0,2026-07-20T11:00:52+00:00,WH-02,in_progress,3
ORD-001882,Plant-36,PO-7899-2697,72,21,0,2026-07-26T05:00:52+00:00,WH-01,completed,10
ORD-001883,Plant-11,PO-5676-4912,148,96,0,2026-07-20T03:00:52+00:00,WH-02,completed,3
ORD-001884,Plant-14,IN-8967-1301,56,49,0,2026-07-23T13:00:52+00:00,WH-02,in_progress,4
ORD-001885,Plant-19,EL-1145-2054,57,44,0,2026-07-24T20:00:52+00:00,WH-01,completed,7
ORD-001886,Plant-30,CH-7780-1598,50,31,0,2026-07-25T08:00:52+00:00,WH-01,in_progress,9
ORD-001887,Plant-43,FL-6687-2760,92,44,0,2026-07-22T12:00:52+00:00,WH-01,pending,8
ORD-001888,Plant-47,IN-7470-2765,52,32,0,2026-07-21T10:00:52+00:00,WH-02,pending,4
ORD-001889,Plant-42,PO-3145-253,10,1,0,2026-07-21T09:00:52+00:00,WH-01,in_progress,8
ORD-001890,Plant-06,CH-3824-642,31,0,0,2026-07-23T06:00:52+00:00,WH-02,in_progress,9
ORD-001891,Plant-48,IN-8117-3347,143,123,0,2026-07-23T15:00:52+00:00,WH-01,completed,2
ORD-001892,Plant-46,PO-5868-2920,38,3,0,2026-07-20T09:00:52+00:00,WH-01,in_progress,6
ORD-001893,Plant-30,EL-2937-4735,44,15,0,2026-07-25T19:00:52+00:00,WH-01,pending,9
ORD-001894,Plant-45,FL-4384-2496,7,0,0,2026-07-22T15:00:52+00:00,WH-01,completed,4
ORD-001895,Plant-27,CH-6156-1706,46,0,0,2026-07-26T01:00:52+00:00,WH-02,completed,5
ORD-001896,Plant-16,FL-3983-403,109,93,0,2026-07-20T22:00:52+00:00,WH-02,completed,4
ORD-001897,Plant-38,EL-7291-3173,40,21,0,2026-07-23T17:00:52+00:00,WH-02,in_progress,10
ORD-001898,Plant-34,IN-6177-3517,125,2,0,2026-07-23T23:00:52+00:00,WH-02,in_progress,3
ORD-001899,Plant-40,FL-9717-263,137,39,0,2026-07-25T02:00:52+00:00,WH-02,pending,2
ORD-001900,Plant-12,EL-8739-3371,51,49,0,2026-07-23T17:00:52+00:00,WH-02,completed,9
ORD-001901,Plant-01,CH-9314-1463,63,14,0,2026-07-22T18:00:52+00:00,WH-02,pending,1
ORD-001902,Plant-24,CH-5454-2897,6,3,0,2026-07-24T10:00:52+00:00,WH-02,completed,4
ORD-001903,Plant-44,IN-3855-1609,87,65,0,2026-07-21T06:00:52+00:00,WH-01,completed,9
ORD-001904,Plant-26,CH-8399-382,42,3,0,2026-07-23T21:00:52+00:00,WH-02,in_progress,1
ORD-001905,Plant-21,FL-6863-767,121,13,0,2026-07-20T01:00:52+00:00,WH-01,pending,4
ORD-001906,Plant-27,IN-7094-2895,142,49,0,2026-07-23T08:00:52+00:00,WH-01,in_progress,8
ORD-001907,Plant-35,PO-6665-2960,84,4,0,2026-07-20T04:00:52+00:00,WH-02,completed,1
ORD-001908,Plant-05,EL-1636-013,73,52,0,2026-07-20T13:00:52+00:00,WH-02,completed,8
ORD-001909,Plant-33,IN-1796-2559,111,89,0,2026-07-25T13:00:52+00:00,WH-01,pending,8
ORD-001910,Plant-07,PO-3652-4283,14,4,0,2026-07-22T15:00:52+00:00,WH-01,completed,8
ORD-001911,Plant-30,IN-8343-4048,23,19,0,2026-07-26T16:00:52+00:00,WH-01,in_progress,3
ORD-001912,Plant-10,EL-4403-4061,70,21,0,2026-07-20T16:00:52+00:00,WH-01,in_progress,8
ORD-001913,Plant-26,EL-9820-4350,74,26,0,2026-07-22T11:00:52+00:00,WH-02,pending,8
ORD-001914,Plant-21,EL-5482-095,54,27,0,2026-07-26T00:00:52+00:00,WH-01,in_progress,8
ORD-001915,Plant-41,CH-6638-389,125,82,0,2026-07-23T00:00:52+00:00,WH-02,in_progress,5
ORD-001916,Plant-02,FL-3724-1247,94,23,0,2026-07-22T19:00:52+00:00,WH-02,in_progress,3
ORD-001917,Plant-25,EL-8050-4934,49,45,0,2026-07-21T15:00:52+00:00,WH-02,in_progress,10
ORD-001918,Plant-43,FL-7441-3110,78,56,0,2026-07-22T17:00:52+00:00,WH-01,in_progress,2
ORD-001919,Plant-34,PO-8849-3570,92,36,0,2026-07-25T10:00:52+00:00,WH-02,in_progress,10
ORD-001920,Plant-08,PO-6802-1164,135,76,0,2026-07-21T02:00:52+00:00,WH-02,pending,3
ORD-001921,Plant-27,IN-7971-4836,90,68,0,2026-07-20T14:00:52+00:00,WH-02,pending,1
ORD-001922,Plant-03,CH-2604-711,69,3,0,2026-07-23T12:00:52+00:00,WH-02,in_progress,4
ORD-001923,Plant-26,CH-1372-4467,85,33,0,2026-07-22T18:00:52+00:00,WH-01,completed,3
ORD-001924,Plant-11,PO-4320-4376,140,140,0,2026-07-22T10:00:52+00:00,WH-02,pending,7
ORD-001925,Plant-24,IN-6215-618,13,4,0,2026-07-26T03:00:52+00:00,WH-01,in_progress,6
ORD-001926,Plant-37,CH-6815-4897,122,45,0,2026-07-21T01:00:52+00:00,WH-01,pending,8
ORD-001927,Plant-19,CH-9108-3176,94,2,0,2026-07-21T11:00:52+00:00,WH-02,pending,2
ORD-001928,Plant-37,EL-1234-4142,111,16,0,2026-07-24T05:00:52+00:00,WH-02,completed,5
ORD-001929,Plant-13,IN-8472-4480,93,58,0,2026-07-26T02:00:52+00:00,WH-02,pending,9
ORD-001930,Plant-22,CH-1839-1716,26,11,0,2026-07-22T06:00:52+00:00,WH-02,in_progress,2
ORD-001931,Plant-22,FL-4114-1137,131,46,0,2026-07-26T01:00:52+00:00,WH-02,in_progress,6
ORD-001932,Plant-20,EL-4882-1062,71,48,0,2026-07-25T10:00:52+00:00,WH-01,completed,4
ORD-001933,Plant-26,EL-5763-469,77,6,0,2026-07-21T20:00:52+00:00,WH-02,pending,4
ORD-001934,Plant-02,IN-1532-4207,66,6,0,2026-07-20T21:00:52+00:00,WH-02,in_progress,9
ORD-001935,Plant-09,PO-5677-1105,125,45,0,2026-07-20T23:00:52+00:00,WH-01,pending,6
ORD-001936,Plant-39,CH-2974-4127,74,52,0,2026-07-25T01:00:52+00:00,WH-01,in_progress,9
ORD-001937,Plant-13,CH-5500-1737,113,108,0,2026-07-26T13:00:52+00:00,WH-01,in_progress,3
ORD-001938,Plant-42,EL-1124-3583,136,68,0,2026-07-24T03:00:52+00:00,WH-01,pending,10
ORD-001939,Plant-38,EL-1122-3741,5,5,0,2026-07-21T00:00:52+00:00,WH-02,completed,6
ORD-001940,Plant-25,IN-7366-134,69,8,0,2026-07-24T04:00:52+00:00,WH-01,in_progress,1
ORD-001941,Plant-27,EL-2578-2739,86,60,0,2026-07-22T03:00:52+00:00,WH-01,completed,8
ORD-001942,Plant-06,PO-4775-4042,22,7,0,2026-07-26T03:00:52+00:00,WH-02,pending,4
ORD-001943,Plant-01,CH-9708-1044,73,60,0,2026-07-25T04:00:52+00:00,WH-01,pending,10
ORD-001944,Plant-10,IN-3863-2102,22,12,0,2026-07-20T15:00:52+00:00,WH-01,in_progress,6
ORD-001945,Plant-48,FL-2878-794,58,21,0,2026-07-22T06:00:52+00:00,WH-01,in_progress,6
ORD-001946,Plant-23,CH-7466-4724,55,41,0,2026-07-21T23:00:52+00:00,WH-01,completed,6
ORD-001947,Plant-48,PO-1451-4637,20,0,0,2026-07-20T22:00:52+00:00,WH-02,completed,4
ORD-001948,Plant-31,IN-9476-2783,56,15,0,2026-07-20T01:00:52+00:00,WH-02,in_progress,7
ORD-001949,Plant-15,FL-6980-1854,14,13,0,2026-07-26T17:00:52+00:00,WH-01,pending,5
ORD-001950,Plant-30,PO-9383-1695,48,47,0,2026-07-25T10:00:52+00:00,WH-02,pending,8
ORD-001951,Plant-13,PO-9915-940,106,92,0,2026-07-24T13:00:52+00:00,WH-02,pending,4
ORD-001952,Plant-46,CH-4510-638,13,10,0,2026-07-25T21:00:52+00:00,WH-02,pending,9
ORD-001953,Plant-06,EL-2854-3376,47,6,0,2026-07-26T14:00:52+00:00,WH-02,in_progress,4
ORD-001954,Plant-40,PO-7384-3332,149,148,0,2026-07-21T20:00:52+00:00,WH-01,pending,9
ORD-001955,Plant-37,FL-4775-4875,34,18,0,2026-07-20T20:00:52+00:00,WH-01,in_progress,9
ORD-001956,Plant-10,CH-5449-3747,4,1,0,2026-07-23T13:00:52+00:00,WH-02,pending,2
ORD-001957,Plant-18,PO-4320-2326,122,103,0,2026-07-24T05:00:52+00:00,WH-01,pending,5
ORD-001958,Plant-20,PO-7694-679,105,54,0,2026-07-26T16:00:52+00:00,WH-01,completed,1
ORD-001959,Plant-48,CH-3972-1054,134,29,0,2026-07-26T18:00:52+00:00,WH-02,completed,9
ORD-001960,Plant-46,EL-4973-2499,119,111,0,2026-07-20T16:00:52+00:00,WH-02,in_progress,4
ORD-001961,Plant-36,IN-6961-3382,50,41,0,2026-07-21T10:00:52+00:00,WH-01,completed,4
ORD-001962,Plant-39,EL-3227-4791,69,32,0,2026-07-24T14:00:52+00:00,WH-02,in_progress,6
ORD-001963,Plant-46,IN-8850-476,110,51,0,2026-07-23T04:00:52+00:00,WH-02,completed,7
ORD-001964,Plant-38,PO-5296-140,133,80,0,2026-07-21T21:00:52+00:00,WH-01,pending,2
ORD-001965,Plant-26,PO-6445-4452,81,12,0,2026-07-25T01:00:52+00:00,WH-01,in_progress,4
ORD-001966,Plant-32,FL-8066-866,76,74,0,2026-07-26T02:00:52+00:00,WH-02,completed,9
ORD-001967,Plant-13,EL-2271-381,15,1,0,2026-07-25T14:00:52+00:00,WH-02,in_progress,3
ORD-001968,Plant-02,IN-6763-2165,92,41,0,2026-07-21T21:00:52+00:00,WH-02,in_progress,9
ORD-001969,Plant-10,PO-5049-1269,118,43,0,2026-07-25T23:00:52+00:00,WH-02,pending,7
ORD-001970,Plant-44,EL-8460-1718,102,81,0,2026-07-21T00:00:52+00:00,WH-02,completed,2
ORD-001971,Plant-04,PO-5658-4632,47,32,0,2026-07-25T22:00:52+00:00,WH-02,in_progress,10
ORD-001972,Plant-17,IN-6735-122,17,9,0,2026-07-26T06:00:52+00:00,WH-02,completed,7
ORD-001973,Plant-37,CH-3935-2087,24,8,0,2026-07-24T18:00:52+00:00,WH-02,completed,5
ORD-001974,Plant-21,EL-5279-3476,86,42,0,2026-07-20T03:00:52+00:00,WH-01,in_progress,3
ORD-001975,Plant-05,FL-7877-3054,129,101,0,2026-07-22T00:00:52+00:00,WH-02,completed,2
ORD-001976,Plant-17,IN-8273-2150,61,16,0,2026-07-24T10:00:52+00:00,WH-01,completed,9
ORD-001977,Plant-15,IN-7003-4756,11,11,0,2026-07-23T09:00:52+00:00,WH-02,pending,6
ORD-001978,Plant-26,EL-5875-2152,118,93,0,2026-07-26T05:00:52+00:00,WH-02,in_progress,9
ORD-001979,Plant-18,CH-8567-2773,147,0,0,2026-07-20T12:00:52+00:00,WH-02,pending,1
ORD-001980,Plant-10,IN-2840-545,6,6,0,2026-07-22T05:00:52+00:00,WH-02,in_progress,10
ORD-001981,Plant-05,PO-8745-4763,73,42,0,2026-07-20T21:00:52+00:00,WH-01,completed,3
ORD-001982,Plant-21,IN-6115-2782,51,7,0,2026-07-25T06:00:52+00:00,WH-02,in_progress,4
ORD-001983,Plant-30,IN-5517-4505,141,72,0,2026-07-21T21:00:52+00:00,WH-02,completed,2
ORD-001984,Plant-19,CH-8945-2076,54,41,0,2026-07-22T01:00:52+00:00,WH-01,completed,1
ORD-001985,Plant-20,EL-1380-4296,114,76,0,2026-07-24T06:00:52+00:00,WH-02,in_progress,8
ORD-001986,Plant-32,FL-4559-484,135,36,0,2026-07-25T02:00:52+00:00,WH-01,in_progress,1
ORD-001987,Plant-07,PO-6327-4624,45,24,0,2026-07-23T22:00:52+00:00,WH-02,pending,4
ORD-001988,Plant-20,FL-9803-2339,53,37,0,2026-07-25T08:00:52+00:00,WH-01,completed,7
ORD-001989,Plant-04,FL-9119-4481,81,22,0,2026-07-22T11:00:52+00:00,WH-02,completed,6
ORD-001990,Plant-03,CH-4510-638,122,64,0,2026-07-22T13:00:52+00:00,WH-01,pending,7
ORD-001991,Plant-35,CH-5478-4072,145,54,0,2026-07-22T23:00:52+00:00,WH-01,in_progress,7
ORD-001992,Plant-19,IN-8321-3154,83,15,0,2026-07-21T01:00:52+00:00,WH-01,completed,2
ORD-001993,Plant-32,PO-8726-948,35,5,0,2026-07-22T13:00:52+00:00,WH-02,pending,6
ORD-001994,Plant-11,FL-2260-2908,44,34,0,2026-07-26T00:00:52+00:00,WH-01,in_progress,7
ORD-001995,Plant-10,EL-8394-2587,6,6,0,2026-07-23T05:00:52+00:00,WH-02,in_progress,7
ORD-001996,Plant-12,IN-6400-1286,71,52,0,2026-07-22T04:00:52+00:00,WH-02,completed,3
ORD-001997,Plant-40,CH-7806-3073,122,87,0,2026-07-20T03:00:52+00:00,WH-01,completed,8
ORD-001998,Plant-12,EL-5867-4166,135,67,0,2026-07-23T12:00:52+00:00,WH-02,pending,1
ORD-001999,Plant-02,CH-2320-4461,19,16,0,2026-07-24T15:00:52+00:00,WH-01,completed,10
ORD-002000,Plant-09,CH-2233-1952,59,18,0,2026-07-19T21:00:52+00:00,WH-01,pending,4
ORD-002001,Plant-25,FL-9019-666,19,17,0,2026-07-23T06:00:52+00:00,WH-02,completed,1
ORD-002002,Plant-40,PO-3108-1380,62,1,0,2026-07-21T10:00:52+00:00,WH-02,in_progress,6
ORD-002003,Plant-13,PO-6375-4417,33,15,0,2026-07-19T23:00:52+00:00,WH-01,in_progress,10
ORD-002004,Plant-47,CH-7792-4423,84,22,0,2026-07-22T19:00:52+00:00,WH-02,pending,7
ORD-002005,Plant-33,FL-2648-3959,68,64,0,2026-07-26T02:00:52+00:00,WH-01,completed,3
ORD-002006,Plant-48,EL-8138-3786,24,18,0,2026-07-26T14:00:52+00:00,WH-02,pending,5
ORD-002007,Plant-45,PO-9597-2265,69,15,0,2026-07-21T21:00:52+00:00,WH-01,in_progress,1
ORD-002008,Plant-18,PO-9465-2590,81,12,0,2026-07-20T22:00:52+00:00,WH-01,in_progress,8
ORD-002009,Plant-33,IN-9454-1732,81,79,0,2026-07-21T06:00:52+00:00,WH-01,pending,7
ORD-002010,Plant-09,CH-4710-651,94,49,0,2026-07-22T19:00:52+00:00,WH-02,completed,8
ORD-002011,Plant-27,IN-8976-3340,18,6,0,2026-07-24T23:00:52+00:00,WH-02,completed,9
ORD-002012,Plant-46,PO-3918-3916,96,2,0,2026-07-26T12:00:52+00:00,WH-02,in_progress,10
ORD-002013,Plant-40,CH-9356-3412,87,65,0,2026-07-24T14:00:52+00:00,WH-01,pending,8
ORD-002014,Plant-06,CH-5965-4575,100,36,0,2026-07-23T08:00:52+00:00,WH-02,completed,6
ORD-002015,Plant-36,CH-1585-2068,134,109,0,2026-07-26T07:00:52+00:00,WH-01,pending,3
ORD-002016,Plant-03,EL-8118-3936,124,66,0,2026-07-23T23:00:52+00:00,WH-02,completed,8
ORD-002017,Plant-30,CH-3515-685,14,2,0,2026-07-20T02:00:52+00:00,WH-02,in_progress,9
ORD-002018,Plant-45,IN-8016-4007,24,24,0,2026-07-25T03:00:52+00:00,WH-02,pending,2
ORD-002019,Plant-35,IN-5917-1535,97,14,0,2026-07-25T13:00:52+00:00,WH-01,completed,1
ORD-002020,Plant-42,CH-7043-2987,21,7,0,2026-07-20T22:00:52+00:00,WH-02,in_progress,7
ORD-002021,Plant-42,EL-9828-3655,45,3,0,2026-07-22T22:00:52+00:00,WH-02,completed,4
ORD-002022,Plant-48,FL-5733-4749,105,29,0,2026-07-21T15:00:52+00:00,WH-01,in_progress,9
ORD-002023,Plant-22,FL-4210-2912,120,17,0,2026-07-26T05:00:52+00:00,WH-02,pending,9
ORD-002024,Plant-24,CH-5845-4245,107,105,0,2026-07-25T03:00:52+00:00,WH-01,completed,5
ORD-002025,Plant-24,CH-9744-2226,60,28,0,2026-07-23T14:00:52+00:00,WH-02,completed,1
ORD-002026,Plant-08,FL-3181-553,94,93,0,2026-07-25T00:00:52+00:00,WH-02,completed,1
ORD-002027,Plant-43,PO-9752-2598,113,90,0,2026-07-23T02:00:52+00:00,WH-01,pending,9
ORD-002028,Plant-21,IN-7274-2283,15,15,0,2026-07-20T06:00:52+00:00,WH-02,pending,8
ORD-002029,Plant-28,CH-8630-4102,148,65,0,2026-07-25T17:00:52+00:00,WH-02,in_progress,6
ORD-002030,Plant-21,EL-5234-271,102,28,0,2026-07-21T08:00:52+00:00,WH-02,pending,7
ORD-002031,Plant-45,IN-4759-3695,81,5,0,2026-07-21T11:00:52+00:00,WH-02,pending,10
ORD-002032,Plant-37,PO-1662-3983,79,33,0,2026-07-19T23:00:52+00:00,WH-01,pending,2
ORD-002033,Plant-43,PO-5537-968,26,2,0,2026-07-24T06:00:52+00:00,WH-01,completed,1
ORD-002034,Plant-19,CH-1682-4681,17,9,0,2026-07-23T11:00:52+00:00,WH-01,completed,1
ORD-002035,Plant-35,PO-8814-2461,49,17,0,2026-07-24T20:00:52+00:00,WH-02,in_progress,9
ORD-002036,Plant-03,EL-4992-1654,18,12,0,2026-07-21T04:00:52+00:00,WH-02,completed,6
ORD-002037,Plant-04,PO-4550-538,79,75,0,2026-07-25T02:00:52+00:00,WH-01,in_progress,4
ORD-002038,Plant-31,EL-5877-1435,12,0,0,2026-07-24T09:00:52+00:00,WH-01,in_progress,2
ORD-002039,Plant-12,FL-3972-1488,143,53,0,2026-07-26T18:00:52+00:00,WH-02,completed,1
ORD-002040,Plant-31,FL-3779-2229,31,28,0,2026-07-23T05:00:52+00:00,WH-01,in_progress,2
ORD-002041,Plant-35,IN-5724-1329,109,65,0,2026-07-26T11:00:52+00:00,WH-02,in_progress,6
ORD-002042,Plant-37,FL-4264-047,143,39,0,2026-07-20T22:00:52+00:00,WH-02,in_progress,4
ORD-002043,Plant-11,CH-7043-2987,139,108,0,2026-07-21T04:00:52+00:00,WH-01,pending,8
ORD-002044,Plant-16,CH-3285-1489,115,81,0,2026-07-26T07:00:52+00:00,WH-01,completed,9
ORD-002045,Plant-29,IN-8103-363,106,76,0,2026-07-24T01:00:52+00:00,WH-01,pending,8
ORD-002046,Plant-32,FL-4144-124,31,25,0,2026-07-20T12:00:52+00:00,WH-01,completed,1
ORD-002047,Plant-33,PO-3341-949,48,7,0,2026-07-20T07:00:52+00:00,WH-02,pending,5
ORD-002048,Plant-04,CH-1513-3220,43,27,0,2026-07-23T06:00:52+00:00,WH-01,completed,8
ORD-002049,Plant-35,CH-6919-3185,102,92,0,2026-07-24T14:00:52+00:00,WH-02,pending,7
ORD-002050,Plant-24,FL-6275-278,65,42,0,2026-07-21T05:00:52+00:00,WH-01,pending,8
ORD-002051,Plant-17,PO-1458-662,17,11,0,2026-07-23T18:00:52+00:00,WH-01,pending,4
ORD-002052,Plant-38,EL-5692-3003,86,22,0,2026-07-26T05:00:52+00:00,WH-02,in_progress,2
ORD-002053,Plant-44,FL-9791-3160,52,39,0,2026-07-24T16:00:52+00:00,WH-02,pending,2
ORD-002054,Plant-18,IN-8605-1670,71,8,0,2026-07-24T16:00:52+00:00,WH-01,pending,7
ORD-002055,Plant-04,IN-2636-3470,130,104,0,2026-07-20T03:00:52+00:00,WH-01,pending,6
ORD-002056,Plant-11,EL-7772-3604,77,63,0,2026-07-21T21:00:52+00:00,WH-02,in_progress,8
ORD-002057,Plant-18,CH-7820-2291,95,34,0,2026-07-25T03:00:52+00:00,WH-01,completed,7
ORD-002058,Plant-45,PO-6713-1188,45,40,0,2026-07-20T08:00:52+00:00,WH-01,pending,6
ORD-002059,Plant-18,IN-5600-3944,132,63,0,2026-07-21T11:00:52+00:00,WH-01,in_progress,3
ORD-002060,Plant-30,PO-2161-2816,69,12,0,2026-07-20T23:00:52+00:00,WH-02,completed,7
ORD-002061,Plant-32,EL-1513-033,99,71,0,2026-07-25T15:00:52+00:00,WH-01,pending,3
ORD-002062,Plant-16,PO-1844-2477,134,87,0,2026-07-26T08:00:52+00:00,WH-02,pending,6
ORD-002063,Plant-31,EL-3574-2043,119,82,0,2026-07-22T21:00:52+00:00,WH-01,completed,6
ORD-002064,Plant-06,IN-2109-590,11,8,0,2026-07-26T06:00:52+00:00,WH-02,completed,2
ORD-002065,Plant-39,FL-9341-4694,82,27,0,2026-07-21T03:00:52+00:00,WH-02,in_progress,9
ORD-002066,Plant-05,FL-5601-4920,139,101,0,2026-07-23T23:00:52+00:00,WH-02,pending,7
ORD-002067,Plant-39,IN-1601-4212,99,95,0,2026-07-22T11:00:52+00:00,WH-02,completed,7
ORD-002068,Plant-05,IN-4909-1646,28,2,0,2026-07-20T08:00:52+00:00,WH-02,in_progress,1
ORD-002069,Plant-42,CH-7509-452,149,45,0,2026-07-20T04:00:52+00:00,WH-01,in_progress,6
ORD-002070,Plant-16,PO-7386-595,102,99,0,2026-07-26T05:00:52+00:00,WH-01,pending,10
ORD-002071,Plant-28,CH-5003-3888,135,50,0,2026-07-20T23:00:52+00:00,WH-02,completed,8
ORD-002072,Plant-22,IN-8215-4674,81,4,0,2026-07-23T16:00:52+00:00,WH-01,pending,2
ORD-002073,Plant-01,IN-2954-1162,78,51,0,2026-07-22T10:00:52+00:00,WH-01,in_progress,10
ORD-002074,Plant-35,IN-7395-652,129,57,0,2026-07-23T17:00:52+00:00,WH-01,in_progress,3
ORD-002075,Plant-10,CH-2414-788,137,21,0,2026-07-25T10:00:52+00:00,WH-01,in_progress,7
ORD-002076,Plant-11,CH-6432-919,54,50,0,2026-07-25T21:00:52+00:00,WH-02,completed,5
ORD-002077,Plant-21,PO-4404-1426,147,67,0,2026-07-21T12:00:52+00:00,WH-02,in_progress,7
ORD-002078,Plant-45,IN-6596-3930,34,25,0,2026-07-22T03:00:52+00:00,WH-02,completed,4
ORD-002079,Plant-41,FL-9594-2634,30,24,0,2026-07-23T23:00:52+00:00,WH-02,pending,10
ORD-002080,Plant-44,PO-3095-884,10,4,0,2026-07-23T22:00:52+00:00,WH-01,pending,8
ORD-002081,Plant-31,IN-9530-1836,46,37,0,2026-07-26T18:00:52+00:00,WH-02,pending,5
ORD-002082,Plant-32,CH-6234-280,61,55,0,2026-07-21T18:00:52+00:00,WH-02,completed,6
ORD-002083,Plant-17,PO-8606-1821,78,0,0,2026-07-20T00:00:52+00:00,WH-01,completed,8
ORD-002084,Plant-02,CH-7793-4125,92,62,0,2026-07-21T18:00:52+00:00,WH-02,pending,5
ORD-002085,Plant-07,FL-7586-030,111,49,0,2026-07-22T09:00:52+00:00,WH-01,completed,1
ORD-002086,Plant-47,IN-9850-3680,145,18,0,2026-07-23T19:00:52+00:00,WH-02,in_progress,6
ORD-002087,Plant-12,IN-9542-3713,105,40,0,2026-07-23T04:00:52+00:00,WH-01,completed,8
ORD-002088,Plant-07,FL-7415-2582,54,10,0,2026-07-25T09:00:52+00:00,WH-01,pending,5
ORD-002089,Plant-38,IN-1030-4773,98,70,0,2026-07-25T14:00:52+00:00,WH-02,in_progress,8
ORD-002090,Plant-46,IN-2617-3242,28,22,0,2026-07-24T23:00:52+00:00,WH-01,in_progress,7
ORD-002091,Plant-06,PO-5137-3899,52,24,0,2026-07-24T18:00:52+00:00,WH-01,pending,9
ORD-002092,Plant-02,PO-3978-4375,99,54,0,2026-07-23T09:00:52+00:00,WH-02,completed,8
ORD-002093,Plant-18,PO-6451-1232,138,61,0,2026-07-24T08:00:52+00:00,WH-02,in_progress,1
ORD-002094,Plant-13,CH-1302-3390,100,4,0,2026-07-26T07:00:52+00:00,WH-02,in_progress,1
ORD-002095,Plant-30,EL-6168-3456,4,4,0,2026-07-25T08:00:52+00:00,WH-01,pending,4
ORD-002096,Plant-19,CH-4142-768,73,50,0,2026-07-24T21:00:52+00:00,WH-02,in_progress,9
ORD-002097,Plant-41,IN-1114-1592,38,30,0,2026-07-25T06:00:52+00:00,WH-01,pending,7
ORD-002098,Plant-17,FL-8789-2685,108,21,0,2026-07-24T14:00:52+00:00,WH-02,in_progress,6
ORD-002099,Plant-01,PO-2619-3987,116,53,0,2026-07-21T04:00:52+00:00,WH-02,completed,7
ORD-002100,Plant-19,FL-6738-3133,100,80,0,2026-07-26T08:00:52+00:00,WH-01,completed,2
ORD-002101,Plant-18,FL-8966-1458,59,53,0,2026-07-21T14:00:52+00:00,WH-01,completed,4
ORD-002102,Plant-24,IN-2364-856,10,1,0,2026-07-26T15:00:52+00:00,WH-02,in_progress,3
ORD-002103,Plant-11,CH-4824-3178,40,34,0,2026-07-23T20:00:52+00:00,WH-01,in_progress,9
ORD-002104,Plant-28,FL-7996-2407,28,19,0,2026-07-25T02:00:52+00:00,WH-02,in_progress,2
ORD-002105,Plant-40,EL-7457-1049,119,45,0,2026-07-24T03:00:52+00:00,WH-02,in_progress,4
ORD-002106,Plant-16,PO-7196-2576,87,39,0,2026-07-21T12:00:52+00:00,WH-02,in_progress,3
ORD-002107,Plant-30,FL-6996-148,38,24,0,2026-07-22T21:00:52+00:00,WH-02,completed,3
ORD-002108,Plant-11,PO-4122-727,89,41,0,2026-07-25T05:00:52+00:00,WH-02,pending,5
ORD-002109,Plant-14,CH-2719-3329,98,46,0,2026-07-26T14:00:52+00:00,WH-02,in_progress,8
ORD-002110,Plant-02,IN-9324-4849,149,52,0,2026-07-22T07:00:52+00:00,WH-01,pending,7
ORD-002111,Plant-46,FL-9003-742,147,82,0,2026-07-22T16:00:52+00:00,WH-01,pending,7
ORD-002112,Plant-32,PO-9629-1110,109,21,0,2026-07-22T21:00:52+00:00,WH-02,pending,5
ORD-002113,Plant-12,IN-6871-4085,142,100,0,2026-07-22T02:00:52+00:00,WH-02,pending,9
ORD-002114,Plant-30,CH-8009-4846,69,5,0,2026-07-23T06:00:52+00:00,WH-01,completed,8
ORD-002115,Plant-13,FL-8995-1593,13,3,0,2026-07-22T17:00:52+00:00,WH-01,pending,5
ORD-002116,Plant-30,FL-2203-4911,25,7,0,2026-07-20T11:00:52+00:00,WH-01,completed,7
ORD-002117,Plant-24,IN-9221-2532,138,25,0,2026-07-22T02:00:52+00:00,WH-02,completed,2
ORD-002118,Plant-41,IN-9877-1728,98,57,0,2026-07-20T22:00:52+00:00,WH-01,in_progress,1
ORD-002119,Plant-46,CH-5344-3026,109,39,0,2026-07-21T18:00:52+00:00,WH-01,completed,8
ORD-002120,Plant-13,PO-2819-338,71,57,0,2026-07-22T01:00:52+00:00,WH-01,pending,8
ORD-002121,Plant-16,CH-8189-1155,28,1,0,2026-07-24T22:00:52+00:00,WH-02,in_progress,2
ORD-002122,Plant-13,FL-8618-348,56,20,0,2026-07-21T06:00:52+00:00,WH-01,pending,2
ORD-002123,Plant-42,PO-8648-741,10,10,0,2026-07-22T10:00:52+00:00,WH-02,completed,4
ORD-002124,Plant-36,FL-3617-4590,67,1,0,2026-07-23T22:00:52+00:00,WH-02,completed,9
ORD-002125,Plant-24,FL-2096-4378,116,80,0,2026-07-24T16:00:52+00:00,WH-02,in_progress,9
ORD-002126,Plant-23,FL-4754-1078,120,50,0,2026-07-26T09:00:52+00:00,WH-01,pending,5
ORD-002127,Plant-05,IN-3372-2827,49,20,0,2026-07-21T03:00:52+00:00,WH-02,completed,8
ORD-002128,Plant-45,CH-9110-3590,63,54,0,2026-07-20T16:00:52+00:00,WH-02,in_progress,7
ORD-002129,Plant-17,EL-1196-4930,48,18,0,2026-07-22T07:00:52+00:00,WH-02,pending,9
ORD-002130,Plant-17,CH-9999-2870,121,98,0,2026-07-21T01:00:52+00:00,WH-01,pending,1
ORD-002131,Plant-23,CH-2978-2018,88,62,0,2026-07-20T17:00:52+00:00,WH-01,completed,7
ORD-002132,Plant-18,PO-6278-714,150,39,0,2026-07-24T23:00:52+00:00,WH-02,completed,5
ORD-002133,Plant-42,FL-1846-903,20,20,0,2026-07-24T05:00:52+00:00,WH-02,pending,8
ORD-002134,Plant-36,FL-9072-614,46,31,0,2026-07-24T02:00:52+00:00,WH-02,completed,5
ORD-002135,Plant-38,IN-9339-2057,66,22,0,2026-07-23T10:00:52+00:00,WH-01,completed,3
ORD-002136,Plant-03,PO-7426-475,41,26,0,2026-07-23T19:00:52+00:00,WH-02,pending,6
ORD-002137,Plant-18,FL-9803-2339,100,52,0,2026-07-23T03:00:52+00:00,WH-02,pending,10
ORD-002138,Plant-11,FL-7163-2489,84,82,0,2026-07-20T09:00:52+00:00,WH-01,pending,8
ORD-002139,Plant-37,PO-6978-747,105,59,0,2026-07-20T02:00:52+00:00,WH-02,in_progress,6
ORD-002140,Plant-19,PO-9169-2661,21,12,0,2026-07-23T11:00:52+00:00,WH-01,pending,2
ORD-002141,Plant-03,CH-6616-1681,138,88,0,2026-07-26T10:00:52+00:00,WH-02,in_progress,5
ORD-002142,Plant-02,FL-9211-4958,106,28,0,2026-07-24T13:00:52+00:00,WH-01,pending,4
ORD-002143,Plant-02,EL-7061-4808,100,9,0,2026-07-25T03:00:52+00:00,WH-01,pending,2
ORD-002144,Plant-42,PO-2860-1328,50,8,0,2026-07-25T10:00:52+00:00,WH-02,pending,4
ORD-002145,Plant-18,PO-7056-3015,41,25,0,2026-07-23T04:00:52+00:00,WH-01,pending,7
ORD-002146,Plant-16,IN-4743-1056,75,54,0,2026-07-24T17:00:52+00:00,WH-01,pending,1
ORD-002147,Plant-22,PO-3957-677,121,59,0,2026-07-20T14:00:52+00:00,WH-02,completed,6
ORD-002148,Plant-15,EL-9735-699,63,36,0,2026-07-21T04:00:52+00:00,WH-02,in_progress,5
ORD-002149,Plant-43,IN-4997-2872,97,56,0,2026-07-20T06:00:52+00:00,WH-02,pending,9
ORD-002150,Plant-10,CH-7677-105,128,115,0,2026-07-25T10:00:52+00:00,WH-02,completed,5
ORD-002151,Plant-20,PO-2197-1712,83,20,0,2026-07-21T22:00:52+00:00,WH-02,pending,8
ORD-002152,Plant-36,EL-1510-2939,127,5,0,2026-07-22T20:00:52+00:00,WH-01,in_progress,4
ORD-002153,Plant-43,EL-6733-2806,25,0,0,2026-07-24T23:00:52+00:00,WH-01,pending,1
ORD-002154,Plant-40,PO-6288-1897,135,11,0,2026-07-25T05:00:52+00:00,WH-01,completed,4
ORD-002155,Plant-25,IN-2153-575,59,48,0,2026-07-22T16:00:52+00:00,WH-02,in_progress,4
ORD-002156,Plant-03,CH-4228-1969,65,12,0,2026-07-21T14:00:52+00:00,WH-02,pending,3
ORD-002157,Plant-04,CH-8852-4039,92,41,0,2026-07-23T15:00:52+00:00,WH-02,in_progress,4
ORD-002158,Plant-04,EL-3148-4169,76,20,0,2026-07-22T19:00:52+00:00,WH-02,completed,10
ORD-002159,Plant-08,IN-8222-600,82,74,0,2026-07-21T10:00:52+00:00,WH-01,in_progress,7
ORD-002160,Plant-14,PO-4513-3790,114,34,0,2026-07-21T17:00:52+00:00,WH-02,pending,8
ORD-002161,Plant-17,IN-1057-754,111,58,0,2026-07-21T13:00:52+00:00,WH-02,completed,8
ORD-002162,Plant-21,EL-5432-2024,4,3,0,2026-07-21T22:00:52+00:00,WH-01,pending,4
ORD-002163,Plant-18,PO-5511-4457,48,10,0,2026-07-20T07:00:52+00:00,WH-02,pending,10
ORD-002164,Plant-20,CH-6958-1011,28,0,0,2026-07-20T14:00:52+00:00,WH-01,completed,4
ORD-002165,Plant-41,PO-6978-747,136,64,0,2026-07-26T18:00:52+00:00,WH-01,completed,2
ORD-002166,Plant-44,CH-7838-946,90,9,0,2026-07-24T18:00:52+00:00,WH-01,completed,3
ORD-002167,Plant-35,FL-5810-4760,133,39,0,2026-07-26T11:00:52+00:00,WH-01,in_progress,1
ORD-002168,Plant-29,EL-7738-2613,101,68,0,2026-07-25T04:00:52+00:00,WH-01,completed,4
ORD-002169,Plant-16,PO-5388-2439,29,20,0,2026-07-20T22:00:52+00:00,WH-01,in_progress,3
ORD-002170,Plant-23,CH-5494-2415,64,27,0,2026-07-22T04:00:52+00:00,WH-01,completed,2
ORD-002171,Plant-06,PO-9402-4330,45,39,0,2026-07-25T09:00:52+00:00,WH-02,in_progress,9
ORD-002172,Plant-42,IN-4373-3777,86,81,0,2026-07-20T14:00:52+00:00,WH-02,completed,4
ORD-002173,Plant-42,IN-3798-311,38,17,0,2026-07-24T20:00:52+00:00,WH-02,pending,7
ORD-002174,Plant-32,IN-2056-2533,124,62,0,2026-07-23T06:00:52+00:00,WH-01,completed,6
ORD-002175,Plant-12,FL-8526-4499,9,5,0,2026-07-20T08:00:52+00:00,WH-01,completed,4
ORD-002176,Plant-21,IN-4091-1292,57,45,0,2026-07-21T04:00:52+00:00,WH-02,pending,4
ORD-002177,Plant-06,FL-3592-502,136,14,0,2026-07-20T19:00:52+00:00,WH-02,pending,4
ORD-002178,Plant-14,PO-5802-1225,22,15,0,2026-07-24T07:00:52+00:00,WH-02,in_progress,8
ORD-002179,Plant-19,FL-4282-1599,93,90,0,2026-07-20T10:00:52+00:00,WH-01,completed,4
ORD-002180,Plant-30,CH-5207-376,25,22,0,2026-07-24T21:00:52+00:00,WH-01,in_progress,2
ORD-002181,Plant-22,IN-2583-3241,131,90,0,2026-07-22T05:00:52+00:00,WH-01,pending,6
ORD-002182,Plant-28,FL-4192-2050,39,31,0,2026-07-24T01:00:52+00:00,WH-01,pending,1
ORD-002183,Plant-38,PO-4111-4175,108,98,0,2026-07-20T16:00:52+00:00,WH-02,pending,7
ORD-002184,Plant-43,IN-5180-887,25,20,0,2026-07-22T08:00:52+00:00,WH-02,completed,2
ORD-002185,Plant-45,IN-4382-1285,135,102,0,2026-07-24T14:00:52+00:00,WH-01,pending,9
ORD-002186,Plant-02,CH-8469-234,61,2,0,2026-07-23T20:00:52+00:00,WH-01,completed,10
ORD-002187,Plant-04,IN-7356-4485,14,6,0,2026-07-21T11:00:52+00:00,WH-02,in_progress,9
ORD-002188,Plant-11,FL-3750-246,141,50,0,2026-07-23T02:00:52+00:00,WH-02,pending,2
ORD-002189,Plant-07,IN-7971-4836,43,29,0,2026-07-21T00:00:52+00:00,WH-02,completed,2
ORD-002190,Plant-28,CH-6551-2446,30,2,0,2026-07-24T05:00:52+00:00,WH-01,pending,6
ORD-002191,Plant-28,IN-7391-787,17,14,0,2026-07-26T15:00:52+00:00,WH-01,pending,2
ORD-002192,Plant-04,FL-9601-166,92,9,0,2026-07-25T00:00:52+00:00,WH-01,pending,5
ORD-002193,Plant-20,CH-2601-4530,78,0,0,2026-07-23T06:00:52+00:00,WH-02,pending,3
ORD-002194,Plant-17,PO-4466-2721,57,15,0,2026-07-26T13:00:52+00:00,WH-01,pending,1
ORD-002195,Plant-06,IN-7475-1516,96,76,0,2026-07-22T01:00:52+00:00,WH-02,in_progress,6
ORD-002196,Plant-25,FL-6084-1076,19,11,0,2026-07-21T10:00:52+00:00,WH-02,pending,4
ORD-002197,Plant-28,CH-2350-586,131,3,0,2026-07-22T15:00:52+00:00,WH-02,pending,6
ORD-002198,Plant-16,CH-8189-1155,22,10,0,2026-07-21T21:00:52+00:00,WH-01,in_progress,5
ORD-002199,Plant-39,IN-9977-3771,42,42,0,2026-07-20T15:00:52+00:00,WH-01,completed,3
ORD-002200,Plant-48,IN-5575-083,47,23,0,2026-07-21T01:00:52+00:00,WH-02,completed,3
ORD-002201,Plant-23,PO-5241-632,90,33,0,2026-07-25T03:00:52+00:00,WH-01,pending,2
ORD-002202,Plant-13,PO-6451-1232,74,40,0,2026-07-25T15:00:52+00:00,WH-01,pending,4
ORD-002203,Plant-36,CH-6469-4679,22,2,0,2026-07-21T17:00:52+00:00,WH-02,completed,7
ORD-002204,Plant-25,PO-2631-556,147,106,0,2026-07-26T07:00:52+00:00,WH-02,completed,8
ORD-002205,Plant-32,EL-1779-4426,126,114,0,2026-07-26T08:00:52+00:00,WH-01,in_progress,6
ORD-002206,Plant-20,CH-1764-740,104,103,0,2026-07-23T05:00:52+00:00,WH-02,completed,4
ORD-002207,Plant-17,IN-2187-2004,107,68,0,2026-07-24T22:00:52+00:00,WH-02,completed,8
ORD-002208,Plant-16,IN-5697-756,147,49,0,2026-07-24T02:00:52+00:00,WH-02,completed,1
ORD-002209,Plant-08,PO-2531-1765,27,20,0,2026-07-23T17:00:52+00:00,WH-02,in_progress,9
ORD-002210,Plant-12,CH-3205-974,27,10,0,2026-07-22T11:00:52+00:00,WH-02,completed,8
ORD-002211,Plant-18,PO-4338-3567,51,47,0,2026-07-26T18:00:52+00:00,WH-02,pending,3
ORD-002212,Plant-09,CH-2131-4745,5,0,0,2026-07-19T20:00:52+00:00,WH-02,in_progress,3
ORD-002213,Plant-06,IN-8041-2056,20,9,0,2026-07-25T22:00:52+00:00,WH-01,completed,1
ORD-002214,Plant-30,EL-7425-4804,92,34,0,2026-07-23T03:00:52+00:00,WH-02,completed,8
ORD-002215,Plant-32,IN-4327-936,74,53,0,2026-07-23T05:00:52+00:00,WH-01,completed,8
ORD-002216,Plant-47,IN-8703-1933,40,34,0,2026-07-26T12:00:52+00:00,WH-02,completed,10
ORD-002217,Plant-34,FL-4305-2343,150,140,0,2026-07-21T23:00:52+00:00,WH-02,completed,10
ORD-002218,Plant-36,FL-3617-4590,36,9,0,2026-07-19T21:00:52+00:00,WH-01,completed,3
ORD-002219,Plant-43,FL-9554-3841,54,15,0,2026-07-24T03:00:52+00:00,WH-02,in_progress,3
ORD-002220,Plant-37,PO-6628-2502,129,17,0,2026-07-21T20:00:52+00:00,WH-02,completed,5
ORD-002221,Plant-32,IN-6221-3990,142,72,0,2026-07-20T13:00:52+00:00,WH-02,completed,4
ORD-002222,Plant-07,EL-3601-1189,92,12,0,2026-07-22T13:00:52+00:00,WH-01,pending,6
ORD-002223,Plant-07,CH-6302-063,9,4,0,2026-07-22T12:00:52+00:00,WH-02,pending,6
ORD-002224,Plant-01,PO-6139-2646,78,6,0,2026-07-22T08:00:52+00:00,WH-02,in_progress,10
ORD-002225,Plant-12,EL-6817-036,13,0,0,2026-07-20T13:00:52+00:00,WH-01,pending,8
ORD-002226,Plant-25,CH-9317-916,136,31,0,2026-07-24T23:00:52+00:00,WH-02,completed,8
ORD-002227,Plant-04,CH-6365-886,78,5,0,2026-07-21T01:00:52+00:00,WH-01,pending,1
ORD-002228,Plant-24,CH-2532-2579,120,22,0,2026-07-23T15:00:52+00:00,WH-01,in_progress,5
ORD-002229,Plant-06,CH-4769-1314,50,33,0,2026-07-25T02:00:52+00:00,WH-01,pending,6
ORD-002230,Plant-37,EL-1284-1738,49,37,0,2026-07-25T05:00:52+00:00,WH-01,in_progress,10
ORD-002231,Plant-31,FL-4781-1197,147,118,0,2026-07-24T12:00:52+00:00,WH-01,pending,4
ORD-002232,Plant-13,CH-3416-3325,71,2,0,2026-07-21T05:00:52+00:00,WH-01,pending,1
ORD-002233,Plant-40,PO-3109-3727,143,38,0,2026-07-25T03:00:52+00:00,WH-01,pending,1
ORD-002234,Plant-28,PO-6593-315,62,46,0,2026-07-25T13:00:52+00:00,WH-01,pending,2
ORD-002235,Plant-30,PO-2633-4198,77,61,0,2026-07-26T17:00:52+00:00,WH-01,pending,9
ORD-002236,Plant-09,EL-7764-4512,7,1,0,2026-07-26T01:00:52+00:00,WH-01,pending,8
ORD-002237,Plant-18,FL-3446-4964,137,24,0,2026-07-22T10:00:52+00:00,WH-02,in_progress,6
ORD-002238,Plant-09,PO-4769-300,105,69,0,2026-07-24T03:00:52+00:00,WH-01,pending,5
ORD-002239,Plant-32,FL-2243-4015,122,65,0,2026-07-22T00:00:52+00:00,WH-02,pending,6
ORD-002240,Plant-44,FL-6022-522,138,131,0,2026-07-25T21:00:52+00:00,WH-01,completed,8
ORD-002241,Plant-39,EL-9735-699,140,56,0,2026-07-21T13:00:52+00:00,WH-02,pending,7
ORD-002242,Plant-27,IN-8758-446,120,83,0,2026-07-26T08:00:52+00:00,WH-01,completed,4
ORD-002243,Plant-31,CH-5129-3515,58,8,0,2026-07-24T07:00:52+00:00,WH-02,pending,7
ORD-002244,Plant-31,IN-5320-2888,29,25,0,2026-07-26T01:00:52+00:00,WH-02,completed,7
ORD-002245,Plant-26,FL-8066-866,62,55,0,2026-07-21T02:00:52+00:00,WH-02,completed,3
ORD-002246,Plant-30,PO-5388-2439,49,13,0,2026-07-26T07:00:52+00:00,WH-02,in_progress,7
ORD-002247,Plant-44,CH-8022-937,9,4,0,2026-07-20T21:00:52+00:00,WH-02,pending,6
ORD-002248,Plant-13,CH-2255-3971,111,95,0,2026-07-22T15:00:52+00:00,WH-01,pending,4
ORD-002249,Plant-18,FL-8263-2841,72,15,0,2026-07-22T22:00:52+00:00,WH-01,pending,9
ORD-002250,Plant-28,IN-2732-4152,76,16,0,2026-07-21T21:00:52+00:00,WH-01,pending,6
ORD-002251,Plant-05,FL-5180-4899,80,77,0,2026-07-25T19:00:52+00:00,WH-01,completed,3
ORD-002252,Plant-41,EL-9969-3362,143,14,0,2026-07-23T07:00:52+00:00,WH-02,pending,9
ORD-002253,Plant-19,EL-8890-4878,74,74,0,2026-07-23T00:00:52+00:00,WH-01,in_progress,10
ORD-002254,Plant-33,CH-2930-4167,113,51,0,2026-07-26T06:00:52+00:00,WH-01,pending,3
ORD-002255,Plant-08,PO-3117-4752,49,18,0,2026-07-24T13:00:52+00:00,WH-02,pending,5
ORD-002256,Plant-48,EL-4329-316,18,7,0,2026-07-23T22:00:52+00:00,WH-01,in_progress,2
ORD-002257,Plant-29,FL-8298-2763,149,10,0,2026-07-20T02:00:52+00:00,WH-01,completed,2
ORD-002258,Plant-28,CH-3333-2169,102,54,0,2026-07-23T09:00:52+00:00,WH-01,in_progress,1
ORD-002259,Plant-09,IN-1169-4094,131,4,0,2026-07-22T05:00:52+00:00,WH-02,completed,7
ORD-002260,Plant-47,FL-7778-3612,134,57,0,2026-07-19T19:00:52+00:00,WH-02,pending,4
ORD-002261,Plant-21,EL-4399-1084,126,43,0,2026-07-20T06:00:52+00:00,WH-01,completed,6
ORD-002262,Plant-15,IN-3558-1533,66,10,0,2026-07-23T15:00:52+00:00,WH-02,pending,6
ORD-002263,Plant-24,FL-9621-2949,114,85,0,2026-07-21T02:00:52+00:00,WH-01,in_progress,2
ORD-002264,Plant-22,PO-1993-806,83,61,0,2026-07-23T07:00:52+00:00,WH-01,in_progress,3
ORD-002265,Plant-41,CH-8446-3509,145,100,0,2026-07-20T11:00:52+00:00,WH-01,completed,1
ORD-002266,Plant-43,CH-4900-1310,67,18,0,2026-07-24T05:00:52+00:00,WH-01,in_progress,5
ORD-002267,Plant-41,CH-4204-2109,16,3,0,2026-07-26T15:00:52+00:00,WH-02,in_progress,3
ORD-002268,Plant-29,EL-5969-4571,17,16,0,2026-07-21T03:00:52+00:00,WH-02,completed,4
ORD-002269,Plant-12,PO-7686-4394,140,68,0,2026-07-23T18:00:52+00:00,WH-02,pending,9
ORD-002270,Plant-06,EL-4396-163,105,45,0,2026-07-21T09:00:52+00:00,WH-01,in_progress,5
ORD-002271,Plant-19,CH-1785-1518,32,2,0,2026-07-19T20:00:52+00:00,WH-02,pending,6
ORD-002272,Plant-08,FL-9851-1408,121,58,0,2026-07-25T15:00:52+00:00,WH-01,completed,3
ORD-002273,Plant-21,EL-7110-1153,73,70,0,2026-07-24T09:00:52+00:00,WH-01,in_progress,2
ORD-002274,Plant-12,IN-5452-2534,66,37,0,2026-07-23T21:00:52+00:00,WH-01,pending,5
ORD-002275,Plant-24,IN-4498-2448,95,38,0,2026-07-24T04:00:52+00:00,WH-02,in_progress,6
ORD-002276,Plant-14,PO-6494-3334,14,11,0,2026-07-20T05:00:52+00:00,WH-02,pending,9
ORD-002277,Plant-20,FL-8761-491,135,98,0,2026-07-23T21:00:52+00:00,WH-01,completed,9
ORD-002278,Plant-05,CH-3163-4316,110,24,0,2026-07-24T01:00:52+00:00,WH-02,pending,3
ORD-002279,Plant-36,FL-5102-2159,64,3,0,2026-07-19T23:00:52+00:00,WH-01,in_progress,9
ORD-002280,Plant-39,EL-9228-4032,117,46,0,2026-07-23T04:00:52+00:00,WH-02,completed,6
ORD-002281,Plant-44,FL-7628-3857,108,101,0,2026-07-24T00:00:52+00:00,WH-01,pending,8
ORD-002282,Plant-16,PO-1304-2670,93,37,0,2026-07-21T05:00:52+00:00,WH-01,completed,9
ORD-002283,Plant-34,CH-1977-1051,60,58,0,2026-07-23T23:00:52+00:00,WH-02,completed,5
ORD-002284,Plant-08,PO-8403-1220,83,41,0,2026-07-26T06:00:52+00:00,WH-01,completed,1
ORD-002285,Plant-18,PO-4320-2326,18,1,0,2026-07-22T16:00:52+00:00,WH-02,completed,2
ORD-002286,Plant-47,EL-7457-1049,18,0,0,2026-07-22T16:00:52+00:00,WH-02,completed,4
ORD-002287,Plant-21,FL-6054-4231,93,15,0,2026-07-26T17:00:52+00:00,WH-02,in_progress,3
ORD-002288,Plant-29,IN-4366-3864,80,2,0,2026-07-20T16:00:52+00:00,WH-01,completed,4
ORD-002289,Plant-46,FL-6847-3203,47,36,0,2026-07-24T00:00:52+00:00,WH-01,completed,2
ORD-002290,Plant-41,PO-2808-3736,53,34,0,2026-07-22T10:00:52+00:00,WH-02,pending,6
ORD-002291,Plant-21,CH-1066-3830,132,17,0,2026-07-22T06:00:52+00:00,WH-02,in_progress,4
ORD-002292,Plant-16,PO-4394-3541,109,20,0,2026-07-21T00:00:52+00:00,WH-01,completed,6
ORD-002293,Plant-38,IN-5225-639,86,18,0,2026-07-26T12:00:52+00:00,WH-01,pending,9
ORD-002294,Plant-04,PO-7243-3746,90,59,0,2026-07-22T20:00:52+00:00,WH-02,in_progress,5
ORD-002295,Plant-07,EL-6099-1630,18,10,0,2026-07-24T04:00:52+00:00,WH-01,pending,1
ORD-002296,Plant-34,IN-9323-2430,120,109,0,2026-07-24T01:00:52+00:00,WH-01,completed,10
ORD-002297,Plant-41,PO-7531-1038,36,4,0,2026-07-21T23:00:52+00:00,WH-02,completed,2
ORD-002298,Plant-26,FL-4151-873,89,6,0,2026-07-22T12:00:52+00:00,WH-02,pending,5
ORD-002299,Plant-31,IN-8216-1772,45,20,0,2026-07-22T23:00:52+00:00,WH-02,completed,10
ORD-002300,Plant-08,IN-9542-3713,13,11,0,2026-07-22T20:00:52+00:00,WH-01,completed,7
ORD-002301,Plant-41,FL-5688-4579,80,19,0,2026-07-23T01:00:52+00:00,WH-02,pending,4
ORD-002302,Plant-45,EL-6298-1846,98,66,0,2026-07-22T07:00:52+00:00,WH-01,in_progress,3
ORD-002303,Plant-31,FL-2999-655,24,24,0,2026-07-26T00:00:52+00:00,WH-01,in_progress,1
ORD-002304,Plant-17,IN-9772-1768,135,103,0,2026-07-23T03:00:52+00:00,WH-01,pending,10
ORD-002305,Plant-29,CH-7066-4354,144,127,0,2026-07-21T20:00:52+00:00,WH-02,in_progress,10
ORD-002306,Plant-32,IN-2493-3145,84,10,0,2026-07-20T09:00:52+00:00,WH-02,pending,9
ORD-002307,Plant-05,CH-9416-3434,64,53,0,2026-07-23T23:00:52+00:00,WH-02,pending,2
ORD-002308,Plant-23,PO-6834-4176,85,58,0,2026-07-19T20:00:52+00:00,WH-02,completed,7
ORD-002309,Plant-31,EL-6090-2247,67,11,0,2026-07-21T15:00:52+00:00,WH-02,in_progress,7
ORD-002310,Plant-09,CH-2600-2473,45,17,0,2026-07-21T16:00:52+00:00,WH-02,in_progress,6
ORD-002311,Plant-11,IN-2603-818,19,10,0,2026-07-24T02:00:52+00:00,WH-01,completed,3
ORD-002312,Plant-17,FL-8167-4356,94,69,0,2026-07-21T07:00:52+00:00,WH-02,completed,2
ORD-002313,Plant-33,CH-1513-3220,66,54,0,2026-07-21T02:00:52+00:00,WH-01,completed,8
ORD-002314,Plant-48,IN-5343-573,131,105,0,2026-07-23T11:00:52+00:00,WH-01,completed,3
ORD-002315,Plant-08,FL-4915-1686,77,24,0,2026-07-19T18:00:52+00:00,WH-02,pending,7
ORD-002316,Plant-11,CH-8806-4138,101,89,0,2026-07-24T21:00:52+00:00,WH-01,in_progress,7
ORD-002317,Plant-22,EL-6151-3953,125,63,0,2026-07-23T21:00:52+00:00,WH-01,in_progress,5
ORD-002318,Plant-45,PO-2764-3923,9,2,0,2026-07-22T18:00:52+00:00,WH-01,completed,9
ORD-002319,Plant-44,EL-5937-2719,8,5,0,2026-07-25T09:00:52+00:00,WH-01,pending,5
ORD-002320,Plant-21,IN-1829-028,54,37,0,2026-07-26T03:00:52+00:00,WH-02,pending,1
ORD-002321,Plant-20,PO-2848-1339,31,29,0,2026-07-23T19:00:52+00:00,WH-01,pending,10
ORD-002322,Plant-05,CH-2951-4274,108,70,0,2026-07-25T04:00:52+00:00,WH-02,completed,7
ORD-002323,Plant-44,EL-9153-2792,53,11,0,2026-07-19T19:00:52+00:00,WH-02,pending,2
ORD-002324,Plant-01,PO-1147-1780,122,51,0,2026-07-20T07:00:52+00:00,WH-02,completed,3
ORD-002325,Plant-10,FL-5733-4749,13,8,0,2026-07-24T04:00:52+00:00,WH-02,completed,3
ORD-002326,Plant-19,IN-5175-2016,47,24,0,2026-07-26T00:00:52+00:00,WH-02,completed,1
ORD-002327,Plant-31,PO-1147-1780,83,12,0,2026-07-23T22:00:52+00:00,WH-01,pending,3
ORD-002328,Plant-26,IN-2510-3753,112,43,0,2026-07-22T22:00:52+00:00,WH-01,completed,2
ORD-002329,Plant-47,IN-8893-1299,132,38,0,2026-07-21T14:00:52+00:00,WH-02,pending,5
ORD-002330,Plant-27,PO-8456-4870,130,2,0,2026-07-24T07:00:52+00:00,WH-01,in_progress,5
ORD-002331,Plant-06,EL-4061-3714,132,20,0,2026-07-21T23:00:52+00:00,WH-02,completed,2
ORD-002332,Plant-09,CH-4583-2728,13,1,0,2026-07-23T03:00:52+00:00,WH-01,pending,10
ORD-002333,Plant-06,EL-1424-261,93,60,0,2026-07-24T15:00:52+00:00,WH-01,pending,4
ORD-002334,Plant-09,EL-8645-4043,10,10,0,2026-07-26T06:00:52+00:00,WH-01,completed,7
ORD-002335,Plant-38,PO-8923-719,109,94,0,2026-07-25T03:00:52+00:00,WH-02,in_progress,8
ORD-002336,Plant-35,CH-4173-322,130,88,0,2026-07-22T03:00:52+00:00,WH-01,pending,3
ORD-002337,Plant-04,PO-4775-4042,67,48,0,2026-07-23T13:00:52+00:00,WH-02,in_progress,2
ORD-002338,Plant-15,EL-8700-237,25,19,0,2026-07-25T12:00:52+00:00,WH-02,pending,2
ORD-002339,Plant-02,FL-4686-780,65,8,0,2026-07-25T08:00:52+00:00,WH-01,in_progress,6
ORD-002340,Plant-31,EL-9155-3189,25,24,0,2026-07-21T19:00:52+00:00,WH-01,in_progress,4
ORD-002341,Plant-34,PO-8195-628,146,70,0,2026-07-21T04:00:52+00:00,WH-01,in_progress,8
ORD-002342,Plant-18,EL-5443-294,115,65,0,2026-07-24T04:00:52+00:00,WH-01,in_progress,10
ORD-002343,Plant-17,FL-6067-096,25,12,0,2026-07-20T17:00:52+00:00,WH-01,completed,1
ORD-002344,Plant-07,FL-4559-484,137,129,0,2026-07-25T00:00:52+00:00,WH-01,completed,9
ORD-002345,Plant-02,IN-7356-4160,99,82,0,2026-07-25T08:00:52+00:00,WH-01,pending,5
ORD-002346,Plant-48,FL-7293-1794,49,27,0,2026-07-20T13:00:52+00:00,WH-02,completed,7
ORD-002347,Plant-38,FL-7994-3393,64,44,0,2026-07-23T06:00:52+00:00,WH-01,pending,1
ORD-002348,Plant-30,CH-4015-2472,53,4,0,2026-07-23T12:00:52+00:00,WH-01,completed,10
ORD-002349,Plant-09,FL-9650-4041,23,11,0,2026-07-24T06:00:52+00:00,WH-02,pending,8
ORD-002350,Plant-13,FL-3103-602,137,112,0,2026-07-21T18:00:52+00:00,WH-01,in_progress,8
ORD-002351,Plant-35,PO-1903-1758,86,54,0,2026-07-21T18:00:52+00:00,WH-02,pending,8
ORD-002352,Plant-26,FL-8620-4454,17,5,0,2026-07-22T15:00:52+00:00,WH-01,pending,5
ORD-002353,Plant-18,CH-3698-1036,26,14,0,2026-07-23T23:00:52+00:00,WH-01,completed,4
ORD-002354,Plant-28,IN-7676-447,99,91,0,2026-07-24T19:00:52+00:00,WH-01,in_progress,9
ORD-002355,Plant-26,PO-7241-490,35,4,0,2026-07-22T16:00:52+00:00,WH-02,in_progress,4
ORD-002356,Plant-33,EL-7158-880,71,43,0,2026-07-26T02:00:52+00:00,WH-01,completed,4
ORD-002357,Plant-47,IN-5070-2163,120,98,0,2026-07-26T11:00:52+00:00,WH-01,pending,4
ORD-002358,Plant-10,CH-6662-2971,150,50,0,2026-07-22T11:00:52+00:00,WH-01,completed,1
ORD-002359,Plant-34,PO-6857-3088,26,5,0,2026-07-24T11:00:52+00:00,WH-01,completed,7
ORD-002360,Plant-10,PO-5284-2519,74,34,0,2026-07-25T03:00:52+00:00,WH-02,in_progress,9
ORD-002361,Plant-18,PO-9902-2684,78,38,0,2026-07-24T15:00:52+00:00,WH-02,pending,9
ORD-002362,Plant-10,PO-2569-2962,94,54,0,2026-07-25T18:00:52+00:00,WH-02,completed,4
ORD-002363,Plant-44,PO-9190-4186,89,62,0,2026-07-20T14:00:52+00:00,WH-02,pending,9
ORD-002364,Plant-07,CH-6927-4388,50,11,0,2026-07-25T16:00:52+00:00,WH-02,in_progress,4
ORD-002365,Plant-42,CH-9185-4979,52,41,0,2026-07-22T03:00:52+00:00,WH-01,in_progress,2
ORD-002366,Plant-28,CH-6111-4058,27,11,0,2026-07-25T13:00:52+00:00,WH-02,in_progress,1
ORD-002367,Plant-23,PO-8648-741,23,10,0,2026-07-23T19:00:52+00:00,WH-02,pending,2
ORD-002368,Plant-10,CH-7534-847,113,21,0,2026-07-23T11:00:52+00:00,WH-02,pending,4
ORD-002369,Plant-11,PO-6047-626,123,69,0,2026-07-24T06:00:52+00:00,WH-01,in_progress,1
ORD-002370,Plant-08,FL-9033-668,99,46,0,2026-07-25T07:00:52+00:00,WH-01,pending,10
ORD-002371,Plant-10,CH-9590-760,11,8,0,2026-07-25T06:00:52+00:00,WH-01,completed,5
ORD-002372,Plant-40,IN-7953-1730,120,89,0,2026-07-20T21:00:52+00:00,WH-02,in_progress,5
ORD-002373,Plant-04,EL-4091-3045,78,4,0,2026-07-19T19:00:52+00:00,WH-02,pending,3
ORD-002374,Plant-12,CH-2916-3797,14,8,0,2026-07-20T19:00:52+00:00,WH-02,in_progress,7
ORD-002375,Plant-21,CH-5150-2936,20,3,0,2026-07-21T21:00:52+00:00,WH-02,completed,1
ORD-002376,Plant-15,CH-6949-4686,97,79,0,2026-07-19T22:00:52+00:00,WH-02,pending,10
ORD-002377,Plant-39,CH-5741-1156,49,18,0,2026-07-22T12:00:52+00:00,WH-01,pending,7
ORD-002378,Plant-18,EL-5463-183,89,48,0,2026-07-22T22:00:52+00:00,WH-02,in_progress,2
ORD-002379,Plant-05,PO-1610-3451,80,67,0,2026-07-26T16:00:52+00:00,WH-01,in_progress,5
ORD-002380,Plant-27,FL-7357-3049,137,81,0,2026-07-19T20:00:52+00:00,WH-02,pending,3
ORD-002381,Plant-11,CH-9766-1527,107,1,0,2026-07-23T15:00:52+00:00,WH-02,pending,2
ORD-002382,Plant-30,FL-1172-066,103,3,0,2026-07-24T00:00:52+00:00,WH-01,completed,10
ORD-002383,Plant-20,PO-6805-3055,78,18,0,2026-07-24T19:00:52+00:00,WH-01,completed,6
ORD-002384,Plant-14,CH-1578-1914,108,9,0,2026-07-23T00:00:52+00:00,WH-02,pending,8
ORD-002385,Plant-04,FL-6570-1746,81,60,0,2026-07-26T13:00:52+00:00,WH-02,pending,4
ORD-002386,Plant-09,CH-9559-4171,10,5,0,2026-07-20T23:00:52+00:00,WH-01,completed,10
ORD-002387,Plant-03,EL-2516-2144,121,25,0,2026-07-22T17:00:52+00:00,WH-01,pending,10
ORD-002388,Plant-28,IN-4374-1720,64,50,0,2026-07-24T14:00:52+00:00,WH-01,pending,6
ORD-002389,Plant-43,EL-4399-1084,137,118,0,2026-07-19T23:00:52+00:00,WH-02,in_progress,9
ORD-002390,Plant-24,FL-8547-4270,120,51,0,2026-07-22T11:00:52+00:00,WH-02,completed,2
ORD-002391,Plant-21,CH-1487-2360,90,21,0,2026-07-23T05:00:52+00:00,WH-01,completed,9
ORD-002392,Plant-44,EL-9845-2601,106,65,0,2026-07-21T12:00:52+00:00,WH-01,in_progress,6
ORD-002393,Plant-42,PO-6628-2502,126,92,0,2026-07-21T15:00:52+00:00,WH-02,completed,2
ORD-002394,Plant-48,IN-3369-2688,118,48,0,2026-07-23T01:00:52+00:00,WH-02,in_progress,10
ORD-002395,Plant-32,PO-6476-056,90,84,0,2026-07-23T12:00:52+00:00,WH-02,completed,8
ORD-002396,Plant-36,CH-5844-1151,94,33,0,2026-07-25T12:00:52+00:00,WH-01,pending,9
ORD-002397,Plant-47,FL-9036-321,68,57,0,2026-07-26T16:00:52+00:00,WH-01,completed,4
ORD-002398,Plant-47,EL-6137-2357,133,28,0,2026-07-24T21:00:52+00:00,WH-02,pending,3
ORD-002399,Plant-04,FL-5102-2159,68,38,0,2026-07-25T16:00:52+00:00,WH-01,in_progress,4
ORD-002400,Plant-31,EL-1443-1810,112,89,0,2026-07-24T05:00:52+00:00,WH-01,in_progress,3
ORD-002401,Plant-29,PO-5882-3490,72,0,0,2026-07-26T02:00:52+00:00,WH-02,pending,9
ORD-002402,Plant-20,EL-5919-1112,71,2,0,2026-07-21T06:00:52+00:00,WH-01,in_progress,8
ORD-002403,Plant-25,CH-6551-2446,99,73,0,2026-07-26T08:00:52+00:00,WH-02,pending,10
ORD-002404,Plant-39,EL-7224-2815,111,28,0,2026-07-21T08:00:52+00:00,WH-01,completed,7
ORD-002405,Plant-22,FL-9250-012,61,1,0,2026-07-25T11:00:52+00:00,WH-01,completed,8
ORD-002406,Plant-20,EL-2099-2012,150,65,0,2026-07-21T15:00:52+00:00,WH-01,completed,4
ORD-002407,Plant-38,IN-7419-1957,92,20,0,2026-07-21T01:00:52+00:00,WH-01,in_progress,4
ORD-002408,Plant-42,PO-8403-1220,119,13,0,2026-07-20T22:00:52+00:00,WH-02,pending,1
ORD-002409,Plant-47,PO-6334-3526,43,19,0,2026-07-22T02:00:52+00:00,WH-01,completed,8
ORD-002410,Plant-33,EL-2838-3661,41,29,0,2026-07-26T17:00:52+00:00,WH-01,completed,10
ORD-002411,Plant-11,IN-6171-4672,53,22,0,2026-07-22T03:00:52+00:00,WH-01,pending,8
ORD-002412,Plant-38,EL-2860-4410,41,17,0,2026-07-23T00:00:52+00:00,WH-02,pending,3
ORD-002413,Plant-36,FL-8259-3036,98,7,0,2026-07-20T04:00:52+00:00,WH-02,completed,6
ORD-002414,Plant-23,IN-1326-2238,49,41,0,2026-07-22T12:00:52+00:00,WH-01,in_progress,1
ORD-002415,Plant-32,EL-1448-401,143,40,0,2026-07-20T22:00:52+00:00,WH-01,completed,3
ORD-002416,Plant-19,EL-8566-3384,38,7,0,2026-07-26T06:00:52+00:00,WH-01,in_progress,2
ORD-002417,Plant-24,CH-6432-919,77,28,0,2026-07-20T19:00:52+00:00,WH-01,in_progress,3
ORD-002418,Plant-30,IN-2667-3536,124,41,0,2026-07-20T14:00:52+00:00,WH-01,pending,4
ORD-002419,Plant-37,PO-1952-3010,72,62,0,2026-07-25T17:00:52+00:00,WH-02,in_progress,1
ORD-002420,Plant-10,IN-5576-3907,66,4,0,2026-07-26T06:00:52+00:00,WH-02,in_progress,10
ORD-002421,Plant-41,FL-1128-4247,51,32,0,2026-07-26T10:00:52+00:00,WH-01,completed,9
ORD-002422,Plant-47,CH-6170-924,58,51,0,2026-07-20T03:00:52+00:00,WH-01,in_progress,3
ORD-002423,Plant-45,PO-6439-3887,46,10,0,2026-07-26T16:00:52+00:00,WH-02,completed,5
ORD-002424,Plant-35,FL-4409-3737,148,14,0,2026-07-23T00:00:52+00:00,WH-02,in_progress,1
ORD-002425,Plant-28,FL-1214-2081,90,60,0,2026-07-21T05:00:52+00:00,WH-02,pending,10
ORD-002426,Plant-04,IN-6977-3538,88,33,0,2026-07-20T23:00:52+00:00,WH-01,in_progress,9
ORD-002427,Plant-23,EL-4966-4842,136,12,0,2026-07-22T05:00:52+00:00,WH-01,in_progress,5
ORD-002428,Plant-12,FL-8183-4918,68,17,0,2026-07-20T19:00:52+00:00,WH-01,in_progress,3
ORD-002429,Plant-05,CH-5940-2066,20,5,0,2026-07-21T23:00:52+00:00,WH-01,pending,4
ORD-002430,Plant-40,CH-4078-808,14,5,0,2026-07-23T11:00:52+00:00,WH-01,pending,9
ORD-002431,Plant-39,EL-1091-2014,43,35,0,2026-07-22T00:00:52+00:00,WH-01,completed,3
ORD-002432,Plant-29,EL-8208-2208,31,25,0,2026-07-21T12:00:52+00:00,WH-01,in_progress,8
ORD-002433,Plant-24,PO-6949-3459,131,80,0,2026-07-20T05:00:52+00:00,WH-01,completed,9
ORD-002434,Plant-46,EL-8134-2095,19,13,0,2026-07-24T08:00:52+00:00,WH-02,pending,3
ORD-002435,Plant-20,FL-2189-3767,19,19,0,2026-07-23T22:00:52+00:00,WH-01,completed,8
ORD-002436,Plant-08,CH-4302-3171,124,122,0,2026-07-20T11:00:52+00:00,WH-01,pending,2
ORD-002437,Plant-08,CH-4365-4191,19,2,0,2026-07-21T23:00:52+00:00,WH-02,pending,6
ORD-002438,Plant-10,IN-2056-2533,98,75,0,2026-07-26T12:00:52+00:00,WH-02,pending,2
ORD-002439,Plant-09,PO-8334-1108,8,7,0,2026-07-24T02:00:52+00:00,WH-02,in_progress,6
ORD-002440,Plant-22,EL-7706-109,10,1,0,2026-07-20T21:00:52+00:00,WH-01,pending,9
ORD-002441,Plant-27,CH-7733-2704,11,5,0,2026-07-22T19:00:52+00:00,WH-01,in_progress,7
ORD-002442,Plant-16,EL-3100-1993,102,98,0,2026-07-24T13:00:52+00:00,WH-02,completed,7
ORD-002443,Plant-06,EL-2936-3360,97,1,0,2026-07-23T23:00:52+00:00,WH-01,in_progress,2
ORD-002444,Plant-35,FL-2648-3959,22,22,0,2026-07-19T20:00:52+00:00,WH-01,pending,3
ORD-002445,Plant-10,EL-1156-2546,30,5,0,2026-07-24T09:00:52+00:00,WH-02,in_progress,6
ORD-002446,Plant-25,CH-7549-1975,98,39,0,2026-07-21T21:00:52+00:00,WH-02,completed,1
ORD-002447,Plant-28,FL-3608-1392,66,12,0,2026-07-21T06:00:52+00:00,WH-02,pending,2
ORD-002448,Plant-42,CH-2832-1948,81,9,0,2026-07-26T17:00:52+00:00,WH-02,in_progress,1
ORD-002449,Plant-03,IN-5148-2462,10,9,0,2026-07-20T07:00:52+00:00,WH-02,in_progress,7
ORD-002450,Plant-47,PO-4665-4648,97,63,0,2026-07-24T08:00:52+00:00,WH-01,pending,5
ORD-002451,Plant-25,IN-5238-1925,91,33,0,2026-07-22T11:00:52+00:00,WH-02,in_progress,7
ORD-002452,Plant-44,FL-9211-4958,115,77,0,2026-07-22T01:00:52+00:00,WH-01,pending,6
ORD-002453,Plant-02,FL-4291-3498,114,17,0,2026-07-24T00:00:52+00:00,WH-02,completed,9
ORD-002454,Plant-02,EL-6935-718,48,39,0,2026-07-22T01:00:52+00:00,WH-02,completed,9
ORD-002455,Plant-38,FL-6251-3398,142,33,0,2026-07-22T09:00:52+00:00,WH-01,completed,5
ORD-002456,Plant-26,IN-6905-3919,99,34,0,2026-07-21T22:00:52+00:00,WH-02,pending,5
ORD-002457,Plant-06,FL-3681-1653,64,25,0,2026-07-21T02:00:52+00:00,WH-01,in_progress,10
ORD-002458,Plant-11,IN-5722-2413,14,0,0,2026-07-23T12:00:52+00:00,WH-01,in_progress,8
ORD-002459,Plant-32,IN-7816-563,114,70,0,2026-07-19T23:00:52+00:00,WH-02,pending,6
ORD-002460,Plant-20,EL-3570-3115,114,33,0,2026-07-20T10:00:52+00:00,WH-02,in_progress,6
ORD-002461,Plant-47,CH-8654-799,65,31,0,2026-07-22T03:00:52+00:00,WH-02,pending,7
ORD-002462,Plant-27,IN-3695-4707,15,13,0,2026-07-22T19:00:52+00:00,WH-02,pending,7
ORD-002463,Plant-02,IN-1829-028,101,63,0,2026-07-24T03:00:52+00:00,WH-02,completed,3
ORD-002464,Plant-36,IN-2980-2866,94,71,0,2026-07-22T03:00:52+00:00,WH-02,completed,10
ORD-002465,Plant-26,EL-4396-163,79,14,0,2026-07-22T08:00:52+00:00,WH-01,completed,5
ORD-002466,Plant-24,EL-5507-1547,116,42,0,2026-07-24T05:00:52+00:00,WH-02,completed,6
ORD-002467,Plant-30,IN-2056-2533,116,49,0,2026-07-22T17:00:52+00:00,WH-02,completed,5
ORD-002468,Plant-23,IN-4746-3416,120,0,0,2026-07-23T01:00:52+00:00,WH-02,completed,7
ORD-002469,Plant-32,IN-2935-2854,48,21,0,2026-07-25T12:00:52+00:00,WH-02,completed,5
ORD-002470,Plant-15,IN-3123-3074,54,19,0,2026-07-25T06:00:52+00:00,WH-02,pending,3
ORD-002471,Plant-32,IN-1789-3685,135,121,0,2026-07-25T18:00:52+00:00,WH-01,in_progress,8
ORD-002472,Plant-16,PO-8794-4994,119,96,0,2026-07-21T14:00:52+00:00,WH-02,completed,2
ORD-002473,Plant-18,PO-1255-436,12,1,0,2026-07-26T05:00:52+00:00,WH-01,pending,7
ORD-002474,Plant-06,IN-4270-383,97,55,0,2026-07-23T11:00:52+00:00,WH-01,in_progress,8
ORD-002475,Plant-38,CH-3168-1908,149,96,0,2026-07-20T11:00:52+00:00,WH-02,completed,5
ORD-002476,Plant-36,CH-8118-973,114,69,0,2026-07-24T13:00:52+00:00,WH-02,completed,1
ORD-002477,Plant-30,EL-1938-3051,117,59,0,2026-07-19T21:00:52+00:00,WH-01,completed,5
ORD-002478,Plant-28,CH-2157-612,90,60,0,2026-07-25T08:00:52+00:00,WH-02,pending,2
ORD-002479,Plant-40,PO-4142-671,102,64,0,2026-07-23T14:00:52+00:00,WH-02,completed,2
ORD-002480,Plant-32,PO-4845-843,142,138,0,2026-07-24T13:00:52+00:00,WH-01,completed,1
ORD-002481,Plant-40,PO-1397-1979,59,43,0,2026-07-26T14:00:52+00:00,WH-02,completed,7
ORD-002482,Plant-32,PO-5371-1876,122,44,0,2026-07-24T02:00:52+00:00,WH-02,completed,4
ORD-002483,Plant-24,EL-6015-594,40,35,0,2026-07-26T11:00:52+00:00,WH-02,pending,10
ORD-002484,Plant-35,FL-6393-2771,115,8,0,2026-07-25T05:00:52+00:00,WH-02,in_progress,4
ORD-002485,Plant-01,PO-6058-4110,120,28,0,2026-07-24T18:00:52+00:00,WH-01,pending,7
ORD-002486,Plant-37,CH-6764-3356,27,24,0,2026-07-23T03:00:52+00:00,WH-01,completed,7
ORD-002487,Plant-48,PO-6345-1307,108,55,0,2026-07-26T13:00:52+00:00,WH-01,completed,6
ORD-002488,Plant-45,PO-1111-3613,29,23,0,2026-07-25T18:00:52+00:00,WH-01,in_progress,10
ORD-002489,Plant-12,IN-7095-1754,24,19,0,2026-07-20T03:00:52+00:00,WH-01,completed,4
ORD-002490,Plant-28,CH-5069-1576,78,27,0,2026-07-20T10:00:52+00:00,WH-02,in_progress,7
ORD-002491,Plant-28,IN-5833-4268,146,62,0,2026-07-25T21:00:52+00:00,WH-02,completed,1
ORD-002492,Plant-27,CH-3390-807,139,16,0,2026-07-22T02:00:52+00:00,WH-01,completed,8
ORD-002493,Plant-16,EL-6991-3527,69,9,0,2026-07-20T14:00:52+00:00,WH-02,completed,4
ORD-002494,Plant-23,EL-4229-3928,62,14,0,2026-07-22T11:00:52+00:00,WH-02,pending,5
ORD-002495,Plant-25,CH-1963-3027,146,39,0,2026-07-22T13:00:52+00:00,WH-01,pending,10
ORD-002496,Plant-32,CH-3713-749,93,19,0,2026-07-23T01:00:52+00:00,WH-01,pending,8
ORD-002497,Plant-33,EL-9870-4062,130,46,0,2026-07-19T21:00:52+00:00,WH-02,completed,2
ORD-002498,Plant-43,IN-8273-2150,82,30,0,2026-07-23T10:00:52+00:00,WH-02,completed,1
ORD-002499,Plant-16,FL-5141-4205,38,30,0,2026-07-22T03:00:52+00:00,WH-01,completed,3
ORD-002500,Plant-32,EL-7421-2504,137,24,0,2026-07-26T05:00:52+00:00,WH-02,pending,5
ORD-002501,Plant-19,IN-9581-773,150,66,0,2026-07-25T01:00:52+00:00,WH-02,pending,8
ORD-002502,Plant-42,FL-4264-047,70,63,0,2026-07-26T02:00:52+00:00,WH-01,pending,9
ORD-002503,Plant-36,PO-1273-1687,12,5,0,2026-07-23T19:00:52+00:00,WH-01,pending,10
ORD-002504,Plant-19,EL-1628-2460,16,12,0,2026-07-20T07:00:52+00:00,WH-02,in_progress,2
ORD-002505,Plant-24,FL-2658-4810,49,47,0,2026-07-22T23:00:52+00:00,WH-02,in_progress,4
ORD-002506,Plant-33,FL-2111-972,118,105,0,2026-07-24T10:00:52+00:00,WH-02,in_progress,3
ORD-002507,Plant-41,PO-9146-3975,18,9,0,2026-07-23T22:00:52+00:00,WH-01,pending,10
ORD-002508,Plant-30,EL-5701-2855,136,112,0,2026-07-23T11:00:52+00:00,WH-01,completed,8
ORD-002509,Plant-18,FL-5810-4760,52,16,0,2026-07-24T04:00:52+00:00,WH-02,completed,9
ORD-002510,Plant-24,EL-5335-3803,121,55,0,2026-07-20T20:00:52+00:00,WH-02,completed,9
ORD-002511,Plant-44,PO-9285-3763,137,49,0,2026-07-20T17:00:52+00:00,WH-01,in_progress,6
ORD-002512,Plant-19,EL-9394-2591,69,26,0,2026-07-25T15:00:52+00:00,WH-02,in_progress,1
ORD-002513,Plant-30,PO-8256-3346,126,6,0,2026-07-23T07:00:52+00:00,WH-02,pending,2
ORD-002514,Plant-36,CH-5837-1462,24,10,0,2026-07-25T19:00:52+00:00,WH-02,in_progress,9
ORD-002515,Plant-28,FL-6546-2153,40,9,0,2026-07-23T09:00:52+00:00,WH-02,pending,6
ORD-002516,Plant-11,EL-4881-379,133,44,0,2026-07-23T11:00:52+00:00,WH-01,in_progress,10
ORD-002517,Plant-47,PO-4710-985,114,31,0,2026-07-25T00:00:52+00:00,WH-02,completed,4
ORD-002518,Plant-48,FL-3550-3506,15,12,0,2026-07-24T17:00:52+00:00,WH-01,in_progress,10
ORD-002519,Plant-08,FL-7956-1629,77,27,0,2026-07-23T21:00:52+00:00,WH-01,completed,10
ORD-002520,Plant-11,EL-4882-1062,140,84,0,2026-07-25T17:00:52+00:00,WH-02,in_progress,2
ORD-002521,Plant-30,CH-3805-1498,87,7,0,2026-07-21T07:00:52+00:00,WH-01,pending,8
ORD-002522,Plant-33,CH-2915-1559,113,45,0,2026-07-23T17:00:52+00:00,WH-01,pending,1
ORD-002523,Plant-10,FL-9215-1492,32,23,0,2026-07-23T08:00:52+00:00,WH-01,in_progress,7
ORD-002524,Plant-36,CH-9395-3177,47,17,0,2026-07-20T16:00:52+00:00,WH-01,in_progress,9
ORD-002525,Plant-32,IN-8242-4542,89,74,0,2026-07-21T13:00:52+00:00,WH-01,pending,9
ORD-002526,Plant-02,FL-7855-1793,81,65,0,2026-07-20T03:00:52+00:00,WH-02,completed,4
ORD-002527,Plant-21,FL-5101-2732,117,40,0,2026-07-23T00:00:52+00:00,WH-02,completed,10
ORD-002528,Plant-18,CH-1651-4968,9,7,0,2026-07-23T23:00:52+00:00,WH-01,completed,1
ORD-002529,Plant-04,IN-4366-3864,15,2,0,2026-07-20T02:00:52+00:00,WH-01,pending,8
ORD-002530,Plant-13,FL-4698-3618,87,32,0,2026-07-19T19:00:52+00:00,WH-01,completed,8
ORD-002531,Plant-19,IN-7270-2567,29,29,0,2026-07-25T09:00:52+00:00,WH-02,in_progress,9
ORD-002532,Plant-09,FL-4737-3752,29,7,0,2026-07-21T18:00:52+00:00,WH-02,pending,2
ORD-002533,Plant-47,FL-2434-1250,87,4,0,2026-07-23T22:00:52+00:00,WH-01,in_progress,5
ORD-002534,Plant-06,PO-8606-1821,93,89,0,2026-07-22T21:00:52+00:00,WH-02,pending,2
ORD-002535,Plant-12,IN-1625-2174,98,29,0,2026-07-20T03:00:52+00:00,WH-02,pending,4
ORD-002536,Plant-45,FL-2901-3057,100,30,0,2026-07-20T00:00:52+00:00,WH-02,in_progress,3
ORD-002537,Plant-28,EL-4142-1487,28,3,0,2026-07-23T02:00:52+00:00,WH-02,in_progress,6
ORD-002538,Plant-12,FL-9061-2028,89,67,0,2026-07-25T05:00:52+00:00,WH-02,completed,9
ORD-002539,Plant-43,FL-4790-3886,90,30,0,2026-07-26T13:00:52+00:00,WH-01,pending,8
ORD-002540,Plant-26,FL-8438-1964,36,12,0,2026-07-21T18:00:52+00:00,WH-01,completed,2
ORD-002541,Plant-29,PO-9076-1311,66,39,0,2026-07-23T21:00:52+00:00,WH-01,completed,6
ORD-002542,Plant-36,PO-4974-181,44,34,0,2026-07-24T02:00:52+00:00,WH-01,in_progress,4
ORD-002543,Plant-26,EL-8867-2942,22,15,0,2026-07-26T13:00:52+00:00,WH-02,completed,2
ORD-002544,Plant-16,FL-9294-1929,141,59,0,2026-07-19T20:00:52+00:00,WH-01,pending,2
ORD-002545,Plant-18,EL-5969-4571,86,23,0,2026-07-23T18:00:52+00:00,WH-02,in_progress,8
ORD-002546,Plant-21,FL-2351-1359,102,99,0,2026-07-22T08:00:52+00:00,WH-02,pending,3
ORD-002547,Plant-41,EL-4249-1648,112,110,0,2026-07-26T01:00:52+00:00,WH-02,completed,4
ORD-002548,Plant-10,EL-7637-4395,16,8,0,2026-07-21T15:00:52+00:00,WH-01,completed,3
ORD-002549,Plant-35,CH-1407-057,27,25,0,2026-07-25T15:00:52+00:00,WH-02,pending,4
ORD-002550,Plant-03,CH-3503-4118,145,119,0,2026-07-21T02:00:52+00:00,WH-02,in_progress,6
ORD-002551,Plant-39,CH-8084-923,14,13,0,2026-07-24T16:00:52+00:00,WH-01,pending,6
ORD-002552,Plant-26,IN-5699-950,130,45,0,2026-07-22T06:00:52+00:00,WH-01,pending,9
ORD-002553,Plant-43,CH-6898-1639,37,1,0,2026-07-22T00:00:52+00:00,WH-02,in_progress,3
ORD-002554,Plant-22,CH-5185-4658,28,11,0,2026-07-23T11:00:52+00:00,WH-02,pending,5
ORD-002555,Plant-38,FL-4525-2164,92,78,0,2026-07-26T00:00:52+00:00,WH-01,completed,7
ORD-002556,Plant-10,CH-9097-4447,79,69,0,2026-07-26T02:00:52+00:00,WH-01,completed,6
ORD-002557,Plant-30,PO-1072-053,79,18,0,2026-07-20T15:00:52+00:00,WH-01,pending,4
ORD-002558,Plant-16,EL-1110-1173,123,117,0,2026-07-26T07:00:52+00:00,WH-01,completed,9
ORD-002559,Plant-24,IN-5362-3644,136,79,0,2026-07-23T11:00:52+00:00,WH-02,completed,6
ORD-002560,Plant-24,PO-2569-2962,62,19,0,2026-07-23T02:00:52+00:00,WH-02,in_progress,1
ORD-002561,Plant-07,EL-3893-1727,95,79,0,2026-07-23T07:00:52+00:00,WH-01,in_progress,5
ORD-002562,Plant-12,CH-5640-194,52,4,0,2026-07-21T22:00:52+00:00,WH-02,in_progress,4
ORD-002563,Plant-16,CH-8086-3514,147,14,0,2026-07-26T05:00:52+00:00,WH-01,completed,9
ORD-002564,Plant-20,EL-2677-991,21,12,0,2026-07-25T18:00:52+00:00,WH-02,completed,1
ORD-002565,Plant-47,PO-3288-1514,31,7,0,2026-07-21T08:00:52+00:00,WH-02,in_progress,6
ORD-002566,Plant-19,CH-7873-174,72,47,0,2026-07-20T20:00:52+00:00,WH-02,in_progress,1
ORD-002567,Plant-36,IN-1122-1187,24,15,0,2026-07-20T05:00:52+00:00,WH-02,pending,8
ORD-002568,Plant-11,FL-5742-2029,129,40,0,2026-07-22T06:00:52+00:00,WH-02,completed,8
ORD-002569,Plant-42,IN-2087-3862,146,122,0,2026-07-20T17:00:52+00:00,WH-02,pending,7
ORD-002570,Plant-15,CH-1571-3452,88,34,0,2026-07-22T11:00:52+00:00,WH-01,in_progress,10
ORD-002571,Plant-22,CH-9448-3745,21,13,0,2026-07-21T16:00:52+00:00,WH-02,completed,7
ORD-002572,Plant-45,PO-8220-703,48,13,0,2026-07-25T00:00:52+00:00,WH-01,pending,3
ORD-002573,Plant-41,CH-3164-4050,116,60,0,2026-07-24T10:00:52+00:00,WH-01,pending,2
ORD-002574,Plant-01,IN-2259-3591,48,0,0,2026-07-25T22:00:52+00:00,WH-01,in_progress,7
ORD-002575,Plant-16,FL-8657-3260,85,65,0,2026-07-26T10:00:52+00:00,WH-01,pending,3
ORD-002576,Plant-40,IN-2771-506,78,31,0,2026-07-20T18:00:52+00:00,WH-02,pending,1
ORD-002577,Plant-07,IN-7305-4077,68,34,0,2026-07-22T01:00:52+00:00,WH-02,pending,1
ORD-002578,Plant-07,PO-2315-2762,30,0,0,2026-07-20T20:00:52+00:00,WH-02,in_progress,10
ORD-002579,Plant-15,IN-3621-2818,103,17,0,2026-07-22T22:00:52+00:00,WH-01,completed,1
ORD-002580,Plant-27,IN-6813-2366,56,4,0,2026-07-26T05:00:52+00:00,WH-02,completed,5
ORD-002581,Plant-44,PO-8923-719,120,106,0,2026-07-26T13:00:52+00:00,WH-02,completed,2
ORD-002582,Plant-26,IN-2560-2709,137,109,0,2026-07-22T21:00:52+00:00,WH-01,pending,4
ORD-002583,Plant-20,IN-9691-1735,107,33,0,2026-07-21T21:00:52+00:00,WH-01,completed,3
ORD-002584,Plant-14,IN-9581-773,109,2,0,2026-07-25T08:00:52+00:00,WH-02,pending,6
ORD-002585,Plant-28,CH-3922-2951,14,5,0,2026-07-25T01:00:52+00:00,WH-01,in_progress,7
ORD-002586,Plant-40,IN-2418-110,62,62,0,2026-07-22T16:00:52+00:00,WH-01,pending,4
ORD-002587,Plant-03,CH-9868-4341,51,0,0,2026-07-23T01:00:52+00:00,WH-02,completed,4
ORD-002588,Plant-31,FL-5782-795,88,17,0,2026-07-19T18:00:52+00:00,WH-01,in_progress,3
ORD-002589,Plant-11,CH-6432-919,18,16,0,2026-07-21T15:00:52+00:00,WH-02,pending,5
ORD-002590,Plant-02,IN-1153-2340,35,7,0,2026-07-25T18:00:52+00:00,WH-02,pending,8
ORD-002591,Plant-45,EL-7014-4922,143,101,0,2026-07-26T14:00:52+00:00,WH-01,completed,10
ORD-002592,Plant-47,CH-4877-4262,143,99,0,2026-07-26T15:00:52+00:00,WH-02,in_progress,10
ORD-002593,Plant-08,EL-2578-2739,14,5,0,2026-07-26T04:00:52+00:00,WH-02,pending,10
ORD-002594,Plant-17,FL-5505-4807,50,17,0,2026-07-21T16:00:52+00:00,WH-01,pending,3
ORD-002595,Plant-18,FL-2269-1053,127,39,0,2026-07-22T08:00:52+00:00,WH-01,completed,4
ORD-002596,Plant-17,CH-3151-347,95,64,0,2026-07-24T23:00:52+00:00,WH-01,completed,10
ORD-002597,Plant-14,FL-2406-4310,62,35,0,2026-07-23T15:00:52+00:00,WH-01,completed,9
ORD-002598,Plant-30,FL-2222-2383,89,80,0,2026-07-24T11:00:52+00:00,WH-02,pending,3
ORD-002599,Plant-26,PO-8887-2993,105,69,0,2026-07-25T16:00:52+00:00,WH-02,in_progress,8
ORD-002600,Plant-34,PO-7571-3400,71,35,0,2026-07-25T17:00:52+00:00,WH-02,in_progress,5
ORD-002601,Plant-03,EL-6196-3419,124,109,0,2026-07-25T15:00:52+00:00,WH-02,pending,6
ORD-002602,Plant-22,CH-4916-4627,67,35,0,2026-07-23T05:00:52+00:00,WH-02,completed,10
ORD-002603,Plant-34,EL-6043-2235,96,20,0,2026-07-23T10:00:52+00:00,WH-02,completed,6
ORD-002604,Plant-28,PO-3418-2013,60,31,0,2026-07-20T22:00:52+00:00,WH-01,pending,7
ORD-002605,Plant-04,PO-4466-2721,107,15,0,2026-07-24T08:00:52+00:00,WH-01,completed,1
ORD-002606,Plant-26,CH-5168-1704,60,23,0,2026-07-21T03:00:52+00:00,WH-01,in_progress,10
ORD-002607,Plant-11,FL-1096-2287,70,29,0,2026-07-19T19:00:52+00:00,WH-01,completed,1
ORD-002608,Plant-15,EL-2810-4466,93,17,0,2026-07-26T17:00:52+00:00,WH-02,pending,3
ORD-002609,Plant-25,IN-6453-1131,128,11,0,2026-07-26T15:00:52+00:00,WH-02,in_progress,1
ORD-002610,Plant-25,CH-8694-4809,96,29,0,2026-07-23T00:00:52+00:00,WH-01,in_progress,7
ORD-002611,Plant-46,CH-1356-298,74,19,0,2026-07-20T20:00:52+00:00,WH-02,pending,9
ORD-002612,Plant-22,FL-6460-1233,72,57,0,2026-07-25T07:00:52+00:00,WH-01,pending,7
ORD-002613,Plant-37,FL-4304-4029,59,33,0,2026-07-25T08:00:52+00:00,WH-01,completed,3
ORD-002614,Plant-07,IN-7466-1401,99,0,0,2026-07-21T13:00:52+00:00,WH-02,in_progress,8
ORD-002615,Plant-12,PO-2701-3182,70,47,0,2026-07-22T02:00:52+00:00,WH-02,completed,4
ORD-002616,Plant-26,PO-9736-3871,88,27,0,2026-07-26T01:00:52+00:00,WH-02,pending,5
ORD-002617,Plant-06,IN-3325-2148,120,33,0,2026-07-20T10:00:52+00:00,WH-01,in_progress,3
ORD-002618,Plant-10,EL-6604-042,141,103,0,2026-07-21T07:00:52+00:00,WH-01,pending,6
ORD-002619,Plant-44,EL-9155-3189,126,68,0,2026-07-23T23:00:52+00:00,WH-02,in_progress,3
ORD-002620,Plant-45,IN-6029-1091,78,29,0,2026-07-20T12:00:52+00:00,WH-01,in_progress,7
ORD-002621,Plant-08,EL-7363-1671,74,67,0,2026-07-24T18:00:52+00:00,WH-01,completed,4
ORD-002622,Plant-12,IN-4434-3132,60,60,0,2026-07-23T15:00:52+00:00,WH-01,pending,8
ORD-002623,Plant-24,FL-1213-3954,110,78,0,2026-07-20T19:00:52+00:00,WH-02,pending,7
ORD-002624,Plant-21,IN-8190-4717,102,57,0,2026-07-25T02:00:52+00:00,WH-02,in_progress,10
ORD-002625,Plant-07,PO-1434-544,117,12,0,2026-07-23T01:00:52+00:00,WH-02,pending,3
ORD-002626,Plant-10,PO-3603-4251,43,37,0,2026-07-25T16:00:52+00:00,WH-01,pending,4
ORD-002627,Plant-40,IN-3576-3844,40,23,0,2026-07-24T17:00:52+00:00,WH-02,in_progress,7
ORD-002628,Plant-15,CH-9146-4832,76,50,0,2026-07-24T19:00:52+00:00,WH-02,pending,3
ORD-002629,Plant-13,PO-1764-1167,88,4,0,2026-07-20T08:00:52+00:00,WH-02,pending,4
ORD-002630,Plant-33,IN-7818-3387,77,1,0,2026-07-20T10:00:52+00:00,WH-02,pending,1
ORD-002631,Plant-07,FL-2231-2097,13,2,0,2026-07-26T18:00:52+00:00,WH-02,in_progress,4
ORD-002632,Plant-18,IN-7064-3093,47,28,0,2026-07-21T07:00:52+00:00,WH-02,pending,5
ORD-002633,Plant-31,CH-5478-4072,90,25,0,2026-07-26T02:00:52+00:00,WH-02,in_progress,5
ORD-002634,Plant-14,IN-3731-3709,118,24,0,2026-07-24T01:00:52+00:00,WH-02,completed,8
ORD-002635,Plant-18,FL-8930-4774,133,48,0,2026-07-21T13:00:52+00:00,WH-01,completed,9
ORD-002636,Plant-26,EL-8577-207,77,34,0,2026-07-21T18:00:52+00:00,WH-01,completed,6
ORD-002637,Plant-41,PO-1041-3037,96,40,0,2026-07-22T08:00:52+00:00,WH-01,in_progress,1
ORD-002638,Plant-20,FL-5102-2159,60,22,0,2026-07-24T04:00:52+00:00,WH-01,pending,4
ORD-002639,Plant-20,IN-9359-3318,59,29,0,2026-07-26T03:00:52+00:00,WH-02,completed,3
ORD-002640,Plant-23,IN-7080-4608,53,5,0,2026-07-21T06:00:52+00:00,WH-01,pending,1
ORD-002641,Plant-24,FL-7683-3522,63,15,0,2026-07-23T22:00:52+00:00,WH-01,completed,10
ORD-002642,Plant-37,IN-7270-2567,93,46,0,2026-07-24T19:00:52+00:00,WH-02,in_progress,1
ORD-002643,Plant-35,CH-6551-2446,148,106,0,2026-07-21T08:00:52+00:00,WH-01,in_progress,1
ORD-002644,Plant-16,FL-4754-1078,143,137,0,2026-07-26T10:00:52+00:00,WH-02,in_progress,6
ORD-002645,Plant-07,PO-2701-3182,90,31,0,2026-07-25T06:00:52+00:00,WH-02,completed,2
ORD-002646,Plant-34,EL-4137-2515,49,26,0,2026-07-24T13:00:52+00:00,WH-02,in_progress,1
ORD-002647,Plant-13,FL-8901-2649,18,16,0,2026-07-24T04:00:52+00:00,WH-02,in_progress,8
ORD-002648,Plant-28,FL-4264-047,134,13,0,2026-07-23T02:00:52+00:00,WH-01,pending,6
ORD-002649,Plant-22,FL-6067-4848,26,8,0,2026-07-21T11:00:52+00:00,WH-02,completed,9
ORD-002650,Plant-38,CH-5719-3232,40,0,0,2026-07-21T00:00:52+00:00,WH-02,in_progress,8
ORD-002651,Plant-44,PO-1304-2670,80,6,0,2026-07-24T04:00:52+00:00,WH-02,in_progress,7
ORD-002652,Plant-21,PO-5537-968,43,39,0,2026-07-23T06:00:52+00:00,WH-02,in_progress,9
ORD-002653,Plant-16,FL-4837-3811,142,58,0,2026-07-24T15:00:52+00:00,WH-01,in_progress,9
ORD-002654,Plant-41,PO-6834-4176,77,31,0,2026-07-21T00:00:52+00:00,WH-01,pending,8
ORD-002655,Plant-26,FL-7136-2564,59,47,0,2026-07-25T04:00:52+00:00,WH-02,pending,4
ORD-002656,Plant-09,IN-8099-3656,111,102,0,2026-07-24T12:00:52+00:00,WH-02,completed,9
ORD-002657,Plant-21,PO-7835-3046,28,1,0,2026-07-24T10:00:52+00:00,WH-01,completed,10
ORD-002658,Plant-28,IN-6704-3303,89,34,0,2026-07-26T15:00:52+00:00,WH-02,in_progress,6
ORD-002659,Plant-37,PO-1436-1470,21,4,0,2026-07-26T16:00:52+00:00,WH-02,completed,4
ORD-002660,Plant-08,IN-6029-520,38,6,0,2026-07-21T12:00:52+00:00,WH-02,pending,8
ORD-002661,Plant-17,EL-3946-3321,136,41,0,2026-07-19T18:00:52+00:00,WH-02,pending,3
ORD-002662,Plant-33,EL-6682-3769,148,145,0,2026-07-23T15:00:52+00:00,WH-01,pending,8
ORD-002663,Plant-06,FL-6330-2494,55,27,0,2026-07-19T22:00:52+00:00,WH-01,in_progress,3
ORD-002664,Plant-46,IN-2954-1162,142,128,0,2026-07-23T18:00:52+00:00,WH-02,completed,3
ORD-002665,Plant-13,IN-5148-2462,143,30,0,2026-07-22T08:00:52+00:00,WH-01,completed,2
ORD-002666,Plant-33,IN-6117-4482,118,29,0,2026-07-23T08:00:52+00:00,WH-01,pending,6
ORD-002667,Plant-17,CH-7311-1801,111,87,0,2026-07-21T02:00:52+00:00,WH-01,completed,7
ORD-002668,Plant-27,IN-8481-3555,79,36,0,2026-07-23T17:00:52+00:00,WH-02,completed,8
ORD-002669,Plant-04,FL-1355-4278,148,25,0,2026-07-22T04:00:52+00:00,WH-01,completed,3
ORD-002670,Plant-08,EL-1272-2891,121,111,0,2026-07-25T07:00:52+00:00,WH-02,completed,3
ORD-002671,Plant-19,PO-6032-2529,86,13,0,2026-07-23T23:00:52+00:00,WH-02,pending,10
ORD-002672,Plant-39,IN-9972-4091,16,1,0,2026-07-26T05:00:52+00:00,WH-01,pending,4
ORD-002673,Plant-14,EL-9980-3719,49,36,0,2026-07-23T19:00:52+00:00,WH-01,completed,9
ORD-002674,Plant-33,CH-6563-1637,76,15,0,2026-07-20T09:00:52+00:00,WH-02,in_progress,3
ORD-002675,Plant-19,PO-2023-2637,18,8,0,2026-07-24T10:00:52+00:00,WH-01,completed,9
ORD-002676,Plant-04,PO-4466-2721,79,59,0,2026-07-22T21:00:52+00:00,WH-01,in_progress,10
ORD-002677,Plant-43,CH-5786-1417,4,2,0,2026-07-20T13:00:52+00:00,WH-02,in_progress,4
ORD-002678,Plant-33,PO-1124-4264,7,4,0,2026-07-26T17:00:52+00:00,WH-01,pending,1
ORD-002679,Plant-40,IN-1199-4858,13,8,0,2026-07-20T05:00:52+00:00,WH-01,completed,9
ORD-002680,Plant-40,IN-7266-2602,4,4,0,2026-07-21T11:00:52+00:00,WH-01,in_progress,6
ORD-002681,Plant-38,CH-8635-899,83,45,0,2026-07-26T05:00:52+00:00,WH-02,pending,9
ORD-002682,Plant-21,FL-7501-3342,33,13,0,2026-07-23T08:00:52+00:00,WH-02,in_progress,10
ORD-002683,Plant-06,FL-9803-2339,13,11,0,2026-07-26T14:00:52+00:00,WH-01,completed,1
ORD-002684,Plant-07,PO-6261-1428,79,1,0,2026-07-20T07:00:52+00:00,WH-01,completed,1
ORD-002685,Plant-05,EL-5279-3476,69,21,0,2026-07-24T03:00:52+00:00,WH-02,completed,1
ORD-002686,Plant-15,PO-7063-3020,43,4,0,2026-07-25T02:00:52+00:00,WH-01,in_progress,10
ORD-002687,Plant-03,PO-4573-431,41,1,0,2026-07-22T05:00:52+00:00,WH-02,completed,3
ORD-002688,Plant-48,EL-1905-2807,84,20,0,2026-07-20T21:00:52+00:00,WH-01,completed,7
ORD-002689,Plant-11,CH-3205-974,72,70,0,2026-07-21T12:00:52+00:00,WH-02,pending,6
ORD-002690,Plant-15,CH-1101-094,116,1,0,2026-07-20T23:00:52+00:00,WH-02,pending,2
ORD-002691,Plant-04,PO-5137-3899,105,101,0,2026-07-25T17:00:52+00:00,WH-02,completed,8
ORD-002692,Plant-12,EL-4953-1461,62,15,0,2026-07-23T23:00:52+00:00,WH-01,pending,5
ORD-002693,Plant-42,CH-1063-1983,107,46,0,2026-07-24T10:00:52+00:00,WH-01,pending,4
ORD-002694,Plant-31,CH-5463-3595,4,3,0,2026-07-22T14:00:52+00:00,WH-01,pending,4
ORD-002695,Plant-23,CH-9416-3434,132,87,0,2026-07-24T21:00:52+00:00,WH-01,completed,1
ORD-002696,Plant-05,CH-7287-4740,22,9,0,2026-07-21T12:00:52+00:00,WH-02,in_progress,3
ORD-002697,Plant-18,CH-7998-4936,72,20,0,2026-07-25T16:00:52+00:00,WH-01,completed,4
ORD-002698,Plant-48,EL-5380-2900,76,56,0,2026-07-21T03:00:52+00:00,WH-01,completed,6
ORD-002699,Plant-23,EL-6858-753,125,76,0,2026-07-21T16:00:52+00:00,WH-02,pending,7
ORD-002700,Plant-39,PO-3339-4854,43,19,0,2026-07-23T13:00:52+00:00,WH-02,completed,2
ORD-002701,Plant-02,CH-1074-2710,61,57,0,2026-07-24T13:00:52+00:00,WH-01,pending,4
ORD-002702,Plant-19,FL-7328-1855,84,44,0,2026-07-24T14:00:52+00:00,WH-02,pending,6
ORD-002703,Plant-31,FL-8967-746,123,119,0,2026-07-20T20:00:52+00:00,WH-01,completed,3
ORD-002704,Plant-07,FL-6192-4498,14,0,0,2026-07-24T04:00:52+00:00,WH-02,pending,3
ORD-002705,Plant-27,EL-1627-1520,125,106,0,2026-07-24T09:00:52+00:00,WH-02,in_progress,6
ORD-002706,Plant-48,IN-4270-383,36,7,0,2026-07-24T16:00:52+00:00,WH-01,completed,8
ORD-002707,Plant-03,IN-7497-3702,98,16,0,2026-07-24T05:00:52+00:00,WH-02,in_progress,10
ORD-002708,Plant-33,EL-7625-1942,119,77,0,2026-07-23T13:00:52+00:00,WH-02,in_progress,1
ORD-002709,Plant-46,PO-4646-1906,73,65,0,2026-07-24T09:00:52+00:00,WH-01,pending,9
ORD-002710,Plant-31,IN-4366-3864,83,53,0,2026-07-22T01:00:52+00:00,WH-01,completed,6
ORD-002711,Plant-19,IN-5666-3124,135,30,0,2026-07-25T03:00:52+00:00,WH-01,completed,5
ORD-002712,Plant-40,IN-9530-1836,113,39,0,2026-07-24T08:00:52+00:00,WH-01,pending,9
ORD-002713,Plant-29,IN-8191-4336,120,53,0,2026-07-24T20:00:52+00:00,WH-02,in_progress,3
ORD-002714,Plant-34,IN-3092-3942,15,12,0,2026-07-22T03:00:52+00:00,WH-01,pending,3
ORD-002715,Plant-12,EL-3855-508,5,2,0,2026-07-25T17:00:52+00:00,WH-01,pending,1
ORD-002716,Plant-32,FL-5253-1947,138,14,0,2026-07-19T18:00:52+00:00,WH-01,in_progress,6
ORD-002717,Plant-32,FL-6145-4414,84,22,0,2026-07-23T06:00:52+00:00,WH-01,completed,6
ORD-002718,Plant-10,EL-6224-1513,37,25,0,2026-07-21T19:00:52+00:00,WH-01,in_progress,10
ORD-002719,Plant-12,CH-4425-2981,71,37,0,2026-07-23T03:00:52+00:00,WH-01,completed,6
ORD-002720,Plant-21,PO-4366-4826,148,138,0,2026-07-23T16:00:52+00:00,WH-01,completed,4
ORD-002721,Plant-16,FL-4282-1599,42,36,0,2026-07-22T22:00:52+00:00,WH-01,in_progress,6
ORD-002722,Plant-24,PO-1397-1979,146,21,0,2026-07-23T11:00:52+00:00,WH-01,pending,10
ORD-002723,Plant-25,FL-3550-3506,128,10,0,2026-07-25T11:00:52+00:00,WH-01,completed,9
ORD-002724,Plant-13,EL-6266-4732,81,31,0,2026-07-26T07:00:52+00:00,WH-02,in_progress,1
ORD-002725,Plant-25,FL-8618-348,42,29,0,2026-07-25T08:00:52+00:00,WH-02,pending,2
ORD-002726,Plant-09,CH-9590-760,141,7,0,2026-07-21T06:00:52+00:00,WH-01,in_progress,9
ORD-002727,Plant-02,PO-3526-4886,131,54,0,2026-07-26T02:00:52+00:00,WH-02,in_progress,2
ORD-002728,Plant-42,FL-5505-4807,69,50,0,2026-07-26T15:00:52+00:00,WH-01,pending,8
ORD-002729,Plant-21,EL-8381-2063,28,15,0,2026-07-22T06:00:52+00:00,WH-01,in_progress,3
ORD-002730,Plant-31,IN-5573-019,127,28,0,2026-07-23T18:00:52+00:00,WH-01,pending,8
ORD-002731,Plant-08,FL-6896-151,22,7,0,2026-07-25T18:00:52+00:00,WH-01,in_progress,5
ORD-002732,Plant-48,CH-4015-2472,26,4,0,2026-07-20T20:00:52+00:00,WH-01,in_progress,5
ORD-002733,Plant-12,FL-4170-284,41,19,0,2026-07-20T15:00:52+00:00,WH-01,pending,4
ORD-002734,Plant-02,IN-9938-3545,51,40,0,2026-07-21T04:00:52+00:00,WH-01,in_progress,8
ORD-002735,Plant-13,CH-6111-4058,50,31,0,2026-07-25T12:00:52+00:00,WH-02,completed,10
ORD-002736,Plant-42,FL-1846-903,118,94,0,2026-07-24T17:00:52+00:00,WH-01,completed,8
ORD-002737,Plant-31,PO-5299-3804,74,63,0,2026-07-23T09:00:52+00:00,WH-01,pending,5
ORD-002738,Plant-16,FL-8254-2375,15,11,0,2026-07-23T13:00:52+00:00,WH-02,in_progress,7
ORD-002739,Plant-30,IN-8362-3139,48,5,0,2026-07-23T11:00:52+00:00,WH-01,pending,10
ORD-002740,Plant-11,CH-2608-1052,114,65,0,2026-07-25T02:00:52+00:00,WH-02,in_progress,2
ORD-002741,Plant-09,IN-1150-4758,49,41,0,2026-07-25T13:00:52+00:00,WH-02,completed,7
ORD-002742,Plant-36,PO-6845-2090,27,11,0,2026-07-25T14:00:52+00:00,WH-02,in_progress,9
ORD-002743,Plant-39,CH-6882-2736,58,21,0,2026-07-24T09:00:52+00:00,WH-02,pending,2
ORD-002744,Plant-42,EL-8301-1376,107,74,0,2026-07-21T22:00:52+00:00,WH-01,pending,9
ORD-002745,Plant-06,CH-6129-4252,113,13,0,2026-07-23T05:00:52+00:00,WH-02,in_progress,5
ORD-002746,Plant-40,IN-6944-4298,57,48,0,2026-07-21T08:00:52+00:00,WH-01,completed,2
ORD-002747,Plant-42,PO-2825-828,100,37,0,2026-07-26T03:00:52+00:00,WH-02,in_progress,3
ORD-002748,Plant-34,EL-6763-3349,104,13,0,2026-07-23T04:00:52+00:00,WH-01,completed,2
ORD-002749,Plant-33,EL-7561-4601,41,8,0,2026-07-26T18:00:52+00:00,WH-02,pending,7
ORD-002750,Plant-14,FL-5102-2159,48,6,0,2026-07-24T20:00:52+00:00,WH-02,in_progress,3
ORD-002751,Plant-35,CH-8757-3448,110,57,0,2026-07-23T18:00:52+00:00,WH-01,completed,6
ORD-002752,Plant-46,PO-3671-3399,82,53,0,2026-07-23T01:00:52+00:00,WH-01,completed,5
ORD-002753,Plant-32,PO-8659-3352,103,6,0,2026-07-25T23:00:52+00:00,WH-02,in_progress,4
ORD-002754,Plant-26,EL-1232-2907,125,0,0,2026-07-19T23:00:52+00:00,WH-02,in_progress,5
ORD-002755,Plant-40,IN-9799-3264,29,2,0,2026-07-26T18:00:52+00:00,WH-02,completed,1
ORD-002756,Plant-13,CH-1344-342,29,25,0,2026-07-23T01:00:52+00:00,WH-02,in_progress,1
ORD-002757,Plant-34,CH-1612-3317,125,55,0,2026-07-26T10:00:52+00:00,WH-01,pending,6
ORD-002758,Plant-16,IN-5300-2802,56,14,0,2026-07-19T22:00:52+00:00,WH-02,completed,9
ORD-002759,Plant-07,CH-3457-3647,53,14,0,2026-07-24T16:00:52+00:00,WH-02,pending,2
ORD-002760,Plant-38,FL-8641-2755,24,12,0,2026-07-26T12:00:52+00:00,WH-02,pending,6
ORD-002761,Plant-22,FL-9554-3841,84,33,0,2026-07-20T10:00:52+00:00,WH-01,pending,5
ORD-002762,Plant-35,CH-9976-3739,122,33,0,2026-07-20T14:00:52+00:00,WH-02,in_progress,7
ORD-002763,Plant-14,CH-2777-1909,86,39,0,2026-07-21T14:00:52+00:00,WH-02,completed,6
ORD-002764,Plant-19,EL-7481-4669,99,18,0,2026-07-25T22:00:52+00:00,WH-01,completed,3
ORD-002765,Plant-15,IN-2212-2175,103,50,0,2026-07-23T01:00:52+00:00,WH-01,completed,3
ORD-002766,Plant-19,CH-1963-3027,58,19,0,2026-07-22T11:00:52+00:00,WH-01,in_progress,8
ORD-002767,Plant-09,CH-4893-217,119,98,0,2026-07-24T22:00:52+00:00,WH-01,pending,2
ORD-002768,Plant-08,CH-9067-852,52,32,0,2026-07-20T04:00:52+00:00,WH-02,completed,6
ORD-002769,Plant-34,EL-8659-4226,30,14,0,2026-07-25T21:00:52+00:00,WH-02,pending,9
ORD-002770,Plant-30,EL-9595-1839,88,0,0,2026-07-23T12:00:52+00:00,WH-02,pending,4
ORD-002771,Plant-43,PO-2682-4204,70,45,0,2026-07-24T20:00:52+00:00,WH-01,completed,8
ORD-002772,Plant-38,CH-9926-1802,92,71,0,2026-07-26T04:00:52+00:00,WH-01,in_progress,8
ORD-002773,Plant-34,EL-6604-042,48,11,0,2026-07-20T20:00:52+00:00,WH-01,in_progress,5
ORD-002774,Plant-11,IN-5278-4833,66,32,0,2026-07-21T10:00:52+00:00,WH-01,in_progress,10
ORD-002775,Plant-34,PO-7870-4145,144,123,0,2026-07-20T17:00:52+00:00,WH-01,in_progress,3
ORD-002776,Plant-21,FL-7866-2885,129,61,0,2026-07-26T15:00:52+00:00,WH-02,pending,2
ORD-002777,Plant-38,IN-7537-049,145,101,0,2026-07-26T16:00:52+00:00,WH-02,in_progress,6
ORD-002778,Plant-41,EL-6373-1831,125,79,0,2026-07-19T19:00:52+00:00,WH-02,pending,9
ORD-002779,Plant-04,IN-3555-2309,42,37,0,2026-07-21T15:00:52+00:00,WH-02,completed,4
ORD-002780,Plant-39,PO-2580-2269,113,72,0,2026-07-21T13:00:52+00:00,WH-01,pending,3
ORD-002781,Plant-13,FL-1598-052,109,9,0,2026-07-24T05:00:52+00:00,WH-01,completed,6
ORD-002782,Plant-41,EL-6733-4829,79,52,0,2026-07-21T00:00:52+00:00,WH-02,in_progress,9
ORD-002783,Plant-11,IN-5078-2701,145,77,0,2026-07-20T03:00:52+00:00,WH-02,pending,6
ORD-002784,Plant-14,EL-7224-2815,129,89,0,2026-07-26T16:00:52+00:00,WH-01,in_progress,2
ORD-002785,Plant-43,EL-7590-814,24,12,0,2026-07-21T00:00:52+00:00,WH-02,completed,9
ORD-002786,Plant-20,FL-4655-1624,128,80,0,2026-07-21T13:00:52+00:00,WH-02,completed,9
ORD-002787,Plant-06,CH-2169-2482,113,62,0,2026-07-23T13:00:52+00:00,WH-01,completed,7
ORD-002788,Plant-06,IN-1399-2459,108,99,0,2026-07-25T16:00:52+00:00,WH-02,pending,6
ORD-002789,Plant-36,EL-2111-3077,57,27,0,2026-07-24T09:00:52+00:00,WH-02,completed,1
ORD-002790,Plant-15,PO-6313-3520,140,106,0,2026-07-26T02:00:52+00:00,WH-01,completed,3
ORD-002791,Plant-35,IN-5522-2195,82,61,0,2026-07-22T19:00:52+00:00,WH-02,completed,1
ORD-002792,Plant-32,IN-3029-4339,35,14,0,2026-07-22T09:00:52+00:00,WH-01,completed,2
ORD-002793,Plant-41,IN-8321-3154,124,25,0,2026-07-20T14:00:52+00:00,WH-01,in_progress,6
ORD-002794,Plant-29,FL-7300-1776,19,18,0,2026-07-21T14:00:52+00:00,WH-02,pending,3
ORD-002795,Plant-36,FL-5128-4662,52,7,0,2026-07-21T10:00:52+00:00,WH-02,pending,9
ORD-002796,Plant-35,FL-3046-1963,145,18,0,2026-07-23T23:00:52+00:00,WH-01,in_progress,5
ORD-002797,Plant-11,CH-9782-4433,66,7,0,2026-07-24T04:00:52+00:00,WH-01,completed,9
ORD-002798,Plant-27,IN-9627-3444,26,26,0,2026-07-26T16:00:52+00:00,WH-02,in_progress,1
ORD-002799,Plant-13,EL-5458-4941,147,42,0,2026-07-25T10:00:52+00:00,WH-01,pending,5
ORD-002800,Plant-18,FL-8594-1460,141,10,0,2026-07-23T14:00:52+00:00,WH-02,pending,7
ORD-002801,Plant-13,FL-6214-1391,95,34,0,2026-07-25T17:00:52+00:00,WH-02,completed,5
ORD-002802,Plant-41,FL-8708-4803,144,109,0,2026-07-22T09:00:52+00:00,WH-01,pending,9
ORD-002803,Plant-42,EL-1683-4514,4,0,0,2026-07-22T05:00:52+00:00,WH-02,in_progress,2
ORD-002804,Plant-13,CH-9110-3590,102,99,0,2026-07-20T17:00:52+00:00,WH-02,pending,8
ORD-002805,Plant-27,IN-3804-1337,45,42,0,2026-07-22T22:00:52+00:00,WH-01,in_progress,8
ORD-002806,Plant-24,CH-6815-4897,71,8,0,2026-07-24T20:00:52+00:00,WH-02,completed,5
ORD-002807,Plant-45,FL-4624-1389,80,53,0,2026-07-26T00:00:52+00:00,WH-02,in_progress,9
ORD-002808,Plant-33,FL-9044-4730,64,10,0,2026-07-25T13:00:52+00:00,WH-02,completed,3
ORD-002809,Plant-40,PO-6757-4778,148,74,0,2026-07-22T05:00:52+00:00,WH-01,in_progress,5
ORD-002810,Plant-45,EL-7224-2815,12,4,0,2026-07-22T18:00:52+00:00,WH-01,completed,3
ORD-002811,Plant-42,PO-7486-4862,60,18,0,2026-07-21T14:00:52+00:00,WH-02,in_progress,3
ORD-002812,Plant-30,CH-2115-3090,63,33,0,2026-07-25T06:00:52+00:00,WH-02,pending,1
ORD-002813,Plant-14,CH-9196-1980,87,54,0,2026-07-23T12:00:52+00:00,WH-02,in_progress,7
ORD-002814,Plant-29,PO-6199-258,21,0,0,2026-07-22T15:00:52+00:00,WH-01,completed,1
ORD-002815,Plant-15,CH-5936-295,26,12,0,2026-07-21T21:00:52+00:00,WH-02,in_progress,7
ORD-002816,Plant-02,FL-7669-4349,81,20,0,2026-07-24T03:00:52+00:00,WH-02,in_progress,3
ORD-002817,Plant-18,PO-6708-046,71,11,0,2026-07-22T10:00:52+00:00,WH-01,pending,3
ORD-002818,Plant-17,FL-3906-921,15,15,0,2026-07-22T06:00:52+00:00,WH-01,pending,9
ORD-002819,Plant-44,IN-9454-1732,56,31,0,2026-07-25T04:00:52+00:00,WH-01,completed,8
ORD-002820,Plant-08,PO-9377-1678,41,2,0,2026-07-26T03:00:52+00:00,WH-01,pending,10
ORD-002821,Plant-08,CH-3729-2988,141,83,0,2026-07-22T21:00:52+00:00,WH-01,completed,4
ORD-002822,Plant-38,CH-2086-3050,22,11,0,2026-07-21T23:00:52+00:00,WH-01,in_progress,6
ORD-002823,Plant-12,CH-6129-4252,65,6,0,2026-07-21T20:00:52+00:00,WH-01,pending,3
ORD-002824,Plant-07,CH-2915-1559,147,76,0,2026-07-21T05:00:52+00:00,WH-01,pending,10
ORD-002825,Plant-09,FL-7424-1579,31,8,0,2026-07-20T20:00:52+00:00,WH-01,in_progress,4
ORD-002826,Plant-32,IN-1449-213,122,4,0,2026-07-20T19:00:52+00:00,WH-02,in_progress,5
ORD-002827,Plant-28,PO-2779-2521,119,30,0,2026-07-21T09:00:52+00:00,WH-02,completed,3
ORD-002828,Plant-29,FL-6110-4258,97,47,0,2026-07-26T07:00:52+00:00,WH-02,completed,7
ORD-002829,Plant-42,FL-2014-050,87,70,0,2026-07-23T08:00:52+00:00,WH-01,completed,4
ORD-002830,Plant-17,IN-5553-1859,38,34,0,2026-07-20T15:00:52+00:00,WH-01,completed,4
ORD-002831,Plant-08,PO-6047-626,76,10,0,2026-07-22T08:00:52+00:00,WH-02,pending,2
ORD-002832,Plant-24,FL-6313-2008,148,80,0,2026-07-25T08:00:52+00:00,WH-01,completed,6
ORD-002833,Plant-13,FL-5152-1136,10,10,0,2026-07-20T03:00:52+00:00,WH-01,completed,5
ORD-002834,Plant-05,IN-7497-3702,56,16,0,2026-07-25T05:00:52+00:00,WH-02,pending,7
ORD-002835,Plant-31,FL-5374-459,32,3,0,2026-07-26T06:00:52+00:00,WH-02,pending,7
ORD-002836,Plant-34,CH-7998-4936,130,128,0,2026-07-22T15:00:52+00:00,WH-01,completed,10
ORD-002837,Plant-13,FL-4201-1029,130,62,0,2026-07-26T13:00:52+00:00,WH-01,completed,4
ORD-002838,Plant-43,CH-4562-1767,110,32,0,2026-07-25T09:00:52+00:00,WH-02,completed,10
ORD-002839,Plant-30,FL-4487-1266,33,5,0,2026-07-20T22:00:52+00:00,WH-01,completed,1
ORD-002840,Plant-12,IN-5573-906,47,45,0,2026-07-24T22:00:52+00:00,WH-02,pending,4
ORD-002841,Plant-24,PO-3929-138,144,113,0,2026-07-23T15:00:52+00:00,WH-02,in_progress,2
ORD-002842,Plant-19,PO-9772-023,41,36,0,2026-07-24T22:00:52+00:00,WH-02,in_progress,10
ORD-002843,Plant-12,EL-7251-4286,84,32,0,2026-07-21T22:00:52+00:00,WH-02,pending,2
ORD-002844,Plant-06,FL-2203-4911,141,122,0,2026-07-25T14:00:52+00:00,WH-02,pending,3
ORD-002845,Plant-44,CH-7187-391,110,3,0,2026-07-26T09:00:52+00:00,WH-02,in_progress,2
ORD-002846,Plant-35,PO-7468-1930,137,137,0,2026-07-20T14:00:52+00:00,WH-02,pending,7
ORD-002847,Plant-32,FL-8936-374,50,41,0,2026-07-25T14:00:52+00:00,WH-02,in_progress,4
ORD-002848,Plant-15,PO-1211-1444,106,61,0,2026-07-23T19:00:52+00:00,WH-02,pending,7
ORD-002849,Plant-31,PO-6791-4687,145,112,0,2026-07-24T10:00:52+00:00,WH-01,completed,4
ORD-002850,Plant-35,IN-3798-311,81,80,0,2026-07-25T03:00:52+00:00,WH-02,in_progress,3
ORD-002851,Plant-35,FL-3264-615,41,30,0,2026-07-20T08:00:52+00:00,WH-02,pending,10
ORD-002852,Plant-22,FL-2166-4919,20,13,0,2026-07-24T16:00:52+00:00,WH-01,completed,4
ORD-002853,Plant-17,CH-6959-2723,118,92,0,2026-07-23T01:00:52+00:00,WH-02,in_progress,2
ORD-002854,Plant-12,CH-9538-111,10,8,0,2026-07-24T23:00:52+00:00,WH-01,in_progress,6
ORD-002855,Plant-35,IN-7429-3693,50,4,0,2026-07-20T18:00:52+00:00,WH-01,pending,9
ORD-002856,Plant-27,IN-1532-525,105,76,0,2026-07-22T19:00:52+00:00,WH-02,completed,9
ORD-002857,Plant-42,PO-5349-055,88,5,0,2026-07-21T15:00:52+00:00,WH-02,pending,7
ORD-002858,Plant-03,FL-9107-2289,41,9,0,2026-07-25T06:00:52+00:00,WH-01,pending,2
ORD-002859,Plant-45,PO-1128-782,12,12,0,2026-07-25T01:00:52+00:00,WH-01,pending,1
ORD-002860,Plant-21,CH-8491-4165,101,61,0,2026-07-22T21:00:52+00:00,WH-01,pending,8
ORD-002861,Plant-39,IN-8200-1263,89,76,0,2026-07-25T09:00:52+00:00,WH-02,pending,3
ORD-002862,Plant-41,FL-3558-816,76,48,0,2026-07-19T19:00:52+00:00,WH-01,in_progress,1
ORD-002863,Plant-24,FL-1228-3258,144,64,0,2026-07-26T06:00:52+00:00,WH-01,completed,3
ORD-002864,Plant-47,EL-9196-4104,60,28,0,2026-07-22T10:00:52+00:00,WH-01,in_progress,2
ORD-002865,Plant-01,EL-8615-1657,128,87,0,2026-07-22T17:00:52+00:00,WH-01,completed,9
ORD-002866,Plant-06,CH-8260-1715,132,72,0,2026-07-21T23:00:52+00:00,WH-01,in_progress,9
ORD-002867,Plant-28,CH-1656-3631,13,5,0,2026-07-20T17:00:52+00:00,WH-01,pending,6
ORD-002868,Plant-46,IN-8976-3340,148,70,0,2026-07-24T00:00:52+00:00,WH-02,pending,9
ORD-002869,Plant-04,EL-1830-3778,64,32,0,2026-07-26T09:00:52+00:00,WH-02,in_progress,9
ORD-002870,Plant-48,EL-3946-2305,129,99,0,2026-07-20T19:00:52+00:00,WH-02,pending,7
ORD-002871,Plant-18,EL-9551-2887,137,41,0,2026-07-24T13:00:52+00:00,WH-01,in_progress,1
ORD-002872,Plant-06,FL-7076-3868,49,38,0,2026-07-21T09:00:52+00:00,WH-02,completed,1
ORD-002873,Plant-20,PO-3124-4261,39,37,0,2026-07-21T18:00:52+00:00,WH-02,completed,10
ORD-002874,Plant-34,EL-4903-3299,65,42,0,2026-07-22T21:00:52+00:00,WH-02,in_progress,8
ORD-002875,Plant-37,IN-9514-2508,125,7,0,2026-07-25T00:00:52+00:00,WH-02,pending,3
ORD-002876,Plant-38,EL-7457-1049,16,16,0,2026-07-21T05:00:52+00:00,WH-02,pending,8
ORD-002877,Plant-46,EL-8849-2743,138,28,0,2026-07-20T10:00:52+00:00,WH-01,pending,6
ORD-002878,Plant-17,CH-9082-2363,130,81,0,2026-07-24T22:00:52+00:00,WH-01,completed,9
ORD-002879,Plant-39,FL-9740-2881,14,4,0,2026-07-26T09:00:52+00:00,WH-02,in_progress,7
ORD-002880,Plant-17,PO-6624-1386,19,6,0,2026-07-24T11:00:52+00:00,WH-01,in_progress,9
ORD-002881,Plant-20,EL-2834-1736,42,18,0,2026-07-23T04:00:52+00:00,WH-01,completed,6
ORD-002882,Plant-44,FL-8824-1951,102,51,0,2026-07-20T16:00:52+00:00,WH-01,in_progress,4
ORD-002883,Plant-21,EL-5590-827,60,41,0,2026-07-22T11:00:52+00:00,WH-01,pending,4
ORD-002884,Plant-10,FL-3659-3619,115,113,0,2026-07-20T12:00:52+00:00,WH-02,in_progress,9
ORD-002885,Plant-39,CH-9950-4708,101,33,0,2026-07-25T19:00:52+00:00,WH-02,completed,3
ORD-002886,Plant-16,EL-6151-3953,35,19,0,2026-07-21T07:00:52+00:00,WH-01,in_progress,9
ORD-002887,Plant-35,PO-8648-741,45,34,0,2026-07-20T23:00:52+00:00,WH-01,in_progress,10
ORD-002888,Plant-14,PO-4012-3670,83,52,0,2026-07-20T05:00:52+00:00,WH-01,in_progress,3
ORD-002889,Plant-33,PO-2831-264,57,28,0,2026-07-23T14:00:52+00:00,WH-02,pending,3
ORD-002890,Plant-24,IN-1626-1689,101,32,0,2026-07-22T20:00:52+00:00,WH-02,pending,5
ORD-002891,Plant-21,FL-8104-3639,24,18,0,2026-07-24T03:00:52+00:00,WH-02,in_progress,1
ORD-002892,Plant-37,FL-8904-3447,4,0,0,2026-07-22T18:00:52+00:00,WH-02,completed,10
ORD-002893,Plant-41,EL-1894-3453,122,96,0,2026-07-24T02:00:52+00:00,WH-02,completed,5
ORD-002894,Plant-40,EL-3044-1147,33,21,0,2026-07-24T12:00:52+00:00,WH-02,pending,6
ORD-002895,Plant-25,FL-4393-4438,110,23,0,2026-07-19T19:00:52+00:00,WH-02,pending,8
ORD-002896,Plant-31,EL-5387-3518,147,64,0,2026-07-22T05:00:52+00:00,WH-02,pending,7
ORD-002897,Plant-16,CH-4828-3214,143,131,0,2026-07-21T10:00:52+00:00,WH-02,pending,6
ORD-002898,Plant-36,FL-7746-3357,46,7,0,2026-07-23T13:00:52+00:00,WH-01,completed,6
ORD-002899,Plant-27,PO-3918-3916,131,16,0,2026-07-22T23:00:52+00:00,WH-02,in_progress,3
ORD-002900,Plant-01,IN-2672-3221,92,3,0,2026-07-26T06:00:52+00:00,WH-01,pending,10
ORD-002901,Plant-30,FL-8606-620,135,132,0,2026-07-22T15:00:52+00:00,WH-01,in_progress,8
ORD-002902,Plant-02,IN-2324-3883,81,80,0,2026-07-24T19:00:52+00:00,WH-01,in_progress,3
ORD-002903,Plant-36,PO-7068-2411,72,59,0,2026-07-24T19:00:52+00:00,WH-01,in_progress,7
ORD-002904,Plant-01,EL-3085-682,71,24,0,2026-07-24T06:00:52+00:00,WH-02,pending,10
ORD-002905,Plant-16,PO-6388-956,130,109,0,2026-07-21T22:00:52+00:00,WH-01,completed,6
ORD-002906,Plant-18,CH-4204-2109,149,137,0,2026-07-26T17:00:52+00:00,WH-01,completed,2
ORD-002907,Plant-41,EL-9954-882,47,1,0,2026-07-24T09:00:52+00:00,WH-02,in_progress,1
ORD-002908,Plant-43,IN-8758-446,137,17,0,2026-07-25T07:00:52+00:00,WH-02,in_progress,8
ORD-002909,Plant-37,EL-8683-4927,138,121,0,2026-07-19T20:00:52+00:00,WH-01,in_progress,8
ORD-002910,Plant-12,IN-1907-2787,115,74,0,2026-07-26T01:00:52+00:00,WH-01,completed,5
ORD-002911,Plant-09,CH-7870-577,74,53,0,2026-07-24T13:00:52+00:00,WH-02,in_progress,2
ORD-002912,Plant-24,CH-5719-3232,110,39,0,2026-07-21T23:00:52+00:00,WH-02,pending,4
ORD-002913,Plant-35,EL-2898-4471,67,37,0,2026-07-24T19:00:52+00:00,WH-01,in_progress,9
ORD-002914,Plant-28,PO-4987-928,34,9,0,2026-07-24T06:00:52+00:00,WH-01,in_progress,3
ORD-002915,Plant-34,FL-6067-4848,142,10,0,2026-07-22T06:00:52+00:00,WH-02,pending,5
ORD-002916,Plant-42,FL-1441-2880,111,21,0,2026-07-22T02:00:52+00:00,WH-01,completed,3
ORD-002917,Plant-07,IN-8835-4236,148,116,0,2026-07-24T12:00:52+00:00,WH-02,completed,6
ORD-002918,Plant-05,EL-9969-3362,48,45,0,2026-07-21T19:00:52+00:00,WH-02,completed,5
ORD-002919,Plant-10,PO-2980-1477,130,92,0,2026-07-26T06:00:52+00:00,WH-01,completed,1
ORD-002920,Plant-22,EL-2424-812,56,50,0,2026-07-19T20:00:52+00:00,WH-02,pending,5
ORD-002921,Plant-14,FL-2434-1250,33,21,0,2026-07-22T10:00:52+00:00,WH-01,in_progress,7
ORD-002922,Plant-11,FL-4390-3995,26,19,0,2026-07-24T20:00:52+00:00,WH-01,completed,7
ORD-002923,Plant-46,FL-2331-2675,136,60,0,2026-07-25T12:00:52+00:00,WH-01,pending,10
ORD-002924,Plant-04,FL-4155-2941,38,34,0,2026-07-23T10:00:52+00:00,WH-01,pending,6
ORD-002925,Plant-11,PO-4665-4648,108,65,0,2026-07-26T15:00:52+00:00,WH-02,completed,7
ORD-002926,Plant-05,IN-2379-1934,14,6,0,2026-07-21T10:00:52+00:00,WH-01,completed,9
ORD-002927,Plant-31,FL-1527-1016,73,59,0,2026-07-20T08:00:52+00:00,WH-02,completed,1
ORD-002928,Plant-18,PO-8856-2395,122,106,0,2026-07-22T16:00:52+00:00,WH-02,in_progress,1
ORD-002929,Plant-10,IN-8435-2425,40,37,0,2026-07-26T14:00:52+00:00,WH-02,pending,8
ORD-002930,Plant-11,EL-7269-1924,14,4,0,2026-07-24T10:00:52+00:00,WH-01,pending,10
ORD-002931,Plant-31,PO-6032-2529,13,1,0,2026-07-22T22:00:52+00:00,WH-02,completed,7
ORD-002932,Plant-22,FL-8298-2763,38,38,0,2026-07-24T05:00:52+00:00,WH-02,completed,5
ORD-002933,Plant-02,FL-9268-2913,25,16,0,2026-07-26T11:00:52+00:00,WH-01,in_progress,10
ORD-002934,Plant-11,FL-9458-3889,13,12,0,2026-07-21T02:00:52+00:00,WH-01,pending,3
ORD-002935,Plant-37,IN-3863-2102,39,28,0,2026-07-22T02:00:52+00:00,WH-02,in_progress,5
ORD-002936,Plant-07,IN-9476-1548,29,6,0,2026-07-22T02:00:52+00:00,WH-02,pending,1
ORD-002937,Plant-06,IN-6857-4880,106,8,0,2026-07-25T09:00:52+00:00,WH-02,in_progress,5
ORD-002938,Plant-38,FL-8889-1204,103,75,0,2026-07-19T21:00:52+00:00,WH-01,completed,7
ORD-002939,Plant-16,EL-2850-1710,68,5,0,2026-07-23T09:00:52+00:00,WH-02,pending,8
ORD-002940,Plant-12,FL-6065-3982,51,2,0,2026-07-22T14:00:52+00:00,WH-02,in_progress,3
ORD-002941,Plant-21,EL-6298-1846,38,23,0,2026-07-24T01:00:52+00:00,WH-01,pending,5
ORD-002942,Plant-34,IN-9708-3547,29,11,0,2026-07-21T01:00:52+00:00,WH-02,pending,9
ORD-002943,Plant-38,FL-9061-2028,50,41,0,2026-07-21T09:00:52+00:00,WH-02,completed,8
ORD-002944,Plant-44,CH-8226-002,125,90,0,2026-07-24T10:00:52+00:00,WH-02,pending,7
ORD-002945,Plant-30,IN-6944-4298,69,6,0,2026-07-25T21:00:52+00:00,WH-01,pending,9
ORD-002946,Plant-46,FL-1262-4025,86,48,0,2026-07-21T06:00:52+00:00,WH-02,completed,2
ORD-002947,Plant-11,EL-9546-4951,133,83,0,2026-07-20T04:00:52+00:00,WH-01,in_progress,3
ORD-002948,Plant-05,EL-6682-3769,121,81,0,2026-07-24T21:00:52+00:00,WH-02,pending,5
ORD-002949,Plant-43,PO-8196-2306,146,64,0,2026-07-20T04:00:52+00:00,WH-02,pending,10
ORD-002950,Plant-27,IN-5618-2548,140,98,0,2026-07-23T18:00:52+00:00,WH-02,completed,4
ORD-002951,Plant-29,IN-2729-1819,132,10,0,2026-07-25T17:00:52+00:00,WH-02,pending,3
ORD-002952,Plant-23,CH-8022-937,4,0,0,2026-07-21T04:00:52+00:00,WH-01,completed,9
ORD-002953,Plant-30,PO-3881-1203,70,51,0,2026-07-22T22:00:52+00:00,WH-02,in_progress,9
ORD-002954,Plant-19,FL-9033-668,117,89,0,2026-07-22T12:00:52+00:00,WH-01,pending,5
ORD-002955,Plant-36,CH-5150-2936,133,42,0,2026-07-25T09:00:52+00:00,WH-01,in_progress,3
ORD-002956,Plant-33,EL-3000-4713,117,108,0,2026-07-26T16:00:52+00:00,WH-02,completed,9
ORD-002957,Plant-19,EL-3946-3321,140,123,0,2026-07-26T10:00:52+00:00,WH-02,in_progress,7
ORD-002958,Plant-15,PO-7531-1038,121,105,0,2026-07-20T22:00:52+00:00,WH-02,pending,10
ORD-002959,Plant-33,FL-9824-2790,30,15,0,2026-07-21T06:00:52+00:00,WH-02,pending,7
ORD-002960,Plant-09,FL-6795-4792,150,91,0,2026-07-26T13:00:52+00:00,WH-02,completed,7
ORD-002961,Plant-15,PO-6072-3377,27,21,0,2026-07-23T05:00:52+00:00,WH-01,in_progress,1
ORD-002962,Plant-41,PO-2399-1040,43,26,0,2026-07-23T16:00:52+00:00,WH-01,pending,6
ORD-002963,Plant-41,PO-3482-1626,89,60,0,2026-07-26T13:00:52+00:00,WH-02,in_progress,2
ORD-002964,Plant-44,PO-3677-3842,105,27,0,2026-07-22T16:00:52+00:00,WH-02,completed,8
ORD-002965,Plant-01,CH-8373-1385,147,6,0,2026-07-21T20:00:52+00:00,WH-01,in_progress,9
ORD-002966,Plant-43,PO-3281-1602,106,88,0,2026-07-22T00:00:52+00:00,WH-02,completed,2
ORD-002967,Plant-43,CH-2670-3782,124,24,0,2026-07-25T15:00:52+00:00,WH-02,pending,7
ORD-002968,Plant-25,PO-5845-3309,104,40,0,2026-07-20T16:00:52+00:00,WH-01,completed,9
ORD-002969,Plant-02,CH-7872-776,112,11,0,2026-07-22T08:00:52+00:00,WH-02,in_progress,4
ORD-002970,Plant-24,PO-9146-3975,118,62,0,2026-07-20T15:00:52+00:00,WH-01,in_progress,5
ORD-002971,Plant-08,EL-8203-1028,24,7,0,2026-07-23T19:00:52+00:00,WH-01,pending,8
ORD-002972,Plant-43,IN-5710-4652,83,35,0,2026-07-23T23:00:52+00:00,WH-01,pending,6
ORD-002973,Plant-43,PO-3288-1514,60,4,0,2026-07-25T00:00:52+00:00,WH-02,in_progress,1
ORD-002974,Plant-08,PO-5290-2048,14,10,0,2026-07-22T15:00:52+00:00,WH-01,completed,6
ORD-002975,Plant-17,FL-8618-348,20,15,0,2026-07-20T07:00:52+00:00,WH-02,in_progress,3
ORD-002976,Plant-47,FL-6054-4231,38,6,0,2026-07-26T17:00:52+00:00,WH-02,in_progress,9
ORD-002977,Plant-15,FL-8526-4499,22,19,0,2026-07-20T12:00:52+00:00,WH-02,pending,8
ORD-002978,Plant-25,EL-8118-3936,148,73,0,2026-07-21T11:00:52+00:00,WH-01,completed,9
ORD-002979,Plant-03,EL-4633-1397,34,14,0,2026-07-23T00:00:52+00:00,WH-01,pending,7
ORD-002980,Plant-40,CH-3802-3341,111,44,0,2026-07-22T15:00:52+00:00,WH-02,in_progress,6
ORD-002981,Plant-10,FL-7179-4942,55,37,0,2026-07-23T11:00:52+00:00,WH-02,pending,5
ORD-002982,Plant-41,EL-1861-733,97,15,0,2026-07-22T21:00:52+00:00,WH-02,completed,7
ORD-002983,Plant-11,PO-3267-3957,49,15,0,2026-07-26T02:00:52+00:00,WH-01,pending,5
ORD-002984,Plant-19,CH-7679-3931,105,64,0,2026-07-23T23:00:52+00:00,WH-01,pending,5
ORD-002985,Plant-08,CH-8974-2917,147,140,0,2026-07-24T22:00:52+00:00,WH-02,completed,5
ORD-002986,Plant-06,PO-1451-4637,58,35,0,2026-07-25T02:00:52+00:00,WH-02,completed,2
ORD-002987,Plant-10,EL-7955-4831,78,18,0,2026-07-21T09:00:52+00:00,WH-01,pending,8
ORD-002988,Plant-41,IN-8615-1067,42,12,0,2026-07-20T10:00:52+00:00,WH-01,completed,8
ORD-002989,Plant-11,PO-6733-3405,40,36,0,2026-07-21T13:00:52+00:00,WH-02,pending,3
ORD-002990,Plant-17,IN-7388-3962,127,95,0,2026-07-25T18:00:52+00:00,WH-02,completed,2
ORD-002991,Plant-23,IN-7126-716,124,107,0,2026-07-20T01:00:52+00:00,WH-02,completed,10
ORD-002992,Plant-27,PO-6997-2935,122,87,0,2026-07-22T12:00:52+00:00,WH-01,in_progress,7
ORD-002993,Plant-08,IN-1626-1689,99,87,0,2026-07-22T14:00:52+00:00,WH-01,pending,6
ORD-002994,Plant-21,CH-7751-3261,106,1,0,2026-07-20T03:00:52+00:00,WH-02,in_progress,1
ORD-002995,Plant-19,FL-6039-3758,47,15,0,2026-07-21T03:00:52+00:00,WH-02,in_progress,2
ORD-002996,Plant-10,PO-8745-4763,103,63,0,2026-07-21T14:00:52+00:00,WH-02,pending,2
ORD-002997,Plant-14,CH-4413-1935,28,23,0,2026-07-23T01:00:52+00:00,WH-02,pending,1
ORD-002998,Plant-18,IN-4092-518,25,5,0,2026-07-21T19:00:52+00:00,WH-02,in_progress,6
ORD-002999,Plant-11,CH-5741-1156,141,70,0,2026-07-23T12:00:52+00:00,WH-02,pending,2
ORD-003000,Plant-07,CH-8084-923,105,38,0,2026-07-20T13:00:52+00:00,WH-01,in_progress,1
ORD-003001,Plant-03,PO-8609-527,98,92,0,2026-07-21T07:00:52+00:00,WH-02,in_progress,2
ORD-003002,Plant-30,FL-4472-4623,67,36,0,2026-07-26T00:00:52+00:00,WH-02,pending,6
ORD-003003,Plant-20,EL-3760-2096,101,20,0,2026-07-26T13:00:52+00:00,WH-01,completed,2
ORD-003004,Plant-32,EL-2857-394,124,99,0,2026-07-22T01:00:52+00:00,WH-01,in_progress,7
ORD-003005,Plant-40,EL-5052-3516,71,69,0,2026-07-24T02:00:52+00:00,WH-02,pending,5
ORD-003006,Plant-10,IN-2827-4473,68,27,0,2026-07-23T07:00:52+00:00,WH-01,pending,9
ORD-003007,Plant-19,CH-9227-3972,7,0,0,2026-07-25T01:00:52+00:00,WH-01,in_progress,4
ORD-003008,Plant-33,PO-6712-2615,139,92,0,2026-07-20T21:00:52+00:00,WH-02,in_progress,10
ORD-003009,Plant-04,IN-3965-591,129,78,0,2026-07-23T01:00:52+00:00,WH-02,completed,1
ORD-003010,Plant-02,IN-6400-2254,92,13,0,2026-07-21T23:00:52+00:00,WH-02,in_progress,10
ORD-003011,Plant-21,PO-7154-3926,101,59,0,2026-07-21T05:00:52+00:00,WH-01,completed,2
ORD-003012,Plant-39,IN-1957-1834,138,74,0,2026-07-23T21:00:52+00:00,WH-02,completed,1
ORD-003013,Plant-18,PO-8619-3035,81,1,0,2026-07-22T18:00:52+00:00,WH-01,in_progress,7
ORD-003014,Plant-34,IN-9914-4995,63,42,0,2026-07-25T17:00:52+00:00,WH-01,pending,3
ORD-003015,Plant-24,EL-6448-3335,40,17,0,2026-07-21T08:00:52+00:00,WH-01,completed,2
ORD-003016,Plant-18,CH-7689-3231,134,75,0,2026-07-19T22:00:52+00:00,WH-02,completed,4
ORD-003017,Plant-26,FL-4790-3886,148,94,0,2026-07-22T05:00:52+00:00,WH-02,pending,4
ORD-003018,Plant-29,FL-1653-268,145,11,0,2026-07-19T23:00:52+00:00,WH-02,completed,8
ORD-003019,Plant-07,PO-7672-2060,73,37,0,2026-07-24T13:00:52+00:00,WH-01,completed,8
ORD-003020,Plant-23,FL-9531-1071,30,0,0,2026-07-26T11:00:52+00:00,WH-02,pending,9
ORD-003021,Plant-45,EL-6855-2191,144,7,0,2026-07-22T07:00:52+00:00,WH-02,pending,7
ORD-003022,Plant-41,EL-1979-2140,27,20,0,2026-07-20T21:00:52+00:00,WH-02,completed,5
ORD-003023,Plant-40,IN-5225-639,85,31,0,2026-07-24T12:00:52+00:00,WH-02,completed,4
ORD-003024,Plant-18,EL-8751-2355,132,125,0,2026-07-21T06:00:52+00:00,WH-01,in_progress,2
ORD-003025,Plant-23,PO-4283-2161,117,10,0,2026-07-25T22:00:52+00:00,WH-01,pending,3
ORD-003026,Plant-29,CH-4651-4647,54,49,0,2026-07-23T15:00:52+00:00,WH-02,in_progress,9
ORD-003027,Plant-37,PO-9384-2759,108,69,0,2026-07-25T04:00:52+00:00,WH-02,completed,4
ORD-003028,Plant-12,EL-6043-2235,53,35,0,2026-07-20T01:00:52+00:00,WH-02,pending,7
ORD-003029,Plant-38,EL-3509-1245,37,22,0,2026-07-22T08:00:52+00:00,WH-01,pending,1
ORD-003030,Plant-09,CH-7387-4080,125,95,0,2026-07-23T02:00:52+00:00,WH-02,pending,6
ORD-003031,Plant-30,IN-5085-1258,72,67,0,2026-07-26T10:00:52+00:00,WH-01,completed,10
ORD-003032,Plant-06,FL-9412-1739,72,62,0,2026-07-24T13:00:52+00:00,WH-01,completed,2
ORD-003033,Plant-34,IN-2451-480,20,7,0,2026-07-26T16:00:52+00:00,WH-01,in_progress,2
ORD-003034,Plant-46,EL-8920-3706,68,60,0,2026-07-21T23:00:52+00:00,WH-02,completed,9
ORD-003035,Plant-06,PO-3606-4697,8,0,0,2026-07-20T18:00:52+00:00,WH-02,pending,7
ORD-003036,Plant-20,CH-7902-2934,128,71,0,2026-07-23T09:00:52+00:00,WH-01,pending,10
ORD-003037,Plant-44,EL-2698-4907,4,0,0,2026-07-23T23:00:52+00:00,WH-01,in_progress,10
ORD-003038,Plant-18,PO-6278-714,12,6,0,2026-07-22T18:00:52+00:00,WH-01,completed,1
ORD-003039,Plant-30,PO-6857-3088,146,124,0,2026-07-23T03:00:52+00:00,WH-02,in_progress,5
ORD-003040,Plant-36,IN-4613-125,112,68,0,2026-07-21T13:00:52+00:00,WH-01,pending,10
ORD-003041,Plant-28,IN-4275-4393,117,116,0,2026-07-24T08:00:52+00:00,WH-01,completed,9
ORD-003042,Plant-12,IN-8216-1772,43,27,0,2026-07-25T23:00:52+00:00,WH-02,completed,3
ORD-003043,Plant-22,CH-7341-427,125,42,0,2026-07-24T02:00:52+00:00,WH-02,completed,1
ORD-003044,Plant-20,PO-6665-2960,101,56,0,2026-07-20T02:00:52+00:00,WH-02,in_progress,5
ORD-003045,Plant-03,IN-7978-3874,88,6,0,2026-07-20T03:00:52+00:00,WH-01,pending,9
ORD-003046,Plant-43,IN-7325-634,44,4,0,2026-07-25T12:00:52+00:00,WH-01,completed,9
ORD-003047,Plant-20,IN-4716-072,147,69,0,2026-07-21T03:00:52+00:00,WH-02,pending,3
ORD-003048,Plant-27,PO-8719-4390,31,19,0,2026-07-23T18:00:52+00:00,WH-02,in_progress,7
ORD-003049,Plant-47,FL-8758-1144,58,20,0,2026-07-21T13:00:52+00:00,WH-02,completed,4
ORD-003050,Plant-13,PO-5997-3607,99,68,0,2026-07-26T13:00:52+00:00,WH-01,completed,1
ORD-003051,Plant-32,CH-6643-1219,66,14,0,2026-07-20T17:00:52+00:00,WH-02,pending,8
ORD-003052,Plant-11,CH-3148-3749,122,15,0,2026-07-21T15:00:52+00:00,WH-01,pending,3
ORD-003053,Plant-45,CH-4898-1400,135,40,0,2026-07-22T09:00:52+00:00,WH-02,in_progress,5
ORD-003054,Plant-41,CH-5044-969,28,0,0,2026-07-20T10:00:52+00:00,WH-02,pending,1
ORD-003055,Plant-35,EL-3598-4449,135,50,0,2026-07-21T00:00:52+00:00,WH-01,in_progress,2
ORD-003056,Plant-46,FL-8796-4729,37,2,0,2026-07-26T03:00:52+00:00,WH-02,in_progress,4
ORD-003057,Plant-32,IN-7624-4379,46,17,0,2026-07-22T06:00:52+00:00,WH-02,in_progress,1
ORD-003058,Plant-27,EL-7221-2089,123,19,0,2026-07-26T11:00:52+00:00,WH-01,in_progress,6
ORD-003059,Plant-19,PO-2569-2962,4,4,0,2026-07-26T00:00:52+00:00,WH-01,pending,7
ORD-003060,Plant-41,FL-6847-3203,131,85,0,2026-07-20T09:00:52+00:00,WH-01,pending,7
ORD-003061,Plant-11,PO-1397-1979,62,46,0,2026-07-24T07:00:52+00:00,WH-01,pending,4
ORD-003062,Plant-45,PO-4727-4348,134,25,0,2026-07-22T10:00:52+00:00,WH-02,pending,6
ORD-003063,Plant-34,EL-9607-1717,118,86,0,2026-07-23T04:00:52+00:00,WH-01,in_progress,10
ORD-003064,Plant-36,CH-3493-3117,67,33,0,2026-07-24T12:00:52+00:00,WH-01,in_progress,10
ORD-003065,Plant-10,FL-6614-3912,98,15,0,2026-07-26T03:00:52+00:00,WH-01,in_progress,4
ORD-003066,Plant-15,FL-9302-3274,145,134,0,2026-07-23T13:00:52+00:00,WH-01,in_progress,2
ORD-003067,Plant-24,EL-1487-585,82,68,0,2026-07-26T12:00:52+00:00,WH-02,in_progress,5
ORD-003068,Plant-39,PO-2604-3386,147,87,0,2026-07-25T15:00:52+00:00,WH-01,in_progress,6
ORD-003069,Plant-09,PO-7964-2639,87,0,0,2026-07-26T07:00:52+00:00,WH-01,in_progress,10
ORD-003070,Plant-47,EL-2186-3876,42,0,0,2026-07-20T13:00:52+00:00,WH-01,pending,1
ORD-003071,Plant-03,FL-7855-1793,4,4,0,2026-07-20T10:00:52+00:00,WH-01,pending,3
ORD-003072,Plant-31,CH-1784-1581,48,13,0,2026-07-20T07:00:52+00:00,WH-01,in_progress,7
ORD-003073,Plant-16,PO-6160-963,43,35,0,2026-07-22T16:00:52+00:00,WH-02,pending,1
ORD-003074,Plant-28,IN-4400-3949,11,1,0,2026-07-23T15:00:52+00:00,WH-01,completed,9
ORD-003075,Plant-42,FL-6500-1411,15,1,0,2026-07-25T00:00:52+00:00,WH-02,pending,6
ORD-003076,Plant-43,FL-2868-4946,52,39,0,2026-07-22T15:00:52+00:00,WH-01,completed,5
ORD-003077,Plant-23,IN-1399-2459,117,49,0,2026-07-22T06:00:52+00:00,WH-01,completed,5
ORD-003078,Plant-09,FL-1128-4247,131,77,0,2026-07-24T21:00:52+00:00,WH-02,pending,2
ORD-003079,Plant-33,CH-8138-568,5,3,0,2026-07-25T06:00:52+00:00,WH-01,in_progress,5
ORD-003080,Plant-25,CH-4083-2495,55,8,0,2026-07-20T13:00:52+00:00,WH-02,pending,8
ORD-003081,Plant-35,EL-4358-3394,72,5,0,2026-07-20T07:00:52+00:00,WH-01,completed,6
ORD-003082,Plant-43,IN-8265-1014,125,44,0,2026-07-23T14:00:52+00:00,WH-01,in_progress,8
ORD-003083,Plant-43,IN-7826-1443,74,24,0,2026-07-21T00:00:52+00:00,WH-02,completed,8
ORD-003084,Plant-34,PO-7621-1015,104,93,0,2026-07-25T17:00:52+00:00,WH-01,in_progress,2
ORD-003085,Plant-19,PO-6225-2740,108,44,0,2026-07-22T00:00:52+00:00,WH-02,completed,3
ORD-003086,Plant-33,FL-4400-1731,121,68,0,2026-07-19T19:00:52+00:00,WH-02,in_progress,6
ORD-003087,Plant-27,CH-1840-3237,54,2,0,2026-07-20T20:00:52+00:00,WH-01,completed,2
ORD-003088,Plant-43,PO-4958-997,24,12,0,2026-07-21T00:00:52+00:00,WH-01,in_progress,10
ORD-003089,Plant-29,EL-5354-1803,104,71,0,2026-07-25T05:00:52+00:00,WH-02,completed,2
ORD-003090,Plant-44,IN-6028-4181,114,19,0,2026-07-25T05:00:52+00:00,WH-01,in_progress,10
ORD-003091,Plant-21,FL-9991-4664,30,12,0,2026-07-21T03:00:52+00:00,WH-02,pending,4
ORD-003092,Plant-22,EL-7505-1880,107,48,0,2026-07-23T03:00:52+00:00,WH-01,pending,1
ORD-003093,Plant-26,EL-2387-4607,94,38,0,2026-07-25T17:00:52+00:00,WH-01,completed,10
ORD-003094,Plant-14,EL-7425-4804,63,0,0,2026-07-21T09:00:52+00:00,WH-02,in_progress,1
ORD-003095,Plant-19,CH-5192-830,84,25,0,2026-07-26T03:00:52+00:00,WH-01,completed,3
ORD-003096,Plant-32,EL-9969-3362,26,13,0,2026-07-20T10:00:52+00:00,WH-02,in_progress,7
ORD-003097,Plant-26,CH-3745-2189,135,109,0,2026-07-23T13:00:52+00:00,WH-02,pending,8
ORD-003098,Plant-26,PO-1322-1475,53,18,0,2026-07-25T22:00:52+00:00,WH-01,in_progress,7
ORD-003099,Plant-31,IN-3114-4975,42,30,0,2026-07-21T05:00:52+00:00,WH-01,pending,1
ORD-003100,Plant-18,IN-6857-4880,95,89,0,2026-07-20T08:00:52+00:00,WH-02,completed,7
ORD-003101,Plant-43,CH-1418-1591,60,35,0,2026-07-19T23:00:52+00:00,WH-01,completed,10
ORD-003102,Plant-18,EL-2172-871,6,1,0,2026-07-24T11:00:52+00:00,WH-01,completed,10
ORD-003103,Plant-48,CH-8227-3691,19,14,0,2026-07-24T10:00:52+00:00,WH-01,in_progress,8
ORD-003104,Plant-16,CH-7792-4423,27,6,0,2026-07-20T18:00:52+00:00,WH-02,completed,4
ORD-003105,Plant-01,PO-6451-1232,131,73,0,2026-07-26T09:00:52+00:00,WH-02,pending,4
ORD-003106,Plant-36,EL-5452-3140,83,25,0,2026-07-26T14:00:52+00:00,WH-01,in_progress,1
ORD-003107,Plant-07,CH-9186-200,44,24,0,2026-07-25T08:00:52+00:00,WH-01,completed,6
ORD-003108,Plant-31,CH-4247-4751,134,128,0,2026-07-20T14:00:52+00:00,WH-01,pending,4
ORD-003109,Plant-21,PO-7693-1184,95,2,0,2026-07-24T08:00:52+00:00,WH-02,pending,6
ORD-003110,Plant-26,CH-6302-063,89,49,0,2026-07-21T14:00:52+00:00,WH-01,completed,5
ORD-003111,Plant-26,EL-9081-1010,98,20,0,2026-07-26T17:00:52+00:00,WH-01,pending,9
ORD-003112,Plant-41,IN-7978-3874,65,54,0,2026-07-25T00:00:52+00:00,WH-01,pending,8
ORD-003113,Plant-07,IN-5343-573,115,23,0,2026-07-20T21:00:52+00:00,WH-02,completed,1
ORD-003114,Plant-07,IN-6552-3323,53,30,0,2026-07-22T18:00:52+00:00,WH-01,completed,2
ORD-003115,Plant-28,PO-2619-3987,58,49,0,2026-07-21T10:00:52+00:00,WH-02,pending,7
ORD-003116,Plant-41,EL-7906-515,32,4,0,2026-07-25T15:00:52+00:00,WH-01,completed,1
ORD-003117,Plant-08,PO-4625-1170,146,46,0,2026-07-26T13:00:52+00:00,WH-01,in_progress,7
ORD-003118,Plant-29,PO-3295-1193,134,111,0,2026-07-22T06:00:52+00:00,WH-01,in_progress,2
ORD-003119,Plant-29,EL-3338-3766,65,10,0,2026-07-20T05:00:52+00:00,WH-01,completed,9
ORD-003120,Plant-21,IN-3435-2201,107,100,0,2026-07-25T23:00:52+00:00,WH-01,completed,4
ORD-003121,Plant-15,CH-8022-937,21,10,0,2026-07-23T20:00:52+00:00,WH-02,in_progress,6
ORD-003122,Plant-22,IN-6038-1063,27,1,0,2026-07-19T20:00:52+00:00,WH-01,in_progress,4
ORD-003123,Plant-41,PO-9948-3755,51,50,0,2026-07-21T12:00:52+00:00,WH-02,in_progress,10
ORD-003124,Plant-39,IN-4243-4370,112,4,0,2026-07-26T16:00:52+00:00,WH-02,completed,10
ORD-003125,Plant-24,PO-8284-2761,20,4,0,2026-07-25T21:00:52+00:00,WH-02,completed,7
ORD-003126,Plant-03,IN-6377-2713,91,18,0,2026-07-22T15:00:52+00:00,WH-02,completed,9
ORD-003127,Plant-25,IN-6977-3538,109,35,0,2026-07-25T19:00:52+00:00,WH-02,pending,7
ORD-003128,Plant-11,PO-3323-470,131,112,0,2026-07-23T04:00:52+00:00,WH-01,pending,4
ORD-003129,Plant-37,IN-7095-1754,43,22,0,2026-07-21T17:00:52+00:00,WH-02,completed,5
ORD-003130,Plant-34,FL-6022-522,102,97,0,2026-07-20T13:00:52+00:00,WH-01,completed,7
ORD-003131,Plant-20,FL-4577-230,145,9,0,2026-07-23T19:00:52+00:00,WH-02,completed,5
ORD-003132,Plant-17,IN-7497-3702,105,35,0,2026-07-24T04:00:52+00:00,WH-01,in_progress,9
ORD-003133,Plant-22,EL-4620-3497,23,1,0,2026-07-21T07:00:52+00:00,WH-02,completed,8
ORD-003134,Plant-02,PO-5444-2022,47,42,0,2026-07-21T11:00:52+00:00,WH-01,in_progress,2
ORD-003135,Plant-08,EL-8867-2942,130,90,0,2026-07-23T19:00:52+00:00,WH-01,pending,8
ORD-003136,Plant-09,PO-3406-1322,106,12,0,2026-07-20T19:00:52+00:00,WH-01,in_progress,9
ORD-003137,Plant-10,FL-6065-3982,79,12,0,2026-07-21T07:00:52+00:00,WH-02,in_progress,8
ORD-003138,Plant-41,FL-4180-3800,102,44,0,2026-07-23T08:00:52+00:00,WH-02,completed,3
ORD-003139,Plant-15,IN-7414-729,29,10,0,2026-07-21T08:00:52+00:00,WH-02,pending,1
ORD-003140,Plant-03,IN-8016-4007,129,16,0,2026-07-21T08:00:52+00:00,WH-02,completed,6
ORD-003141,Plant-14,CH-6088-3932,97,74,0,2026-07-20T12:00:52+00:00,WH-02,pending,5
ORD-003142,Plant-03,PO-4060-4921,92,24,0,2026-07-21T07:00:52+00:00,WH-01,pending,4
ORD-003143,Plant-19,EL-7033-3669,86,15,0,2026-07-22T21:00:52+00:00,WH-01,completed,4
ORD-003144,Plant-28,FL-4781-1197,31,14,0,2026-07-22T01:00:52+00:00,WH-02,completed,10
ORD-003145,Plant-40,EL-5860-4967,115,97,0,2026-07-20T11:00:52+00:00,WH-01,in_progress,5
ORD-003146,Plant-15,IN-5552-4131,97,19,0,2026-07-26T14:00:52+00:00,WH-02,completed,10
ORD-003147,Plant-41,FL-1825-423,104,51,0,2026-07-23T00:00:52+00:00,WH-02,pending,4
ORD-003148,Plant-42,FL-3555-2851,33,16,0,2026-07-20T02:00:52+00:00,WH-02,completed,5
ORD-003149,Plant-34,PO-7888-3277,63,47,0,2026-07-19T20:00:52+00:00,WH-02,pending,8
ORD-003150,Plant-11,FL-7204-2032,31,7,0,2026-07-24T15:00:52+00:00,WH-01,in_progress,9
ORD-003151,Plant-23,EL-9556-4511,113,19,0,2026-07-24T00:00:52+00:00,WH-02,pending,1
ORD-003152,Plant-11,FL-6109-2345,56,25,0,2026-07-25T18:00:52+00:00,WH-01,pending,10
ORD-003153,Plant-39,PO-4781-3141,16,15,0,2026-07-23T15:00:52+00:00,WH-02,completed,4
ORD-003154,Plant-30,FL-4291-3498,96,80,0,2026-07-24T13:00:52+00:00,WH-02,completed,3
ORD-003155,Plant-09,FL-2203-4911,120,26,0,2026-07-20T22:00:52+00:00,WH-02,pending,2
ORD-003156,Plant-48,IN-6487-107,23,17,0,2026-07-25T16:00:52+00:00,WH-02,completed,9
ORD-003157,Plant-37,PO-6547-4014,15,8,0,2026-07-22T12:00:52+00:00,WH-01,in_progress,1
ORD-003158,Plant-09,FL-1081-4617,101,4,0,2026-07-20T16:00:52+00:00,WH-02,pending,6
ORD-003159,Plant-16,PO-7753-2129,126,90,0,2026-07-24T13:00:52+00:00,WH-01,in_progress,1
ORD-003160,Plant-10,PO-4205-510,92,67,0,2026-07-23T09:00:52+00:00,WH-01,completed,5
ORD-003161,Plant-01,IN-7211-849,5,4,0,2026-07-26T05:00:52+00:00,WH-02,in_progress,7
ORD-003162,Plant-18,IN-8146-2273,78,66,0,2026-07-20T15:00:52+00:00,WH-02,in_progress,2
ORD-003163,Plant-21,EL-6474-3578,149,120,0,2026-07-23T17:00:52+00:00,WH-02,completed,9
ORD-003164,Plant-07,FL-5128-4662,140,117,0,2026-07-26T02:00:52+00:00,WH-01,completed,7
ORD-003165,Plant-21,IN-6990-3009,85,25,0,2026-07-23T01:00:52+00:00,WH-02,pending,7
ORD-003166,Plant-16,IN-2477-3364,73,49,0,2026-07-26T03:00:52+00:00,WH-01,completed,7
ORD-003167,Plant-15,CH-9641-2402,80,77,0,2026-07-22T03:00:52+00:00,WH-01,completed,5
ORD-003168,Plant-37,EL-6722-060,46,5,0,2026-07-20T08:00:52+00:00,WH-02,pending,6
ORD-003169,Plant-18,PO-4190-2896,6,6,0,2026-07-22T08:00:52+00:00,WH-02,in_progress,8
ORD-003170,Plant-04,IN-7818-3387,80,70,0,2026-07-22T08:00:52+00:00,WH-01,completed,7
ORD-003171,Plant-32,FL-1123-2329,71,41,0,2026-07-26T10:00:52+00:00,WH-01,in_progress,5
ORD-003172,Plant-11,IN-8481-3555,104,86,0,2026-07-24T22:00:52+00:00,WH-01,pending,9
ORD-003173,Plant-43,IN-3731-3709,122,20,0,2026-07-21T05:00:52+00:00,WH-02,pending,1
ORD-003174,Plant-31,FL-8376-674,149,41,0,2026-07-22T04:00:52+00:00,WH-01,pending,2
ORD-003175,Plant-25,FL-7905-1892,143,73,0,2026-07-19T23:00:52+00:00,WH-01,pending,7
ORD-003176,Plant-14,EL-6991-3527,19,6,0,2026-07-21T18:00:52+00:00,WH-01,pending,9
ORD-003177,Plant-12,CH-2596-156,142,48,0,2026-07-22T09:00:52+00:00,WH-01,pending,8
ORD-003178,Plant-27,CH-2350-586,74,27,0,2026-07-19T21:00:52+00:00,WH-01,pending,7
ORD-003179,Plant-01,PO-6159-493,80,28,0,2026-07-26T11:00:52+00:00,WH-01,in_progress,5
ORD-003180,Plant-44,PO-7573-2133,29,22,0,2026-07-22T13:00:52+00:00,WH-02,pending,4
ORD-003181,Plant-04,FL-3715-542,5,5,0,2026-07-22T17:00:52+00:00,WH-01,in_progress,5
ORD-003182,Plant-43,PO-4320-4376,38,24,0,2026-07-22T10:00:52+00:00,WH-02,in_progress,1
ORD-003183,Plant-03,PO-4288-4217,126,73,0,2026-07-22T02:00:52+00:00,WH-02,in_progress,8
ORD-003184,Plant-23,CH-2596-156,145,86,0,2026-07-24T17:00:52+00:00,WH-01,completed,2
ORD-003185,Plant-32,PO-7448-114,102,101,0,2026-07-23T01:00:52+00:00,WH-01,pending,10
ORD-003186,Plant-28,PO-4449-927,35,20,0,2026-07-25T12:00:52+00:00,WH-02,completed,9
ORD-003187,Plant-39,EL-7647-2271,124,92,0,2026-07-23T04:00:52+00:00,WH-02,pending,4
ORD-003188,Plant-24,FL-9412-1739,79,0,0,2026-07-26T01:00:52+00:00,WH-02,in_progress,9
ORD-003189,Plant-42,CH-8433-3504,53,8,0,2026-07-20T10:00:52+00:00,WH-02,completed,8
ORD-003190,Plant-45,FL-4956-1023,145,18,0,2026-07-26T17:00:52+00:00,WH-02,pending,5
ORD-003191,Plant-39,CH-6858-3296,114,48,0,2026-07-25T23:00:52+00:00,WH-02,pending,10
ORD-003192,Plant-44,EL-2912-2707,7,4,0,2026-07-20T11:00:52+00:00,WH-01,completed,5
ORD-003193,Plant-46,CH-8086-3514,94,32,0,2026-07-26T08:00:52+00:00,WH-02,pending,6
ORD-003194,Plant-16,FL-9424-4670,37,26,0,2026-07-26T06:00:52+00:00,WH-01,completed,4
ORD-003195,Plant-01,CH-7040-2836,16,3,0,2026-07-23T02:00:52+00:00,WH-01,in_progress,6
ORD-003196,Plant-24,PO-2709-3840,116,15,0,2026-07-20T21:00:52+00:00,WH-02,in_progress,3
ORD-003197,Plant-16,PO-8195-628,67,31,0,2026-07-25T21:00:52+00:00,WH-01,pending,3
ORD-003198,Plant-43,PO-8275-1099,103,68,0,2026-07-20T10:00:52+00:00,WH-02,completed,4
ORD-003199,Plant-42,EL-6416-4518,36,2,0,2026-07-21T03:00:52+00:00,WH-01,pending,2
ORD-003200,Plant-19,PO-7448-114,43,11,0,2026-07-25T07:00:52+00:00,WH-02,completed,9
ORD-003201,Plant-22,IN-7620-3481,113,27,0,2026-07-23T09:00:52+00:00,WH-02,completed,10
ORD-003202,Plant-01,IN-7493-3594,87,15,0,2026-07-24T13:00:52+00:00,WH-02,pending,7
ORD-003203,Plant-23,CH-5861-4901,52,16,0,2026-07-19T23:00:52+00:00,WH-01,completed,9
ORD-003204,Plant-07,CH-2890-190,145,32,0,2026-07-21T11:00:52+00:00,WH-01,completed,7
ORD-003205,Plant-34,FL-4291-3498,16,16,0,2026-07-25T17:00:52+00:00,WH-01,in_progress,7
ORD-003206,Plant-01,FL-7996-2407,13,3,0,2026-07-22T03:00:52+00:00,WH-01,pending,2
ORD-003207,Plant-26,EL-1122-3741,135,56,0,2026-07-23T13:00:52+00:00,WH-02,in_progress,8
ORD-003208,Plant-09,CH-3769-3762,150,64,0,2026-07-26T02:00:52+00:00,WH-02,completed,1
ORD-003209,Plant-08,CH-9680-2544,36,7,0,2026-07-21T02:00:52+00:00,WH-01,completed,8
ORD-003210,Plant-42,IN-8135-4441,63,14,0,2026-07-19T18:00:52+00:00,WH-01,pending,1
ORD-003211,Plant-17,FL-1103-4684,143,140,0,2026-07-20T16:00:52+00:00,WH-02,pending,10
ORD-003212,Plant-42,CH-7341-427,87,76,0,2026-07-24T04:00:52+00:00,WH-01,in_progress,6
ORD-003213,Plant-32,FL-1618-318,33,7,0,2026-07-25T19:00:52+00:00,WH-02,in_progress,5
ORD-003214,Plant-30,IN-3410-3937,127,80,0,2026-07-26T13:00:52+00:00,WH-01,pending,5
ORD-003215,Plant-29,FL-6054-4231,102,3,0,2026-07-22T04:00:52+00:00,WH-02,completed,8
ORD-003216,Plant-42,FL-8796-4729,104,24,0,2026-07-20T12:00:52+00:00,WH-01,in_progress,5
ORD-003217,Plant-41,IN-6871-4085,7,7,0,2026-07-20T21:00:52+00:00,WH-02,completed,4
ORD-003218,Plant-39,EL-2677-991,28,20,0,2026-07-24T10:00:52+00:00,WH-01,in_progress,1
ORD-003219,Plant-45,CH-8656-218,115,4,0,2026-07-24T13:00:52+00:00,WH-02,completed,3
ORD-003220,Plant-47,FL-6451-4959,9,0,0,2026-07-23T10:00:52+00:00,WH-02,pending,7
ORD-003221,Plant-23,PO-7509-4071,65,46,0,2026-07-25T17:00:52+00:00,WH-01,completed,8
ORD-003222,Plant-05,PO-8196-2306,54,29,0,2026-07-25T15:00:52+00:00,WH-01,completed,6
ORD-003223,Plant-38,CH-5996-4021,82,18,0,2026-07-21T08:00:52+00:00,WH-01,completed,8
ORD-003224,Plant-40,EL-6245-4746,101,5,0,2026-07-22T08:00:52+00:00,WH-02,in_progress,5
ORD-003225,Plant-04,IN-1767-2799,51,0,0,2026-07-21T13:00:52+00:00,WH-01,in_progress,1
ORD-003226,Plant-36,FL-2014-050,69,12,0,2026-07-26T17:00:52+00:00,WH-01,pending,4
ORD-003227,Plant-37,EL-9225-1070,135,27,0,2026-07-22T15:00:52+00:00,WH-01,in_progress,6
ORD-003228,Plant-40,PO-1110-2177,74,57,0,2026-07-24T05:00:52+00:00,WH-02,pending,8
ORD-003229,Plant-46,IN-1899-1332,49,41,0,2026-07-24T21:00:52+00:00,WH-01,pending,9
ORD-003230,Plant-36,CH-7735-1133,30,15,0,2026-07-23T22:00:52+00:00,WH-02,pending,6
ORD-003231,Plant-11,IN-9772-2964,137,27,0,2026-07-21T19:00:52+00:00,WH-01,in_progress,3
ORD-003232,Plant-45,FL-3962-4004,90,71,0,2026-07-26T01:00:52+00:00,WH-01,completed,7
ORD-003233,Plant-17,PO-7464-2594,123,38,0,2026-07-23T08:00:52+00:00,WH-01,in_progress,5
ORD-003234,Plant-04,CH-5568-4436,123,108,0,2026-07-20T21:00:52+00:00,WH-02,completed,5
ORD-003235,Plant-19,FL-6676-2574,32,22,0,2026-07-26T12:00:52+00:00,WH-02,completed,2
ORD-003236,Plant-04,PO-3368-3947,99,44,0,2026-07-24T00:00:52+00:00,WH-01,pending,6
ORD-003237,Plant-18,FL-9104-3542,94,9,0,2026-07-26T15:00:52+00:00,WH-02,in_progress,8
ORD-003238,Plant-21,PO-5559-2764,55,52,0,2026-07-26T13:00:52+00:00,WH-02,pending,6
ORD-003239,Plant-02,PO-9421-1406,11,9,0,2026-07-26T13:00:52+00:00,WH-01,completed,2
ORD-003240,Plant-31,CH-7353-244,133,78,0,2026-07-26T07:00:52+00:00,WH-01,completed,8
ORD-003241,Plant-03,EL-4449-4558,24,15,0,2026-07-23T23:00:52+00:00,WH-01,completed,5
ORD-003242,Plant-15,PO-7598-3525,53,9,0,2026-07-22T18:00:52+00:00,WH-01,pending,5
ORD-003243,Plant-37,CH-4002-3161,82,55,0,2026-07-25T05:00:52+00:00,WH-01,in_progress,7
ORD-003244,Plant-37,EL-1448-401,115,56,0,2026-07-23T14:00:52+00:00,WH-01,pending,1
ORD-003245,Plant-33,CH-7077-1236,70,34,0,2026-07-25T06:00:52+00:00,WH-02,pending,8
ORD-003246,Plant-03,CH-9324-2975,41,28,0,2026-07-21T18:00:52+00:00,WH-02,in_progress,8
ORD-003247,Plant-27,FL-5610-4496,142,48,0,2026-07-22T11:00:52+00:00,WH-02,completed,5
ORD-003248,Plant-19,CH-2896-979,118,117,0,2026-07-24T03:00:52+00:00,WH-02,completed,8
ORD-003249,Plant-34,CH-7271-4947,140,137,0,2026-07-20T22:00:52+00:00,WH-01,in_progress,6
ORD-003250,Plant-31,IN-9258-3464,49,4,0,2026-07-23T18:00:52+00:00,WH-02,completed,1
ORD-003251,Plant-22,EL-7081-1904,87,39,0,2026-07-25T22:00:52+00:00,WH-02,in_progress,6
ORD-003252,Plant-24,PO-5991-1135,97,82,0,2026-07-22T11:00:52+00:00,WH-02,completed,10
ORD-003253,Plant-12,CH-3886-967,18,11,0,2026-07-20T03:00:52+00:00,WH-02,pending,8
ORD-003254,Plant-23,EL-5555-4230,16,9,0,2026-07-24T11:00:52+00:00,WH-02,in_progress,10
ORD-003255,Plant-33,EL-3394-3940,127,72,0,2026-07-22T10:00:52+00:00,WH-01,pending,10
ORD-003256,Plant-48,FL-4976-3126,83,0,0,2026-07-20T23:00:52+00:00,WH-02,pending,5
ORD-003257,Plant-46,EL-2485-3435,121,37,0,2026-07-26T11:00:52+00:00,WH-02,pending,1
ORD-003258,Plant-46,IN-2537-3094,41,34,0,2026-07-20T03:00:52+00:00,WH-02,in_progress,10
ORD-003259,Plant-10,EL-3100-1993,125,114,0,2026-07-25T02:00:52+00:00,WH-02,in_progress,8
ORD-003260,Plant-28,PO-2580-2269,67,15,0,2026-07-22T15:00:52+00:00,WH-01,in_progress,10
ORD-003261,Plant-40,FL-4408-4976,101,19,0,2026-07-20T10:00:52+00:00,WH-02,in_progress,7
ORD-003262,Plant-38,FL-7709-4737,39,3,0,2026-07-20T11:00:52+00:00,WH-01,completed,10
ORD-003263,Plant-14,FL-9107-2289,106,67,0,2026-07-23T08:00:52+00:00,WH-01,pending,4
ORD-003264,Plant-27,PO-3918-3916,31,2,0,2026-07-22T16:00:52+00:00,WH-01,pending,3
ORD-003265,Plant-33,IN-7230-4439,52,36,0,2026-07-20T17:00:52+00:00,WH-02,pending,10
ORD-003266,Plant-06,EL-2230-127,25,7,0,2026-07-22T18:00:52+00:00,WH-01,completed,4
ORD-003267,Plant-21,FL-1826-2823,45,20,0,2026-07-26T06:00:52+00:00,WH-02,completed,7
ORD-003268,Plant-22,IN-2581-1194,5,1,0,2026-07-21T21:00:52+00:00,WH-02,pending,7
ORD-003269,Plant-30,CH-5318-712,22,6,0,2026-07-22T03:00:52+00:00,WH-01,completed,9
ORD-003270,Plant-16,FL-6192-4498,65,16,0,2026-07-24T11:00:52+00:00,WH-01,completed,8
ORD-003271,Plant-09,PO-2571-165,18,8,0,2026-07-21T05:00:52+00:00,WH-02,in_progress,8
ORD-003272,Plant-08,FL-4642-2509,100,26,0,2026-07-22T16:00:52+00:00,WH-01,completed,8
ORD-003273,Plant-25,PO-2126-2620,56,41,0,2026-07-25T08:00:52+00:00,WH-02,completed,9
ORD-003274,Plant-28,EL-5380-2607,60,35,0,2026-07-23T11:00:52+00:00,WH-01,in_progress,4
ORD-003275,Plant-28,FL-9250-012,93,46,0,2026-07-23T16:00:52+00:00,WH-02,pending,6
ORD-003276,Plant-16,CH-6185-989,69,18,0,2026-07-22T22:00:52+00:00,WH-01,in_progress,5
ORD-003277,Plant-08,PO-5447-044,93,3,0,2026-07-26T10:00:52+00:00,WH-01,completed,5
ORD-003278,Plant-13,EL-4822-552,9,3,0,2026-07-22T02:00:52+00:00,WH-02,completed,7
ORD-003279,Plant-33,FL-7197-2130,73,65,0,2026-07-20T02:00:52+00:00,WH-01,completed,8
ORD-003280,Plant-23,EL-1487-585,26,0,0,2026-07-22T11:00:52+00:00,WH-01,in_progress,3
ORD-003281,Plant-44,PO-2091-3780,119,69,0,2026-07-25T09:00:52+00:00,WH-02,completed,6
ORD-003282,Plant-48,FL-2852-1213,91,42,0,2026-07-20T07:00:52+00:00,WH-02,completed,5
ORD-003283,Plant-35,EL-7764-4512,121,27,0,2026-07-26T16:00:52+00:00,WH-02,in_progress,3
ORD-003284,Plant-42,IN-4091-4411,74,40,0,2026-07-20T05:00:52+00:00,WH-02,completed,3
ORD-003285,Plant-22,IN-7475-1516,117,16,0,2026-07-23T21:00:52+00:00,WH-01,completed,4
ORD-003286,Plant-20,EL-1487-585,62,52,0,2026-07-26T06:00:52+00:00,WH-01,completed,5
ORD-003287,Plant-06,EL-5746-4877,4,3,0,2026-07-23T05:00:52+00:00,WH-01,in_progress,9
ORD-003288,Plant-06,EL-8460-1718,70,12,0,2026-07-21T04:00:52+00:00,WH-01,in_progress,9
ORD-003289,Plant-40,EL-1812-093,68,5,0,2026-07-25T12:00:52+00:00,WH-02,completed,7
ORD-003290,Plant-06,PO-6791-4687,7,6,0,2026-07-21T18:00:52+00:00,WH-02,pending,8
ORD-003291,Plant-25,EL-5042-1393,18,10,0,2026-07-22T17:00:52+00:00,WH-01,completed,8
ORD-003292,Plant-04,PO-1952-3010,134,21,0,2026-07-20T10:00:52+00:00,WH-01,completed,5
ORD-003293,Plant-38,PO-4945-1414,86,9,0,2026-07-22T11:00:52+00:00,WH-02,in_progress,2
ORD-003294,Plant-19,CH-8227-3691,68,49,0,2026-07-26T07:00:52+00:00,WH-01,in_progress,8
ORD-003295,Plant-02,CH-2902-3839,105,99,0,2026-07-22T18:00:52+00:00,WH-02,pending,5
ORD-003296,Plant-26,CH-4911-3369,38,9,0,2026-07-21T04:00:52+00:00,WH-02,completed,4
ORD-003297,Plant-20,EL-8706-4060,129,90,0,2026-07-25T23:00:52+00:00,WH-02,completed,6
ORD-003298,Plant-13,EL-1801-736,27,15,0,2026-07-25T18:00:52+00:00,WH-02,completed,3
ORD-003299,Plant-37,PO-7448-114,142,12,0,2026-07-22T11:00:52+00:00,WH-02,in_progress,3
ORD-003300,Plant-15,CH-3722-3273,44,42,0,2026-07-20T02:00:52+00:00,WH-02,completed,3
ORD-003301,Plant-35,CH-9580-2230,87,32,0,2026-07-24T07:00:52+00:00,WH-02,in_progress,8
ORD-003302,Plant-20,CH-3685-2730,126,43,0,2026-07-25T08:00:52+00:00,WH-01,completed,7
ORD-003303,Plant-46,EL-1443-1810,41,7,0,2026-07-22T11:00:52+00:00,WH-01,completed,10
ORD-003304,Plant-41,FL-2501-3098,100,69,0,2026-07-26T04:00:52+00:00,WH-02,in_progress,4
ORD-003305,Plant-40,IN-9842-4367,87,67,0,2026-07-24T19:00:52+00:00,WH-01,in_progress,8
ORD-003306,Plant-24,CH-9448-3745,131,88,0,2026-07-22T22:00:52+00:00,WH-02,pending,3
ORD-003307,Plant-27,PO-1675-2810,106,9,0,2026-07-25T17:00:52+00:00,WH-01,in_progress,1
ORD-003308,Plant-04,EL-8448-1346,68,5,0,2026-07-26T13:00:52+00:00,WH-02,in_progress,7
ORD-003309,Plant-09,CH-2255-3971,95,82,0,2026-07-20T03:00:52+00:00,WH-01,completed,6
ORD-003310,Plant-32,IN-3721-3662,145,86,0,2026-07-22T06:00:52+00:00,WH-02,completed,8
ORD-003311,Plant-02,CH-5449-3747,137,30,0,2026-07-20T15:00:52+00:00,WH-01,in_progress,7
ORD-003312,Plant-41,IN-1449-213,44,6,0,2026-07-24T18:00:52+00:00,WH-01,pending,4
ORD-003313,Plant-17,FL-5014-570,130,87,0,2026-07-24T10:00:52+00:00,WH-01,pending,9
ORD-003314,Plant-11,EL-9153-2792,92,53,0,2026-07-22T00:00:52+00:00,WH-02,in_progress,9
ORD-003315,Plant-20,IN-3804-1337,60,1,0,2026-07-20T18:00:52+00:00,WH-02,pending,5
ORD-003316,Plant-16,FL-5742-2029,70,40,0,2026-07-24T19:00:52+00:00,WH-01,pending,3
ORD-003317,Plant-40,FL-9170-2311,105,31,0,2026-07-26T03:00:52+00:00,WH-01,pending,7
ORD-003318,Plant-24,FL-5663-1860,34,20,0,2026-07-20T09:00:52+00:00,WH-01,pending,10
ORD-003319,Plant-46,PO-5196-4933,148,140,0,2026-07-26T11:00:52+00:00,WH-02,completed,2
ORD-003320,Plant-36,PO-9902-2684,76,70,0,2026-07-25T07:00:52+00:00,WH-02,pending,2
ORD-003321,Plant-05,IN-1449-213,90,22,0,2026-07-21T04:00:52+00:00,WH-02,completed,6
ORD-003322,Plant-44,IN-9471-421,41,39,0,2026-07-20T23:00:52+00:00,WH-01,in_progress,5
ORD-003323,Plant-43,EL-1951-3002,147,67,0,2026-07-22T17:00:52+00:00,WH-01,in_progress,8
ORD-003324,Plant-13,EL-1276-1163,122,109,0,2026-07-24T11:00:52+00:00,WH-01,in_progress,9
ORD-003325,Plant-01,FL-2882-192,24,12,0,2026-07-21T01:00:52+00:00,WH-02,in_progress,3
ORD-003326,Plant-33,FL-1041-1241,144,69,0,2026-07-26T08:00:52+00:00,WH-01,in_progress,8
ORD-003327,Plant-41,PO-5408-694,53,8,0,2026-07-23T17:00:52+00:00,WH-02,in_progress,9
ORD-003328,Plant-05,PO-8659-3352,145,87,0,2026-07-23T06:00:52+00:00,WH-01,in_progress,9
ORD-003329,Plant-08,IN-1047-161,135,65,0,2026-07-23T14:00:52+00:00,WH-01,pending,1
ORD-003330,Plant-20,EL-9969-3362,146,145,0,2026-07-22T21:00:52+00:00,WH-01,pending,5
ORD-003331,Plant-11,IN-4327-936,107,18,0,2026-07-24T13:00:52+00:00,WH-02,in_progress,3
ORD-003332,Plant-36,EL-2202-1395,22,5,0,2026-07-20T10:00:52+00:00,WH-02,pending,3
ORD-003333,Plant-39,CH-6951-667,67,33,0,2026-07-25T02:00:52+00:00,WH-02,completed,3
ORD-003334,Plant-22,CH-7906-2442,76,36,0,2026-07-20T21:00:52+00:00,WH-02,completed,1
ORD-003335,Plant-17,FL-1312-1852,108,73,0,2026-07-24T01:00:52+00:00,WH-01,pending,10
ORD-003336,Plant-21,CH-6469-4679,121,21,0,2026-07-23T23:00:52+00:00,WH-01,pending,3
ORD-003337,Plant-04,CH-6469-4679,27,19,0,2026-07-26T10:00:52+00:00,WH-02,completed,2
ORD-003338,Plant-24,EL-4449-4558,126,8,0,2026-07-21T14:00:52+00:00,WH-01,pending,1
ORD-003339,Plant-37,EL-5230-4149,94,24,0,2026-07-24T05:00:52+00:00,WH-02,in_progress,2
ORD-003340,Plant-43,IN-6621-1999,77,11,0,2026-07-22T15:00:52+00:00,WH-01,pending,5
ORD-003341,Plant-23,PO-3670-090,126,19,0,2026-07-24T04:00:52+00:00,WH-02,completed,5
ORD-003342,Plant-32,IN-8682-4750,73,25,0,2026-07-23T00:00:52+00:00,WH-01,in_progress,8
ORD-003343,Plant-01,IN-1128-1114,113,44,0,2026-07-21T07:00:52+00:00,WH-01,pending,9
ORD-003344,Plant-05,EL-2686-3463,77,69,0,2026-07-22T11:00:52+00:00,WH-01,in_progress,5
ORD-003345,Plant-16,EL-1812-093,73,6,0,2026-07-21T12:00:52+00:00,WH-01,completed,8
ORD-003346,Plant-02,EL-8210-574,20,10,0,2026-07-25T22:00:52+00:00,WH-01,completed,10
ORD-003347,Plant-16,CH-5506-4711,147,107,0,2026-07-23T19:00:52+00:00,WH-02,completed,5
ORD-003348,Plant-25,CH-9114-2768,65,37,0,2026-07-22T06:00:52+00:00,WH-01,in_progress,1
ORD-003349,Plant-44,PO-8256-3346,123,112,0,2026-07-22T01:00:52+00:00,WH-01,in_progress,8
ORD-003350,Plant-35,CH-5664-4649,37,32,0,2026-07-23T13:00:52+00:00,WH-02,completed,2
ORD-003351,Plant-06,CH-8785-366,55,15,0,2026-07-22T05:00:52+00:00,WH-01,completed,1
ORD-003352,Plant-04,PO-1765-377,132,93,0,2026-07-20T04:00:52+00:00,WH-02,pending,1
ORD-003353,Plant-37,FL-7277-098,22,17,0,2026-07-25T12:00:52+00:00,WH-01,pending,8
ORD-003354,Plant-43,IN-6003-341,49,30,0,2026-07-21T09:00:52+00:00,WH-02,in_progress,8
ORD-003355,Plant-01,EL-4724-1616,10,8,0,2026-07-24T03:00:52+00:00,WH-02,pending,2
ORD-003356,Plant-42,FL-4799-129,147,46,0,2026-07-25T01:00:52+00:00,WH-02,completed,7
ORD-003357,Plant-39,EL-8786-2488,143,59,0,2026-07-23T05:00:52+00:00,WH-02,completed,6
ORD-003358,Plant-15,PO-6301-2408,136,134,0,2026-07-26T17:00:52+00:00,WH-02,pending,5
ORD-003359,Plant-23,CH-8090-3648,98,87,0,2026-07-23T16:00:52+00:00,WH-02,completed,10
ORD-003360,Plant-07,EL-5365-1481,120,43,0,2026-07-24T13:00:52+00:00,WH-02,completed,7
ORD-003361,Plant-19,FL-1746-1085,90,63,0,2026-07-21T05:00:52+00:00,WH-02,pending,7
ORD-003362,Plant-39,CH-4425-2981,141,81,0,2026-07-20T10:00:52+00:00,WH-01,completed,9
ORD-003363,Plant-15,EL-5053-4122,10,5,0,2026-07-23T16:00:52+00:00,WH-01,completed,2
ORD-003364,Plant-48,FL-3343-1805,100,79,0,2026-07-20T05:00:52+00:00,WH-02,completed,5
ORD-003365,Plant-03,FL-3082-907,24,2,0,2026-07-21T18:00:52+00:00,WH-01,completed,1
ORD-003366,Plant-14,CH-3205-974,74,57,0,2026-07-25T10:00:52+00:00,WH-01,in_progress,9
ORD-003367,Plant-46,IN-6896-531,89,31,0,2026-07-20T11:00:52+00:00,WH-01,pending,4
ORD-003368,Plant-26,IN-6510-2277,28,24,0,2026-07-20T09:00:52+00:00,WH-01,in_progress,6
ORD-003369,Plant-36,EL-6437-272,128,84,0,2026-07-20T20:00:52+00:00,WH-01,pending,8
ORD-003370,Plant-16,CH-2864-1035,74,45,0,2026-07-26T09:00:52+00:00,WH-02,completed,8
ORD-003371,Plant-33,FL-4525-2164,50,28,0,2026-07-22T04:00:52+00:00,WH-02,in_progress,6
ORD-003372,Plant-20,EL-7647-2271,7,3,0,2026-07-22T10:00:52+00:00,WH-01,pending,10
ORD-003373,Plant-21,CH-6872-1998,123,16,0,2026-07-24T22:00:52+00:00,WH-01,completed,1
ORD-003374,Plant-15,CH-8904-1973,52,33,0,2026-07-23T17:00:52+00:00,WH-02,in_progress,9
ORD-003375,Plant-43,EL-2673-4173,50,40,0,2026-07-21T04:00:52+00:00,WH-02,pending,2
ORD-003376,Plant-17,FL-6500-1411,15,11,0,2026-07-24T20:00:52+00:00,WH-01,in_progress,2
ORD-003377,Plant-41,EL-1232-2907,89,34,0,2026-07-21T06:00:52+00:00,WH-02,in_progress,5
ORD-003378,Plant-30,PO-8609-527,54,21,0,2026-07-20T01:00:52+00:00,WH-01,completed,10
ORD-003379,Plant-10,CH-7580-3507,120,7,0,2026-07-23T20:00:52+00:00,WH-02,pending,7
ORD-003380,Plant-28,FL-2006-4323,87,41,0,2026-07-22T05:00:52+00:00,WH-01,pending,6
ORD-003381,Plant-42,CH-5732-862,150,22,0,2026-07-21T22:00:52+00:00,WH-01,completed,9
ORD-003382,Plant-08,EL-4318-3531,137,110,0,2026-07-25T07:00:52+00:00,WH-02,pending,8
ORD-003383,Plant-27,FL-4162-474,142,67,0,2026-07-25T23:00:52+00:00,WH-01,pending,1
ORD-003384,Plant-19,PO-9210-2347,93,85,0,2026-07-26T03:00:52+00:00,WH-01,pending,5
ORD-003385,Plant-36,PO-7517-4739,95,28,0,2026-07-26T17:00:52+00:00,WH-02,in_progress,10
ORD-003386,Plant-09,CH-3920-3991,139,110,0,2026-07-26T09:00:52+00:00,WH-01,in_progress,8
ORD-003387,Plant-09,IN-1003-4287,126,7,0,2026-07-25T23:00:52+00:00,WH-02,in_progress,7
ORD-003388,Plant-48,PO-1610-3451,68,37,0,2026-07-21T06:00:52+00:00,WH-02,in_progress,9
ORD-003389,Plant-12,FL-5268-4535,15,3,0,2026-07-23T17:00:52+00:00,WH-01,in_progress,3
ORD-003390,Plant-08,FL-4737-4382,103,16,0,2026-07-24T00:00:52+00:00,WH-02,in_progress,4
ORD-003391,Plant-17,PO-9917-3025,111,48,0,2026-07-22T14:00:52+00:00,WH-02,in_progress,9
ORD-003392,Plant-23,CH-9317-916,146,13,0,2026-07-21T20:00:52+00:00,WH-01,completed,1
ORD-003393,Plant-43,CH-9986-4991,39,11,0,2026-07-21T15:00:52+00:00,WH-01,completed,5
ORD-003394,Plant-37,IN-1778-3894,91,70,0,2026-07-26T03:00:52+00:00,WH-01,completed,1
ORD-003395,Plant-02,IN-6563-260,75,11,0,2026-07-24T12:00:52+00:00,WH-01,completed,10
ORD-003396,Plant-27,PO-7321-1158,140,121,0,2026-07-24T09:00:52+00:00,WH-02,in_progress,10
ORD-003397,Plant-09,FL-2648-2119,45,11,0,2026-07-26T08:00:52+00:00,WH-01,pending,5
ORD-003398,Plant-47,EL-2485-3435,12,1,0,2026-07-25T20:00:52+00:00,WH-01,pending,9
ORD-003399,Plant-36,CH-8826-4553,143,25,0,2026-07-25T12:00:52+00:00,WH-02,in_progress,4
ORD-003400,Plant-01,IN-3952-1853,62,51,0,2026-07-21T09:00:52+00:00,WH-01,pending,10
ORD-003401,Plant-44,FL-1447-3228,75,68,0,2026-07-24T00:00:52+00:00,WH-01,completed,7
ORD-003402,Plant-15,EL-2918-2825,111,61,0,2026-07-20T22:00:52+00:00,WH-01,pending,8
ORD-003403,Plant-47,CH-5546-3729,63,34,0,2026-07-25T03:00:52+00:00,WH-01,in_progress,8
ORD-003404,Plant-06,IN-2217-3433,122,0,0,2026-07-22T10:00:52+00:00,WH-01,in_progress,3
ORD-003405,Plant-09,IN-9841-4639,87,5,0,2026-07-26T11:00:52+00:00,WH-02,in_progress,6
ORD-003406,Plant-25,PO-7196-2576,61,46,0,2026-07-20T09:00:52+00:00,WH-02,completed,4
ORD-003407,Plant-46,IN-8118-1655,57,11,0,2026-07-22T08:00:52+00:00,WH-02,pending,2
ORD-003408,Plant-36,EL-1044-1377,13,2,0,2026-07-21T22:00:52+00:00,WH-01,pending,1
ORD-003409,Plant-08,EL-5568-4536,90,61,0,2026-07-21T07:00:52+00:00,WH-01,pending,3
ORD-003410,Plant-02,IN-6833-037,76,13,0,2026-07-23T09:00:52+00:00,WH-01,completed,7
ORD-003411,Plant-48,FL-8376-674,114,0,0,2026-07-22T13:00:52+00:00,WH-02,in_progress,7
ORD-003412,Plant-44,CH-1571-1335,33,26,0,2026-07-22T02:00:52+00:00,WH-02,completed,7
ORD-003413,Plant-03,PO-2980-4872,144,88,0,2026-07-23T08:00:52+00:00,WH-02,completed,7
ORD-003414,Plant-04,IN-6587-1972,108,20,0,2026-07-25T07:00:52+00:00,WH-02,completed,1
ORD-003415,Plant-12,PO-6370-097,67,12,0,2026-07-21T03:00:52+00:00,WH-02,pending,9
ORD-003416,Plant-33,EL-3574-2043,25,8,0,2026-07-24T18:00:52+00:00,WH-02,completed,1
ORD-003417,Plant-08,FL-8901-2649,41,38,0,2026-07-25T18:00:52+00:00,WH-02,completed,10
ORD-003418,Plant-29,FL-2501-3098,130,72,0,2026-07-20T16:00:52+00:00,WH-02,completed,2
ORD-003419,Plant-23,CH-2350-586,133,102,0,2026-07-25T08:00:52+00:00,WH-01,pending,10
ORD-003420,Plant-44,FL-5709-3245,69,18,0,2026-07-19T23:00:52+00:00,WH-01,pending,5
ORD-003421,Plant-46,FL-1457-2944,101,12,0,2026-07-24T21:00:52+00:00,WH-02,pending,2
ORD-003422,Plant-16,CH-6616-1681,95,83,0,2026-07-26T02:00:52+00:00,WH-01,pending,4
ORD-003423,Plant-23,IN-8265-1014,123,54,0,2026-07-21T04:00:52+00:00,WH-02,in_progress,9
ORD-003424,Plant-27,PO-5435-031,113,85,0,2026-07-23T01:00:52+00:00,WH-02,completed,10
ORD-003425,Plant-33,FL-2356-070,63,38,0,2026-07-26T12:00:52+00:00,WH-02,pending,6
ORD-003426,Plant-26,IN-3325-2148,79,55,0,2026-07-21T16:00:52+00:00,WH-01,pending,10
ORD-003427,Plant-37,PO-3295-4548,88,66,0,2026-07-25T00:00:52+00:00,WH-01,in_progress,5
ORD-003428,Plant-32,IN-4613-125,12,10,0,2026-07-23T18:00:52+00:00,WH-01,pending,6
ORD-003429,Plant-47,PO-9826-2978,90,83,0,2026-07-25T17:00:52+00:00,WH-01,completed,4
ORD-003430,Plant-19,FL-4780-4937,74,74,0,2026-07-25T17:00:52+00:00,WH-01,pending,3
ORD-003431,Plant-04,CH-3087-3107,105,79,0,2026-07-21T23:00:52+00:00,WH-01,in_progress,8
ORD-003432,Plant-18,IN-2262-3199,87,75,0,2026-07-24T15:00:52+00:00,WH-02,pending,2
ORD-003433,Plant-46,FL-9104-3542,85,13,0,2026-07-26T04:00:52+00:00,WH-02,pending,1
ORD-003434,Plant-03,IN-3702-2166,115,88,0,2026-07-24T21:00:52+00:00,WH-01,pending,1
ORD-003435,Plant-17,IN-5722-2413,35,0,0,2026-07-21T22:00:52+00:00,WH-01,in_progress,4
ORD-003436,Plant-42,CH-9097-4447,124,103,0,2026-07-25T06:00:52+00:00,WH-01,in_progress,5
ORD-003437,Plant-33,PO-1158-1004,44,6,0,2026-07-22T16:00:52+00:00,WH-01,in_progress,2
ORD-003438,Plant-35,CH-5130-4430,88,9,0,2026-07-23T01:00:52+00:00,WH-01,pending,6
ORD-003439,Plant-21,CH-8793-2788,76,70,0,2026-07-23T10:00:52+00:00,WH-02,pending,7
ORD-003440,Plant-38,EL-2478-3832,145,42,0,2026-07-22T02:00:52+00:00,WH-02,pending,4
ORD-003441,Plant-15,EL-6304-4313,129,91,0,2026-07-25T17:00:52+00:00,WH-01,completed,7
ORD-003442,Plant-13,PO-1534-1178,87,73,0,2026-07-21T05:00:52+00:00,WH-01,in_progress,2
ORD-003443,Plant-26,EL-3227-4791,34,33,0,2026-07-21T01:00:52+00:00,WH-01,in_progress,6
ORD-003444,Plant-35,EL-2500-2217,77,19,0,2026-07-24T23:00:52+00:00,WH-01,completed,8
ORD-003445,Plant-35,EL-4983-4614,51,17,0,2026-07-19T18:00:52+00:00,WH-02,pending,1
ORD-003446,Plant-47,IN-8059-4609,103,63,0,2026-07-26T09:00:52+00:00,WH-01,pending,1
ORD-003447,Plant-17,EL-6107-3979,37,15,0,2026-07-26T09:00:52+00:00,WH-01,completed,9
ORD-003448,Plant-12,EL-3970-1721,24,12,0,2026-07-25T23:00:52+00:00,WH-02,pending,4
ORD-003449,Plant-41,CH-9488-3513,15,9,0,2026-07-23T19:00:52+00:00,WH-01,in_progress,8
ORD-003450,Plant-44,FL-2028-4464,135,104,0,2026-07-20T12:00:52+00:00,WH-01,pending,6
ORD-003451,Plant-29,PO-8472-2727,123,96,0,2026-07-23T18:00:52+00:00,WH-02,in_progress,1
ORD-003452,Plant-11,IN-8993-208,70,19,0,2026-07-26T01:00:52+00:00,WH-01,in_progress,2
ORD-003453,Plant-09,FL-5688-4579,20,7,0,2026-07-21T04:00:52+00:00,WH-02,pending,10
ORD-003454,Plant-33,FL-5152-4185,112,33,0,2026-07-24T04:00:52+00:00,WH-02,pending,5
ORD-003455,Plant-43,CH-8180-1895,41,27,0,2026-07-24T00:00:52+00:00,WH-01,completed,2
ORD-003456,Plant-18,IN-4010-270,81,3,0,2026-07-25T23:00:52+00:00,WH-01,completed,4
ORD-003457,Plant-07,CH-2169-2482,99,56,0,2026-07-21T14:00:52+00:00,WH-02,pending,8
ORD-003458,Plant-30,FL-4956-1023,116,43,0,2026-07-26T14:00:52+00:00,WH-02,completed,5
ORD-003459,Plant-18,FL-2160-1734,118,7,0,2026-07-20T17:00:52+00:00,WH-01,pending,7
ORD-003460,Plant-22,CH-6643-1219,42,36,0,2026-07-26T10:00:52+00:00,WH-01,completed,7
ORD-003461,Plant-28,EL-8113-4887,148,43,0,2026-07-23T23:00:52+00:00,WH-01,completed,4
ORD-003462,Plant-22,IN-4712-4891,135,72,0,2026-07-23T21:00:52+00:00,WH-01,completed,1
ORD-003463,Plant-20,CH-5344-3026,135,128,0,2026-07-20T03:00:52+00:00,WH-01,pending,6
ORD-003464,Plant-32,EL-2656-1469,97,72,0,2026-07-19T20:00:52+00:00,WH-02,pending,4
ORD-003465,Plant-46,FL-4956-1023,46,44,0,2026-07-21T02:00:52+00:00,WH-02,pending,3
ORD-003466,Plant-24,FL-1704-279,40,19,0,2026-07-21T13:00:52+00:00,WH-02,in_progress,1
ORD-003467,Plant-03,PO-2732-2372,95,34,0,2026-07-25T04:00:52+00:00,WH-02,in_progress,6
ORD-003468,Plant-30,PO-6380-2245,122,88,0,2026-07-25T21:00:52+00:00,WH-01,pending,2
ORD-003469,Plant-43,PO-8865-3058,123,87,0,2026-07-25T14:00:52+00:00,WH-01,in_progress,7
ORD-003470,Plant-46,FL-3608-1392,55,46,0,2026-07-24T03:00:52+00:00,WH-01,pending,8
ORD-003471,Plant-31,FL-7424-1579,136,10,0,2026-07-21T08:00:52+00:00,WH-01,in_progress,8
ORD-003472,Plant-22,PO-1138-3432,35,32,0,2026-07-23T23:00:52+00:00,WH-02,completed,10
ORD-003473,Plant-23,CH-9488-3513,102,46,0,2026-07-20T01:00:52+00:00,WH-01,pending,3
ORD-003474,Plant-04,IN-8509-1072,115,96,0,2026-07-22T17:00:52+00:00,WH-02,completed,7
ORD-003475,Plant-13,CH-1483-3065,130,64,0,2026-07-20T06:00:52+00:00,WH-01,in_progress,4
ORD-003476,Plant-32,IN-8615-1067,86,60,0,2026-07-23T16:00:52+00:00,WH-01,pending,7
ORD-003477,Plant-30,IN-3354-529,47,23,0,2026-07-21T01:00:52+00:00,WH-01,completed,10
ORD-003478,Plant-02,PO-4550-538,120,19,0,2026-07-26T16:00:52+00:00,WH-02,completed,5
ORD-003479,Plant-03,CH-8128-800,147,88,0,2026-07-24T03:00:52+00:00,WH-01,completed,2
ORD-003480,Plant-02,CH-1451-3489,97,96,0,2026-07-24T18:00:52+00:00,WH-01,completed,8
ORD-003481,Plant-48,FL-6255-388,109,83,0,2026-07-21T13:00:52+00:00,WH-01,pending,5
ORD-003482,Plant-27,FL-9480-4285,47,23,0,2026-07-19T20:00:52+00:00,WH-02,in_progress,2
ORD-003483,Plant-11,CH-3630-4748,94,62,0,2026-07-22T23:00:52+00:00,WH-02,pending,6
ORD-003484,Plant-36,PO-7686-4394,61,1,0,2026-07-22T01:00:52+00:00,WH-02,pending,7
ORD-003485,Plant-21,FL-4915-1686,46,12,0,2026-07-21T10:00:52+00:00,WH-02,in_progress,4
ORD-003486,Plant-02,CH-6959-2723,71,67,0,2026-07-21T20:00:52+00:00,WH-02,in_progress,5
ORD-003487,Plant-07,FL-1165-4779,56,26,0,2026-07-23T10:00:52+00:00,WH-01,pending,6
ORD-003488,Plant-06,FL-3715-542,71,1,0,2026-07-26T04:00:52+00:00,WH-02,pending,5
ORD-003489,Plant-02,IN-9927-2853,90,45,0,2026-07-25T15:00:52+00:00,WH-01,pending,2
ORD-003490,Plant-40,PO-1662-3983,98,87,0,2026-07-24T21:00:52+00:00,WH-02,completed,10
ORD-003491,Plant-36,EL-2251-1109,123,77,0,2026-07-22T21:00:52+00:00,WH-02,completed,5
ORD-003492,Plant-41,IN-7459-1888,116,17,0,2026-07-19T20:00:52+00:00,WH-02,completed,5
ORD-003493,Plant-34,CH-5197-4985,92,27,0,2026-07-25T22:00:52+00:00,WH-01,in_progress,1
ORD-003494,Plant-15,IN-5317-2909,29,9,0,2026-07-23T13:00:52+00:00,WH-02,in_progress,8
ORD-003495,Plant-39,PO-5670-1493,91,33,0,2026-07-26T10:00:52+00:00,WH-01,in_progress,9
ORD-003496,Plant-01,FL-6106-1166,15,8,0,2026-07-26T03:00:52+00:00,WH-01,pending,1
ORD-003497,Plant-09,IN-3301-4456,140,131,0,2026-07-26T18:00:52+00:00,WH-01,completed,2
ORD-003498,Plant-04,CH-3334-3665,13,12,0,2026-07-23T00:00:52+00:00,WH-01,completed,9
ORD-003499,Plant-40,PO-7704-2677,73,12,0,2026-07-25T22:00:52+00:00,WH-01,completed,9
ORD-003500,Plant-32,EL-9574-1820,61,21,0,2026-07-23T04:00:52+00:00,WH-02,in_progress,7
ORD-003501,Plant-08,EL-6072-2837,55,10,0,2026-07-24T15:00:52+00:00,WH-02,completed,5
ORD-003502,Plant-21,PO-9551-415,115,78,0,2026-07-23T20:00:52+00:00,WH-01,in_progress,8
ORD-003503,Plant-32,IN-4351-1410,22,21,0,2026-07-21T05:00:52+00:00,WH-01,pending,2
ORD-003504,Plant-26,EL-8740-2030,114,68,0,2026-07-20T12:00:52+00:00,WH-01,completed,8
ORD-003505,Plant-25,CH-9868-4341,122,74,0,2026-07-24T19:00:52+00:00,WH-02,completed,7
ORD-003506,Plant-32,IN-2751-2640,97,56,0,2026-07-22T23:00:52+00:00,WH-01,in_progress,10
ORD-003507,Plant-08,EL-9225-1070,78,32,0,2026-07-20T22:00:52+00:00,WH-02,completed,2
ORD-003508,Plant-16,CH-3028-4582,46,39,0,2026-07-22T19:00:52+00:00,WH-01,completed,10
ORD-003509,Plant-30,PO-7860-4691,67,10,0,2026-07-24T13:00:52+00:00,WH-02,in_progress,1
ORD-003510,Plant-14,IN-5556-2456,93,76,0,2026-07-22T21:00:52+00:00,WH-02,in_progress,1
ORD-003511,Plant-29,IN-5343-573,91,53,0,2026-07-20T04:00:52+00:00,WH-02,pending,4
ORD-003512,Plant-25,FL-4650-763,99,99,0,2026-07-24T05:00:52+00:00,WH-01,in_progress,6
ORD-003513,Plant-43,FL-9392-4391,148,53,0,2026-07-25T10:00:52+00:00,WH-02,completed,4
ORD-003514,Plant-36,IN-9767-289,148,77,0,2026-07-23T13:00:52+00:00,WH-01,in_progress,8
ORD-003515,Plant-27,CH-6105-1976,136,98,0,2026-07-21T19:00:52+00:00,WH-01,in_progress,6
ORD-003516,Plant-47,IN-3903-3216,43,14,0,2026-07-20T23:00:52+00:00,WH-01,in_progress,10
ORD-003517,Plant-38,FL-3265-641,68,12,0,2026-07-25T02:00:52+00:00,WH-02,completed,3
ORD-003518,Plant-03,CH-4919-1713,90,67,0,2026-07-22T01:00:52+00:00,WH-02,pending,4
ORD-003519,Plant-02,IN-3833-1420,62,17,0,2026-07-24T00:00:52+00:00,WH-01,completed,7
ORD-003520,Plant-14,CH-6648-4416,89,43,0,2026-07-21T04:00:52+00:00,WH-01,in_progress,2
ORD-003521,Plant-02,IN-1379-160,95,50,0,2026-07-25T07:00:52+00:00,WH-02,in_progress,2
ORD-003522,Plant-10,EL-6722-060,78,76,0,2026-07-21T01:00:52+00:00,WH-01,completed,7
ORD-003523,Plant-35,IN-1649-2863,82,56,0,2026-07-26T04:00:52+00:00,WH-01,completed,4
ORD-003524,Plant-06,FL-9650-4041,126,4,0,2026-07-22T05:00:52+00:00,WH-02,in_progress,6
ORD-003525,Plant-25,PO-1041-3037,106,56,0,2026-07-26T10:00:52+00:00,WH-02,pending,1
ORD-003526,Plant-03,CH-1407-057,70,25,0,2026-07-21T01:00:52+00:00,WH-02,pending,10
ORD-003527,Plant-24,IN-2135-3147,109,14,0,2026-07-26T12:00:52+00:00,WH-02,pending,10
ORD-003528,Plant-28,CH-8188-4644,142,11,0,2026-07-23T15:00:52+00:00,WH-02,completed,2
ORD-003529,Plant-02,CH-5568-4436,23,12,0,2026-07-19T20:00:52+00:00,WH-02,completed,1
ORD-003530,Plant-16,PO-7538-3732,88,3,0,2026-07-26T06:00:52+00:00,WH-02,in_progress,4
ORD-003531,Plant-01,IN-4716-072,11,3,0,2026-07-20T23:00:52+00:00,WH-01,completed,4
ORD-003532,Plant-22,CH-3976-2817,50,25,0,2026-07-24T00:00:52+00:00,WH-01,in_progress,1
ORD-003533,Plant-12,FL-1860-2025,58,58,0,2026-07-23T17:00:52+00:00,WH-02,in_progress,6
ORD-003534,Plant-43,IN-5575-2458,139,13,0,2026-07-25T10:00:52+00:00,WH-02,pending,3
ORD-003535,Plant-36,FL-6734-4856,144,112,0,2026-07-24T12:00:52+00:00,WH-01,in_progress,2
ORD-003536,Plant-27,CH-8656-218,115,104,0,2026-07-25T17:00:52+00:00,WH-02,completed,1
ORD-003537,Plant-13,PO-8458-539,122,75,0,2026-07-22T23:00:52+00:00,WH-02,completed,6
ORD-003538,Plant-42,CH-9082-2363,100,19,0,2026-07-24T12:00:52+00:00,WH-02,in_progress,4
ORD-003539,Plant-10,EL-9574-2796,116,93,0,2026-07-25T18:00:52+00:00,WH-01,in_progress,1
ORD-003540,Plant-11,FL-5047-1813,54,6,0,2026-07-20T14:00:52+00:00,WH-02,in_progress,1
ORD-003541,Plant-17,PO-8041-1799,30,30,0,2026-07-20T06:00:52+00:00,WH-01,pending,4
ORD-003542,Plant-36,EL-1894-3453,82,38,0,2026-07-24T14:00:52+00:00,WH-02,pending,1
ORD-003543,Plant-11,FL-7694-1889,34,11,0,2026-07-21T17:00:52+00:00,WH-01,pending,4
ORD-003544,Plant-12,FL-3247-831,108,79,0,2026-07-24T09:00:52+00:00,WH-01,completed,5
ORD-003545,Plant-01,FL-1653-268,25,5,0,2026-07-25T21:00:52+00:00,WH-02,pending,2
ORD-003546,Plant-33,IN-8475-2812,8,1,0,2026-07-20T01:00:52+00:00,WH-01,completed,4
ORD-003547,Plant-13,CH-9487-687,116,95,0,2026-07-22T02:00:52+00:00,WH-02,completed,5
ORD-003548,Plant-16,EL-5812-3996,72,36,0,2026-07-20T15:00:52+00:00,WH-02,in_progress,6
ORD-003549,Plant-42,FL-5141-4205,91,67,0,2026-07-23T00:00:52+00:00,WH-02,pending,1
ORD-003550,Plant-30,CH-9170-3679,23,18,0,2026-07-26T14:00:52+00:00,WH-01,pending,7
ORD-003551,Plant-47,CH-3390-807,61,38,0,2026-07-19T22:00:52+00:00,WH-01,pending,8
ORD-003552,Plant-23,IN-1150-4758,35,4,0,2026-07-22T01:00:52+00:00,WH-01,pending,2
ORD-003553,Plant-30,CH-7902-2934,100,52,0,2026-07-22T04:00:52+00:00,WH-02,in_progress,9
ORD-003554,Plant-38,PO-3998-2443,32,30,0,2026-07-20T00:00:52+00:00,WH-02,pending,9
ORD-003555,Plant-12,FL-9480-4285,94,7,0,2026-07-22T16:00:52+00:00,WH-02,in_progress,10
ORD-003556,Plant-36,EL-4986-2813,20,17,0,2026-07-24T15:00:52+00:00,WH-02,in_progress,8
ORD-003557,Plant-05,IN-6342-4020,4,3,0,2026-07-20T17:00:52+00:00,WH-02,pending,8
ORD-003558,Plant-08,PO-7068-2411,75,0,0,2026-07-25T08:00:52+00:00,WH-02,in_progress,2
ORD-003559,Plant-03,FL-7076-304,15,4,0,2026-07-20T14:00:52+00:00,WH-02,pending,7
ORD-003560,Plant-34,FL-4071-4584,34,1,0,2026-07-20T18:00:52+00:00,WH-01,pending,3
ORD-003561,Plant-05,IN-3279-1215,122,64,0,2026-07-23T15:00:52+00:00,WH-01,pending,3
ORD-003562,Plant-11,IN-9767-289,37,25,0,2026-07-26T12:00:52+00:00,WH-01,in_progress,3
ORD-003563,Plant-45,EL-8448-1346,149,42,0,2026-07-19T19:00:52+00:00,WH-02,completed,8
ORD-003564,Plant-09,IN-5070-2163,82,70,0,2026-07-22T08:00:52+00:00,WH-02,completed,2
ORD-003565,Plant-45,PO-2197-1712,122,116,0,2026-07-23T05:00:52+00:00,WH-02,pending,2
ORD-003566,Plant-31,IN-9549-2471,87,82,0,2026-07-24T17:00:52+00:00,WH-01,pending,2
ORD-003567,Plant-31,EL-7141-2992,45,12,0,2026-07-21T02:00:52+00:00,WH-02,in_progress,7
ORD-003568,Plant-39,IN-5851-4698,45,25,0,2026-07-23T18:00:52+00:00,WH-02,pending,8
ORD-003569,Plant-12,PO-6791-2716,33,29,0,2026-07-23T19:00:52+00:00,WH-01,pending,3
ORD-003570,Plant-43,PO-6579-302,88,88,0,2026-07-21T19:00:52+00:00,WH-01,in_progress,7
ORD-003571,Plant-21,EL-6597-2188,104,38,0,2026-07-24T22:00:52+00:00,WH-02,completed,4
ORD-003572,Plant-34,CH-7466-4724,27,19,0,2026-07-24T15:00:52+00:00,WH-01,pending,1
ORD-003573,Plant-39,PO-9901-4788,69,54,0,2026-07-21T08:00:52+00:00,WH-01,pending,2
ORD-003574,Plant-10,CH-1659-892,104,92,0,2026-07-23T23:00:52+00:00,WH-01,in_progress,6
ORD-003575,Plant-24,FL-1751-4002,107,55,0,2026-07-24T15:00:52+00:00,WH-02,in_progress,7
ORD-003576,Plant-22,CH-6083-102,39,39,0,2026-07-20T20:00:52+00:00,WH-02,completed,7
ORD-003577,Plant-30,CH-4583-2728,46,17,0,2026-07-26T09:00:52+00:00,WH-01,completed,4
ORD-003578,Plant-47,EL-6890-4690,44,14,0,2026-07-22T21:00:52+00:00,WH-01,completed,10
ORD-003579,Plant-25,CH-1074-2710,147,82,0,2026-07-25T02:00:52+00:00,WH-02,in_progress,7
ORD-003580,Plant-02,CH-1571-1335,75,65,0,2026-07-25T15:00:52+00:00,WH-02,in_progress,1
ORD-003581,Plant-06,IN-3903-3216,4,3,0,2026-07-24T17:00:52+00:00,WH-02,pending,5
ORD-003582,Plant-15,IN-3877-2696,134,113,0,2026-07-25T21:00:52+00:00,WH-01,pending,8
ORD-003583,Plant-11,CH-7397-3075,43,30,0,2026-07-25T13:00:52+00:00,WH-02,in_progress,7
ORD-003584,Plant-03,FL-3985-3579,63,52,0,2026-07-24T02:00:52+00:00,WH-01,pending,3
ORD-003585,Plant-04,EL-8659-4226,10,8,0,2026-07-19T18:00:52+00:00,WH-02,in_progress,1
ORD-003586,Plant-04,IN-7236-4405,104,1,0,2026-07-26T02:00:52+00:00,WH-01,pending,2
ORD-003587,Plant-28,FL-3313-914,11,4,0,2026-07-22T07:00:52+00:00,WH-01,pending,8
ORD-003588,Plant-15,EL-9141-691,94,70,0,2026-07-24T00:00:52+00:00,WH-01,in_progress,2
ORD-003589,Plant-06,CH-1642-1519,115,30,0,2026-07-23T07:00:52+00:00,WH-02,in_progress,2
ORD-003590,Plant-39,IN-3031-980,121,12,0,2026-07-21T06:00:52+00:00,WH-02,completed,9
ORD-003591,Plant-13,IN-7972-1863,78,5,0,2026-07-25T08:00:52+00:00,WH-01,in_progress,7
ORD-003592,Plant-34,FL-6432-2717,96,31,0,2026-07-24T17:00:52+00:00,WH-02,completed,7
ORD-003593,Plant-13,IN-2135-3147,36,25,0,2026-07-25T17:00:52+00:00,WH-02,completed,8
ORD-003594,Plant-42,FL-2126-3164,107,97,0,2026-07-26T16:00:52+00:00,WH-02,completed,6
ORD-003595,Plant-44,FL-1846-903,71,17,0,2026-07-23T16:00:52+00:00,WH-02,completed,9
ORD-003596,Plant-10,CH-8458-587,53,17,0,2026-07-23T16:00:52+00:00,WH-01,completed,6
ORD-003597,Plant-42,PO-2091-3780,41,24,0,2026-07-23T05:00:52+00:00,WH-02,in_progress,3
ORD-003598,Plant-07,IN-5619-636,145,47,0,2026-07-24T16:00:52+00:00,WH-02,completed,8
ORD-003599,Plant-14,FL-7156-2562,36,9,0,2026-07-24T09:00:52+00:00,WH-02,in_progress,5
ORD-003600,Plant-11,EL-8755-1571,39,38,0,2026-07-23T23:00:52+00:00,WH-02,completed,10
ORD-003601,Plant-01,PO-7172-4159,54,41,0,2026-07-20T09:00:52+00:00,WH-01,in_progress,3
ORD-003602,Plant-28,IN-1532-525,53,41,0,2026-07-19T18:00:52+00:00,WH-01,completed,2
ORD-003603,Plant-28,FL-4487-1266,145,86,0,2026-07-22T12:00:52+00:00,WH-02,pending,4
ORD-003604,Plant-27,FL-5108-3013,62,16,0,2026-07-20T13:00:52+00:00,WH-02,in_progress,1
ORD-003605,Plant-13,CH-1976-024,20,7,0,2026-07-23T03:00:52+00:00,WH-02,in_progress,6
ORD-003606,Plant-06,IN-1641-4228,96,36,0,2026-07-23T15:00:52+00:00,WH-02,pending,10
ORD-003607,Plant-41,FL-2066-3801,49,29,0,2026-07-19T20:00:52+00:00,WH-01,completed,3
ORD-003608,Plant-30,IN-1199-4858,116,76,0,2026-07-22T13:00:52+00:00,WH-02,pending,7
ORD-003609,Plant-33,EL-8492-444,9,1,0,2026-07-22T11:00:52+00:00,WH-01,completed,1
ORD-003610,Plant-01,FL-4300-464,52,28,0,2026-07-21T02:00:52+00:00,WH-02,completed,5
ORD-003611,Plant-32,FL-3659-3619,105,78,0,2026-07-20T10:00:52+00:00,WH-01,pending,3
ORD-003612,Plant-02,FL-7042-2327,7,3,0,2026-07-24T10:00:52+00:00,WH-01,pending,1
ORD-003613,Plant-21,EL-7081-1904,138,123,0,2026-07-24T16:00:52+00:00,WH-02,in_progress,7
ORD-003614,Plant-22,FL-7695-099,52,17,0,2026-07-23T21:00:52+00:00,WH-02,completed,10
ORD-003615,Plant-31,IN-8835-4236,30,26,0,2026-07-25T16:00:52+00:00,WH-01,completed,9
ORD-003616,Plant-21,FL-2734-2702,74,42,0,2026-07-23T21:00:52+00:00,WH-01,pending,1
ORD-003617,Plant-39,CH-6563-1637,132,76,0,2026-07-20T19:00:52+00:00,WH-01,completed,9
ORD-003618,Plant-12,CH-7671-1510,100,68,0,2026-07-24T07:00:52+00:00,WH-02,completed,5
ORD-003619,Plant-34,IN-7771-3420,104,48,0,2026-07-21T03:00:52+00:00,WH-01,completed,8
ORD-003620,Plant-44,IN-3855-1609,48,48,0,2026-07-19T19:00:52+00:00,WH-01,in_progress,1
ORD-003621,Plant-36,EL-2273-4663,146,81,0,2026-07-24T13:00:52+00:00,WH-02,in_progress,2
ORD-003622,Plant-07,IN-1169-4094,17,8,0,2026-07-25T01:00:52+00:00,WH-02,completed,9
ORD-003623,Plant-08,PO-4535-1578,143,105,0,2026-07-23T22:00:52+00:00,WH-02,completed,4
ORD-003624,Plant-19,FL-4390-3995,73,9,0,2026-07-24T11:00:52+00:00,WH-02,pending,3
ORD-003625,Plant-20,PO-7888-3277,16,14,0,2026-07-21T22:00:52+00:00,WH-02,pending,2
ORD-003626,Plant-48,CH-3345-2968,24,1,0,2026-07-24T19:00:52+00:00,WH-02,in_progress,9
ORD-003627,Plant-44,PO-5290-2048,57,7,0,2026-07-26T18:00:52+00:00,WH-02,in_progress,6
ORD-003628,Plant-38,PO-7748-2398,78,35,0,2026-07-24T13:00:52+00:00,WH-01,completed,6
ORD-003629,Plant-41,IN-3699-2281,89,50,0,2026-07-26T12:00:52+00:00,WH-01,completed,2
ORD-003630,Plant-30,EL-2026-357,52,29,0,2026-07-25T06:00:52+00:00,WH-01,pending,3
ORD-003631,Plant-38,IN-6379-3206,126,0,0,2026-07-23T03:00:52+00:00,WH-02,completed,9
ORD-003632,Plant-42,PO-3929-138,78,3,0,2026-07-20T21:00:52+00:00,WH-01,pending,9
ORD-003633,Plant-25,FL-6054-4231,52,11,0,2026-07-21T16:00:52+00:00,WH-02,pending,6
ORD-003634,Plant-41,IN-2285-3756,45,39,0,2026-07-25T09:00:52+00:00,WH-01,completed,7
ORD-003635,Plant-04,FL-5782-3733,34,33,0,2026-07-23T22:00:52+00:00,WH-02,pending,2
ORD-003636,Plant-47,EL-5924-3629,115,41,0,2026-07-22T17:00:52+00:00,WH-01,in_progress,7
ORD-003637,Plant-14,CH-5554-878,18,8,0,2026-07-22T17:00:52+00:00,WH-01,completed,1
ORD-003638,Plant-20,FL-2289-4126,65,6,0,2026-07-25T02:00:52+00:00,WH-02,pending,4
ORD-003639,Plant-10,IN-1698-3781,37,2,0,2026-07-21T20:00:52+00:00,WH-02,completed,7
ORD-003640,Plant-09,PO-7419-4206,15,7,0,2026-07-21T00:00:52+00:00,WH-02,in_progress,8
ORD-003641,Plant-10,PO-4124-2151,17,5,0,2026-07-23T02:00:52+00:00,WH-02,in_progress,3
ORD-003642,Plant-27,FL-4504-875,42,31,0,2026-07-25T00:00:52+00:00,WH-02,in_progress,9
ORD-003643,Plant-16,EL-1639-1159,51,37,0,2026-07-23T18:00:52+00:00,WH-02,completed,2
ORD-003644,Plant-09,PO-6906-4024,26,17,0,2026-07-24T10:00:52+00:00,WH-01,in_progress,8
ORD-003645,Plant-35,EL-4078-4892,18,4,0,2026-07-24T03:00:52+00:00,WH-02,completed,5
ORD-003646,Plant-15,PO-6593-315,122,13,0,2026-07-25T10:00:52+00:00,WH-01,completed,2
ORD-003647,Plant-25,EL-2345-2665,17,2,0,2026-07-25T22:00:52+00:00,WH-02,pending,4
ORD-003648,Plant-16,IN-5589-333,25,9,0,2026-07-23T10:00:52+00:00,WH-01,completed,7
ORD-003649,Plant-48,EL-8861-3406,109,72,0,2026-07-24T04:00:52+00:00,WH-01,pending,1
ORD-003650,Plant-15,FL-6996-148,130,26,0,2026-07-20T14:00:52+00:00,WH-02,in_progress,8
ORD-003651,Plant-12,PO-8696-4229,30,7,0,2026-07-21T08:00:52+00:00,WH-02,pending,3
ORD-003652,Plant-08,EL-5661-3603,108,96,0,2026-07-22T08:00:52+00:00,WH-02,in_progress,2
ORD-003653,Plant-40,FL-2990-4137,44,36,0,2026-07-25T23:00:52+00:00,WH-02,completed,5
ORD-003654,Plant-22,CH-8739-4266,142,89,0,2026-07-22T00:00:52+00:00,WH-01,pending,5
ORD-003655,Plant-17,FL-9285-1782,141,33,0,2026-07-26T13:00:52+00:00,WH-02,completed,2
ORD-003656,Plant-36,FL-4387-3556,109,101,0,2026-07-20T15:00:52+00:00,WH-01,pending,10
ORD-003657,Plant-08,FL-3247-831,143,77,0,2026-07-19T19:00:52+00:00,WH-01,in_progress,4
ORD-003658,Plant-46,EL-1286-3001,148,64,0,2026-07-25T11:00:52+00:00,WH-02,in_progress,9
ORD-003659,Plant-20,EL-8210-574,24,8,0,2026-07-26T11:00:52+00:00,WH-01,completed,4
ORD-003660,Plant-31,IN-6115-2782,12,10,0,2026-07-24T19:00:52+00:00,WH-01,pending,6
ORD-003661,Plant-24,IN-1830-3484,119,51,0,2026-07-24T21:00:52+00:00,WH-01,pending,1
ORD-003662,Plant-29,PO-7628-1537,139,40,0,2026-07-20T22:00:52+00:00,WH-01,in_progress,3
ORD-003663,Plant-20,CH-9103-1181,36,13,0,2026-07-25T02:00:52+00:00,WH-01,completed,1
ORD-003664,Plant-32,CH-1912-3884,148,135,0,2026-07-23T23:00:52+00:00,WH-01,completed,1
ORD-003665,Plant-15,CH-3366-1174,116,78,0,2026-07-20T23:00:52+00:00,WH-01,completed,2
ORD-003666,Plant-20,CH-5126-4716,54,50,0,2026-07-23T23:00:52+00:00,WH-02,in_progress,2
ORD-003667,Plant-19,IN-4454-1961,29,15,0,2026-07-24T14:00:52+00:00,WH-02,pending,4
ORD-003668,Plant-48,EL-5410-3409,48,43,0,2026-07-25T00:00:52+00:00,WH-01,in_progress,6
ORD-003669,Plant-38,EL-8903-4289,9,2,0,2026-07-21T13:00:52+00:00,WH-01,in_progress,1
ORD-003670,Plant-21,EL-5463-183,9,1,0,2026-07-20T10:00:52+00:00,WH-01,completed,4
ORD-003671,Plant-37,IN-1200-819,84,55,0,2026-07-22T01:00:52+00:00,WH-01,pending,5
ORD-003672,Plant-31,PO-8647-4853,79,76,0,2026-07-25T01:00:52+00:00,WH-02,completed,7
ORD-003673,Plant-02,FL-4929-3815,4,0,0,2026-07-23T14:00:52+00:00,WH-01,completed,9
ORD-003674,Plant-02,EL-1158-2811,134,65,0,2026-07-21T19:00:52+00:00,WH-01,in_progress,6
ORD-003675,Plant-22,FL-3580-2197,72,26,0,2026-07-20T19:00:52+00:00,WH-01,in_progress,1
ORD-003676,Plant-07,PO-9132-4939,88,70,0,2026-07-22T05:00:52+00:00,WH-02,pending,10
ORD-003677,Plant-04,EL-1421-1945,141,109,0,2026-07-24T21:00:52+00:00,WH-01,in_progress,7
ORD-003678,Plant-44,EL-4419-3366,95,82,0,2026-07-25T02:00:52+00:00,WH-02,in_progress,10
ORD-003679,Plant-06,EL-1250-2753,17,7,0,2026-07-22T21:00:52+00:00,WH-01,in_progress,1
ORD-003680,Plant-46,CH-6056-4704,62,30,0,2026-07-24T10:00:52+00:00,WH-01,pending,8
ORD-003681,Plant-47,CH-6801-4193,111,76,0,2026-07-24T23:00:52+00:00,WH-01,pending,2
ORD-003682,Plant-40,PO-7296-1349,94,33,0,2026-07-22T21:00:52+00:00,WH-01,completed,4
ORD-003683,Plant-23,FL-2785-2225,85,79,0,2026-07-23T02:00:52+00:00,WH-02,in_progress,7
ORD-003684,Plant-09,IN-4091-1292,149,48,0,2026-07-19T20:00:52+00:00,WH-01,completed,9
ORD-003685,Plant-21,CH-3360-3421,129,57,0,2026-07-21T09:00:52+00:00,WH-01,in_progress,6
ORD-003686,Plant-02,CH-2401-2077,87,42,0,2026-07-20T12:00:52+00:00,WH-01,in_progress,10
ORD-003687,Plant-46,CH-5271-839,76,19,0,2026-07-23T07:00:52+00:00,WH-02,in_progress,3
ORD-003688,Plant-25,IN-5225-639,62,46,0,2026-07-21T00:00:52+00:00,WH-02,completed,4
ORD-003689,Plant-36,PO-3908-4493,89,59,0,2026-07-19T18:00:52+00:00,WH-01,pending,1
ORD-003690,Plant-08,CH-8286-507,130,85,0,2026-07-20T08:00:52+00:00,WH-02,completed,5
ORD-003691,Plant-39,PO-4682-3119,95,17,0,2026-07-24T20:00:52+00:00,WH-01,in_progress,10
ORD-003692,Plant-09,FL-7277-098,14,6,0,2026-07-23T17:00:52+00:00,WH-01,completed,2
ORD-003693,Plant-05,IN-9799-3264,149,30,0,2026-07-22T18:00:52+00:00,WH-02,pending,5
ORD-003694,Plant-44,FL-7001-2323,59,41,0,2026-07-23T12:00:52+00:00,WH-02,pending,2
ORD-003695,Plant-03,CH-3029-2194,76,39,0,2026-07-22T05:00:52+00:00,WH-01,in_progress,7
ORD-003696,Plant-45,IN-6510-2277,14,14,0,2026-07-25T09:00:52+00:00,WH-01,completed,7
ORD-003697,Plant-47,FL-5102-2159,46,38,0,2026-07-24T19:00:52+00:00,WH-01,completed,2
ORD-003698,Plant-07,EL-5641-2286,127,90,0,2026-07-21T06:00:52+00:00,WH-02,pending,8
ORD-003699,Plant-27,CH-4361-3589,16,16,0,2026-07-22T07:00:52+00:00,WH-02,completed,5
ORD-003700,Plant-18,CH-3935-367,30,5,0,2026-07-22T23:00:52+00:00,WH-02,in_progress,6
ORD-003701,Plant-39,CH-1335-3838,102,25,0,2026-07-22T23:00:52+00:00,WH-01,pending,2
ORD-003702,Plant-47,PO-7999-911,36,15,0,2026-07-20T09:00:52+00:00,WH-01,in_progress,4
ORD-003703,Plant-13,CH-1976-2334,148,75,0,2026-07-26T00:00:52+00:00,WH-02,in_progress,9
ORD-003704,Plant-07,FL-5847-1251,112,81,0,2026-07-25T06:00:52+00:00,WH-01,completed,5
ORD-003705,Plant-07,PO-9843-1905,41,17,0,2026-07-19T20:00:52+00:00,WH-02,in_progress,1
ORD-003706,Plant-20,PO-3686-4504,32,29,0,2026-07-24T20:00:52+00:00,WH-02,completed,5
ORD-003707,Plant-30,IN-7059-1790,129,9,0,2026-07-20T08:00:52+00:00,WH-01,in_progress,1
ORD-003708,Plant-03,FL-4192-2050,141,103,0,2026-07-21T06:00:52+00:00,WH-02,in_progress,3
ORD-003709,Plant-18,CH-9719-2349,89,77,0,2026-07-21T00:00:52+00:00,WH-02,in_progress,3
ORD-003710,Plant-47,PO-2254-3443,74,53,0,2026-07-24T17:00:52+00:00,WH-01,pending,4
ORD-003711,Plant-23,FL-7587-1464,134,20,0,2026-07-20T18:00:52+00:00,WH-02,completed,1
ORD-003712,Plant-40,IN-6698-361,28,9,0,2026-07-23T20:00:52+00:00,WH-02,completed,9
ORD-003713,Plant-17,CH-5965-4575,113,11,0,2026-07-24T02:00:52+00:00,WH-02,completed,2
ORD-003714,Plant-26,IN-9889-2627,118,57,0,2026-07-26T08:00:52+00:00,WH-02,pending,6
ORD-003715,Plant-18,EL-2230-127,63,57,0,2026-07-22T12:00:52+00:00,WH-02,pending,4
ORD-003716,Plant-30,PO-1304-2670,135,63,0,2026-07-26T16:00:52+00:00,WH-02,in_progress,8
ORD-003717,Plant-02,PO-6993-4214,47,40,0,2026-07-22T07:00:52+00:00,WH-01,completed,5
ORD-003718,Plant-24,PO-6076-4365,150,76,0,2026-07-20T09:00:52+00:00,WH-01,pending,7
ORD-003719,Plant-15,FL-5463-1668,105,91,0,2026-07-24T11:00:52+00:00,WH-02,in_progress,6
ORD-003720,Plant-14,IN-9454-1732,139,14,0,2026-07-21T23:00:52+00:00,WH-02,pending,6
ORD-003721,Plant-40,IN-7620-3481,142,19,0,2026-07-25T01:00:52+00:00,WH-02,completed,6
ORD-003722,Plant-23,PO-3310-833,135,104,0,2026-07-21T09:00:52+00:00,WH-01,pending,9
ORD-003723,Plant-43,IN-8509-1072,85,57,0,2026-07-23T02:00:52+00:00,WH-02,pending,8
ORD-003724,Plant-09,IN-5343-573,59,36,0,2026-07-21T10:00:52+00:00,WH-02,completed,7
ORD-003725,Plant-01,FL-4890-1324,17,15,0,2026-07-23T16:00:52+00:00,WH-01,completed,2
ORD-003726,Plant-33,FL-7694-1889,106,97,0,2026-07-21T18:00:52+00:00,WH-01,completed,8
ORD-003727,Plant-06,FL-3701-912,46,46,0,2026-07-24T17:00:52+00:00,WH-01,in_progress,9
ORD-003728,Plant-42,PO-8698-339,91,23,0,2026-07-25T09:00:52+00:00,WH-02,in_progress,4
ORD-003729,Plant-43,PO-6278-714,59,23,0,2026-07-25T20:00:52+00:00,WH-02,in_progress,10
ORD-003730,Plant-24,PO-8086-4999,25,24,0,2026-07-24T19:00:52+00:00,WH-02,pending,4
ORD-003731,Plant-19,EL-6799-3893,129,77,0,2026-07-26T18:00:52+00:00,WH-01,completed,10
ORD-003732,Plant-03,EL-9952-2889,132,39,0,2026-07-26T00:00:52+00:00,WH-01,in_progress,5
ORD-003733,Plant-48,IN-9352-3272,143,18,0,2026-07-25T06:00:52+00:00,WH-01,in_progress,2
ORD-003734,Plant-38,IN-7419-1957,38,1,0,2026-07-22T12:00:52+00:00,WH-02,pending,7
ORD-003735,Plant-47,PO-6726-3653,33,8,0,2026-07-25T15:00:52+00:00,WH-01,in_progress,10
ORD-003736,Plant-36,PO-1012-2021,74,14,0,2026-07-20T05:00:52+00:00,WH-02,pending,2
ORD-003737,Plant-36,FL-9858-3473,130,122,0,2026-07-25T07:00:52+00:00,WH-02,pending,8
ORD-003738,Plant-16,PO-1272-504,51,45,0,2026-07-23T14:00:52+00:00,WH-02,completed,3
ORD-003739,Plant-11,FL-5988-1660,124,13,0,2026-07-19T18:00:52+00:00,WH-02,pending,4
ORD-003740,Plant-25,CH-5211-3558,93,63,0,2026-07-25T03:00:52+00:00,WH-01,in_progress,8
ORD-003741,Plant-11,PO-6594-1664,82,54,0,2026-07-21T20:00:52+00:00,WH-02,in_progress,7
ORD-003742,Plant-37,CH-4867-2111,45,5,0,2026-07-20T01:00:52+00:00,WH-01,in_progress,1
ORD-003743,Plant-34,EL-6627-2938,111,87,0,2026-07-23T08:00:52+00:00,WH-02,completed,8
ORD-003744,Plant-32,FL-9824-2790,111,96,0,2026-07-25T00:00:52+00:00,WH-02,completed,8
ORD-003745,Plant-26,CH-7670-2679,39,17,0,2026-07-25T22:00:52+00:00,WH-02,in_progress,6
ORD-003746,Plant-20,IN-3427-996,37,2,0,2026-07-23T04:00:52+00:00,WH-01,in_progress,4
ORD-003747,Plant-04,CH-9964-2139,135,49,0,2026-07-26T17:00:52+00:00,WH-02,completed,1
ORD-003748,Plant-03,CH-2053-497,109,2,0,2026-07-22T14:00:52+00:00,WH-02,pending,10
ORD-003749,Plant-22,FL-7895-4916,65,3,0,2026-07-26T00:00:52+00:00,WH-01,completed,3
ORD-003750,Plant-14,EL-3240-297,53,24,0,2026-07-25T01:00:52+00:00,WH-01,completed,6
ORD-003751,Plant-29,IN-5627-4120,146,146,0,2026-07-23T11:00:52+00:00,WH-02,in_progress,3
ORD-003752,Plant-45,CH-2169-2482,137,104,0,2026-07-25T06:00:52+00:00,WH-01,completed,6
ORD-003753,Plant-34,PO-2226-4474,133,7,0,2026-07-22T04:00:52+00:00,WH-01,in_progress,4
ORD-003754,Plant-02,PO-3267-596,73,62,0,2026-07-26T16:00:52+00:00,WH-01,completed,7
ORD-003755,Plant-33,CH-6331-2899,79,29,0,2026-07-25T23:00:52+00:00,WH-01,pending,1
ORD-003756,Plant-15,EL-5354-1803,68,13,0,2026-07-26T18:00:52+00:00,WH-01,pending,8
ORD-003757,Plant-46,IN-5405-4616,12,1,0,2026-07-22T03:00:52+00:00,WH-02,completed,6
ORD-003758,Plant-46,CH-6423-3159,13,6,0,2026-07-23T01:00:52+00:00,WH-01,completed,1
ORD-003759,Plant-27,IN-6961-3382,92,56,0,2026-07-22T14:00:52+00:00,WH-01,completed,1
ORD-003760,Plant-42,PO-6906-1962,14,7,0,2026-07-23T19:00:52+00:00,WH-01,completed,8
ORD-003761,Plant-30,CH-4868-1272,27,5,0,2026-07-23T21:00:52+00:00,WH-01,in_progress,7
ORD-003762,Plant-17,CH-4260-4850,93,65,0,2026-07-21T20:00:52+00:00,WH-01,in_progress,3
ORD-003763,Plant-26,PO-2932-3793,93,92,0,2026-07-23T19:00:52+00:00,WH-02,in_progress,9
ORD-003764,Plant-21,IN-1286-2241,97,31,0,2026-07-22T08:00:52+00:00,WH-02,in_progress,3
ORD-003765,Plant-22,EL-3355-4500,47,13,0,2026-07-25T07:00:52+00:00,WH-01,completed,10
ORD-003766,Plant-11,EL-6822-4368,23,17,0,2026-07-24T02:00:52+00:00,WH-01,pending,6
ORD-003767,Plant-43,EL-6006-2911,111,1,0,2026-07-26T15:00:52+00:00,WH-01,completed,4
ORD-003768,Plant-22,CH-5668-3408,97,36,0,2026-07-23T11:00:52+00:00,WH-01,in_progress,9
ORD-003769,Plant-40,EL-9225-4210,58,8,0,2026-07-21T09:00:52+00:00,WH-01,pending,8
ORD-003770,Plant-02,EL-5590-827,52,52,0,2026-07-26T01:00:52+00:00,WH-02,in_progress,3
ORD-003771,Plant-05,CH-9824-4154,94,75,0,2026-07-20T19:00:52+00:00,WH-02,pending,1
ORD-003772,Plant-34,IN-7816-563,101,39,0,2026-07-25T07:00:52+00:00,WH-02,completed,7
ORD-003773,Plant-38,PO-6313-3520,55,1,0,2026-07-26T17:00:52+00:00,WH-01,in_progress,7
ORD-003774,Plant-18,FL-8333-576,40,14,0,2026-07-24T16:00:52+00:00,WH-01,completed,5
ORD-003775,Plant-28,PO-2572-4783,93,26,0,2026-07-23T08:00:52+00:00,WH-01,pending,10
ORD-003776,Plant-45,EL-1723-3146,107,63,0,2026-07-23T22:00:52+00:00,WH-02,completed,6
ORD-003777,Plant-06,EL-1920-1291,57,3,0,2026-07-25T07:00:52+00:00,WH-02,pending,5
ORD-003778,Plant-04,IN-3630-3411,144,69,0,2026-07-20T20:00:52+00:00,WH-02,pending,10
ORD-003779,Plant-38,CH-6318-1841,14,4,0,2026-07-23T11:00:52+00:00,WH-02,pending,4
ORD-003780,Plant-04,FL-7155-1216,92,58,0,2026-07-21T23:00:52+00:00,WH-01,in_progress,7
ORD-003781,Plant-41,EL-2796-3087,149,114,0,2026-07-23T00:00:52+00:00,WH-01,pending,3
ORD-003782,Plant-47,FL-9072-202,116,5,0,2026-07-24T18:00:52+00:00,WH-02,pending,1
ORD-003783,Plant-24,IN-5066-4124,29,14,0,2026-07-20T02:00:52+00:00,WH-02,in_progress,5
ORD-003784,Plant-16,EL-3394-3940,42,3,0,2026-07-22T03:00:52+00:00,WH-02,in_progress,6
ORD-003785,Plant-03,CH-6115-2541,82,73,0,2026-07-24T03:00:52+00:00,WH-01,pending,4
ORD-003786,Plant-04,CH-1063-1983,66,21,0,2026-07-23T13:00:52+00:00,WH-01,in_progress,3
ORD-003787,Plant-34,IN-6751-3586,62,2,0,2026-07-26T05:00:52+00:00,WH-01,completed,9
ORD-003788,Plant-44,EL-6448-3335,146,70,0,2026-07-24T12:00:52+00:00,WH-02,completed,1
ORD-003789,Plant-16,IN-9352-3272,22,20,0,2026-07-21T23:00:52+00:00,WH-02,pending,1
ORD-003790,Plant-17,CH-8090-3648,27,20,0,2026-07-21T05:00:52+00:00,WH-01,completed,3
ORD-003791,Plant-23,PO-9384-4802,144,136,0,2026-07-20T21:00:52+00:00,WH-02,pending,8
ORD-003792,Plant-28,PO-2808-3736,79,3,0,2026-07-23T17:00:52+00:00,WH-02,completed,1
ORD-003793,Plant-17,IN-5028-164,31,27,0,2026-07-23T20:00:52+00:00,WH-02,completed,10
ORD-003794,Plant-34,PO-5953-4109,130,57,0,2026-07-25T23:00:52+00:00,WH-02,completed,2
ORD-003795,Plant-36,PO-9781-3641,125,92,0,2026-07-25T20:00:52+00:00,WH-02,pending,7
ORD-003796,Plant-07,PO-2621-1585,70,4,0,2026-07-25T11:00:52+00:00,WH-02,completed,3
ORD-003797,Plant-09,FL-1819-3717,73,34,0,2026-07-21T05:00:52+00:00,WH-02,in_progress,3
ORD-003798,Plant-15,CH-7144-1316,121,40,0,2026-07-20T05:00:52+00:00,WH-01,pending,6
ORD-003799,Plant-28,PO-6851-900,136,16,0,2026-07-19T22:00:52+00:00,WH-02,completed,7
ORD-003800,Plant-34,PO-7539-2991,76,66,0,2026-07-24T06:00:52+00:00,WH-02,pending,8
ORD-003801,Plant-16,PO-1256-1079,103,39,0,2026-07-24T01:00:52+00:00,WH-02,in_progress,3
ORD-003802,Plant-45,FL-9285-1782,42,21,0,2026-07-21T02:00:52+00:00,WH-01,completed,6
ORD-003803,Plant-38,PO-3295-4548,95,16,0,2026-07-22T03:00:52+00:00,WH-02,in_progress,3
ORD-003804,Plant-47,FL-7873-2444,119,67,0,2026-07-21T23:00:52+00:00,WH-02,in_progress,7
ORD-003805,Plant-48,FL-4914-1013,132,37,0,2026-07-22T10:00:52+00:00,WH-02,in_progress,6
ORD-003806,Plant-24,CH-9681-4537,83,21,0,2026-07-26T13:00:52+00:00,WH-01,in_progress,6
ORD-003807,Plant-02,IN-9514-2508,13,11,0,2026-07-26T11:00:52+00:00,WH-02,pending,1
ORD-003808,Plant-27,IN-5320-2888,22,20,0,2026-07-23T12:00:52+00:00,WH-01,completed,2
ORD-003809,Plant-19,PO-7142-4017,98,17,0,2026-07-25T19:00:52+00:00,WH-02,pending,4
ORD-003810,Plant-39,PO-3201-3282,35,20,0,2026-07-23T23:00:52+00:00,WH-01,pending,10
ORD-003811,Plant-03,PO-2339-4509,79,13,0,2026-07-25T19:00:52+00:00,WH-02,pending,5
ORD-003812,Plant-13,PO-1891-4685,19,15,0,2026-07-21T06:00:52+00:00,WH-02,completed,8
ORD-003813,Plant-45,FL-5341-3712,39,21,0,2026-07-26T09:00:52+00:00,WH-02,pending,5
ORD-003814,Plant-41,PO-2315-2762,38,0,0,2026-07-24T16:00:52+00:00,WH-02,pending,2
ORD-003815,Plant-02,CH-2320-4461,111,18,0,2026-07-25T06:00:52+00:00,WH-01,in_progress,8
ORD-003816,Plant-03,CH-8118-973,115,77,0,2026-07-21T15:00:52+00:00,WH-01,pending,5
ORD-003817,Plant-33,FL-7136-2564,32,26,0,2026-07-22T15:00:52+00:00,WH-01,pending,9
ORD-003818,Plant-25,IN-9645-1483,61,60,0,2026-07-20T09:00:52+00:00,WH-02,pending,4
ORD-003819,Plant-06,FL-2171-3598,142,15,0,2026-07-22T17:00:52+00:00,WH-02,pending,3
ORD-003820,Plant-12,CH-3169-4634,101,41,0,2026-07-21T10:00:52+00:00,WH-01,pending,6
ORD-003821,Plant-18,IN-6359-4771,142,58,0,2026-07-25T11:00:52+00:00,WH-01,completed,6
ORD-003822,Plant-07,FL-8606-620,148,99,0,2026-07-19T19:00:52+00:00,WH-01,pending,4
ORD-003823,Plant-12,CH-7597-4520,18,15,0,2026-07-19T21:00:52+00:00,WH-02,in_progress,7
ORD-003824,Plant-02,EL-8530-4387,107,5,0,2026-07-26T18:00:52+00:00,WH-01,pending,9
ORD-003825,Plant-48,PO-2619-3987,148,147,0,2026-07-22T11:00:52+00:00,WH-02,completed,1
ORD-003826,Plant-22,CH-2777-1909,27,23,0,2026-07-20T19:00:52+00:00,WH-01,completed,7
ORD-003827,Plant-28,EL-6318-836,148,67,0,2026-07-25T22:00:52+00:00,WH-01,completed,9
ORD-003828,Plant-45,EL-7198-1614,90,54,0,2026-07-24T09:00:52+00:00,WH-01,completed,1
ORD-003829,Plant-07,CH-1171-1967,10,7,0,2026-07-25T01:00:52+00:00,WH-02,pending,9
ORD-003830,Plant-04,PO-4032-2557,96,28,0,2026-07-25T18:00:52+00:00,WH-01,completed,1
ORD-003831,Plant-08,PO-9118-1318,94,25,0,2026-07-19T21:00:52+00:00,WH-01,pending,4
ORD-003832,Plant-04,EL-1279-3684,105,71,0,2026-07-21T18:00:52+00:00,WH-01,in_progress,9
ORD-003833,Plant-29,FL-3904-605,40,39,0,2026-07-22T13:00:52+00:00,WH-01,in_progress,8
ORD-003834,Plant-48,PO-2195-2999,135,49,0,2026-07-21T04:00:52+00:00,WH-02,completed,3
ORD-003835,Plant-22,PO-5447-044,137,82,0,2026-07-25T10:00:52+00:00,WH-02,completed,6
ORD-003836,Plant-26,IN-4357-1120,100,13,0,2026-07-23T05:00:52+00:00,WH-01,pending,4
ORD-003837,Plant-44,CH-8757-3448,102,12,0,2026-07-21T02:00:52+00:00,WH-01,completed,6
ORD-003838,Plant-41,PO-8619-3035,89,31,0,2026-07-23T07:00:52+00:00,WH-02,in_progress,7
ORD-003839,Plant-31,FL-2864-176,9,3,0,2026-07-21T05:00:52+00:00,WH-01,pending,6
ORD-003840,Plant-09,EL-2628-4525,149,145,0,2026-07-26T07:00:52+00:00,WH-02,in_progress,9
ORD-003841,Plant-38,IN-2694-3806,80,79,0,2026-07-20T18:00:52+00:00,WH-01,pending,8
ORD-003842,Plant-09,EL-6817-036,74,12,0,2026-07-26T13:00:52+00:00,WH-02,pending,1
ORD-003843,Plant-14,CH-2182-2186,96,87,0,2026-07-20T16:00:52+00:00,WH-01,in_progress,10
ORD-003844,Plant-03,PO-6497-359,127,41,0,2026-07-23T05:00:52+00:00,WH-02,pending,1
ORD-003845,Plant-19,IN-2029-4789,102,26,0,2026-07-25T04:00:52+00:00,WH-01,in_progress,3
ORD-003846,Plant-26,IN-7094-2895,129,76,0,2026-07-24T10:00:52+00:00,WH-02,completed,1
ORD-003847,Plant-41,FL-3124-3165,56,36,0,2026-07-22T14:00:52+00:00,WH-02,in_progress,1
ORD-003848,Plant-08,EL-3352-1587,97,55,0,2026-07-21T15:00:52+00:00,WH-02,completed,4
ORD-003849,Plant-01,EL-1152-3955,117,90,0,2026-07-24T16:00:52+00:00,WH-01,completed,5
ORD-003850,Plant-41,PO-3642-4835,110,100,0,2026-07-24T16:00:52+00:00,WH-02,in_progress,10
ORD-003851,Plant-35,IN-6695-349,117,26,0,2026-07-23T14:00:52+00:00,WH-02,in_progress,4
ORD-003852,Plant-12,FL-1846-903,31,13,0,2026-07-23T22:00:52+00:00,WH-01,pending,9
ORD-003853,Plant-16,FL-6330-2494,65,20,0,2026-07-19T21:00:52+00:00,WH-01,in_progress,9
ORD-003854,Plant-13,FL-2368-4906,118,83,0,2026-07-20T08:00:52+00:00,WH-02,in_progress,6
ORD-003855,Plant-19,FL-8936-374,13,11,0,2026-07-24T06:00:52+00:00,WH-01,in_progress,10
ORD-003856,Plant-10,IN-3372-2827,19,19,0,2026-07-24T04:00:52+00:00,WH-02,pending,3
ORD-003857,Plant-27,EL-8173-4318,52,49,0,2026-07-20T15:00:52+00:00,WH-01,in_progress,5
ORD-003858,Plant-45,IN-8675-3175,14,13,0,2026-07-26T05:00:52+00:00,WH-02,completed,9
ORD-003859,Plant-20,PO-7283-4898,9,4,0,2026-07-20T18:00:52+00:00,WH-02,in_progress,10
ORD-003860,Plant-33,EL-7082-1941,96,11,0,2026-07-23T04:00:52+00:00,WH-02,in_progress,1
ORD-003861,Plant-26,FL-2882-192,62,21,0,2026-07-21T05:00:52+00:00,WH-02,pending,1
ORD-003862,Plant-06,EL-2937-1673,100,44,0,2026-07-23T00:00:52+00:00,WH-02,in_progress,3
ORD-003863,Plant-01,FL-9732-1743,47,19,0,2026-07-21T12:00:52+00:00,WH-02,in_progress,2
ORD-003864,Plant-22,CH-5792-4343,79,29,0,2026-07-23T05:00:52+00:00,WH-02,pending,6
ORD-003865,Plant-42,CH-2974-4127,10,4,0,2026-07-21T04:00:52+00:00,WH-01,in_progress,1
ORD-003866,Plant-34,PO-7048-3007,117,75,0,2026-07-19T21:00:52+00:00,WH-01,pending,6
ORD-003867,Plant-28,EL-5865-104,111,108,0,2026-07-25T08:00:52+00:00,WH-01,in_progress,2
ORD-003868,Plant-11,IN-6287-1750,67,45,0,2026-07-21T20:00:52+00:00,WH-02,completed,6
ORD-003869,Plant-42,FL-5688-4579,127,55,0,2026-07-25T11:00:52+00:00,WH-02,pending,10
ORD-003870,Plant-48,EL-4190-1824,58,41,0,2026-07-26T18:00:52+00:00,WH-02,in_progress,10
ORD-003871,Plant-10,FL-2356-070,77,56,0,2026-07-21T15:00:52+00:00,WH-01,completed,6
ORD-003872,Plant-15,PO-2980-1477,48,27,0,2026-07-21T16:00:52+00:00,WH-01,in_progress,6
ORD-003873,Plant-23,PO-8461-1635,33,32,0,2026-07-23T18:00:52+00:00,WH-02,pending,10
ORD-003874,Plant-34,PO-5177-3331,138,127,0,2026-07-26T13:00:52+00:00,WH-01,pending,9
ORD-003875,Plant-25,FL-5557-2838,97,54,0,2026-07-26T08:00:52+00:00,WH-02,in_progress,6
ORD-003876,Plant-21,FL-1359-4966,67,55,0,2026-07-23T18:00:52+00:00,WH-01,in_progress,10
ORD-003877,Plant-19,PO-4141-1796,142,76,0,2026-07-24T07:00:52+00:00,WH-02,in_progress,8
ORD-003878,Plant-18,EL-1259-3305,142,122,0,2026-07-20T11:00:52+00:00,WH-01,completed,7
ORD-003879,Plant-32,FL-9076-4696,101,48,0,2026-07-26T09:00:52+00:00,WH-01,pending,4
ORD-003880,Plant-02,PO-8005-757,30,18,0,2026-07-24T22:00:52+00:00,WH-02,pending,8
ORD-003881,Plant-13,CH-9529-2953,89,40,0,2026-07-21T06:00:52+00:00,WH-01,completed,5
ORD-003882,Plant-15,FL-7713-987,121,48,0,2026-07-21T22:00:52+00:00,WH-01,in_progress,5
ORD-003883,Plant-09,IN-1153-2340,108,97,0,2026-07-23T11:00:52+00:00,WH-02,pending,9
ORD-003884,Plant-16,CH-3451-1644,84,73,0,2026-07-23T16:00:52+00:00,WH-02,in_progress,1
ORD-003885,Plant-34,PO-9948-3755,14,4,0,2026-07-23T15:00:52+00:00,WH-01,completed,1
ORD-003886,Plant-05,EL-7426-523,38,17,0,2026-07-26T04:00:52+00:00,WH-01,in_progress,3
ORD-003887,Plant-17,IN-3218-2690,7,2,0,2026-07-22T19:00:52+00:00,WH-02,in_progress,9
ORD-003888,Plant-26,FL-7580-3218,51,0,0,2026-07-21T00:00:52+00:00,WH-02,completed,2
ORD-003889,Plant-25,FL-7692-2746,116,84,0,2026-07-22T22:00:52+00:00,WH-02,completed,2
ORD-003890,Plant-38,IN-1631-4874,42,42,0,2026-07-26T11:00:52+00:00,WH-02,completed,5
ORD-003891,Plant-38,IN-8716-4604,21,4,0,2026-07-22T00:00:52+00:00,WH-01,completed,6
ORD-003892,Plant-04,CH-5495-3836,65,36,0,2026-07-24T22:00:52+00:00,WH-01,pending,1
ORD-003893,Plant-04,PO-2516-4594,83,55,0,2026-07-24T04:00:52+00:00,WH-01,in_progress,3
ORD-003894,Plant-36,EL-3946-3321,118,117,0,2026-07-25T20:00:52+00:00,WH-01,completed,5
ORD-003895,Plant-22,FL-7855-1793,17,14,0,2026-07-20T01:00:52+00:00,WH-02,completed,5
ORD-003896,Plant-20,CH-1976-024,116,9,0,2026-07-25T06:00:52+00:00,WH-02,pending,3
ORD-003897,Plant-30,IN-4569-2386,133,24,0,2026-07-23T08:00:52+00:00,WH-01,in_progress,6
ORD-003898,Plant-11,FL-1601-3700,74,73,0,2026-07-21T08:00:52+00:00,WH-01,pending,4
ORD-003899,Plant-26,IN-3173-3820,25,21,0,2026-07-22T23:00:52+00:00,WH-01,pending,7
ORD-003900,Plant-38,CH-4562-2069,59,49,0,2026-07-26T17:00:52+00:00,WH-01,completed,8
ORD-003901,Plant-45,FL-7024-3313,54,44,0,2026-07-22T16:00:52+00:00,WH-02,completed,10
ORD-003902,Plant-34,IN-3731-073,86,56,0,2026-07-19T22:00:52+00:00,WH-02,in_progress,7
ORD-003903,Plant-29,CH-3457-3647,21,20,0,2026-07-24T21:00:52+00:00,WH-01,in_progress,1
ORD-003904,Plant-22,EL-4427-3130,19,12,0,2026-07-22T02:00:52+00:00,WH-02,completed,9
ORD-003905,Plant-30,FL-8322-198,49,34,0,2026-07-26T10:00:52+00:00,WH-01,completed,8
ORD-003906,Plant-45,CH-5528-4488,83,9,0,2026-07-23T04:00:52+00:00,WH-01,completed,6
ORD-003907,Plant-16,EL-1963-2916,60,35,0,2026-07-24T17:00:52+00:00,WH-02,completed,9
ORD-003908,Plant-47,CH-6595-2631,50,29,0,2026-07-20T12:00:52+00:00,WH-02,pending,1
ORD-003909,Plant-10,IN-7040-2419,25,20,0,2026-07-20T14:00:52+00:00,WH-01,in_progress,6
ORD-003910,Plant-12,EL-1155-4067,25,7,0,2026-07-22T21:00:52+00:00,WH-02,completed,7
ORD-003911,Plant-39,FL-7709-4737,107,77,0,2026-07-20T08:00:52+00:00,WH-02,completed,2
ORD-003912,Plant-04,PO-2893-1923,28,10,0,2026-07-24T21:00:52+00:00,WH-01,completed,6
ORD-003913,Plant-38,PO-5383-3427,70,15,0,2026-07-24T04:00:52+00:00,WH-01,completed,5
ORD-003914,Plant-37,IN-3731-3709,137,91,0,2026-07-26T05:00:52+00:00,WH-01,pending,8
ORD-003915,Plant-24,EL-1279-2378,15,7,0,2026-07-22T16:00:52+00:00,WH-02,in_progress,5
ORD-003916,Plant-30,IN-9346-2535,149,5,0,2026-07-19T18:00:52+00:00,WH-02,pending,2
ORD-003917,Plant-34,FL-7978-4244,50,13,0,2026-07-26T00:00:52+00:00,WH-02,completed,1
ORD-003918,Plant-10,CH-3667-2954,136,134,0,2026-07-20T18:00:52+00:00,WH-01,pending,2
ORD-003919,Plant-02,CH-2187-3314,15,11,0,2026-07-24T17:00:52+00:00,WH-02,pending,4
ORD-003920,Plant-01,IN-3208-841,86,58,0,2026-07-22T10:00:52+00:00,WH-01,pending,10
ORD-003921,Plant-44,FL-5152-1136,56,51,0,2026-07-26T00:00:52+00:00,WH-02,in_progress,7
ORD-003922,Plant-33,FL-7449-3560,117,115,0,2026-07-26T12:00:52+00:00,WH-01,pending,3
ORD-003923,Plant-29,IN-1214-4819,109,58,0,2026-07-21T05:00:52+00:00,WH-02,pending,7
ORD-003924,Plant-33,CH-5527-3197,144,110,0,2026-07-22T07:00:52+00:00,WH-02,completed,9
ORD-003925,Plant-20,PO-8490-2373,15,5,0,2026-07-25T10:00:52+00:00,WH-02,pending,2
ORD-003926,Plant-31,CH-5243-4867,51,21,0,2026-07-23T04:00:52+00:00,WH-02,completed,3
ORD-003927,Plant-38,PO-8965-2513,35,10,0,2026-07-20T21:00:52+00:00,WH-01,in_progress,10
ORD-003928,Plant-16,PO-7571-3400,27,12,0,2026-07-23T03:00:52+00:00,WH-01,pending,2
ORD-003929,Plant-28,EL-7589-728,102,98,0,2026-07-20T08:00:52+00:00,WH-02,completed,4
ORD-003930,Plant-20,IN-7381-4420,96,34,0,2026-07-21T06:00:52+00:00,WH-02,pending,8
ORD-003931,Plant-14,IN-6177-3517,64,30,0,2026-07-22T12:00:52+00:00,WH-01,pending,10
ORD-003932,Plant-02,CH-3920-3991,75,71,0,2026-07-24T11:00:52+00:00,WH-01,completed,10
ORD-003933,Plant-04,PO-4710-985,76,38,0,2026-07-24T02:00:52+00:00,WH-01,pending,8
ORD-003934,Plant-07,FL-9485-3519,83,37,0,2026-07-25T01:00:52+00:00,WH-01,pending,4
ORD-003935,Plant-08,FL-7462-4088,20,19,0,2026-07-20T10:00:52+00:00,WH-01,completed,8
ORD-003936,Plant-33,FL-4800-4910,149,18,0,2026-07-21T00:00:52+00:00,WH-02,completed,3
ORD-003937,Plant-26,FL-2901-3057,62,42,0,2026-07-25T17:00:52+00:00,WH-01,completed,3
ORD-003938,Plant-40,IN-6135-1622,28,23,0,2026-07-22T14:00:52+00:00,WH-02,pending,2
ORD-003939,Plant-01,EL-8492-444,74,65,0,2026-07-22T03:00:52+00:00,WH-02,completed,2
ORD-003940,Plant-40,FL-8796-4729,80,36,0,2026-07-20T11:00:52+00:00,WH-02,completed,8
ORD-003941,Plant-44,EL-9999-059,19,2,0,2026-07-25T00:00:52+00:00,WH-02,completed,6
ORD-003942,Plant-13,EL-4526-1709,92,35,0,2026-07-24T05:00:52+00:00,WH-01,in_progress,2
ORD-003943,Plant-44,EL-3309-4904,87,16,0,2026-07-21T18:00:52+00:00,WH-01,in_progress,5
ORD-003944,Plant-12,IN-7305-4077,83,6,0,2026-07-21T16:00:52+00:00,WH-01,in_progress,4
ORD-003945,Plant-23,PO-4512-4816,97,94,0,2026-07-25T10:00:52+00:00,WH-02,pending,9
ORD-003946,Plant-48,EL-9685-2034,9,2,0,2026-07-19T19:00:52+00:00,WH-01,in_progress,4
ORD-003947,Plant-07,FL-5330-1977,65,29,0,2026-07-26T03:00:52+00:00,WH-01,in_progress,8
ORD-003948,Plant-02,PO-2126-2620,58,1,0,2026-07-19T21:00:52+00:00,WH-02,completed,6
ORD-003949,Plant-21,EL-1361-1577,116,41,0,2026-07-21T13:00:52+00:00,WH-01,pending,7
ORD-003950,Plant-32,FL-9038-323,129,118,0,2026-07-22T16:00:52+00:00,WH-01,completed,1
ORD-003951,Plant-23,PO-3677-3842,10,1,0,2026-07-25T15:00:52+00:00,WH-02,completed,6
ORD-003952,Plant-42,FL-5362-3723,17,16,0,2026-07-23T06:00:52+00:00,WH-02,completed,4
ORD-003953,Plant-15,CH-7176-454,131,2,0,2026-07-21T09:00:52+00:00,WH-02,in_progress,10
ORD-003954,Plant-45,PO-2902-2193,117,35,0,2026-07-21T13:00:52+00:00,WH-01,completed,7
ORD-003955,Plant-16,EL-2734-4406,7,4,0,2026-07-22T04:00:52+00:00,WH-02,pending,9
ORD-003956,Plant-23,PO-9781-3641,128,46,0,2026-07-21T13:00:52+00:00,WH-01,pending,8
ORD-003957,Plant-04,PO-9228-2475,51,29,0,2026-07-25T09:00:52+00:00,WH-01,completed,9
ORD-003958,Plant-47,FL-6451-4959,37,1,0,2026-07-23T20:00:52+00:00,WH-01,pending,3
ORD-003959,Plant-46,IN-7501-2994,82,1,0,2026-07-20T21:00:52+00:00,WH-02,completed,8
ORD-003960,Plant-29,IN-9325-4074,148,84,0,2026-07-20T09:00:52+00:00,WH-02,pending,5
ORD-003961,Plant-43,CH-6318-1841,16,5,0,2026-07-19T20:00:52+00:00,WH-02,pending,1
ORD-003962,Plant-10,EL-8969-3414,17,5,0,2026-07-24T04:00:52+00:00,WH-02,completed,4
ORD-003963,Plant-23,PO-3606-4697,70,27,0,2026-07-23T14:00:52+00:00,WH-02,in_progress,2
ORD-003964,Plant-08,IN-1278-1230,131,43,0,2026-07-24T12:00:52+00:00,WH-01,completed,2
ORD-003965,Plant-16,EL-2026-357,56,1,0,2026-07-25T21:00:52+00:00,WH-01,pending,1
ORD-003966,Plant-45,PO-5462-4568,49,48,0,2026-07-23T20:00:52+00:00,WH-02,in_progress,9
ORD-003967,Plant-47,EL-1700-3290,62,18,0,2026-07-21T12:00:52+00:00,WH-01,pending,10
ORD-003968,Plant-13,CH-2902-3839,23,22,0,2026-07-22T08:00:52+00:00,WH-02,in_progress,6
ORD-003969,Plant-05,FL-1985-4706,16,1,0,2026-07-24T12:00:52+00:00,WH-02,completed,8
ORD-003970,Plant-16,EL-7959-2800,133,103,0,2026-07-20T21:00:52+00:00,WH-01,in_progress,1
ORD-003971,Plant-27,IN-1625-2174,21,0,0,2026-07-23T15:00:52+00:00,WH-02,completed,4
ORD-003972,Plant-14,CH-5111-4219,22,18,0,2026-07-25T06:00:52+00:00,WH-01,pending,5
ORD-003973,Plant-36,CH-7964-1524,9,7,0,2026-07-21T19:00:52+00:00,WH-01,completed,7
ORD-003974,Plant-23,FL-5041-4311,70,22,0,2026-07-21T17:00:52+00:00,WH-01,in_progress,3
ORD-003975,Plant-19,IN-4909-1646,112,101,0,2026-07-23T08:00:52+00:00,WH-01,completed,8
ORD-003976,Plant-34,EL-4960-3121,127,47,0,2026-07-25T13:00:52+00:00,WH-02,pending,1
ORD-003977,Plant-39,IN-2750-3885,120,64,0,2026-07-21T16:00:52+00:00,WH-02,in_progress,6
ORD-003978,Plant-24,EL-7741-3635,61,32,0,2026-07-25T08:00:52+00:00,WH-02,completed,8
ORD-003979,Plant-22,CH-5664-4649,22,13,0,2026-07-24T13:00:52+00:00,WH-02,in_progress,1
ORD-003980,Plant-25,EL-7362-1659,130,49,0,2026-07-20T03:00:52+00:00,WH-02,pending,4
ORD-003981,Plant-20,PO-9669-2172,86,11,0,2026-07-20T00:00:52+00:00,WH-01,pending,7
ORD-003982,Plant-09,FL-2761-2185,113,58,0,2026-07-24T01:00:52+00:00,WH-02,pending,5
ORD-003983,Plant-46,CH-3152-3981,79,37,0,2026-07-22T10:00:52+00:00,WH-01,pending,8
ORD-003984,Plant-32,IN-2516-1857,98,10,0,2026-07-21T16:00:52+00:00,WH-02,completed,5
ORD-003985,Plant-04,PO-5241-632,44,18,0,2026-07-20T18:00:52+00:00,WH-02,in_progress,4
ORD-003986,Plant-34,PO-2211-2641,103,48,0,2026-07-24T07:00:52+00:00,WH-01,pending,5
ORD-003987,Plant-39,CH-3451-1644,115,43,0,2026-07-21T04:00:52+00:00,WH-02,in_progress,7
ORD-003988,Plant-40,EL-2274-952,50,10,0,2026-07-20T06:00:52+00:00,WH-02,completed,9
ORD-003989,Plant-36,EL-9952-2889,97,63,0,2026-07-23T09:00:52+00:00,WH-02,pending,9
ORD-003990,Plant-03,EL-3574-2043,55,31,0,2026-07-25T15:00:52+00:00,WH-02,completed,10
ORD-003991,Plant-07,PO-3339-4854,50,20,0,2026-07-22T17:00:52+00:00,WH-02,completed,8
ORD-003992,Plant-43,PO-9915-940,6,5,0,2026-07-25T06:00:52+00:00,WH-02,completed,10
ORD-003993,Plant-19,PO-4665-4648,33,25,0,2026-07-23T07:00:52+00:00,WH-02,in_progress,4
ORD-003994,Plant-35,FL-4650-763,80,51,0,2026-07-25T22:00:52+00:00,WH-01,in_progress,5
ORD-003995,Plant-25,EL-4518-1234,128,49,0,2026-07-21T19:00:52+00:00,WH-02,in_progress,7
ORD-003996,Plant-48,PO-7870-4145,135,75,0,2026-07-21T03:00:52+00:00,WH-02,in_progress,4
ORD-003997,Plant-04,CH-8676-1467,59,35,0,2026-07-21T11:00:52+00:00,WH-01,in_progress,6
ORD-003998,Plant-17,CH-1839-1716,31,24,0,2026-07-23T05:00:52+00:00,WH-01,pending,4
ORD-003999,Plant-10,FL-4247-2997,104,103,0,2026-07-22T22:00:52+00:00,WH-01,pending,4
ORD-004000,Plant-36,CH-1931-4195,64,9,0,2026-07-26T15:00:52+00:00,WH-01,completed,9
ORD-004001,Plant-18,CH-6105-1976,45,8,0,2026-07-22T08:00:52+00:00,WH-02,completed,3
ORD-004002,Plant-48,IN-7197-061,23,8,0,2026-07-25T18:00:52+00:00,WH-01,in_progress,9
ORD-004003,Plant-35,FL-6010-3588,23,5,0,2026-07-22T07:00:52+00:00,WH-02,in_progress,9
ORD-004004,Plant-19,EL-1093-1588,81,51,0,2026-07-26T02:00:52+00:00,WH-02,in_progress,7
ORD-004005,Plant-31,PO-6791-4687,26,17,0,2026-07-20T17:00:52+00:00,WH-02,in_progress,2
ORD-004006,Plant-46,FL-4487-1266,48,3,0,2026-07-24T18:00:52+00:00,WH-01,completed,2
ORD-004007,Plant-29,EL-5672-4827,111,88,0,2026-07-24T04:00:52+00:00,WH-01,pending,6
ORD-004008,Plant-18,CH-3464-2249,110,26,0,2026-07-25T17:00:52+00:00,WH-02,pending,3
ORD-004009,Plant-13,EL-2857-394,105,59,0,2026-07-21T03:00:52+00:00,WH-01,completed,1
ORD-004010,Plant-28,IN-9542-3713,106,104,0,2026-07-22T10:00:52+00:00,WH-01,in_progress,8
ORD-004011,Plant-39,FL-2189-2330,75,57,0,2026-07-21T08:00:52+00:00,WH-02,completed,4
ORD-004012,Plant-42,FL-1601-3700,123,9,0,2026-07-24T07:00:52+00:00,WH-01,in_progress,1
ORD-004013,Plant-16,CH-8388-3985,88,20,0,2026-07-23T13:00:52+00:00,WH-02,completed,8
ORD-004014,Plant-24,IN-5303-2212,122,74,0,2026-07-23T08:00:52+00:00,WH-01,completed,4
ORD-004015,Plant-10,FL-1746-1085,71,37,0,2026-07-26T08:00:52+00:00,WH-02,in_progress,3
ORD-004016,Plant-35,CH-1963-3027,80,4,0,2026-07-21T14:00:52+00:00,WH-01,completed,7
ORD-004017,Plant-27,IN-5590-103,128,94,0,2026-07-22T22:00:52+00:00,WH-01,pending,7
ORD-004018,Plant-48,EL-6894-2943,71,2,0,2026-07-26T10:00:52+00:00,WH-01,completed,2
ORD-004019,Plant-45,IN-6335-3502,102,54,0,2026-07-21T00:00:52+00:00,WH-01,pending,9
ORD-004020,Plant-25,PO-7904-092,146,5,0,2026-07-19T21:00:52+00:00,WH-01,in_progress,4
ORD-004021,Plant-16,CH-1006-3163,85,84,0,2026-07-21T02:00:52+00:00,WH-02,in_progress,7
ORD-004022,Plant-04,CH-4981-4103,8,3,0,2026-07-22T10:00:52+00:00,WH-01,in_progress,1
ORD-004023,Plant-28,PO-3864-1672,41,22,0,2026-07-26T17:00:52+00:00,WH-01,completed,7
ORD-004024,Plant-13,PO-1764-1167,137,128,0,2026-07-24T05:00:52+00:00,WH-01,in_progress,10
ORD-004025,Plant-28,FL-4504-875,109,90,0,2026-07-24T00:00:52+00:00,WH-02,pending,2
ORD-004026,Plant-08,CH-4385-572,141,53,0,2026-07-25T07:00:52+00:00,WH-01,in_progress,9
ORD-004027,Plant-39,PO-2702-3458,9,2,0,2026-07-20T18:00:52+00:00,WH-01,completed,1
ORD-004028,Plant-47,IN-6596-3930,134,61,0,2026-07-24T10:00:52+00:00,WH-01,completed,9
ORD-004029,Plant-30,FL-9250-012,65,8,0,2026-07-26T18:00:52+00:00,WH-01,completed,6
ORD-004030,Plant-37,FL-4603-1875,87,51,0,2026-07-21T05:00:52+00:00,WH-01,pending,2
ORD-004031,Plant-31,PO-6423-858,102,95,0,2026-07-21T23:00:52+00:00,WH-02,pending,10
ORD-004032,Plant-47,FL-8618-348,91,61,0,2026-07-26T03:00:52+00:00,WH-01,in_progress,2
ORD-004033,Plant-30,CH-8123-4486,149,51,0,2026-07-26T15:00:52+00:00,WH-02,completed,8
ORD-004034,Plant-42,CH-4245-945,82,54,0,2026-07-25T03:00:52+00:00,WH-02,pending,2
ORD-004035,Plant-14,FL-2501-3098,144,46,0,2026-07-24T18:00:52+00:00,WH-02,in_progress,9
ORD-004036,Plant-40,PO-3288-1514,118,19,0,2026-07-25T06:00:52+00:00,WH-01,completed,3
ORD-004037,Plant-47,IN-8791-1186,92,37,0,2026-07-26T10:00:52+00:00,WH-02,in_progress,1
ORD-004038,Plant-26,EL-6799-3893,100,80,0,2026-07-26T16:00:52+00:00,WH-01,completed,10
ORD-004039,Plant-38,IN-9889-2627,91,89,0,2026-07-24T08:00:52+00:00,WH-01,completed,1
ORD-004040,Plant-48,IN-5741-2725,72,7,0,2026-07-21T13:00:52+00:00,WH-02,pending,5
ORD-004041,Plant-21,IN-8448-2871,150,6,0,2026-07-21T09:00:52+00:00,WH-01,in_progress,1
ORD-004042,Plant-32,PO-9875-588,53,26,0,2026-07-23T06:00:52+00:00,WH-01,pending,7
ORD-004043,Plant-28,FL-2601-2876,91,68,0,2026-07-21T23:00:52+00:00,WH-02,in_progress,2
ORD-004044,Plant-03,IN-5608-790,38,28,0,2026-07-21T09:00:52+00:00,WH-02,pending,6
ORD-004045,Plant-45,FL-4890-1324,132,99,0,2026-07-26T06:00:52+00:00,WH-02,pending,6
ORD-004046,Plant-15,IN-5576-3907,87,33,0,2026-07-24T23:00:52+00:00,WH-01,in_progress,1
ORD-004047,Plant-26,FL-7956-1629,49,16,0,2026-07-23T02:00:52+00:00,WH-02,pending,2
ORD-004048,Plant-29,EL-1412-3689,102,66,0,2026-07-22T06:00:52+00:00,WH-01,pending,6
ORD-004049,Plant-46,PO-3310-833,105,48,0,2026-07-23T13:00:52+00:00,WH-02,completed,5
ORD-004050,Plant-20,FL-1026-2388,67,58,0,2026-07-23T12:00:52+00:00,WH-01,pending,10
ORD-004051,Plant-29,CH-9103-1181,61,30,0,2026-07-22T00:00:52+00:00,WH-02,pending,6
ORD-004052,Plant-32,FL-1333-3795,118,65,0,2026-07-20T06:00:52+00:00,WH-01,completed,10
ORD-004053,Plant-45,IN-7325-634,5,0,0,2026-07-24T07:00:52+00:00,WH-01,completed,3
ORD-004054,Plant-10,PO-9132-4939,10,3,0,2026-07-21T05:00:52+00:00,WH-02,completed,4
ORD-004055,Plant-10,PO-5559-2764,110,67,0,2026-07-23T16:00:52+00:00,WH-02,completed,3
ORD-004056,Plant-17,EL-2066-283,138,19,0,2026-07-21T15:00:52+00:00,WH-01,completed,2
ORD-004057,Plant-13,IN-4982-4222,138,101,0,2026-07-25T08:00:52+00:00,WH-01,completed,10
ORD-004058,Plant-03,FL-2879-1995,144,83,0,2026-07-26T06:00:52+00:00,WH-01,in_progress,1
ORD-004059,Plant-12,IN-7040-2419,28,20,0,2026-07-24T21:00:52+00:00,WH-02,completed,5
ORD-004060,Plant-45,PO-6139-2646,17,4,0,2026-07-20T01:00:52+00:00,WH-02,completed,7
ORD-004061,Plant-40,EL-2251-1109,142,81,0,2026-07-22T22:00:52+00:00,WH-02,completed,9
ORD-004062,Plant-05,FL-2785-2225,119,24,0,2026-07-23T23:00:52+00:00,WH-02,pending,6
ORD-004063,Plant-26,EL-8268-2543,103,11,0,2026-07-24T22:00:52+00:00,WH-01,in_progress,8
ORD-004064,Plant-04,IN-6351-2391,26,12,0,2026-07-23T21:00:52+00:00,WH-01,in_progress,5
ORD-004065,Plant-36,FL-6988-1296,30,7,0,2026-07-19T21:00:52+00:00,WH-01,pending,7
ORD-004066,Plant-38,CH-6088-3932,61,29,0,2026-07-20T07:00:52+00:00,WH-02,completed,3
ORD-004067,Plant-46,CH-4422-238,128,105,0,2026-07-22T00:00:52+00:00,WH-01,in_progress,1
ORD-004068,Plant-48,EL-2314-4782,148,121,0,2026-07-23T14:00:52+00:00,WH-02,pending,9
ORD-004069,Plant-11,CH-1509-2044,11,2,0,2026-07-23T12:00:52+00:00,WH-01,pending,10
ORD-004070,Plant-27,PO-4545-1856,74,49,0,2026-07-21T04:00:52+00:00,WH-01,completed,9
ORD-004071,Plant-23,PO-9118-1318,17,6,0,2026-07-23T10:00:52+00:00,WH-01,completed,7
ORD-004072,Plant-04,CH-1372-4467,144,12,0,2026-07-21T19:00:52+00:00,WH-01,in_progress,1
ORD-004073,Plant-35,PO-7987-805,87,27,0,2026-07-25T00:00:52+00:00,WH-01,pending,5
ORD-004074,Plant-28,CH-4034-688,98,23,0,2026-07-23T16:00:52+00:00,WH-02,completed,4
ORD-004075,Plant-30,EL-7225-2183,135,81,0,2026-07-26T02:00:52+00:00,WH-02,pending,9
ORD-004076,Plant-16,CH-8491-4165,44,29,0,2026-07-22T08:00:52+00:00,WH-01,in_progress,6
ORD-004077,Plant-29,PO-4501-607,44,42,0,2026-07-20T16:00:52+00:00,WH-02,in_progress,2
ORD-004078,Plant-41,PO-8030-2826,38,35,0,2026-07-25T07:00:52+00:00,WH-02,in_progress,10
ORD-004079,Plant-02,CH-6737-3083,90,62,0,2026-07-21T03:00:52+00:00,WH-02,pending,1
ORD-004080,Plant-17,CH-7820-2291,47,12,0,2026-07-21T21:00:52+00:00,WH-01,completed,6
ORD-004081,Plant-06,PO-4122-727,106,105,0,2026-07-21T15:00:52+00:00,WH-02,completed,9
ORD-004082,Plant-43,EL-9921-549,148,8,0,2026-07-20T00:00:52+00:00,WH-01,in_progress,8
ORD-004083,Plant-10,EL-4358-3394,50,9,0,2026-07-26T04:00:52+00:00,WH-01,pending,8
ORD-004084,Plant-37,PO-9901-4788,124,85,0,2026-07-26T03:00:52+00:00,WH-01,in_progress,4
ORD-004085,Plant-07,PO-5509-4540,90,20,0,2026-07-22T04:00:52+00:00,WH-02,in_progress,10
ORD-004086,Plant-27,IN-7581-978,123,10,0,2026-07-21T17:00:52+00:00,WH-01,pending,9
ORD-004087,Plant-34,PO-9029-2731,41,2,0,2026-07-20T23:00:52+00:00,WH-01,completed,6
ORD-004088,Plant-46,IN-4878-3014,108,103,0,2026-07-22T09:00:52+00:00,WH-01,completed,5
ORD-004089,Plant-23,IN-6062-3422,99,19,0,2026-07-26T11:00:52+00:00,WH-02,pending,1
ORD-004090,Plant-38,IN-6354-364,148,133,0,2026-07-25T05:00:52+00:00,WH-02,in_progress,6
ORD-004091,Plant-40,EL-3783-4534,28,26,0,2026-07-25T06:00:52+00:00,WH-02,pending,4
ORD-004092,Plant-11,IN-8136-4054,94,32,0,2026-07-19T22:00:52+00:00,WH-02,completed,4
ORD-004093,Plant-20,IN-3798-311,14,1,0,2026-07-23T08:00:52+00:00,WH-02,in_progress,3
ORD-004094,Plant-48,FL-2406-4310,49,25,0,2026-07-25T03:00:52+00:00,WH-01,in_progress,8
ORD-004095,Plant-11,IN-5303-2212,52,37,0,2026-07-21T14:00:52+00:00,WH-02,completed,8
ORD-004096,Plant-17,PO-8528-3252,109,66,0,2026-07-23T12:00:52+00:00,WH-01,pending,6
ORD-004097,Plant-26,EL-9957-2903,116,22,0,2026-07-21T01:00:52+00:00,WH-01,completed,2
ORD-004098,Plant-34,PO-4569-1006,103,82,0,2026-07-26T06:00:52+00:00,WH-01,completed,5
ORD-004099,Plant-04,IN-9889-2627,103,15,0,2026-07-24T15:00:52+00:00,WH-02,completed,6
ORD-004100,Plant-43,CH-5192-830,49,19,0,2026-07-20T05:00:52+00:00,WH-01,pending,1
ORD-004101,Plant-12,FL-6954-3102,89,25,0,2026-07-23T10:00:52+00:00,WH-01,pending,7
ORD-004102,Plant-35,EL-3115-1950,103,42,0,2026-07-23T20:00:52+00:00,WH-02,in_progress,10
ORD-004103,Plant-35,FL-1867-3315,45,6,0,2026-07-22T10:00:52+00:00,WH-02,pending,9
ORD-004104,Plant-11,FL-3213-1792,124,75,0,2026-07-25T18:00:52+00:00,WH-01,in_progress,2
ORD-004105,Plant-32,IN-7655-4820,112,14,0,2026-07-20T16:00:52+00:00,WH-01,in_progress,3
ORD-004106,Plant-13,PO-8555-3266,60,33,0,2026-07-25T12:00:52+00:00,WH-01,pending,3
ORD-004107,Plant-29,PO-4313-2436,20,18,0,2026-07-22T01:00:52+00:00,WH-01,completed,9
ORD-004108,Plant-13,IN-6813-2366,109,33,0,2026-07-20T09:00:52+00:00,WH-01,in_progress,6
ORD-004109,Plant-08,PO-4012-3670,64,64,0,2026-07-21T08:00:52+00:00,WH-02,pending,9
ORD-004110,Plant-09,FL-7994-3393,18,11,0,2026-07-26T17:00:52+00:00,WH-01,in_progress,6
ORD-004111,Plant-26,EL-3531-774,128,57,0,2026-07-26T09:00:52+00:00,WH-02,in_progress,6
ORD-004112,Plant-27,CH-5237-4307,55,35,0,2026-07-22T08:00:52+00:00,WH-01,pending,9
ORD-004113,Plant-12,PO-1433-440,39,21,0,2026-07-25T03:00:52+00:00,WH-01,pending,6
ORD-004114,Plant-06,PO-7650-3249,40,5,0,2026-07-24T07:00:52+00:00,WH-02,completed,4
ORD-004115,Plant-08,IN-1379-160,149,34,0,2026-07-21T23:00:52+00:00,WH-01,in_progress,10
ORD-004116,Plant-47,FL-8216-2468,18,16,0,2026-07-22T20:00:52+00:00,WH-02,completed,4
ORD-004117,Plant-37,CH-2896-979,130,4,0,2026-07-25T03:00:52+00:00,WH-01,pending,10
ORD-004118,Plant-21,CH-8045-2523,70,37,0,2026-07-21T18:00:52+00:00,WH-02,pending,10
ORD-004119,Plant-48,EL-3938-150,73,62,0,2026-07-26T08:00:52+00:00,WH-02,completed,9
ORD-004120,Plant-09,EL-5860-4967,79,74,0,2026-07-23T04:00:52+00:00,WH-01,pending,9
ORD-004121,Plant-30,CH-4562-1767,127,9,0,2026-07-23T22:00:52+00:00,WH-01,completed,9
ORD-004122,Plant-25,CH-7440-130,75,38,0,2026-07-24T04:00:52+00:00,WH-02,completed,3
ORD-004123,Plant-37,PO-1610-3451,88,0,0,2026-07-26T09:00:52+00:00,WH-02,completed,1
ORD-004124,Plant-37,CH-3147-3006,49,20,0,2026-07-23T00:00:52+00:00,WH-01,completed,4
ORD-004125,Plant-43,EL-2739-121,96,75,0,2026-07-22T06:00:52+00:00,WH-01,completed,8
ORD-004126,Plant-01,FL-1672-1437,12,10,0,2026-07-26T12:00:52+00:00,WH-02,in_progress,5
ORD-004127,Plant-43,FL-4244-2491,67,23,0,2026-07-21T15:00:52+00:00,WH-01,pending,1
ORD-004128,Plant-18,IN-8960-265,92,79,0,2026-07-26T05:00:52+00:00,WH-02,pending,6
ORD-004129,Plant-44,CH-5732-862,124,42,0,2026-07-23T13:00:52+00:00,WH-01,in_progress,6
ORD-004130,Plant-30,PO-4625-1170,139,91,0,2026-07-25T15:00:52+00:00,WH-01,pending,8
ORD-004131,Plant-47,CH-3886-967,65,61,0,2026-07-23T08:00:52+00:00,WH-02,completed,3
ORD-004132,Plant-16,IN-6251-2239,38,26,0,2026-07-22T23:00:52+00:00,WH-02,pending,6
ORD-004133,Plant-40,IN-8099-3656,146,120,0,2026-07-23T12:00:52+00:00,WH-02,in_progress,7
ORD-004134,Plant-43,PO-6122-2681,25,11,0,2026-07-20T12:00:52+00:00,WH-02,completed,4
ORD-004135,Plant-35,CH-2932-158,43,31,0,2026-07-22T22:00:52+00:00,WH-02,pending,7
ORD-004136,Plant-25,FL-3822-2758,45,10,0,2026-07-22T11:00:52+00:00,WH-01,pending,7
ORD-004137,Plant-08,IN-3565-2104,128,66,0,2026-07-23T23:00:52+00:00,WH-02,pending,6
ORD-004138,Plant-31,CH-9222-4404,25,19,0,2026-07-26T08:00:52+00:00,WH-02,pending,10
ORD-004139,Plant-36,CH-9605-541,148,98,0,2026-07-20T07:00:52+00:00,WH-02,pending,6
ORD-004140,Plant-14,CH-1938-993,104,52,0,2026-07-21T08:00:52+00:00,WH-01,in_progress,2
ORD-004141,Plant-20,CH-9317-916,81,32,0,2026-07-26T15:00:52+00:00,WH-02,completed,2
ORD-004142,Plant-11,EL-7852-3642,6,5,0,2026-07-23T13:00:52+00:00,WH-01,in_progress,3
ORD-004143,Plant-36,IN-8146-2273,63,19,0,2026-07-25T23:00:52+00:00,WH-01,pending,10
ORD-004144,Plant-06,IN-5697-756,21,2,0,2026-07-23T20:00:52+00:00,WH-01,completed,4
ORD-004145,Plant-04,IN-6342-4020,125,27,0,2026-07-19T19:00:52+00:00,WH-02,in_progress,10
ORD-004146,Plant-05,EL-8324-3692,91,24,0,2026-07-20T19:00:52+00:00,WH-01,pending,4
ORD-004147,Plant-13,PO-2456-646,5,1,0,2026-07-25T05:00:52+00:00,WH-01,completed,4
ORD-004148,Plant-20,FL-7156-561,25,7,0,2026-07-20T06:00:52+00:00,WH-01,in_progress,7
ORD-004149,Plant-24,EL-7457-1049,108,66,0,2026-07-22T12:00:52+00:00,WH-01,in_progress,10
ORD-004150,Plant-13,FL-5150-599,24,6,0,2026-07-26T16:00:52+00:00,WH-02,completed,9
ORD-004151,Plant-45,PO-9587-2922,31,25,0,2026-07-26T10:00:52+00:00,WH-02,pending,10
ORD-004152,Plant-09,CH-5664-4649,73,46,0,2026-07-26T02:00:52+00:00,WH-02,pending,8
ORD-004153,Plant-37,PO-6791-2716,9,8,0,2026-07-24T15:00:52+00:00,WH-01,pending,5
ORD-004154,Plant-22,FL-5280-1931,142,36,0,2026-07-21T09:00:52+00:00,WH-02,in_progress,8
ORD-004155,Plant-36,FL-1096-557,54,10,0,2026-07-26T06:00:52+00:00,WH-02,completed,4
ORD-004156,Plant-04,CH-5494-2415,71,3,0,2026-07-21T01:00:52+00:00,WH-01,pending,2
ORD-004157,Plant-26,PO-9443-593,140,90,0,2026-07-26T18:00:52+00:00,WH-02,completed,2
ORD-004158,Plant-04,PO-3636-1919,147,120,0,2026-07-23T15:00:52+00:00,WH-01,completed,9
ORD-004159,Plant-09,EL-9765-2466,86,85,0,2026-07-26T17:00:52+00:00,WH-01,completed,1
ORD-004160,Plant-12,CH-6870-4143,29,26,0,2026-07-22T20:00:52+00:00,WH-01,completed,8
ORD-004161,Plant-43,EL-7601-1453,110,90,0,2026-07-23T06:00:52+00:00,WH-01,pending,8
ORD-004162,Plant-32,CH-4422-238,32,9,0,2026-07-24T17:00:52+00:00,WH-02,pending,4
ORD-004163,Plant-46,FL-6022-522,62,8,0,2026-07-25T02:00:52+00:00,WH-01,in_progress,2
ORD-004164,Plant-28,CH-5056-334,4,1,0,2026-07-20T14:00:52+00:00,WH-02,in_progress,9
ORD-004165,Plant-02,IN-8221-4563,103,52,0,2026-07-21T10:00:52+00:00,WH-02,completed,9
ORD-004166,Plant-16,EL-2197-3663,128,104,0,2026-07-23T02:00:52+00:00,WH-02,completed,8
ORD-004167,Plant-27,IN-7910-179,5,5,0,2026-07-26T02:00:52+00:00,WH-01,pending,7
ORD-004168,Plant-27,EL-4972-2317,9,0,0,2026-07-23T23:00:52+00:00,WH-01,pending,10
ORD-004169,Plant-18,EL-9682-463,91,0,0,2026-07-23T07:00:52+00:00,WH-01,in_progress,8
ORD-004170,Plant-04,PO-1996-4830,74,29,0,2026-07-19T23:00:52+00:00,WH-01,completed,3
ORD-004171,Plant-31,PO-1578-1873,86,78,0,2026-07-23T12:00:52+00:00,WH-02,pending,6
ORD-004172,Plant-03,CH-3876-450,144,100,0,2026-07-21T19:00:52+00:00,WH-02,in_progress,8
ORD-004173,Plant-42,IN-6408-172,149,11,0,2026-07-22T12:00:52+00:00,WH-01,completed,2
ORD-004174,Plant-42,PO-4512-4816,117,111,0,2026-07-22T10:00:52+00:00,WH-02,completed,9
ORD-004175,Plant-48,CH-5498-3383,114,69,0,2026-07-24T14:00:52+00:00,WH-02,pending,6
ORD-004176,Plant-17,CH-8558-778,143,139,0,2026-07-23T02:00:52+00:00,WH-01,pending,9
ORD-004177,Plant-27,CH-6771-068,100,49,0,2026-07-24T18:00:52+00:00,WH-02,completed,2
ORD-004178,Plant-13,PO-4958-997,52,29,0,2026-07-25T09:00:52+00:00,WH-01,completed,1
ORD-004179,Plant-44,EL-8653-3921,77,52,0,2026-07-23T15:00:52+00:00,WH-01,in_progress,8
ORD-004180,Plant-45,EL-9573-643,110,57,0,2026-07-21T09:00:52+00:00,WH-01,completed,6
ORD-004181,Plant-27,IN-7074-2294,100,63,0,2026-07-24T16:00:52+00:00,WH-02,in_progress,9
ORD-004182,Plant-02,PO-7517-4739,78,69,0,2026-07-21T03:00:52+00:00,WH-02,completed,4
ORD-004183,Plant-38,CH-8793-2788,133,93,0,2026-07-24T16:00:52+00:00,WH-01,completed,9
ORD-004184,Plant-23,EL-6786-400,121,70,0,2026-07-25T00:00:52+00:00,WH-02,completed,6
ORD-004185,Plant-35,EL-5121-2583,36,13,0,2026-07-24T21:00:52+00:00,WH-02,in_progress,6
ORD-004186,Plant-48,PO-9710-2132,111,9,0,2026-07-23T04:00:52+00:00,WH-02,in_progress,1
ORD-004187,Plant-45,PO-6641-2438,80,18,0,2026-07-24T11:00:52+00:00,WH-02,in_progress,6
ORD-004188,Plant-10,FL-6988-1296,15,8,0,2026-07-22T12:00:52+00:00,WH-01,completed,7
ORD-004189,Plant-44,EL-9661-1503,66,0,0,2026-07-24T11:00:52+00:00,WH-02,pending,6
ORD-004190,Plant-33,PO-2669-3294,129,76,0,2026-07-22T15:00:52+00:00,WH-01,completed,7
ORD-004191,Plant-31,CH-9697-290,107,86,0,2026-07-23T00:00:52+00:00,WH-02,pending,5
ORD-004192,Plant-02,FL-4781-1197,29,1,0,2026-07-25T22:00:52+00:00,WH-02,pending,6
ORD-004193,Plant-28,FL-3707-162,78,63,0,2026-07-20T09:00:52+00:00,WH-02,in_progress,5
ORD-004194,Plant-23,IN-4332-2526,132,44,0,2026-07-20T23:00:52+00:00,WH-02,completed,5
ORD-004195,Plant-22,EL-3174-4595,42,20,0,2026-07-20T00:00:52+00:00,WH-02,completed,6
ORD-004196,Plant-29,PO-9901-4788,87,4,0,2026-07-25T13:00:52+00:00,WH-01,pending,1
ORD-004197,Plant-27,PO-3567-2061,97,85,0,2026-07-20T21:00:52+00:00,WH-02,completed,6
ORD-004198,Plant-17,FL-7197-2130,115,96,0,2026-07-20T15:00:52+00:00,WH-02,in_progress,6
ORD-004199,Plant-22,PO-9426-3965,24,7,0,2026-07-23T09:00:52+00:00,WH-01,pending,10
ORD-004200,Plant-26,IN-6985-3004,23,4,0,2026-07-25T23:00:52+00:00,WH-02,in_progress,1
ORD-004201,Plant-43,FL-7501-3342,23,1,0,2026-07-25T05:00:52+00:00,WH-01,completed,9
ORD-004202,Plant-42,CH-8373-1385,138,59,0,2026-07-20T17:00:52+00:00,WH-01,completed,9
ORD-004203,Plant-37,CH-2686-1096,127,97,0,2026-07-25T10:00:52+00:00,WH-02,in_progress,7
ORD-004204,Plant-07,EL-3035-3041,95,64,0,2026-07-21T11:00:52+00:00,WH-01,pending,6
ORD-004205,Plant-06,IN-3173-3820,57,10,0,2026-07-22T02:00:52+00:00,WH-02,completed,7
ORD-004206,Plant-20,CH-5318-712,76,61,0,2026-07-24T09:00:52+00:00,WH-01,in_progress,2
ORD-004207,Plant-20,IN-9262-1808,146,63,0,2026-07-20T05:00:52+00:00,WH-02,pending,5
ORD-004208,Plant-05,CH-4602-1277,109,51,0,2026-07-23T22:00:52+00:00,WH-02,in_progress,1
ORD-004209,Plant-45,PO-3473-2861,4,3,0,2026-07-26T02:00:52+00:00,WH-02,pending,2
ORD-004210,Plant-25,PO-5177-3331,63,16,0,2026-07-26T01:00:52+00:00,WH-02,in_progress,5
ORD-004211,Plant-23,PO-5670-1493,78,16,0,2026-07-25T13:00:52+00:00,WH-01,completed,6
ORD-004212,Plant-42,FL-2472-1692,87,34,0,2026-07-25T19:00:52+00:00,WH-02,in_progress,6
ORD-004213,Plant-10,PO-5737-3455,131,15,0,2026-07-21T23:00:52+00:00,WH-02,in_progress,1
ORD-004214,Plant-12,CH-5211-3558,37,5,0,2026-07-22T21:00:52+00:00,WH-01,pending,1
ORD-004215,Plant-17,FL-7184-4957,140,99,0,2026-07-25T01:00:52+00:00,WH-01,completed,1
ORD-004216,Plant-10,EL-9341-3968,87,32,0,2026-07-20T08:00:52+00:00,WH-01,pending,5
ORD-004217,Plant-12,FL-1819-3717,93,60,0,2026-07-26T02:00:52+00:00,WH-01,pending,9
ORD-004218,Plant-07,PO-1397-1979,42,34,0,2026-07-20T18:00:52+00:00,WH-01,in_progress,10
ORD-004219,Plant-41,FL-4155-2941,113,2,0,2026-07-22T17:00:52+00:00,WH-02,completed,6
ORD-004220,Plant-28,CH-6156-1706,148,128,0,2026-07-21T14:00:52+00:00,WH-01,pending,3
ORD-004221,Plant-21,PO-8273-155,49,39,0,2026-07-23T11:00:52+00:00,WH-01,pending,3
ORD-004222,Plant-33,CH-6658-1121,61,46,0,2026-07-25T11:00:52+00:00,WH-02,in_progress,9
ORD-004223,Plant-22,EL-6371-071,130,113,0,2026-07-20T03:00:52+00:00,WH-02,completed,7
ORD-004224,Plant-34,FL-8369-1756,49,4,0,2026-07-24T23:00:52+00:00,WH-01,pending,1
ORD-004225,Plant-29,FL-9901-4275,33,22,0,2026-07-23T21:00:52+00:00,WH-01,pending,7
ORD-004226,Plant-40,EL-2008-259,80,41,0,2026-07-20T05:00:52+00:00,WH-02,pending,6
ORD-004227,Plant-29,FL-5663-1860,141,122,0,2026-07-24T04:00:52+00:00,WH-01,in_progress,5
ORD-004228,Plant-10,FL-2189-3767,25,8,0,2026-07-25T14:00:52+00:00,WH-02,pending,2
ORD-004229,Plant-30,CH-2230-1913,125,92,0,2026-07-20T08:00:52+00:00,WH-02,pending,3
ORD-004230,Plant-30,CH-9736-2664,35,9,0,2026-07-23T16:00:52+00:00,WH-01,pending,1
ORD-004231,Plant-26,IN-9508-645,44,31,0,2026-07-25T07:00:52+00:00,WH-01,completed,3
ORD-004232,Plant-47,EL-8687-445,46,12,0,2026-07-21T04:00:52+00:00,WH-01,in_progress,10
ORD-004233,Plant-10,FL-7609-709,76,10,0,2026-07-25T23:00:52+00:00,WH-01,in_progress,3
ORD-004234,Plant-10,PO-8041-1799,49,36,0,2026-07-22T07:00:52+00:00,WH-01,in_progress,8
ORD-004235,Plant-15,CH-3151-347,101,86,0,2026-07-25T19:00:52+00:00,WH-02,pending,2
ORD-004236,Plant-28,PO-2149-3380,83,31,0,2026-07-26T06:00:52+00:00,WH-02,completed,9
ORD-004237,Plant-40,PO-8149-4629,92,44,0,2026-07-25T13:00:52+00:00,WH-02,in_progress,6
ORD-004238,Plant-44,IN-6127-2274,41,6,0,2026-07-20T23:00:52+00:00,WH-02,in_progress,2
ORD-004239,Plant-47,FL-6460-1233,93,76,0,2026-07-22T14:00:52+00:00,WH-01,completed,3
ORD-004240,Plant-12,FL-9168-2009,69,27,0,2026-07-25T17:00:52+00:00,WH-01,in_progress,3
ORD-004241,Plant-38,PO-5196-4933,120,70,0,2026-07-24T15:00:52+00:00,WH-02,pending,2
ORD-004242,Plant-13,PO-3919-143,104,87,0,2026-07-25T21:00:52+00:00,WH-02,in_progress,3
ORD-004243,Plant-15,FL-2222-2383,108,99,0,2026-07-24T03:00:52+00:00,WH-02,in_progress,10
ORD-004244,Plant-38,EL-9019-2770,145,69,0,2026-07-24T18:00:52+00:00,WH-01,pending,5
ORD-004245,Plant-23,CH-1253-4600,23,7,0,2026-07-22T12:00:52+00:00,WH-02,pending,1
ORD-004246,Plant-18,IN-6479-011,105,29,0,2026-07-21T20:00:52+00:00,WH-01,pending,8
ORD-004247,Plant-13,IN-9320-4700,126,63,0,2026-07-25T16:00:52+00:00,WH-01,pending,1
ORD-004248,Plant-43,EL-7295-1496,24,12,0,2026-07-21T15:00:52+00:00,WH-02,completed,3
ORD-004249,Plant-22,CH-2747-1341,105,22,0,2026-07-22T06:00:52+00:00,WH-02,pending,1
ORD-004250,Plant-03,EL-2026-357,98,40,0,2026-07-22T11:00:52+00:00,WH-02,pending,5
ORD-004251,Plant-06,CH-9211-2134,27,10,0,2026-07-20T14:00:52+00:00,WH-02,completed,9
ORD-004252,Plant-05,EL-2739-121,77,63,0,2026-07-26T13:00:52+00:00,WH-02,completed,1
ORD-004253,Plant-30,FL-2367-4702,67,50,0,2026-07-23T06:00:52+00:00,WH-01,pending,7
ORD-004254,Plant-24,FL-9156-580,78,4,0,2026-07-22T01:00:52+00:00,WH-01,pending,7
ORD-004255,Plant-38,EL-4881-379,106,99,0,2026-07-23T07:00:52+00:00,WH-02,in_progress,3
ORD-004256,Plant-25,IN-5666-3124,31,11,0,2026-07-23T10:00:52+00:00,WH-02,completed,6
ORD-004257,Plant-33,PO-3466-3100,58,47,0,2026-07-23T00:00:52+00:00,WH-01,in_progress,3
ORD-004258,Plant-16,PO-2552-4913,5,3,0,2026-07-19T18:00:52+00:00,WH-01,in_progress,6
ORD-004259,Plant-04,IN-4243-4370,79,29,0,2026-07-20T22:00:52+00:00,WH-01,completed,10
ORD-004260,Plant-33,FL-3972-1488,17,10,0,2026-07-23T00:00:52+00:00,WH-01,pending,1
ORD-004261,Plant-14,PO-9597-2265,105,70,0,2026-07-21T16:00:52+00:00,WH-01,in_progress,10
ORD-004262,Plant-33,FL-8773-1122,71,58,0,2026-07-26T09:00:52+00:00,WH-02,completed,3
ORD-004263,Plant-47,IN-9934-2453,26,1,0,2026-07-21T23:00:52+00:00,WH-02,in_progress,1
ORD-004264,Plant-06,PO-8403-1220,92,36,0,2026-07-24T10:00:52+00:00,WH-02,in_progress,4
ORD-004265,Plant-28,IN-3851-3071,27,8,0,2026-07-25T17:00:52+00:00,WH-01,completed,3
ORD-004266,Plant-26,CH-2233-1952,146,97,0,2026-07-23T23:00:52+00:00,WH-01,completed,10
ORD-004267,Plant-18,PO-5238-2946,88,21,0,2026-07-22T15:00:52+00:00,WH-02,in_progress,1
ORD-004268,Plant-32,PO-8196-1149,79,53,0,2026-07-26T13:00:52+00:00,WH-02,in_progress,6
ORD-004269,Plant-07,EL-2186-3876,75,36,0,2026-07-23T20:00:52+00:00,WH-01,completed,5
ORD-004270,Plant-43,FL-7155-1216,8,6,0,2026-07-22T17:00:52+00:00,WH-02,completed,2
ORD-004271,Plant-05,PO-3499-4929,86,68,0,2026-07-21T09:00:52+00:00,WH-02,pending,5
ORD-004272,Plant-12,IN-3886-1367,55,0,0,2026-07-20T07:00:52+00:00,WH-01,pending,1
ORD-004273,Plant-37,IN-1703-3958,106,21,0,2026-07-25T01:00:52+00:00,WH-01,in_progress,9
ORD-004274,Plant-40,EL-5458-4941,74,63,0,2026-07-23T08:00:52+00:00,WH-02,completed,8
ORD-004275,Plant-33,CH-4108-2399,121,61,0,2026-07-20T18:00:52+00:00,WH-01,completed,4
ORD-004276,Plant-36,FL-4247-2997,16,0,0,2026-07-20T21:00:52+00:00,WH-02,pending,3
ORD-004277,Plant-03,CH-4583-2728,109,29,0,2026-07-22T08:00:52+00:00,WH-02,completed,1
ORD-004278,Plant-43,PO-4696-4052,118,101,0,2026-07-19T19:00:52+00:00,WH-02,completed,7
ORD-004279,Plant-47,EL-8057-1666,20,12,0,2026-07-21T11:00:52+00:00,WH-02,pending,7
ORD-004280,Plant-04,IN-3926-4620,62,19,0,2026-07-21T03:00:52+00:00,WH-01,pending,8
ORD-004281,Plant-02,FL-8796-4729,97,21,0,2026-07-23T22:00:52+00:00,WH-01,pending,9
ORD-004282,Plant-29,CH-3453-3060,116,35,0,2026-07-24T16:00:52+00:00,WH-02,completed,5
ORD-004283,Plant-37,FL-5416-086,149,92,0,2026-07-26T11:00:52+00:00,WH-02,completed,8
ORD-004284,Plant-25,IN-7356-4160,32,19,0,2026-07-23T08:00:52+00:00,WH-02,pending,3
ORD-004285,Plant-45,FL-3313-914,122,116,0,2026-07-26T08:00:52+00:00,WH-02,pending,6
ORD-004286,Plant-28,FL-7948-3474,42,16,0,2026-07-25T01:00:52+00:00,WH-02,completed,8
ORD-004287,Plant-34,PO-7807-2937,77,21,0,2026-07-20T02:00:52+00:00,WH-02,completed,1
ORD-004288,Plant-07,FL-7693-2570,42,36,0,2026-07-20T10:00:52+00:00,WH-02,in_progress,3
ORD-004289,Plant-26,FL-7553-4815,96,85,0,2026-07-21T17:00:52+00:00,WH-02,completed,5
ORD-004290,Plant-32,IN-4713-3166,101,61,0,2026-07-20T11:00:52+00:00,WH-02,completed,3
ORD-004291,Plant-04,FL-2006-4323,99,94,0,2026-07-24T10:00:52+00:00,WH-02,in_progress,9
ORD-004292,Plant-12,EL-3100-1993,89,59,0,2026-07-26T06:00:52+00:00,WH-02,completed,2
ORD-004293,Plant-05,IN-3651-526,16,13,0,2026-07-21T04:00:52+00:00,WH-01,completed,9
ORD-004294,Plant-16,CH-9719-435,16,1,0,2026-07-24T22:00:52+00:00,WH-02,pending,7
ORD-004295,Plant-34,IN-7414-729,53,5,0,2026-07-23T17:00:52+00:00,WH-01,in_progress,1
ORD-004296,Plant-26,IN-2383-1649,71,25,0,2026-07-26T17:00:52+00:00,WH-01,in_progress,6
ORD-004297,Plant-23,IN-9028-3601,140,75,0,2026-07-23T03:00:52+00:00,WH-01,pending,7
ORD-004298,Plant-33,PO-3977-4593,114,86,0,2026-07-21T02:00:52+00:00,WH-01,in_progress,6
ORD-004299,Plant-16,PO-7835-3046,27,16,0,2026-07-22T12:00:52+00:00,WH-01,in_progress,3
ORD-004300,Plant-03,EL-2495-3454,37,37,0,2026-07-25T13:00:52+00:00,WH-02,pending,2
ORD-004301,Plant-29,IN-6249-4851,80,3,0,2026-07-24T01:00:52+00:00,WH-02,in_progress,8
ORD-004302,Plant-06,CH-9196-1980,123,82,0,2026-07-20T05:00:52+00:00,WH-02,completed,5
ORD-004303,Plant-02,FL-5497-466,134,16,0,2026-07-19T20:00:52+00:00,WH-02,pending,3
ORD-004304,Plant-24,EL-3668-4591,40,11,0,2026-07-24T15:00:52+00:00,WH-01,completed,7
ORD-004305,Plant-48,IN-9185-3687,49,46,0,2026-07-23T19:00:52+00:00,WH-02,completed,5
ORD-004306,Plant-43,CH-6289-3734,63,35,0,2026-07-19T21:00:52+00:00,WH-01,completed,6
ORD-004307,Plant-02,CH-2364-1757,37,6,0,2026-07-20T06:00:52+00:00,WH-01,pending,8
ORD-004308,Plant-41,CH-2864-1035,37,37,0,2026-07-24T03:00:52+00:00,WH-02,in_progress,4
ORD-004309,Plant-23,IN-9982-4234,37,19,0,2026-07-23T12:00:52+00:00,WH-01,completed,10
ORD-004310,Plant-02,EL-5812-3996,92,61,0,2026-07-24T01:00:52+00:00,WH-01,pending,5
ORD-004311,Plant-43,IN-6592-635,115,19,0,2026-07-23T12:00:52+00:00,WH-02,completed,1
ORD-004312,Plant-02,PO-6415-2629,86,46,0,2026-07-20T23:00:52+00:00,WH-02,pending,10
ORD-004313,Plant-13,EL-2313-4693,42,9,0,2026-07-24T07:00:52+00:00,WH-01,pending,10
ORD-004314,Plant-04,IN-2704-3397,69,41,0,2026-07-26T07:00:52+00:00,WH-02,in_progress,5
ORD-004315,Plant-22,CH-1006-3163,101,18,0,2026-07-24T19:00:52+00:00,WH-01,pending,5
ORD-004316,Plant-21,IN-9026-009,75,9,0,2026-07-22T21:00:52+00:00,WH-02,pending,1
ORD-004317,Plant-18,EL-8618-793,149,13,0,2026-07-22T02:00:52+00:00,WH-01,completed,4
ORD-004318,Plant-30,FL-5141-4205,79,13,0,2026-07-21T19:00:52+00:00,WH-02,in_progress,8
ORD-004319,Plant-25,PO-1089-3624,34,19,0,2026-07-24T11:00:52+00:00,WH-02,in_progress,1
ORD-004320,Plant-23,EL-9273-1366,10,4,0,2026-07-21T07:00:52+00:00,WH-01,pending,4
ORD-004321,Plant-32,FL-5772-999,9,6,0,2026-07-21T14:00:52+00:00,WH-01,pending,10
ORD-004322,Plant-14,IN-5038-177,54,26,0,2026-07-24T17:00:52+00:00,WH-01,in_progress,5
ORD-004323,Plant-32,FL-7160-456,41,26,0,2026-07-21T20:00:52+00:00,WH-01,pending,8
ORD-004324,Plant-38,EL-5700-419,16,2,0,2026-07-20T00:00:52+00:00,WH-02,pending,2
ORD-004325,Plant-06,FL-8620-4454,8,4,0,2026-07-25T15:00:52+00:00,WH-01,in_progress,10
ORD-004326,Plant-13,IN-2688-3809,74,34,0,2026-07-20T08:00:52+00:00,WH-01,pending,8
ORD-004327,Plant-09,EL-1733-1139,4,4,0,2026-07-23T13:00:52+00:00,WH-02,completed,9
ORD-004328,Plant-19,PO-6175-2440,45,30,0,2026-07-23T04:00:52+00:00,WH-02,in_progress,5
ORD-004329,Plant-31,FL-5463-1668,98,6,0,2026-07-24T06:00:52+00:00,WH-02,in_progress,1
ORD-004330,Plant-47,CH-1808-621,95,74,0,2026-07-22T04:00:52+00:00,WH-02,pending,8
ORD-004331,Plant-12,EL-7125-3683,125,122,0,2026-07-20T17:00:52+00:00,WH-02,in_progress,3
ORD-004332,Plant-32,IN-6350-3537,78,78,0,2026-07-26T11:00:52+00:00,WH-01,completed,9
ORD-004333,Plant-42,FL-5763-386,95,76,0,2026-07-26T09:00:52+00:00,WH-02,pending,7
ORD-004334,Plant-32,CH-8583-4928,90,29,0,2026-07-20T16:00:52+00:00,WH-02,in_progress,4
ORD-004335,Plant-13,CH-2182-4172,66,60,0,2026-07-21T10:00:52+00:00,WH-02,pending,10
ORD-004336,Plant-43,IN-1775-313,75,34,0,2026-07-20T20:00:52+00:00,WH-01,pending,10
ORD-004337,Plant-44,PO-4320-4376,90,81,0,2026-07-25T17:00:52+00:00,WH-01,pending,2
ORD-004338,Plant-33,EL-5763-469,99,16,0,2026-07-24T12:00:52+00:00,WH-01,completed,6
ORD-004339,Plant-06,IN-7356-4485,47,34,0,2026-07-22T06:00:52+00:00,WH-02,completed,6
ORD-004340,Plant-29,EL-3992-1047,92,41,0,2026-07-22T08:00:52+00:00,WH-01,pending,7
ORD-004341,Plant-42,FL-9054-2692,106,64,0,2026-07-21T04:00:52+00:00,WH-02,in_progress,8
ORD-004342,Plant-31,PO-9597-2265,67,30,0,2026-07-21T08:00:52+00:00,WH-02,pending,6
ORD-004343,Plant-39,FL-7343-2925,111,24,0,2026-07-26T07:00:52+00:00,WH-01,completed,1
ORD-004344,Plant-13,IN-8136-4054,117,58,0,2026-07-21T00:00:52+00:00,WH-02,pending,3
ORD-004345,Plant-04,FL-6246-1918,48,37,0,2026-07-26T09:00:52+00:00,WH-02,pending,10
ORD-004346,Plant-39,CH-4096-2114,103,103,0,2026-07-24T05:00:52+00:00,WH-02,pending,1
ORD-004347,Plant-20,EL-5514-2427,32,0,0,2026-07-24T07:00:52+00:00,WH-01,pending,2
ORD-004348,Plant-42,CH-7534-847,114,15,0,2026-07-20T12:00:52+00:00,WH-01,completed,8
ORD-004349,Plant-14,IN-7972-1863,121,51,0,2026-07-26T02:00:52+00:00,WH-02,in_progress,10
ORD-004350,Plant-27,IN-3154-3391,94,18,0,2026-07-23T01:00:52+00:00,WH-01,completed,1
ORD-004351,Plant-45,CH-5449-3747,148,43,0,2026-07-22T08:00:52+00:00,WH-02,completed,8
ORD-004352,Plant-27,CH-4535-1992,86,83,0,2026-07-21T07:00:52+00:00,WH-01,completed,4
ORD-004353,Plant-26,EL-9391-4978,81,32,0,2026-07-24T12:00:52+00:00,WH-02,in_progress,7
ORD-004354,Plant-45,EL-5302-3705,33,5,0,2026-07-25T09:00:52+00:00,WH-01,pending,1
ORD-004355,Plant-29,FL-3213-1792,148,96,0,2026-07-21T10:00:52+00:00,WH-01,completed,9
ORD-004356,Plant-12,CH-9605-541,115,72,0,2026-07-25T01:00:52+00:00,WH-01,in_progress,10
ORD-004357,Plant-34,IN-5518-3488,131,112,0,2026-07-21T01:00:52+00:00,WH-02,completed,5
ORD-004358,Plant-05,PO-8648-741,99,84,0,2026-07-24T13:00:52+00:00,WH-02,in_progress,5
ORD-004359,Plant-22,CH-7080-2142,87,83,0,2026-07-23T15:00:52+00:00,WH-02,pending,3
ORD-004360,Plant-07,EL-4696-2752,150,52,0,2026-07-21T21:00:52+00:00,WH-02,completed,10
ORD-004361,Plant-06,CH-8118-973,92,67,0,2026-07-21T23:00:52+00:00,WH-01,completed,10
ORD-004362,Plant-07,CH-8806-4138,100,85,0,2026-07-22T05:00:52+00:00,WH-01,in_progress,9
ORD-004363,Plant-10,EL-2903-4338,77,23,0,2026-07-26T05:00:52+00:00,WH-01,completed,8
ORD-004364,Plant-01,PO-3640-2424,97,5,0,2026-07-20T00:00:52+00:00,WH-02,pending,10
ORD-004365,Plant-14,FL-5601-4920,114,41,0,2026-07-22T20:00:52+00:00,WH-02,in_progress,9
ORD-004366,Plant-44,EL-2673-4173,11,5,0,2026-07-24T04:00:52+00:00,WH-01,in_progress,9
ORD-004367,Plant-26,PO-9051-3024,21,10,0,2026-07-21T03:00:52+00:00,WH-02,completed,8
ORD-004368,Plant-19,FL-9913-255,20,16,0,2026-07-26T00:00:52+00:00,WH-02,in_progress,2
ORD-004369,Plant-26,EL-5771-1500,103,91,0,2026-07-22T13:00:52+00:00,WH-02,in_progress,6
ORD-004370,Plant-08,EL-1043-4731,65,56,0,2026-07-21T03:00:52+00:00,WH-01,completed,3
ORD-004371,Plant-21,FL-1920-2617,101,94,0,2026-07-23T07:00:52+00:00,WH-01,pending,10
ORD-004372,Plant-22,PO-3888-1365,21,20,0,2026-07-25T19:00:52+00:00,WH-02,pending,4
ORD-004373,Plant-14,CH-9782-4433,21,6,0,2026-07-20T16:00:52+00:00,WH-02,in_progress,3
ORD-004374,Plant-29,FL-1041-1241,147,44,0,2026-07-25T22:00:52+00:00,WH-02,pending,3
ORD-004375,Plant-36,EL-9385-4012,128,109,0,2026-07-25T01:00:52+00:00,WH-02,completed,1
ORD-004376,Plant-08,PO-6583-4893,38,2,0,2026-07-24T18:00:52+00:00,WH-02,in_progress,2
ORD-004377,Plant-26,CH-3152-3981,36,31,0,2026-07-26T03:00:52+00:00,WH-01,in_progress,2
ORD-004378,Plant-30,FL-4799-129,70,43,0,2026-07-21T09:00:52+00:00,WH-01,pending,5
ORD-004379,Plant-07,CH-1504-2250,92,74,0,2026-07-24T09:00:52+00:00,WH-01,completed,1
ORD-004380,Plant-38,CH-7679-3931,59,18,0,2026-07-23T00:00:52+00:00,WH-01,pending,2
ORD-004381,Plant-31,FL-7277-098,62,26,0,2026-07-19T22:00:52+00:00,WH-01,pending,6
ORD-004382,Plant-16,FL-8831-1007,56,39,0,2026-07-24T22:00:52+00:00,WH-01,completed,1
ORD-004383,Plant-13,PO-5184-3379,34,9,0,2026-07-24T04:00:52+00:00,WH-01,in_progress,8
ORD-004384,Plant-43,FL-3308-089,48,13,0,2026-07-24T05:00:52+00:00,WH-01,pending,7
ORD-004385,Plant-04,CH-2302-3217,135,109,0,2026-07-26T18:00:52+00:00,WH-02,in_progress,9
ORD-004386,Plant-07,IN-8481-3555,106,25,0,2026-07-23T07:00:52+00:00,WH-02,pending,9
ORD-004387,Plant-03,PO-7443-3875,84,0,0,2026-07-20T21:00:52+00:00,WH-01,in_progress,4
ORD-004388,Plant-14,CH-9966-876,72,71,0,2026-07-21T09:00:52+00:00,WH-01,pending,2
ORD-004389,Plant-46,CH-7187-391,30,14,0,2026-07-26T14:00:52+00:00,WH-02,completed,3
ORD-004390,Plant-36,EL-9212-4034,14,10,0,2026-07-21T12:00:52+00:00,WH-02,in_progress,1
ORD-004391,Plant-12,IN-1122-1187,95,64,0,2026-07-24T23:00:52+00:00,WH-02,pending,5
ORD-004392,Plant-25,CH-7689-3231,78,25,0,2026-07-24T15:00:52+00:00,WH-02,completed,1
ORD-004393,Plant-02,CH-4052-1724,57,13,0,2026-07-26T08:00:52+00:00,WH-02,pending,6
ORD-004394,Plant-19,CH-2440-676,66,2,0,2026-07-21T07:00:52+00:00,WH-02,pending,4
ORD-004395,Plant-44,PO-6757-4778,101,57,0,2026-07-21T03:00:52+00:00,WH-01,in_progress,2
ORD-004396,Plant-38,FL-2252-4070,42,16,0,2026-07-25T07:00:52+00:00,WH-01,completed,1
ORD-004397,Plant-27,FL-1044-3106,63,33,0,2026-07-25T10:00:52+00:00,WH-01,completed,8
ORD-004398,Plant-15,IN-3694-2986,44,13,0,2026-07-23T02:00:52+00:00,WH-01,in_progress,7
ORD-004399,Plant-05,EL-5063-4075,33,33,0,2026-07-23T04:00:52+00:00,WH-02,in_progress,8
ORD-004400,Plant-41,IN-5323-2404,35,21,0,2026-07-25T14:00:52+00:00,WH-02,pending,10
ORD-004401,Plant-07,FL-5485-3251,4,0,0,2026-07-26T15:00:52+00:00,WH-02,completed,2
ORD-004402,Plant-23,EL-3675-1037,117,7,0,2026-07-22T09:00:52+00:00,WH-01,pending,3
ORD-004403,Plant-39,EL-6750-4057,98,98,0,2026-07-21T21:00:52+00:00,WH-02,completed,1
ORD-004404,Plant-33,CH-3168-1908,73,64,0,2026-07-25T18:00:52+00:00,WH-01,in_progress,1
ORD-004405,Plant-02,CH-9680-2544,31,5,0,2026-07-21T02:00:52+00:00,WH-02,completed,10
ORD-004406,Plant-14,FL-2424-2691,63,20,0,2026-07-26T14:00:52+00:00,WH-01,completed,5
ORD-004407,Plant-40,IN-6907-3722,119,45,0,2026-07-22T18:00:52+00:00,WH-02,in_progress,4
ORD-004408,Plant-18,EL-2945-4399,55,33,0,2026-07-20T11:00:52+00:00,WH-01,pending,2
ORD-004409,Plant-16,PO-5371-1876,31,25,0,2026-07-25T00:00:52+00:00,WH-02,completed,3
ORD-004410,Plant-24,CH-6454-1986,54,43,0,2026-07-25T09:00:52+00:00,WH-01,in_progress,8
ORD-004411,Plant-24,IN-6695-349,59,57,0,2026-07-21T00:00:52+00:00,WH-01,in_progress,7
ORD-004412,Plant-07,EL-1830-3778,44,1,0,2026-07-23T12:00:52+00:00,WH-01,in_progress,1
ORD-004413,Plant-43,CH-5261-4003,142,11,0,2026-07-21T22:00:52+00:00,WH-02,in_progress,8
ORD-004414,Plant-31,FL-4319-2324,6,4,0,2026-07-25T15:00:52+00:00,WH-02,pending,9
ORD-004415,Plant-11,FL-1623-3716,129,24,0,2026-07-26T10:00:52+00:00,WH-02,pending,9
ORD-004416,Plant-29,IN-4886-637,110,57,0,2026-07-19T20:00:52+00:00,WH-02,in_progress,4
ORD-004417,Plant-03,PO-5677-1105,128,70,0,2026-07-25T18:00:52+00:00,WH-01,pending,6
ORD-004418,Plant-01,EL-1295-4108,16,4,0,2026-07-24T01:00:52+00:00,WH-01,in_progress,9
ORD-004419,Plant-08,IN-7408-4435,99,87,0,2026-07-23T00:00:52+00:00,WH-02,completed,7
ORD-004420,Plant-12,CH-1526-2824,76,8,0,2026-07-24T22:00:52+00:00,WH-02,in_progress,4
ORD-004421,Plant-33,FL-2066-3801,145,90,0,2026-07-21T23:00:52+00:00,WH-01,completed,4
ORD-004422,Plant-23,EL-2686-3463,52,22,0,2026-07-21T12:00:52+00:00,WH-02,completed,10
ORD-004423,Plant-31,EL-9715-2101,42,42,0,2026-07-21T22:00:52+00:00,WH-01,in_progress,4
ORD-004424,Plant-36,PO-4320-4376,143,13,0,2026-07-23T04:00:52+00:00,WH-02,pending,7
ORD-004425,Plant-02,PO-7760-4306,115,36,0,2026-07-21T02:00:52+00:00,WH-02,completed,7
ORD-004426,Plant-05,PO-6494-3334,105,33,0,2026-07-25T15:00:52+00:00,WH-02,completed,3
ORD-004427,Plant-47,IN-1808-4636,84,16,0,2026-07-25T15:00:52+00:00,WH-02,in_progress,3
ORD-004428,Plant-33,IN-8289-4559,117,64,0,2026-07-24T11:00:52+00:00,WH-02,pending,1
ORD-004429,Plant-07,EL-4581-340,41,38,0,2026-07-22T16:00:52+00:00,WH-02,in_progress,5
ORD-004430,Plant-08,CH-1977-1051,12,1,0,2026-07-23T00:00:52+00:00,WH-01,in_progress,4
ORD-004431,Plant-02,IN-5405-4616,60,30,0,2026-07-26T07:00:52+00:00,WH-01,completed,3
ORD-004432,Plant-01,CH-3557-4515,97,50,0,2026-07-26T05:00:52+00:00,WH-01,completed,8
ORD-004433,Plant-35,CH-5732-862,49,37,0,2026-07-23T08:00:52+00:00,WH-01,completed,9
ORD-004434,Plant-17,IN-9549-2471,67,63,0,2026-07-25T17:00:52+00:00,WH-02,pending,6
ORD-004435,Plant-36,CH-9856-137,92,84,0,2026-07-22T08:00:52+00:00,WH-02,pending,4
ORD-004436,Plant-13,CH-3205-974,88,81,0,2026-07-19T18:00:52+00:00,WH-02,pending,6
ORD-004437,Plant-16,IN-6957-329,140,134,0,2026-07-20T12:00:52+00:00,WH-02,completed,2
ORD-004438,Plant-11,CH-6801-4193,62,21,0,2026-07-23T05:00:52+00:00,WH-02,completed,5
ORD-004439,Plant-30,CH-4730-3254,131,57,0,2026-07-24T20:00:52+00:00,WH-01,completed,2
ORD-004440,Plant-11,EL-8522-1381,44,7,0,2026-07-24T03:00:52+00:00,WH-02,pending,8
ORD-004441,Plant-21,FL-1796-2511,33,17,0,2026-07-20T23:00:52+00:00,WH-02,pending,5
ORD-004442,Plant-24,EL-2073-3901,56,18,0,2026-07-20T09:00:52+00:00,WH-01,pending,9
ORD-004443,Plant-18,PO-9383-1695,125,85,0,2026-07-25T08:00:52+00:00,WH-01,pending,1
ORD-004444,Plant-26,CH-6898-1639,19,12,0,2026-07-21T14:00:52+00:00,WH-01,in_progress,10
ORD-004445,Plant-15,PO-5589-1041,81,25,0,2026-07-26T03:00:52+00:00,WH-01,completed,10
ORD-004446,Plant-10,EL-5829-910,120,79,0,2026-07-24T12:00:52+00:00,WH-01,completed,6
ORD-004447,Plant-14,IN-1401-4183,47,1,0,2026-07-20T16:00:52+00:00,WH-02,in_progress,10
ORD-004448,Plant-33,PO-3833-517,8,8,0,2026-07-21T10:00:52+00:00,WH-02,completed,3
ORD-004449,Plant-29,EL-5335-3803,117,79,0,2026-07-24T03:00:52+00:00,WH-01,in_progress,1
ORD-004450,Plant-06,IN-1767-2799,109,62,0,2026-07-20T14:00:52+00:00,WH-02,completed,7
ORD-004451,Plant-22,IN-1532-525,100,87,0,2026-07-25T04:00:52+00:00,WH-02,in_progress,1
ORD-004452,Plant-09,FL-9630-1199,33,13,0,2026-07-23T14:00:52+00:00,WH-01,completed,8
ORD-004453,Plant-39,IN-1853-1373,14,14,0,2026-07-26T03:00:52+00:00,WH-02,in_progress,3
ORD-004454,Plant-04,CH-4052-1724,86,40,0,2026-07-24T14:00:52+00:00,WH-01,in_progress,5
ORD-004455,Plant-05,CH-1372-4467,135,9,0,2026-07-25T17:00:52+00:00,WH-01,in_progress,3
ORD-004456,Plant-13,FL-9294-1929,19,19,0,2026-07-25T02:00:52+00:00,WH-01,completed,8
ORD-004457,Plant-02,PO-3900-3426,71,45,0,2026-07-26T08:00:52+00:00,WH-02,pending,8
ORD-004458,Plant-14,PO-1397-1979,8,8,0,2026-07-21T12:00:52+00:00,WH-02,pending,3
ORD-004459,Plant-27,EL-8262-1276,81,49,0,2026-07-24T06:00:52+00:00,WH-01,in_progress,9
ORD-004460,Plant-29,PO-3471-2565,61,6,0,2026-07-24T07:00:52+00:00,WH-02,completed,5
ORD-004461,Plant-07,IN-1357-4668,124,76,0,2026-07-25T13:00:52+00:00,WH-02,completed,4
ORD-004462,Plant-17,EL-3226-1228,125,60,0,2026-07-26T11:00:52+00:00,WH-02,completed,2
ORD-004463,Plant-11,CH-6019-1806,49,41,0,2026-07-21T22:00:52+00:00,WH-01,in_progress,7
ORD-004464,Plant-48,EL-7203-3312,60,19,0,2026-07-22T02:00:52+00:00,WH-01,completed,6
ORD-004465,Plant-21,PO-3214-1222,89,83,0,2026-07-24T17:00:52+00:00,WH-02,in_progress,4
ORD-004466,Plant-17,CH-8757-3448,11,3,0,2026-07-20T04:00:52+00:00,WH-01,pending,1
ORD-004467,Plant-13,FL-1552-3576,118,112,0,2026-07-20T07:00:52+00:00,WH-02,pending,4
ORD-004468,Plant-35,PO-7426-475,92,29,0,2026-07-23T10:00:52+00:00,WH-01,completed,6
ORD-004469,Plant-35,PO-3607-785,106,85,0,2026-07-21T16:00:52+00:00,WH-02,pending,4
ORD-004470,Plant-19,EL-8566-4825,124,24,0,2026-07-22T12:00:52+00:00,WH-01,pending,9
ORD-004471,Plant-27,PO-6109-4027,71,57,0,2026-07-23T17:00:52+00:00,WH-01,in_progress,1
ORD-004472,Plant-48,CH-5494-2415,38,34,0,2026-07-24T03:00:52+00:00,WH-01,completed,4
ORD-004473,Plant-17,EL-6593-4695,87,8,0,2026-07-24T16:00:52+00:00,WH-01,completed,2
ORD-004474,Plant-30,PO-7598-3525,39,24,0,2026-07-25T08:00:52+00:00,WH-01,completed,3
ORD-004475,Plant-48,FL-8820-3673,147,28,0,2026-07-26T13:00:52+00:00,WH-02,pending,9
ORD-004476,Plant-30,PO-7241-490,123,20,0,2026-07-23T04:00:52+00:00,WH-02,in_progress,1
ORD-004477,Plant-29,EL-1513-033,71,3,0,2026-07-21T09:00:52+00:00,WH-01,pending,6
ORD-004478,Plant-28,CH-1840-3237,89,42,0,2026-07-24T22:00:52+00:00,WH-01,in_progress,4
ORD-004479,Plant-31,PO-6380-2245,74,43,0,2026-07-24T05:00:52+00:00,WH-01,completed,3
ORD-004480,Plant-10,CH-3051-533,136,74,0,2026-07-26T15:00:52+00:00,WH-01,in_progress,1
ORD-004481,Plant-40,EL-8460-1718,47,45,0,2026-07-20T01:00:52+00:00,WH-01,in_progress,6
ORD-004482,Plant-47,FL-3124-3165,60,17,0,2026-07-22T13:00:52+00:00,WH-01,in_progress,5
ORD-004483,Plant-24,PO-3361-4040,70,41,0,2026-07-24T06:00:52+00:00,WH-02,pending,10
ORD-004484,Plant-10,PO-5472-4022,100,21,0,2026-07-25T11:00:52+00:00,WH-02,completed,10
ORD-004485,Plant-13,FL-8788-2000,25,15,0,2026-07-21T05:00:52+00:00,WH-01,completed,5
ORD-004486,Plant-42,CH-5179-4018,36,31,0,2026-07-23T07:00:52+00:00,WH-02,pending,7
ORD-004487,Plant-32,EL-5032-3219,104,86,0,2026-07-19T21:00:52+00:00,WH-02,completed,10
ORD-004488,Plant-15,CH-7874-3155,45,10,0,2026-07-21T21:00:52+00:00,WH-01,pending,2
ORD-004489,Plant-15,CH-5397-2932,124,27,0,2026-07-25T08:00:52+00:00,WH-01,in_progress,2
ORD-004490,Plant-22,FL-5917-2918,10,10,0,2026-07-21T06:00:52+00:00,WH-02,pending,3
ORD-004491,Plant-01,IN-6698-361,114,28,0,2026-07-21T06:00:52+00:00,WH-02,completed,6
ORD-004492,Plant-20,IN-8782-3471,118,44,0,2026-07-23T04:00:52+00:00,WH-02,completed,9
ORD-004493,Plant-35,PO-3361-4040,76,33,0,2026-07-25T22:00:52+00:00,WH-02,completed,10
ORD-004494,Plant-08,IN-8575-1564,71,32,0,2026-07-21T19:00:52+00:00,WH-01,completed,9
ORD-004495,Plant-20,CH-5527-3197,48,36,0,2026-07-24T14:00:52+00:00,WH-01,completed,3
ORD-004496,Plant-33,FL-1601-3700,89,18,0,2026-07-25T20:00:52+00:00,WH-01,pending,4
ORD-004497,Plant-11,EL-7118-2595,81,32,0,2026-07-24T04:00:52+00:00,WH-02,completed,4
ORD-004498,Plant-30,CH-3164-4050,50,20,0,2026-07-22T13:00:52+00:00,WH-01,pending,7
ORD-004499,Plant-04,FL-8526-4499,95,58,0,2026-07-25T19:00:52+00:00,WH-01,completed,3
ORD-004500,Plant-44,EL-5867-4166,30,30,0,2026-07-25T10:00:52+00:00,WH-02,in_progress,8
ORD-004501,Plant-20,EL-4552-1256,83,59,0,2026-07-23T17:00:52+00:00,WH-01,in_progress,7
ORD-004502,Plant-08,CH-5350-4196,136,7,0,2026-07-25T12:00:52+00:00,WH-02,completed,4
ORD-004503,Plant-41,PO-2729-908,99,45,0,2026-07-25T05:00:52+00:00,WH-02,completed,10
ORD-004504,Plant-02,IN-7978-3874,67,44,0,2026-07-21T23:00:52+00:00,WH-01,completed,5
ORD-004505,Plant-44,IN-5387-850,28,23,0,2026-07-23T12:00:52+00:00,WH-01,completed,7
ORD-004506,Plant-35,EL-5751-1371,93,72,0,2026-07-23T15:00:52+00:00,WH-01,pending,4
ORD-004507,Plant-16,CH-1899-1111,40,40,0,2026-07-20T23:00:52+00:00,WH-02,pending,8
ORD-004508,Plant-28,IN-4243-4370,28,0,0,2026-07-20T03:00:52+00:00,WH-01,in_progress,3
ORD-004509,Plant-03,CH-7902-2934,89,82,0,2026-07-22T09:00:52+00:00,WH-02,completed,3
ORD-004510,Plant-22,CH-9538-111,17,16,0,2026-07-26T18:00:52+00:00,WH-02,pending,1
ORD-004511,Plant-47,EL-1886-2051,117,49,0,2026-07-26T05:00:52+00:00,WH-02,in_progress,2
ORD-004512,Plant-05,PO-4473-2643,11,11,0,2026-07-26T11:00:52+00:00,WH-02,completed,8
ORD-004513,Plant-02,FL-5506-1619,76,4,0,2026-07-22T05:00:52+00:00,WH-01,pending,2
ORD-004514,Plant-23,IN-6025-2714,146,85,0,2026-07-21T05:00:52+00:00,WH-01,completed,9
ORD-004515,Plant-48,IN-1148-770,36,1,0,2026-07-23T08:00:52+00:00,WH-02,completed,3
ORD-004516,Plant-45,FL-1598-052,150,5,0,2026-07-20T07:00:52+00:00,WH-02,completed,6
ORD-004517,Plant-06,IN-9828-1774,49,13,0,2026-07-20T23:00:52+00:00,WH-02,pending,5
ORD-004518,Plant-21,PO-4859-2847,84,38,0,2026-07-25T11:00:52+00:00,WH-01,pending,10
ORD-004519,Plant-27,FL-5980-3441,79,23,0,2026-07-21T11:00:52+00:00,WH-01,completed,6
ORD-004520,Plant-01,PO-8749-2599,67,58,0,2026-07-21T22:00:52+00:00,WH-01,in_progress,6
ORD-004521,Plant-35,PO-2197-1712,114,34,0,2026-07-24T07:00:52+00:00,WH-02,in_progress,2
ORD-004522,Plant-45,PO-2512-4944,37,22,0,2026-07-25T03:00:52+00:00,WH-01,pending,7
ORD-004523,Plant-07,EL-5952-532,150,108,0,2026-07-24T12:00:52+00:00,WH-02,completed,1
ORD-004524,Plant-32,CH-1646-698,68,66,0,2026-07-25T03:00:52+00:00,WH-01,in_progress,8
ORD-004525,Plant-46,FL-7628-3857,121,50,0,2026-07-22T02:00:52+00:00,WH-01,in_progress,6
ORD-004526,Plant-46,CH-1764-740,92,29,0,2026-07-23T23:00:52+00:00,WH-01,pending,2
ORD-004527,Plant-15,IN-5618-2548,88,28,0,2026-07-23T04:00:52+00:00,WH-02,pending,6
ORD-004528,Plant-04,IN-1532-525,53,44,0,2026-07-25T22:00:52+00:00,WH-02,pending,8
ORD-004529,Plant-13,FL-5413-2493,117,40,0,2026-07-24T02:00:52+00:00,WH-02,in_progress,2
ORD-004530,Plant-27,EL-1852-1127,10,4,0,2026-07-21T13:00:52+00:00,WH-01,pending,7
ORD-004531,Plant-17,PO-3268-820,68,18,0,2026-07-21T17:00:52+00:00,WH-01,in_progress,3
ORD-004532,Plant-23,FL-4144-124,27,15,0,2026-07-26T10:00:52+00:00,WH-01,pending,4
ORD-004533,Plant-33,PO-3122-3084,7,5,0,2026-07-26T14:00:52+00:00,WH-02,completed,4
ORD-004534,Plant-23,EL-6752-4256,83,83,0,2026-07-20T22:00:52+00:00,WH-02,in_progress,10
ORD-004535,Plant-39,FL-8369-1756,83,7,0,2026-07-21T11:00:52+00:00,WH-02,in_progress,10
ORD-004536,Plant-44,CH-7206-976,75,45,0,2026-07-20T10:00:52+00:00,WH-01,completed,10
ORD-004537,Plant-23,FL-6251-3398,129,53,0,2026-07-25T00:00:52+00:00,WH-02,completed,5
ORD-004538,Plant-25,CH-3736-1868,139,91,0,2026-07-22T20:00:52+00:00,WH-01,in_progress,10
ORD-004539,Plant-28,CH-1731-4573,78,50,0,2026-07-23T00:00:52+00:00,WH-01,pending,2
ORD-004540,Plant-39,IN-8232-4432,114,78,0,2026-07-20T02:00:52+00:00,WH-02,pending,4
ORD-004541,Plant-35,CH-3367-079,118,49,0,2026-07-20T07:00:52+00:00,WH-02,in_progress,9
ORD-004542,Plant-42,EL-1509-1595,35,11,0,2026-07-26T02:00:52+00:00,WH-01,in_progress,2
ORD-004543,Plant-01,IN-2379-1934,43,22,0,2026-07-20T08:00:52+00:00,WH-02,completed,3
ORD-004544,Plant-28,CH-4877-4262,47,19,0,2026-07-24T13:00:52+00:00,WH-01,pending,1
ORD-004545,Plant-28,FL-7364-617,31,3,0,2026-07-26T09:00:52+00:00,WH-01,pending,1
ORD-004546,Plant-27,CH-7838-946,74,65,0,2026-07-21T00:00:52+00:00,WH-01,in_progress,2
ORD-004547,Plant-11,PO-7367-3069,62,46,0,2026-07-22T04:00:52+00:00,WH-02,completed,9
ORD-004548,Plant-10,CH-7534-847,43,17,0,2026-07-22T11:00:52+00:00,WH-01,in_progress,5
ORD-004549,Plant-10,PO-9533-3566,71,26,0,2026-07-22T09:00:52+00:00,WH-02,pending,6
ORD-004550,Plant-40,FL-3257-3584,132,27,0,2026-07-22T07:00:52+00:00,WH-01,in_progress,9
ORD-004551,Plant-17,IN-3822-1994,39,4,0,2026-07-24T05:00:52+00:00,WH-01,pending,5
ORD-004552,Plant-41,FL-9238-1491,77,65,0,2026-07-26T14:00:52+00:00,WH-02,completed,7
ORD-004553,Plant-28,IN-2840-545,86,46,0,2026-07-21T06:00:52+00:00,WH-01,pending,3
ORD-004554,Plant-35,IN-2153-575,102,6,0,2026-07-24T23:00:52+00:00,WH-02,pending,2
ORD-004555,Plant-09,CH-7756-1200,99,64,0,2026-07-26T17:00:52+00:00,WH-02,completed,4
ORD-004556,Plant-33,CH-8945-2076,61,6,0,2026-07-26T08:00:52+00:00,WH-01,pending,8
ORD-004557,Plant-15,IN-2187-2004,100,63,0,2026-07-26T15:00:52+00:00,WH-01,completed,7
ORD-004558,Plant-01,CH-7257-3933,111,101,0,2026-07-26T00:00:52+00:00,WH-02,pending,7
ORD-004559,Plant-17,PO-8196-2306,30,25,0,2026-07-24T21:00:52+00:00,WH-01,completed,10
ORD-004560,Plant-47,EL-1730-1344,40,8,0,2026-07-19T21:00:52+00:00,WH-02,pending,5
ORD-004561,Plant-28,EL-7192-2124,57,39,0,2026-07-21T06:00:52+00:00,WH-02,completed,6
ORD-004562,Plant-35,FL-6460-1233,8,7,0,2026-07-26T07:00:52+00:00,WH-01,in_progress,10
ORD-004563,Plant-35,CH-1585-2068,126,104,0,2026-07-21T22:00:52+00:00,WH-02,in_progress,1
ORD-004564,Plant-20,IN-6886-3236,139,66,0,2026-07-24T10:00:52+00:00,WH-01,completed,1
ORD-004565,Plant-02,CH-3570-3866,145,104,0,2026-07-20T09:00:52+00:00,WH-02,pending,4
ORD-004566,Plant-22,EL-6716-1555,56,17,0,2026-07-26T05:00:52+00:00,WH-02,in_progress,1
ORD-004567,Plant-12,EL-4467-1134,143,108,0,2026-07-21T17:00:52+00:00,WH-02,completed,9
ORD-004568,Plant-08,EL-6980-3524,100,40,0,2026-07-22T22:00:52+00:00,WH-01,pending,3
ORD-004569,Plant-32,IN-3427-917,130,28,0,2026-07-22T00:00:52+00:00,WH-02,completed,2
ORD-004570,Plant-14,CH-3413-113,46,13,0,2026-07-22T18:00:52+00:00,WH-01,completed,10
ORD-004571,Plant-21,CH-6442-560,8,0,0,2026-07-22T19:00:52+00:00,WH-02,in_progress,2
ORD-004572,Plant-12,CH-3667-2954,86,72,0,2026-07-25T06:00:52+00:00,WH-01,completed,5
ORD-004573,Plant-14,PO-4221-3774,114,77,0,2026-07-24T14:00:52+00:00,WH-01,completed,3
ORD-004574,Plant-46,FL-7577-4333,69,36,0,2026-07-20T12:00:52+00:00,WH-02,completed,2
ORD-004575,Plant-01,IN-8526-2176,96,43,0,2026-07-23T13:00:52+00:00,WH-01,pending,8
ORD-004576,Plant-38,EL-4076-299,21,8,0,2026-07-25T07:00:52+00:00,WH-01,pending,4
ORD-004577,Plant-45,CH-7677-105,6,1,0,2026-07-20T21:00:52+00:00,WH-01,completed,8
ORD-004578,Plant-42,EL-4983-4614,43,15,0,2026-07-21T14:00:52+00:00,WH-02,completed,5
ORD-004579,Plant-12,IN-7047-4599,126,53,0,2026-07-22T18:00:52+00:00,WH-02,completed,7
ORD-004580,Plant-27,FL-4624-1389,95,12,0,2026-07-23T08:00:52+00:00,WH-02,pending,9
ORD-004581,Plant-40,EL-6086-4574,118,100,0,2026-07-25T00:00:52+00:00,WH-01,in_progress,5
ORD-004582,Plant-01,EL-8358-2614,51,10,0,2026-07-19T23:00:52+00:00,WH-02,pending,7
ORD-004583,Plant-19,EL-6057-2256,13,5,0,2026-07-25T19:00:52+00:00,WH-01,in_progress,2
ORD-004584,Plant-08,FL-9266-941,65,5,0,2026-07-23T16:00:52+00:00,WH-02,in_progress,8
ORD-004585,Plant-26,IN-9287-3715,60,49,0,2026-07-20T09:00:52+00:00,WH-02,in_progress,1
ORD-004586,Plant-29,IN-7414-729,145,63,0,2026-07-19T18:00:52+00:00,WH-02,pending,8
ORD-004587,Plant-36,PO-9170-3828,128,72,0,2026-07-24T11:00:52+00:00,WH-01,in_progress,2
ORD-004588,Plant-17,EL-1627-1520,108,78,0,2026-07-23T10:00:52+00:00,WH-01,pending,7
ORD-004589,Plant-11,PO-4320-2326,60,10,0,2026-07-23T13:00:52+00:00,WH-02,pending,9
ORD-004590,Plant-14,CH-7838-946,108,18,0,2026-07-22T13:00:52+00:00,WH-02,in_progress,3
ORD-004591,Plant-45,CH-1912-3884,7,6,0,2026-07-24T16:00:52+00:00,WH-02,in_progress,3
ORD-004592,Plant-16,FL-8356-3501,8,5,0,2026-07-22T19:00:52+00:00,WH-01,completed,10
ORD-004593,Plant-01,PO-5256-2082,71,62,0,2026-07-25T07:00:52+00:00,WH-01,completed,4
ORD-004594,Plant-27,IN-3566-1705,99,8,0,2026-07-23T23:00:52+00:00,WH-02,completed,9
ORD-004595,Plant-47,FL-2648-3959,116,91,0,2026-07-21T05:00:52+00:00,WH-02,pending,6
ORD-004596,Plant-06,PO-6026-3008,118,21,0,2026-07-19T22:00:52+00:00,WH-01,pending,10
ORD-004597,Plant-10,FL-4823-226,74,31,0,2026-07-20T05:00:52+00:00,WH-02,pending,2
ORD-004598,Plant-07,PO-9891-1956,79,7,0,2026-07-22T16:00:52+00:00,WH-02,in_progress,1
ORD-004599,Plant-25,FL-8943-4314,103,24,0,2026-07-19T20:00:52+00:00,WH-01,in_progress,1
ORD-004600,Plant-43,CH-6951-667,92,54,0,2026-07-22T20:00:52+00:00,WH-01,pending,10
ORD-004601,Plant-09,IN-1937-4879,140,136,0,2026-07-20T22:00:52+00:00,WH-01,completed,8
ORD-004602,Plant-48,EL-1628-2460,15,14,0,2026-07-23T15:00:52+00:00,WH-01,in_progress,1
ORD-004603,Plant-05,CH-2233-1952,119,40,0,2026-07-20T19:00:52+00:00,WH-01,in_progress,3
ORD-004604,Plant-13,CH-4073-2869,25,20,0,2026-07-25T03:00:52+00:00,WH-02,in_progress,2
ORD-004605,Plant-32,IN-9691-1735,50,22,0,2026-07-25T01:00:52+00:00,WH-01,in_progress,1
ORD-004606,Plant-36,FL-5336-2585,68,21,0,2026-07-25T09:00:52+00:00,WH-01,in_progress,2
ORD-004607,Plant-04,CH-4779-4882,61,30,0,2026-07-25T16:00:52+00:00,WH-01,in_progress,8
ORD-004608,Plant-04,PO-3889-2777,49,8,0,2026-07-22T16:00:52+00:00,WH-02,in_progress,5
ORD-004609,Plant-15,CH-9222-4404,105,10,0,2026-07-24T11:00:52+00:00,WH-01,completed,8
ORD-004610,Plant-33,EL-7965-2379,52,2,0,2026-07-20T00:00:52+00:00,WH-02,pending,10
ORD-004611,Plant-25,EL-2008-259,53,34,0,2026-07-23T10:00:52+00:00,WH-01,pending,3
ORD-004612,Plant-03,CH-1200-4908,79,50,0,2026-07-24T15:00:52+00:00,WH-01,in_progress,4
ORD-004613,Plant-42,PO-4763-3089,99,60,0,2026-07-21T07:00:52+00:00,WH-01,in_progress,9
ORD-004614,Plant-35,FL-2986-1485,42,3,0,2026-07-22T16:00:52+00:00,WH-01,pending,2
ORD-004615,Plant-06,IN-9508-645,75,55,0,2026-07-26T17:00:52+00:00,WH-02,in_progress,4
ORD-004616,Plant-47,EL-2230-127,39,17,0,2026-07-25T22:00:52+00:00,WH-02,pending,8
ORD-004617,Plant-45,IN-8223-732,139,90,0,2026-07-19T19:00:52+00:00,WH-01,pending,2
ORD-004618,Plant-25,EL-2579-3333,121,28,0,2026-07-20T20:00:52+00:00,WH-01,completed,10
ORD-004619,Plant-48,IN-7388-3962,137,72,0,2026-07-25T05:00:52+00:00,WH-01,completed,2
ORD-004620,Plant-07,IN-7408-4435,30,19,0,2026-07-20T14:00:52+00:00,WH-02,completed,6
ORD-004621,Plant-37,CH-6162-3905,25,23,0,2026-07-23T16:00:52+00:00,WH-01,completed,9
ORD-004622,Plant-25,PO-4997-4522,25,9,0,2026-07-25T17:00:52+00:00,WH-01,completed,6
ORD-004623,Plant-35,IN-9265-119,122,96,0,2026-07-21T11:00:52+00:00,WH-01,completed,5
ORD-004624,Plant-43,EL-2698-4907,43,15,0,2026-07-26T07:00:52+00:00,WH-01,in_progress,8
ORD-004625,Plant-42,IN-4878-3014,114,67,0,2026-07-23T00:00:52+00:00,WH-02,pending,9
ORD-004626,Plant-05,PO-9410-1759,132,99,0,2026-07-25T04:00:52+00:00,WH-02,completed,5
ORD-004627,Plant-04,CH-7917-2046,41,10,0,2026-07-25T02:00:52+00:00,WH-02,completed,3
ORD-004628,Plant-41,CH-5940-2066,70,10,0,2026-07-26T16:00:52+00:00,WH-01,pending,2
ORD-004629,Plant-20,PO-8461-1635,116,98,0,2026-07-20T12:00:52+00:00,WH-02,completed,6
ORD-004630,Plant-13,PO-3709-4419,59,25,0,2026-07-23T19:00:52+00:00,WH-01,in_progress,9
ORD-004631,Plant-33,EL-4973-2499,80,66,0,2026-07-24T17:00:52+00:00,WH-01,completed,10
ORD-004632,Plant-06,CH-6190-4988,109,102,0,2026-07-24T17:00:52+00:00,WH-02,in_progress,2
ORD-004633,Plant-47,FL-2166-4919,27,12,0,2026-07-19T22:00:52+00:00,WH-02,in_progress,7
ORD-004634,Plant-04,EL-9642-2143,107,103,0,2026-07-23T12:00:52+00:00,WH-02,completed,7
ORD-004635,Plant-30,IN-9982-4234,138,24,0,2026-07-24T14:00:52+00:00,WH-02,in_progress,5
ORD-004636,Plant-31,IN-7487-1218,84,51,0,2026-07-20T21:00:52+00:00,WH-02,completed,6
ORD-004637,Plant-08,EL-3946-2305,82,26,0,2026-07-25T23:00:52+00:00,WH-01,in_progress,10
ORD-004638,Plant-22,EL-3601-534,91,90,0,2026-07-21T23:00:52+00:00,WH-02,in_progress,10
ORD-004639,Plant-03,IN-6479-011,105,100,0,2026-07-20T16:00:52+00:00,WH-01,in_progress,4
ORD-004640,Plant-03,FL-9316-1074,146,93,0,2026-07-25T22:00:52+00:00,WH-01,in_progress,3
ORD-004641,Plant-24,PO-4654-326,4,1,0,2026-07-24T20:00:52+00:00,WH-02,completed,9
ORD-004642,Plant-28,IN-7537-4324,47,23,0,2026-07-24T16:00:52+00:00,WH-01,pending,4
ORD-004643,Plant-36,IN-1188-2376,16,16,0,2026-07-26T13:00:52+00:00,WH-01,completed,10
ORD-004644,Plant-34,PO-8726-948,21,6,0,2026-07-23T17:00:52+00:00,WH-02,in_progress,8
ORD-004645,Plant-05,FL-6098-2206,5,0,0,2026-07-26T05:00:52+00:00,WH-02,pending,9
ORD-004646,Plant-08,CH-3452-3760,14,11,0,2026-07-25T05:00:52+00:00,WH-02,in_progress,4
ORD-004647,Plant-37,PO-2742-672,84,19,0,2026-07-23T19:00:52+00:00,WH-02,pending,1
ORD-004648,Plant-38,CH-3188-3950,144,134,0,2026-07-21T22:00:52+00:00,WH-02,completed,9
ORD-004649,Plant-18,FL-8967-746,121,8,0,2026-07-23T21:00:52+00:00,WH-02,pending,10
ORD-004650,Plant-31,CH-3557-2429,133,118,0,2026-07-25T18:00:52+00:00,WH-02,completed,8
ORD-004651,Plant-19,CH-1155-2687,132,116,0,2026-07-20T04:00:52+00:00,WH-01,completed,1
ORD-004652,Plant-29,FL-1241-3651,104,45,0,2026-07-21T08:00:52+00:00,WH-02,in_progress,9
ORD-004653,Plant-36,CH-4344-1231,128,105,0,2026-07-25T05:00:52+00:00,WH-02,pending,7
ORD-004654,Plant-14,FL-4264-047,31,4,0,2026-07-22T04:00:52+00:00,WH-02,in_progress,6
ORD-004655,Plant-25,PO-3450-3044,149,14,0,2026-07-20T19:00:52+00:00,WH-02,pending,5
ORD-004656,Plant-47,IN-4130-4793,4,4,0,2026-07-24T03:00:52+00:00,WH-02,in_progress,9
ORD-004657,Plant-13,IN-5300-2802,142,53,0,2026-07-20T18:00:52+00:00,WH-01,pending,8
ORD-004658,Plant-13,CH-8199-062,67,27,0,2026-07-24T00:00:52+00:00,WH-02,in_progress,5
ORD-004659,Plant-22,IN-9371-4397,107,64,0,2026-07-24T04:00:52+00:00,WH-02,completed,8
ORD-004660,Plant-21,IN-8440-4866,142,102,0,2026-07-25T16:00:52+00:00,WH-01,completed,3
ORD-004661,Plant-38,CH-1682-4681,120,1,0,2026-07-25T12:00:52+00:00,WH-02,completed,3
ORD-004662,Plant-35,PO-6791-2716,132,68,0,2026-07-23T16:00:52+00:00,WH-01,in_progress,8
ORD-004663,Plant-36,PO-3640-2424,40,2,0,2026-07-19T18:00:52+00:00,WH-01,completed,10
ORD-004664,Plant-32,CH-7495-3850,20,8,0,2026-07-25T07:00:52+00:00,WH-01,pending,10
ORD-004665,Plant-33,EL-6817-036,87,16,0,2026-07-23T13:00:52+00:00,WH-01,in_progress,5
ORD-004666,Plant-04,CH-2290-1640,114,58,0,2026-07-23T15:00:52+00:00,WH-02,in_progress,8
ORD-004667,Plant-24,CH-3451-1644,145,90,0,2026-07-26T15:00:52+00:00,WH-02,in_progress,2
ORD-004668,Plant-33,EL-2937-4735,35,27,0,2026-07-21T00:00:52+00:00,WH-01,completed,1
ORD-004669,Plant-34,FL-1935-3322,120,20,0,2026-07-23T00:00:52+00:00,WH-02,completed,2
ORD-004670,Plant-41,FL-1560-1507,19,6,0,2026-07-23T16:00:52+00:00,WH-01,in_progress,3
ORD-004671,Plant-19,IN-5472-2422,106,21,0,2026-07-24T04:00:52+00:00,WH-02,completed,3
ORD-004672,Plant-13,PO-3323-470,145,29,0,2026-07-19T21:00:52+00:00,WH-02,completed,10
ORD-004673,Plant-15,CH-9666-4209,39,25,0,2026-07-22T14:00:52+00:00,WH-02,completed,2
ORD-004674,Plant-08,FL-8547-4270,59,20,0,2026-07-25T21:00:52+00:00,WH-01,pending,6
ORD-004675,Plant-22,PO-5850-2651,132,6,0,2026-07-25T02:00:52+00:00,WH-01,in_progress,3
ORD-004676,Plant-20,FL-4487-1266,93,7,0,2026-07-21T21:00:52+00:00,WH-01,in_progress,9
ORD-004677,Plant-19,IN-6127-2274,106,99,0,2026-07-20T10:00:52+00:00,WH-02,pending,3
ORD-004678,Plant-22,EL-6688-1342,74,15,0,2026-07-26T06:00:52+00:00,WH-02,in_progress,1
ORD-004679,Plant-45,FL-4686-780,87,51,0,2026-07-24T22:00:52+00:00,WH-01,in_progress,2
ORD-004680,Plant-41,CH-5498-3383,42,22,0,2026-07-23T03:00:52+00:00,WH-01,in_progress,8
ORD-004681,Plant-23,PO-8965-2513,84,72,0,2026-07-23T13:00:52+00:00,WH-02,completed,10
ORD-004682,Plant-15,FL-6140-1363,90,73,0,2026-07-21T21:00:52+00:00,WH-02,completed,4
ORD-004683,Plant-22,EL-8751-2355,145,118,0,2026-07-22T16:00:52+00:00,WH-02,pending,7
ORD-004684,Plant-18,PO-5268-3640,37,21,0,2026-07-22T07:00:52+00:00,WH-02,completed,10
ORD-004685,Plant-17,CH-1356-663,62,37,0,2026-07-20T06:00:52+00:00,WH-02,pending,6
ORD-004686,Plant-40,EL-8448-1346,45,19,0,2026-07-20T14:00:52+00:00,WH-02,pending,6
ORD-004687,Plant-04,PO-4682-3119,26,7,0,2026-07-26T15:00:52+00:00,WH-01,pending,10
ORD-004688,Plant-16,EL-1513-033,96,96,0,2026-07-22T08:00:52+00:00,WH-01,in_progress,6
ORD-004689,Plant-27,IN-3392-723,21,15,0,2026-07-21T01:00:52+00:00,WH-01,completed,8
ORD-004690,Plant-38,EL-2698-4907,83,38,0,2026-07-21T22:00:52+00:00,WH-01,in_progress,2
ORD-004691,Plant-44,EL-8762-365,80,70,0,2026-07-25T21:00:52+00:00,WH-01,in_progress,4
ORD-004692,Plant-07,CH-4824-3178,89,82,0,2026-07-23T20:00:52+00:00,WH-01,completed,7
ORD-004693,Plant-10,EL-4496-4320,74,65,0,2026-07-20T06:00:52+00:00,WH-01,in_progress,1
ORD-004694,Plant-12,CH-7870-577,121,26,0,2026-07-25T17:00:52+00:00,WH-02,completed,5
ORD-004695,Plant-34,IN-3534-369,31,18,0,2026-07-25T08:00:52+00:00,WH-02,pending,10
ORD-004696,Plant-16,CH-5456-3457,77,74,0,2026-07-25T01:00:52+00:00,WH-01,pending,10
ORD-004697,Plant-17,IN-9134-4312,16,4,0,2026-07-21T23:00:52+00:00,WH-01,pending,6
ORD-004698,Plant-12,FL-1036-724,51,26,0,2026-07-23T07:00:52+00:00,WH-02,in_progress,2
ORD-004699,Plant-34,EL-3298-2039,11,8,0,2026-07-26T01:00:52+00:00,WH-01,pending,6
ORD-004700,Plant-08,IN-7698-888,129,45,0,2026-07-23T06:00:52+00:00,WH-02,in_progress,7
ORD-004701,Plant-17,FL-2877-965,132,93,0,2026-07-20T03:00:52+00:00,WH-02,completed,2
ORD-004702,Plant-31,EL-1385-2228,111,57,0,2026-07-22T12:00:52+00:00,WH-02,in_progress,2
ORD-004703,Plant-19,IN-3877-2696,85,59,0,2026-07-26T13:00:52+00:00,WH-02,in_progress,3
ORD-004704,Plant-25,PO-5238-2946,63,31,0,2026-07-21T07:00:52+00:00,WH-02,completed,9
ORD-004705,Plant-09,PO-4945-1414,74,65,0,2026-07-21T13:00:52+00:00,WH-02,in_progress,9
ORD-004706,Plant-05,PO-1434-1227,16,12,0,2026-07-22T19:00:52+00:00,WH-01,pending,3
ORD-004707,Plant-01,CH-9348-3765,39,34,0,2026-07-24T02:00:52+00:00,WH-02,pending,6
ORD-004708,Plant-37,EL-8522-1381,112,66,0,2026-07-26T16:00:52+00:00,WH-02,pending,3
ORD-004709,Plant-36,FL-7873-2444,86,51,0,2026-07-24T10:00:52+00:00,WH-02,in_progress,8
ORD-004710,Plant-24,IN-8991-2581,70,66,0,2026-07-23T09:00:52+00:00,WH-02,in_progress,10
ORD-004711,Plant-39,FL-1402-2236,139,42,0,2026-07-25T20:00:52+00:00,WH-01,completed,3
ORD-004712,Plant-14,IN-8634-3128,150,37,0,2026-07-24T00:00:52+00:00,WH-01,pending,6
ORD-004713,Plant-20,PO-5802-1225,42,1,0,2026-07-25T05:00:52+00:00,WH-02,pending,8
ORD-004714,Plant-19,FL-8936-374,70,63,0,2026-07-22T07:00:52+00:00,WH-02,pending,10
ORD-004715,Plant-44,PO-9524-1000,49,46,0,2026-07-20T23:00:52+00:00,WH-02,completed,4
ORD-004716,Plant-39,IN-3946-1517,137,86,0,2026-07-21T21:00:52+00:00,WH-02,pending,3
ORD-004717,Plant-17,PO-3368-3947,109,55,0,2026-07-24T12:00:52+00:00,WH-01,pending,10
ORD-004718,Plant-37,PO-9669-2172,91,43,0,2026-07-21T21:00:52+00:00,WH-01,in_progress,2
ORD-004719,Plant-41,IN-5095-2457,121,0,0,2026-07-20T09:00:52+00:00,WH-01,in_progress,2
ORD-004720,Plant-33,IN-5452-2534,112,9,0,2026-07-26T08:00:52+00:00,WH-01,pending,6
ORD-004721,Plant-45,FL-2371-2924,82,61,0,2026-07-20T17:00:52+00:00,WH-01,pending,4
ORD-004722,Plant-25,FL-8976-2093,141,13,0,2026-07-21T05:00:52+00:00,WH-01,completed,3
ORD-004723,Plant-41,EL-7118-2595,87,86,0,2026-07-24T18:00:52+00:00,WH-01,pending,10
ORD-004724,Plant-42,PO-6451-1232,87,11,0,2026-07-19T19:00:52+00:00,WH-01,in_progress,7
ORD-004725,Plant-39,CH-6665-537,84,13,0,2026-07-22T01:00:52+00:00,WH-02,pending,4
ORD-004726,Plant-16,IN-6098-269,83,0,0,2026-07-23T18:00:52+00:00,WH-01,pending,9
ORD-004727,Plant-28,IN-6249-4851,19,15,0,2026-07-25T01:00:52+00:00,WH-02,pending,7
ORD-004728,Plant-47,FL-7848-1784,90,38,0,2026-07-24T14:00:52+00:00,WH-02,completed,3
ORD-004729,Plant-12,EL-7362-1659,27,4,0,2026-07-21T20:00:52+00:00,WH-02,completed,2
ORD-004730,Plant-25,FL-7156-561,144,129,0,2026-07-21T14:00:52+00:00,WH-02,pending,8
ORD-004731,Plant-02,EL-7854-3235,4,3,0,2026-07-22T16:00:52+00:00,WH-01,in_progress,4
ORD-004732,Plant-09,PO-8900-2650,91,49,0,2026-07-25T14:00:52+00:00,WH-02,completed,8
ORD-004733,Plant-32,CH-6898-1639,50,44,0,2026-07-21T07:00:52+00:00,WH-02,completed,8
ORD-004734,Plant-11,PO-2724-4502,134,98,0,2026-07-22T17:00:52+00:00,WH-02,pending,3
ORD-004735,Plant-33,EL-5692-3003,100,57,0,2026-07-23T23:00:52+00:00,WH-01,completed,4
ORD-004736,Plant-08,CH-4893-217,113,59,0,2026-07-20T06:00:52+00:00,WH-02,in_progress,7
ORD-004737,Plant-08,PO-3526-4886,6,4,0,2026-07-23T15:00:52+00:00,WH-02,completed,3
ORD-004738,Plant-12,EL-4393-303,103,58,0,2026-07-21T18:00:52+00:00,WH-01,completed,1
ORD-004739,Plant-34,CH-3334-3665,102,2,0,2026-07-25T15:00:52+00:00,WH-02,pending,5
ORD-004740,Plant-30,EL-4331-1180,36,35,0,2026-07-21T05:00:52+00:00,WH-01,completed,8
ORD-004741,Plant-07,PO-1707-3192,17,8,0,2026-07-21T06:00:52+00:00,WH-02,completed,8
ORD-004742,Plant-24,EL-6733-2806,103,58,0,2026-07-25T23:00:52+00:00,WH-01,in_progress,10
ORD-004743,Plant-11,PO-6860-2514,88,39,0,2026-07-26T18:00:52+00:00,WH-01,completed,3
ORD-004744,Plant-20,FL-3750-246,23,19,0,2026-07-23T23:00:52+00:00,WH-02,in_progress,9
ORD-004745,Plant-25,EL-1443-1810,34,4,0,2026-07-21T03:00:52+00:00,WH-01,pending,8
ORD-004746,Plant-27,PO-9770-4905,86,55,0,2026-07-24T01:00:52+00:00,WH-01,pending,5
ORD-004747,Plant-25,EL-7363-1671,76,30,0,2026-07-26T17:00:52+00:00,WH-02,completed,7
ORD-004748,Plant-13,CH-2430-1402,15,11,0,2026-07-20T18:00:52+00:00,WH-01,completed,2
ORD-004749,Plant-26,PO-8696-4229,119,107,0,2026-07-26T18:00:52+00:00,WH-01,pending,3
ORD-004750,Plant-19,PO-7390-370,45,15,0,2026-07-25T23:00:52+00:00,WH-01,pending,1
ORD-004751,Plant-44,CH-2224-4924,106,105,0,2026-07-23T15:00:52+00:00,WH-02,in_progress,4
ORD-004752,Plant-41,CH-3756-2833,142,20,0,2026-07-21T22:00:52+00:00,WH-02,completed,1
ORD-004753,Plant-21,IN-9750-3381,101,11,0,2026-07-26T18:00:52+00:00,WH-01,pending,2
ORD-004754,Plant-47,PO-6388-956,137,120,0,2026-07-26T02:00:52+00:00,WH-02,pending,2
ORD-004755,Plant-05,PO-2426-1061,43,14,0,2026-07-21T08:00:52+00:00,WH-02,in_progress,4
ORD-004756,Plant-08,FL-2501-3098,56,4,0,2026-07-22T23:00:52+00:00,WH-01,completed,4
ORD-004757,Plant-32,EL-3115-1950,15,9,0,2026-07-19T19:00:52+00:00,WH-01,pending,9
ORD-004758,Plant-26,CH-9931-488,134,76,0,2026-07-24T13:00:52+00:00,WH-02,in_progress,5
ORD-004759,Plant-38,EL-8890-4878,104,18,0,2026-07-20T15:00:52+00:00,WH-02,completed,9
ORD-004760,Plant-26,PO-3244-1840,139,43,0,2026-07-23T22:00:52+00:00,WH-01,pending,5
ORD-004761,Plant-11,FL-7006-3293,32,18,0,2026-07-20T08:00:52+00:00,WH-02,in_progress,10
ORD-004762,Plant-03,PO-4693-4076,118,47,0,2026-07-20T13:00:52+00:00,WH-01,completed,9
ORD-004763,Plant-40,EL-2387-4607,4,1,0,2026-07-23T07:00:52+00:00,WH-01,in_progress,8
ORD-004764,Plant-28,EL-4119-1501,65,8,0,2026-07-20T14:00:52+00:00,WH-01,pending,3
ORD-004765,Plant-47,CH-7792-4423,99,64,0,2026-07-20T23:00:52+00:00,WH-01,pending,4
ORD-004766,Plant-13,FL-9351-1569,131,9,0,2026-07-20T22:00:52+00:00,WH-02,in_progress,2
ORD-004767,Plant-39,FL-1081-4617,125,103,0,2026-07-21T05:00:52+00:00,WH-02,pending,6
ORD-004768,Plant-22,PO-3295-4548,63,34,0,2026-07-26T08:00:52+00:00,WH-02,pending,10
ORD-004769,Plant-34,EL-6626-1106,130,23,0,2026-07-21T11:00:52+00:00,WH-01,completed,6
ORD-004770,Plant-09,EL-9828-3655,123,60,0,2026-07-22T06:00:52+00:00,WH-01,in_progress,1
ORD-004771,Plant-45,PO-4404-1426,30,8,0,2026-07-20T06:00:52+00:00,WH-01,completed,9
ORD-004772,Plant-44,PO-4295-2780,4,1,0,2026-07-26T07:00:52+00:00,WH-01,completed,4
ORD-004773,Plant-12,PO-7744-4158,130,23,0,2026-07-26T11:00:52+00:00,WH-01,pending,2
ORD-004774,Plant-02,IN-5066-4124,69,53,0,2026-07-23T00:00:52+00:00,WH-01,completed,4
ORD-004775,Plant-27,EL-5873-4083,135,41,0,2026-07-22T08:00:52+00:00,WH-01,in_progress,10
ORD-004776,Plant-12,FL-3436-796,96,48,0,2026-07-21T07:00:52+00:00,WH-02,in_progress,1
ORD-004777,Plant-36,IN-1778-3894,88,78,0,2026-07-21T18:00:52+00:00,WH-01,in_progress,2
ORD-004778,Plant-42,EL-1415-705,27,3,0,2026-07-23T22:00:52+00:00,WH-01,completed,10
ORD-004779,Plant-25,IN-9026-009,33,23,0,2026-07-20T13:00:52+00:00,WH-01,in_progress,3
ORD-004780,Plant-30,CH-1585-2068,112,19,0,2026-07-26T00:00:52+00:00,WH-01,completed,4
ORD-004781,Plant-32,FL-8966-1458,9,5,0,2026-07-22T11:00:52+00:00,WH-02,completed,8
ORD-004782,Plant-09,CH-7176-454,58,20,0,2026-07-26T10:00:52+00:00,WH-02,completed,2
ORD-004783,Plant-15,FL-2555-1869,79,24,0,2026-07-22T08:00:52+00:00,WH-01,completed,1
ORD-004784,Plant-22,CH-9986-4991,135,113,0,2026-07-22T20:00:52+00:00,WH-02,in_progress,7
ORD-004785,Plant-37,IN-4714-426,42,18,0,2026-07-23T00:00:52+00:00,WH-01,completed,9
ORD-004786,Plant-18,CH-7639-4495,63,47,0,2026-07-23T16:00:52+00:00,WH-02,completed,9
ORD-004787,Plant-20,PO-3642-4835,18,4,0,2026-07-22T15:00:52+00:00,WH-01,in_progress,4
ORD-004788,Plant-42,PO-3652-4283,51,33,0,2026-07-21T10:00:52+00:00,WH-02,in_progress,3
ORD-004789,Plant-42,EL-4872-1618,85,42,0,2026-07-23T09:00:52+00:00,WH-01,pending,6
ORD-004790,Plant-19,EL-9921-549,49,12,0,2026-07-20T13:00:52+00:00,WH-02,in_progress,8
ORD-004791,Plant-18,CH-9478-3465,116,41,0,2026-07-26T07:00:52+00:00,WH-02,pending,5
ORD-004792,Plant-40,CH-1839-1716,36,32,0,2026-07-23T17:00:52+00:00,WH-02,pending,5
ORD-004793,Plant-05,IN-4580-4301,140,54,0,2026-07-26T09:00:52+00:00,WH-01,in_progress,4
ORD-004794,Plant-41,IN-3688-4240,26,0,0,2026-07-21T01:00:52+00:00,WH-01,completed,4
ORD-004795,Plant-08,IN-1010-4781,15,13,0,2026-07-20T17:00:52+00:00,WH-02,completed,4
ORD-004796,Plant-48,CH-4260-4850,112,90,0,2026-07-24T06:00:52+00:00,WH-01,completed,8
ORD-004797,Plant-37,CH-8399-382,71,41,0,2026-07-22T22:00:52+00:00,WH-01,pending,2
ORD-004798,Plant-31,CH-9170-3679,54,31,0,2026-07-21T08:00:52+00:00,WH-02,completed,6
ORD-004799,Plant-32,IN-1055-2362,100,68,0,2026-07-26T09:00:52+00:00,WH-01,completed,7
ORD-004800,Plant-41,CH-1874-2726,117,0,0,2026-07-20T01:00:52+00:00,WH-01,pending,8
ORD-004801,Plant-21,EL-6674-3355,125,117,0,2026-07-24T06:00:52+00:00,WH-02,in_progress,6
ORD-004802,Plant-28,EL-4737-913,39,6,0,2026-07-26T18:00:52+00:00,WH-02,in_progress,1
ORD-004803,Plant-36,EL-1631-1861,106,23,0,2026-07-23T06:00:52+00:00,WH-01,pending,9
ORD-004804,Plant-20,IN-1941-2660,83,63,0,2026-07-22T09:00:52+00:00,WH-01,completed,3
ORD-004805,Plant-04,EL-4526-1709,23,16,0,2026-07-22T02:00:52+00:00,WH-01,pending,9
ORD-004806,Plant-17,FL-9346-3487,38,25,0,2026-07-21T14:00:52+00:00,WH-02,in_progress,5
ORD-004807,Plant-09,IN-8791-1186,41,7,0,2026-07-20T11:00:52+00:00,WH-01,completed,6
ORD-004808,Plant-41,IN-1537-418,96,1,0,2026-07-26T15:00:52+00:00,WH-02,pending,1
ORD-004809,Plant-28,IN-4454-1961,50,50,0,2026-07-26T17:00:52+00:00,WH-02,pending,7
ORD-004810,Plant-07,EL-5952-532,105,2,0,2026-07-22T07:00:52+00:00,WH-01,completed,9
ORD-004811,Plant-15,CH-5130-4430,120,74,0,2026-07-25T01:00:52+00:00,WH-01,completed,9
ORD-004812,Plant-02,FL-8376-674,63,27,0,2026-07-23T11:00:52+00:00,WH-02,pending,5
ORD-004813,Plant-42,PO-5342-2160,26,16,0,2026-07-22T03:00:52+00:00,WH-02,completed,3
ORD-004814,Plant-17,PO-6445-4452,56,47,0,2026-07-21T04:00:52+00:00,WH-01,in_progress,1
ORD-004815,Plant-38,PO-9819-2566,4,0,0,2026-07-20T09:00:52+00:00,WH-01,completed,4
ORD-004816,Plant-32,IN-5702-404,67,28,0,2026-07-25T06:00:52+00:00,WH-02,completed,6
ORD-004817,Plant-43,EL-7420-3021,132,55,0,2026-07-24T06:00:52+00:00,WH-01,completed,6
ORD-004818,Plant-20,CH-6053-1436,64,12,0,2026-07-21T03:00:52+00:00,WH-01,completed,4
ORD-004819,Plant-06,PO-3450-3044,59,21,0,2026-07-23T01:00:52+00:00,WH-01,pending,1
ORD-004820,Plant-32,IN-2603-2207,90,74,0,2026-07-20T19:00:52+00:00,WH-01,pending,7
ORD-004821,Plant-10,IN-9708-3547,59,4,0,2026-07-25T04:00:52+00:00,WH-01,completed,10
ORD-004822,Plant-33,PO-3144-3544,97,3,0,2026-07-22T19:00:52+00:00,WH-01,pending,4
ORD-004823,Plant-05,FL-9717-263,114,96,0,2026-07-22T03:00:52+00:00,WH-02,in_progress,3
ORD-004824,Plant-09,EL-6757-4588,86,78,0,2026-07-21T05:00:52+00:00,WH-01,pending,8
ORD-004825,Plant-11,PO-9700-4360,74,1,0,2026-07-20T04:00:52+00:00,WH-02,pending,9
ORD-004826,Plant-20,EL-1513-033,132,126,0,2026-07-21T19:00:52+00:00,WH-01,in_progress,2
ORD-004827,Plant-06,EL-9141-691,144,124,0,2026-07-23T17:00:52+00:00,WH-02,pending,9
ORD-004828,Plant-22,EL-7490-4164,72,25,0,2026-07-22T13:00:52+00:00,WH-02,in_progress,10
ORD-004829,Plant-46,IN-4016-4097,20,14,0,2026-07-22T17:00:52+00:00,WH-02,in_progress,7
ORD-004830,Plant-10,CH-3502-1338,106,48,0,2026-07-24T17:00:52+00:00,WH-01,in_progress,10
ORD-004831,Plant-47,CH-4135-041,72,26,0,2026-07-25T04:00:52+00:00,WH-02,in_progress,6
ORD-004832,Plant-20,FL-6432-1786,34,26,0,2026-07-25T11:00:52+00:00,WH-01,completed,6
ORD-004833,Plant-21,CH-1087-4890,52,35,0,2026-07-22T17:00:52+00:00,WH-01,completed,2
ORD-004834,Plant-33,PO-2531-1765,34,0,0,2026-07-20T10:00:52+00:00,WH-01,pending,1
ORD-004835,Plant-29,FL-7797-971,42,32,0,2026-07-24T17:00:52+00:00,WH-01,completed,2
ORD-004836,Plant-20,PO-1534-1178,18,1,0,2026-07-25T10:00:52+00:00,WH-02,pending,5
ORD-004837,Plant-48,EL-4741-4384,93,17,0,2026-07-23T02:00:52+00:00,WH-02,in_progress,1
ORD-004838,Plant-06,EL-1093-1588,25,24,0,2026-07-21T20:00:52+00:00,WH-01,completed,9
ORD-004839,Plant-25,FL-9072-614,141,45,0,2026-07-21T01:00:52+00:00,WH-01,pending,4
ORD-004840,Plant-45,CH-6056-4704,88,60,0,2026-07-26T05:00:52+00:00,WH-01,completed,5
ORD-004841,Plant-15,EL-6894-2943,130,1,0,2026-07-22T12:00:52+00:00,WH-02,pending,7
ORD-004842,Plant-29,IN-2040-3280,126,113,0,2026-07-21T10:00:52+00:00,WH-01,pending,4
ORD-004843,Plant-17,IN-7698-888,150,56,0,2026-07-21T02:00:52+00:00,WH-01,in_progress,1
ORD-004844,Plant-23,CH-3164-4050,93,49,0,2026-07-25T02:00:52+00:00,WH-02,completed,9
ORD-004845,Plant-09,CH-5182-4790,104,33,0,2026-07-26T17:00:52+00:00,WH-01,completed,2
ORD-004846,Plant-28,EL-9833-511,19,8,0,2026-07-21T07:00:52+00:00,WH-01,completed,9
ORD-004847,Plant-29,CH-7543-017,53,1,0,2026-07-25T13:00:52+00:00,WH-01,completed,7
ORD-004848,Plant-26,IN-2316-3439,14,6,0,2026-07-20T09:00:52+00:00,WH-01,pending,5
ORD-004849,Plant-31,IN-1941-2660,8,7,0,2026-07-20T23:00:52+00:00,WH-01,in_progress,1
ORD-004850,Plant-46,EL-4772-692,59,58,0,2026-07-23T21:00:52+00:00,WH-02,pending,3
ORD-004851,Plant-43,EL-9587-2860,37,29,0,2026-07-21T15:00:52+00:00,WH-01,completed,3
ORD-004852,Plant-01,PO-9381-4443,22,15,0,2026-07-23T08:00:52+00:00,WH-01,pending,4
ORD-004853,Plant-40,FL-1722-4795,126,101,0,2026-07-21T15:00:52+00:00,WH-01,in_progress,1
ORD-004854,Plant-26,IN-2109-590,12,8,0,2026-07-24T05:00:52+00:00,WH-01,completed,7
ORD-004855,Plant-20,IN-7466-2365,10,5,0,2026-07-20T13:00:52+00:00,WH-02,in_progress,8
ORD-004856,Plant-14,CH-7231-3675,23,14,0,2026-07-22T17:00:52+00:00,WH-01,completed,1
ORD-004857,Plant-23,PO-9669-2172,129,106,0,2026-07-24T10:00:52+00:00,WH-01,completed,5
ORD-004858,Plant-41,FL-7006-3293,35,35,0,2026-07-22T08:00:52+00:00,WH-01,in_progress,10
ORD-004859,Plant-16,PO-2865-335,37,11,0,2026-07-24T01:00:52+00:00,WH-02,in_progress,2
ORD-004860,Plant-05,EL-1468-2085,100,80,0,2026-07-21T20:00:52+00:00,WH-02,in_progress,10
ORD-004861,Plant-19,CH-1709-4742,41,34,0,2026-07-22T06:00:52+00:00,WH-01,completed,10
ORD-004862,Plant-38,CH-9883-1643,77,30,0,2026-07-22T00:00:52+00:00,WH-02,in_progress,8
ORD-004863,Plant-18,IN-9127-3994,63,0,0,2026-07-19T22:00:52+00:00,WH-01,in_progress,8
ORD-004864,Plant-30,IN-2936-2434,91,59,0,2026-07-21T21:00:52+00:00,WH-01,pending,4
ORD-004865,Plant-23,IN-9133-2638,46,36,0,2026-07-22T07:00:52+00:00,WH-02,in_progress,3
ORD-004866,Plant-15,EL-2066-283,121,56,0,2026-07-20T20:00:52+00:00,WH-02,pending,9
ORD-004867,Plant-24,PO-3687-2263,119,28,0,2026-07-21T16:00:52+00:00,WH-01,in_progress,10
ORD-004868,Plant-20,PO-6593-315,124,90,0,2026-07-25T16:00:52+00:00,WH-02,in_progress,9
ORD-004869,Plant-46,IN-3933-4533,85,82,0,2026-07-19T22:00:52+00:00,WH-01,in_progress,8
ORD-004870,Plant-19,FL-1416-1847,39,18,0,2026-07-20T23:00:52+00:00,WH-01,pending,10
ORD-004871,Plant-23,EL-7788-4926,97,90,0,2026-07-26T04:00:52+00:00,WH-02,pending,9
ORD-004872,Plant-20,PO-5882-3490,54,50,0,2026-07-20T10:00:52+00:00,WH-01,in_progress,10
ORD-004873,Plant-43,EL-3488-4935,116,39,0,2026-07-23T09:00:52+00:00,WH-02,pending,3
ORD-004874,Plant-35,PO-6083-1608,150,106,0,2026-07-24T07:00:52+00:00,WH-02,pending,8
ORD-004875,Plant-02,FL-7692-2746,127,89,0,2026-07-20T12:00:52+00:00,WH-01,in_progress,1
ORD-004876,Plant-06,CH-5770-3895,90,21,0,2026-07-20T13:00:52+00:00,WH-02,pending,2
ORD-004877,Plant-42,PO-6288-1897,18,16,0,2026-07-20T02:00:52+00:00,WH-01,in_progress,1
ORD-004878,Plant-21,CH-4285-3499,39,10,0,2026-07-22T15:00:52+00:00,WH-02,pending,4
ORD-004879,Plant-46,PO-9639-3528,24,6,0,2026-07-21T00:00:52+00:00,WH-01,pending,1
ORD-004880,Plant-12,CH-9437-2767,93,52,0,2026-07-26T18:00:52+00:00,WH-02,in_progress,10
ORD-004881,Plant-28,PO-4203-1878,79,51,0,2026-07-19T19:00:52+00:00,WH-01,in_progress,6
ORD-004882,Plant-33,EL-7705-690,141,35,0,2026-07-20T23:00:52+00:00,WH-01,in_progress,7
ORD-004883,Plant-01,PO-9736-3871,83,58,0,2026-07-22T06:00:52+00:00,WH-02,pending,3
ORD-004884,Plant-38,FL-7343-2925,64,5,0,2026-07-21T23:00:52+00:00,WH-02,in_progress,10
ORD-004885,Plant-07,EL-3362-4602,111,66,0,2026-07-25T06:00:52+00:00,WH-02,pending,3
ORD-004886,Plant-31,EL-7175-1698,31,8,0,2026-07-26T09:00:52+00:00,WH-02,in_progress,6
ORD-004887,Plant-35,IN-8440-4866,149,104,0,2026-07-23T17:00:52+00:00,WH-01,in_progress,3
ORD-004888,Plant-35,CH-9986-4991,44,16,0,2026-07-22T19:00:52+00:00,WH-01,in_progress,2
ORD-004889,Plant-10,CH-8188-4644,20,15,0,2026-07-26T00:00:52+00:00,WH-01,pending,1
ORD-004890,Plant-35,EL-5009-309,82,56,0,2026-07-23T08:00:52+00:00,WH-02,completed,1
ORD-004891,Plant-32,IN-9844-4116,123,115,0,2026-07-25T20:00:52+00:00,WH-01,in_progress,1
ORD-004892,Plant-22,FL-7415-2582,61,31,0,2026-07-21T12:00:52+00:00,WH-02,completed,4
ORD-004893,Plant-20,EL-3938-2593,55,20,0,2026-07-25T22:00:52+00:00,WH-02,in_progress,1
ORD-004894,Plant-26,PO-8815-3854,142,1,0,2026-07-21T03:00:52+00:00,WH-01,pending,4
ORD-004895,Plant-22,FL-9634-1192,99,1,0,2026-07-24T15:00:52+00:00,WH-02,pending,10
ORD-004896,Plant-12,EL-6219-4132,116,20,0,2026-07-24T06:00:52+00:00,WH-01,pending,5
ORD-004897,Plant-43,FL-6368-1360,21,6,0,2026-07-24T17:00:52+00:00,WH-02,completed,6
ORD-004898,Plant-32,PO-2860-1328,76,67,0,2026-07-24T15:00:52+00:00,WH-01,completed,9
ORD-004899,Plant-34,IN-3702-2166,40,26,0,2026-07-24T23:00:52+00:00,WH-02,in_progress,4
ORD-004900,Plant-48,IN-5830-4671,112,68,0,2026-07-23T06:00:52+00:00,WH-02,completed,2
ORD-004901,Plant-02,IN-2786-2290,44,15,0,2026-07-20T10:00:52+00:00,WH-01,completed,7
ORD-004902,Plant-22,EL-5873-2204,102,15,0,2026-07-24T17:00:52+00:00,WH-01,in_progress,6
ORD-004903,Plant-30,PO-2659-3652,21,13,0,2026-07-26T17:00:52+00:00,WH-02,pending,3
ORD-004904,Plant-21,IN-8313-2187,101,35,0,2026-07-25T00:00:52+00:00,WH-01,in_progress,2
ORD-004905,Plant-01,PO-5160-3300,83,18,0,2026-07-26T09:00:52+00:00,WH-01,in_progress,4
ORD-004906,Plant-38,FL-9601-166,136,71,0,2026-07-24T10:00:52+00:00,WH-02,in_progress,8
ORD-004907,Plant-43,EL-5603-4806,143,22,0,2026-07-23T20:00:52+00:00,WH-02,pending,4
ORD-004908,Plant-08,FL-3906-921,9,2,0,2026-07-23T13:00:52+00:00,WH-02,in_progress,8
ORD-004909,Plant-33,FL-9952-3610,146,92,0,2026-07-25T14:00:52+00:00,WH-01,pending,8
ORD-004910,Plant-31,PO-3095-884,19,11,0,2026-07-23T12:00:52+00:00,WH-02,in_progress,10
ORD-004911,Plant-12,FL-2028-4464,74,14,0,2026-07-20T18:00:52+00:00,WH-02,pending,5
ORD-004912,Plant-27,FL-6614-2846,111,94,0,2026-07-25T07:00:52+00:00,WH-02,in_progress,8
ORD-004913,Plant-14,IN-6467-1700,137,32,0,2026-07-20T13:00:52+00:00,WH-01,pending,9
ORD-004914,Plant-02,IN-1278-1230,95,69,0,2026-07-25T06:00:52+00:00,WH-02,in_progress,9
ORD-004915,Plant-37,IN-6477-4550,98,3,0,2026-07-23T22:00:52+00:00,WH-02,completed,1
ORD-004916,Plant-38,IN-8318-1138,24,24,0,2026-07-22T09:00:52+00:00,WH-01,completed,6
ORD-004917,Plant-13,EL-2202-1395,122,71,0,2026-07-26T07:00:52+00:00,WH-01,in_progress,10
ORD-004918,Plant-01,FL-5392-1582,55,52,0,2026-07-22T03:00:52+00:00,WH-01,in_progress,1
ORD-004919,Plant-48,EL-1510-2939,123,78,0,2026-07-20T09:00:52+00:00,WH-01,completed,2
ORD-004920,Plant-36,EL-8700-237,125,51,0,2026-07-25T03:00:52+00:00,WH-02,completed,8
ORD-004921,Plant-09,FL-8160-4556,57,51,0,2026-07-21T21:00:52+00:00,WH-02,pending,4
ORD-004922,Plant-47,CH-6927-4388,43,19,0,2026-07-23T07:00:52+00:00,WH-01,in_progress,8
ORD-004923,Plant-18,EL-6387-145,86,76,0,2026-07-21T01:00:52+00:00,WH-01,pending,5
ORD-004924,Plant-44,PO-4573-431,28,22,0,2026-07-24T17:00:52+00:00,WH-01,in_progress,2
ORD-004925,Plant-32,CH-7862-1351,139,42,0,2026-07-24T03:00:52+00:00,WH-01,pending,3
ORD-004926,Plant-25,IN-6051-3573,34,32,0,2026-07-25T09:00:52+00:00,WH-02,completed,3
ORD-004927,Plant-14,EL-9598-3667,105,81,0,2026-07-26T03:00:52+00:00,WH-01,pending,2
ORD-004928,Plant-02,CH-7735-1133,126,104,0,2026-07-25T20:00:52+00:00,WH-01,in_progress,3
ORD-004929,Plant-06,EL-5924-3629,122,27,0,2026-07-25T06:00:52+00:00,WH-01,completed,8
ORD-004930,Plant-46,IN-3764-3142,8,8,0,2026-07-22T16:00:52+00:00,WH-02,pending,3
ORD-004931,Plant-22,CH-5168-1704,50,28,0,2026-07-24T22:00:52+00:00,WH-01,pending,2
ORD-004932,Plant-39,IN-7903-402,68,2,0,2026-07-24T23:00:52+00:00,WH-02,in_progress,7
ORD-004933,Plant-24,FL-4947-2584,19,17,0,2026-07-25T18:00:52+00:00,WH-01,pending,7
ORD-004934,Plant-38,EL-3309-4904,40,7,0,2026-07-21T04:00:52+00:00,WH-01,in_progress,1
ORD-004935,Plant-47,EL-8591-3310,5,0,0,2026-07-25T01:00:52+00:00,WH-01,completed,1
ORD-004936,Plant-14,FL-5527-4965,127,18,0,2026-07-24T09:00:52+00:00,WH-01,completed,1
ORD-004937,Plant-39,EL-1497-1960,116,113,0,2026-07-20T02:00:52+00:00,WH-02,pending,3
ORD-004938,Plant-24,PO-8456-4870,7,6,0,2026-07-23T01:00:52+00:00,WH-01,pending,4
ORD-004939,Plant-03,EL-4719-2389,12,11,0,2026-07-22T19:00:52+00:00,WH-02,pending,6
ORD-004940,Plant-22,FL-9061-2028,8,1,0,2026-07-20T02:00:52+00:00,WH-02,pending,5
ORD-004941,Plant-34,IN-3534-369,39,20,0,2026-07-22T23:00:52+00:00,WH-02,in_progress,8
ORD-004942,Plant-19,CH-4260-4850,52,43,0,2026-07-25T11:00:52+00:00,WH-01,in_progress,10
ORD-004943,Plant-35,IN-4636-1539,38,20,0,2026-07-25T02:00:52+00:00,WH-02,in_progress,3
ORD-004944,Plant-03,FL-5341-3712,133,19,0,2026-07-26T10:00:52+00:00,WH-02,in_progress,10
ORD-004945,Plant-37,CH-4092-2103,147,142,0,2026-07-22T01:00:52+00:00,WH-01,pending,7
ORD-004946,Plant-17,EL-3141-1753,120,42,0,2026-07-23T14:00:52+00:00,WH-01,pending,9
ORD-004947,Plant-24,EL-8566-3384,105,23,0,2026-07-23T19:00:52+00:00,WH-01,pending,1
ORD-004948,Plant-25,PO-7048-3007,120,67,0,2026-07-26T03:00:52+00:00,WH-02,pending,1
ORD-004949,Plant-42,FL-7350-3247,19,16,0,2026-07-24T20:00:52+00:00,WH-01,in_progress,3
ORD-004950,Plant-16,FL-6393-2771,138,8,0,2026-07-23T15:00:52+00:00,WH-02,in_progress,4
ORD-004951,Plant-48,CH-8189-1155,89,60,0,2026-07-22T02:00:52+00:00,WH-02,in_progress,2
ORD-004952,Plant-35,IN-7586-4045,89,30,0,2026-07-24T10:00:52+00:00,WH-01,completed,3
ORD-004953,Plant-12,IN-5317-2909,75,56,0,2026-07-26T11:00:52+00:00,WH-02,completed,1
ORD-004954,Plant-21,EL-2066-283,136,14,0,2026-07-25T20:00:52+00:00,WH-01,completed,9
ORD-004955,Plant-16,EL-7291-3173,135,94,0,2026-07-21T18:00:52+00:00,WH-02,pending,1
ORD-004956,Plant-07,FL-8935-2099,76,36,0,2026-07-20T18:00:52+00:00,WH-02,in_progress,9
ORD-004957,Plant-29,EL-3860-4657,76,31,0,2026-07-21T09:00:52+00:00,WH-01,pending,5
ORD-004958,Plant-16,IN-9772-2964,74,7,0,2026-07-25T06:00:52+00:00,WH-01,in_progress,4
ORD-004959,Plant-03,PO-5559-2764,21,0,0,2026-07-25T13:00:52+00:00,WH-01,completed,5
ORD-004960,Plant-01,IN-6587-1972,82,24,0,2026-07-20T13:00:52+00:00,WH-02,completed,9
ORD-004961,Plant-15,FL-2554-2894,75,59,0,2026-07-20T18:00:52+00:00,WH-01,pending,7
ORD-004962,Plant-01,EL-3598-4449,149,50,0,2026-07-21T16:00:52+00:00,WH-02,completed,8
ORD-004963,Plant-38,IN-7064-3093,129,70,0,2026-07-25T16:00:52+00:00,WH-01,completed,9
ORD-004964,Plant-27,EL-4082-2390,128,60,0,2026-07-22T05:00:52+00:00,WH-01,in_progress,4
ORD-004965,Plant-48,FL-4793-3404,95,2,0,2026-07-22T22:00:52+00:00,WH-02,completed,5
ORD-004966,Plant-01,FL-7153-3563,6,2,0,2026-07-21T14:00:52+00:00,WH-01,in_progress,4
ORD-004967,Plant-26,FL-2160-1734,90,40,0,2026-07-21T12:00:52+00:00,WH-02,pending,3
ORD-004968,Plant-42,PO-6375-3072,43,29,0,2026-07-22T03:00:52+00:00,WH-02,in_progress,5
ORD-004969,Plant-23,EL-1489-3467,90,24,0,2026-07-20T04:00:52+00:00,WH-02,pending,5
ORD-004970,Plant-46,IN-4688-4801,99,99,0,2026-07-21T22:00:52+00:00,WH-02,in_progress,3
ORD-004971,Plant-16,EL-1289-2455,35,3,0,2026-07-21T03:00:52+00:00,WH-02,pending,4
ORD-004972,Plant-35,FL-3028-4847,117,43,0,2026-07-22T00:00:52+00:00,WH-02,completed,9
ORD-004973,Plant-25,PO-6628-2502,106,38,0,2026-07-20T08:00:52+00:00,WH-01,completed,9
ORD-004974,Plant-15,CH-8722-4703,51,31,0,2026-07-23T20:00:52+00:00,WH-01,completed,4
ORD-004975,Plant-35,IN-3953-3158,68,15,0,2026-07-24T05:00:52+00:00,WH-02,in_progress,4
ORD-004976,Plant-31,PO-7516-3637,58,43,0,2026-07-19T23:00:52+00:00,WH-01,in_progress,10
ORD-004977,Plant-06,EL-1090-1118,84,7,0,2026-07-21T08:00:52+00:00,WH-02,in_progress,3
ORD-004978,Plant-46,FL-9596-2382,133,19,0,2026-07-24T23:00:52+00:00,WH-01,in_progress,5
ORD-004979,Plant-46,PO-5069-2316,78,64,0,2026-07-21T12:00:52+00:00,WH-01,pending,2
ORD-004980,Plant-18,PO-6331-2945,116,21,0,2026-07-26T00:00:52+00:00,WH-02,pending,3
ORD-004981,Plant-30,PO-2126-2620,74,24,0,2026-07-21T18:00:52+00:00,WH-02,completed,8
ORD-004982,Plant-37,CH-6958-1011,94,53,0,2026-07-22T07:00:52+00:00,WH-02,pending,8
ORD-004983,Plant-08,EL-1258-2075,10,10,0,2026-07-26T06:00:52+00:00,WH-02,completed,9
ORD-004984,Plant-10,IN-4530-543,92,71,0,2026-07-21T18:00:52+00:00,WH-02,pending,10
ORD-004985,Plant-02,CH-2001-4200,122,32,0,2026-07-25T17:00:52+00:00,WH-01,pending,8
ORD-004986,Plant-23,EL-8139-1755,95,67,0,2026-07-25T08:00:52+00:00,WH-02,in_progress,9
ORD-004987,Plant-47,EL-1234-4142,101,17,0,2026-07-23T03:00:52+00:00,WH-01,pending,6
ORD-004988,Plant-32,PO-2060-1350,73,13,0,2026-07-21T08:00:52+00:00,WH-02,completed,3
ORD-004989,Plant-01,FL-1775-371,73,47,0,2026-07-23T16:00:52+00:00,WH-01,pending,4
ORD-004990,Plant-41,FL-2434-1250,76,21,0,2026-07-23T05:00:52+00:00,WH-01,completed,1
ORD-004991,Plant-29,EL-3992-1047,133,53,0,2026-07-20T05:00:52+00:00,WH-02,in_progress,5
ORD-004992,Plant-05,IN-7739-4180,66,28,0,2026-07-25T22:00:52+00:00,WH-02,pending,9
ORD-004993,Plant-21,CH-3077-4589,75,45,0,2026-07-25T19:00:52+00:00,WH-02,completed,8
ORD-004994,Plant-15,CH-8904-1973,101,23,0,2026-07-26T08:00:52+00:00,WH-01,completed,8
ORD-004995,Plant-28,FL-9028-3654,15,0,0,2026-07-20T09:00:52+00:00,WH-02,in_progress,10
ORD-004996,Plant-17,FL-9028-3654,119,28,0,2026-07-23T11:00:52+00:00,WH-02,in_progress,10
ORD-004997,Plant-16,PO-2399-1040,47,2,0,2026-07-25T03:00:52+00:00,WH-02,completed,2
ORD-004998,Plant-22,PO-5953-4109,82,59,0,2026-07-24T22:00:52+00:00,WH-02,in_progress,5
ORD-004999,Plant-31,PO-6757-4778,81,75,0,2026-07-24T02:00:52+00:00,WH-01,pending,6
ORD-005000,Plant-28,FL-5155-4984,99,72,0,2026-07-23T12:00:52+00:00,WH-02,in_progress,8
ORD-005001,Plant-47,PO-1256-1079,34,7,0,2026-07-21T07:00:52+00:00,WH-02,completed,7
ORD-005002,Plant-40,PO-3709-4419,60,6,0,2026-07-19T18:00:52+00:00,WH-01,in_progress,7
ORD-005003,Plant-32,PO-3268-820,138,38,0,2026-07-26T15:00:52+00:00,WH-01,completed,5
ORD-005004,Plant-24,CH-7495-3850,139,6,0,2026-07-22T14:00:52+00:00,WH-01,pending,8
ORD-005005,Plant-28,PO-2281-721,140,39,0,2026-07-25T18:00:52+00:00,WH-01,completed,4
ORD-005006,Plant-45,FL-4775-4875,101,15,0,2026-07-21T12:00:52+00:00,WH-01,pending,1
ORD-005007,Plant-06,PO-7074-1370,87,63,0,2026-07-26T16:00:52+00:00,WH-01,in_progress,1
ORD-005008,Plant-01,EL-5437-4277,67,13,0,2026-07-22T11:00:52+00:00,WH-02,completed,10
ORD-005009,Plant-11,IN-5702-404,137,92,0,2026-07-23T07:00:52+00:00,WH-02,pending,3
ORD-005010,Plant-10,IN-5699-950,6,3,0,2026-07-19T21:00:52+00:00,WH-02,completed,6
ORD-005011,Plant-18,IN-2932-3858,73,34,0,2026-07-23T07:00:52+00:00,WH-02,in_progress,6
ORD-005012,Plant-12,EL-1620-2653,9,7,0,2026-07-24T11:00:52+00:00,WH-01,completed,1
ORD-005013,Plant-38,PO-3797-1430,144,143,0,2026-07-21T11:00:52+00:00,WH-02,completed,1
ORD-005014,Plant-22,EL-2694-2689,99,97,0,2026-07-23T23:00:52+00:00,WH-01,completed,10
ORD-005015,Plant-16,PO-7292-4948,34,1,0,2026-07-20T20:00:52+00:00,WH-01,in_progress,1
ORD-005016,Plant-29,FL-8031-3960,139,14,0,2026-07-22T09:00:52+00:00,WH-01,pending,1
ORD-005017,Plant-28,PO-6887-4016,130,15,0,2026-07-22T23:00:52+00:00,WH-02,pending,8
ORD-005018,Plant-17,PO-1993-806,59,0,0,2026-07-20T02:00:52+00:00,WH-02,completed,3
ORD-005019,Plant-04,FL-2501-3098,143,65,0,2026-07-24T17:00:52+00:00,WH-01,completed,6
ORD-005020,Plant-24,CH-7998-1751,108,95,0,2026-07-26T15:00:52+00:00,WH-01,completed,2
ORD-005021,Plant-05,EL-4552-1256,59,32,0,2026-07-24T19:00:52+00:00,WH-02,in_progress,10
ORD-005022,Plant-16,CH-8785-366,30,28,0,2026-07-25T03:00:52+00:00,WH-02,in_progress,4
ORD-005023,Plant-36,IN-5722-2413,39,11,0,2026-07-24T05:00:52+00:00,WH-01,in_progress,8
ORD-005024,Plant-29,CH-2648-2715,150,140,0,2026-07-26T06:00:52+00:00,WH-01,in_progress,6
ORD-005025,Plant-33,IN-5440-3704,57,56,0,2026-07-24T22:00:52+00:00,WH-01,completed,5
ORD-005026,Plant-20,FL-2765-935,73,21,0,2026-07-25T08:00:52+00:00,WH-01,completed,9
ORD-005027,Plant-25,IN-4028-2967,34,22,0,2026-07-21T11:00:52+00:00,WH-02,completed,9
ORD-005028,Plant-28,FL-6201-2203,38,16,0,2026-07-21T00:00:52+00:00,WH-02,pending,6
ORD-005029,Plant-28,IN-2276-4689,57,54,0,2026-07-21T22:00:52+00:00,WH-01,pending,7
ORD-005030,Plant-13,PO-6047-626,102,96,0,2026-07-22T01:00:52+00:00,WH-01,completed,9
ORD-005031,Plant-21,FL-8259-3036,56,22,0,2026-07-23T02:00:52+00:00,WH-02,pending,2
ORD-005032,Plant-47,PO-6259-4403,83,67,0,2026-07-22T16:00:52+00:00,WH-02,completed,6
ORD-005033,Plant-28,CH-1483-3065,36,4,0,2026-07-19T22:00:52+00:00,WH-02,pending,6
ORD-005034,Plant-33,EL-2172-1830,69,21,0,2026-07-20T03:00:52+00:00,WH-01,in_progress,5
ORD-005035,Plant-10,CH-8192-1611,50,25,0,2026-07-21T06:00:52+00:00,WH-02,completed,5
ORD-005036,Plant-23,CH-9196-1980,38,11,0,2026-07-23T12:00:52+00:00,WH-02,in_progress,6
ORD-005037,Plant-02,FL-9197-460,6,4,0,2026-07-23T02:00:52+00:00,WH-01,pending,7
ORD-005038,Plant-13,IN-5048-168,72,68,0,2026-07-22T13:00:52+00:00,WH-02,completed,1
ORD-005039,Plant-26,EL-8236-1702,131,45,0,2026-07-22T03:00:52+00:00,WH-02,completed,9
ORD-005040,Plant-28,EL-1155-4067,60,47,0,2026-07-21T17:00:52+00:00,WH-02,completed,1
ORD-005041,Plant-47,EL-6138-735,17,17,0,2026-07-24T15:00:52+00:00,WH-02,in_progress,7
ORD-005042,Plant-21,FL-2100-1997,43,32,0,2026-07-21T14:00:52+00:00,WH-02,pending,5
ORD-005043,Plant-38,PO-2360-3170,68,68,0,2026-07-22T10:00:52+00:00,WH-01,in_progress,9
ORD-005044,Plant-07,CH-8785-366,113,28,0,2026-07-24T17:00:52+00:00,WH-02,in_progress,6
ORD-005045,Plant-35,FL-7636-481,110,76,0,2026-07-20T00:00:52+00:00,WH-01,completed,10
ORD-005046,Plant-29,CH-7066-4354,64,29,0,2026-07-22T13:00:52+00:00,WH-01,in_progress,9
ORD-005047,Plant-08,PO-5347-1383,4,0,0,2026-07-21T21:00:52+00:00,WH-02,completed,5
ORD-005048,Plant-14,CH-4302-3171,98,81,0,2026-07-23T20:00:52+00:00,WH-02,completed,7
ORD-005049,Plant-42,PO-9113-1300,92,57,0,2026-07-23T09:00:52+00:00,WH-02,pending,1
ORD-005050,Plant-08,CH-5506-4711,48,0,0,2026-07-22T16:00:52+00:00,WH-02,pending,1
ORD-005051,Plant-36,CH-3473-310,26,16,0,2026-07-19T18:00:52+00:00,WH-01,pending,6
ORD-005052,Plant-45,FL-2296-864,57,12,0,2026-07-25T23:00:52+00:00,WH-02,completed,1
ORD-005053,Plant-48,IN-2583-185,97,85,0,2026-07-23T00:00:52+00:00,WH-02,in_progress,6
ORD-005054,Plant-11,IN-6467-1700,129,26,0,2026-07-22T00:00:52+00:00,WH-02,completed,5
ORD-005055,Plant-37,CH-2670-3782,5,0,0,2026-07-25T09:00:52+00:00,WH-01,completed,7
ORD-005056,Plant-21,CH-5575-4692,90,50,0,2026-07-26T13:00:52+00:00,WH-02,pending,2
ORD-005057,Plant-14,FL-5908-3530,28,24,0,2026-07-21T23:00:52+00:00,WH-01,in_progress,3
ORD-005058,Plant-43,EL-7490-4164,107,30,0,2026-07-26T02:00:52+00:00,WH-02,completed,8
ORD-005059,Plant-46,EL-5215-3585,79,21,0,2026-07-22T03:00:52+00:00,WH-01,completed,1
ORD-005060,Plant-12,CH-8590-3918,143,127,0,2026-07-22T13:00:52+00:00,WH-01,in_progress,2
ORD-005061,Plant-43,FL-4457-2333,79,3,0,2026-07-25T13:00:52+00:00,WH-01,completed,5
ORD-005062,Plant-13,EL-3000-4713,106,18,0,2026-07-25T16:00:52+00:00,WH-02,completed,6
ORD-005063,Plant-32,EL-9012-3103,104,45,0,2026-07-21T13:00:52+00:00,WH-01,in_progress,4
ORD-005064,Plant-24,PO-2902-2193,43,29,0,2026-07-25T07:00:52+00:00,WH-02,pending,7
ORD-005065,Plant-19,FL-8812-4709,32,31,0,2026-07-23T20:00:52+00:00,WH-02,pending,3
ORD-005066,Plant-43,PO-6021-2737,134,23,0,2026-07-26T09:00:52+00:00,WH-02,pending,8
ORD-005067,Plant-01,FL-2368-4906,30,0,0,2026-07-21T19:00:52+00:00,WH-02,pending,2
ORD-005068,Plant-31,PO-3900-3426,91,4,0,2026-07-23T16:00:52+00:00,WH-01,in_progress,4
ORD-005069,Plant-20,PO-3610-267,40,20,0,2026-07-24T07:00:52+00:00,WH-01,in_progress,8
ORD-005070,Plant-27,FL-9019-666,88,81,0,2026-07-19T20:00:52+00:00,WH-02,in_progress,4
ORD-005071,Plant-43,EL-6757-4588,17,14,0,2026-07-23T04:00:52+00:00,WH-01,pending,4
ORD-005072,Plant-18,CH-4941-567,33,25,0,2026-07-25T05:00:52+00:00,WH-02,in_progress,8
ORD-005073,Plant-04,IN-6400-2254,69,50,0,2026-07-26T11:00:52+00:00,WH-02,pending,7
ORD-005074,Plant-25,CH-2960-378,15,2,0,2026-07-21T09:00:52+00:00,WH-01,pending,6
ORD-005075,Plant-44,IN-1645-2569,26,9,0,2026-07-24T11:00:52+00:00,WH-01,completed,7
ORD-005076,Plant-27,CH-4424-1605,75,37,0,2026-07-24T17:00:52+00:00,WH-02,completed,2
ORD-005077,Plant-16,PO-3670-090,111,70,0,2026-07-23T01:00:52+00:00,WH-01,completed,1
ORD-005078,Plant-16,IN-2694-3806,49,12,0,2026-07-24T01:00:52+00:00,WH-02,completed,9
ORD-005079,Plant-24,PO-2779-2521,121,91,0,2026-07-20T06:00:52+00:00,WH-02,pending,1
ORD-005080,Plant-15,EL-5751-1371,54,32,0,2026-07-23T06:00:52+00:00,WH-01,in_progress,6
ORD-005081,Plant-15,PO-7546-3138,86,49,0,2026-07-21T01:00:52+00:00,WH-01,completed,9
ORD-005082,Plant-33,EL-2271-381,78,16,0,2026-07-22T03:00:52+00:00,WH-01,in_progress,9
ORD-005083,Plant-26,FL-1262-4025,22,8,0,2026-07-22T18:00:52+00:00,WH-01,pending,4
ORD-005084,Plant-20,FL-2554-2894,127,108,0,2026-07-20T18:00:52+00:00,WH-01,in_progress,7
ORD-005085,Plant-05,IN-9339-2057,90,43,0,2026-07-21T12:00:52+00:00,WH-02,completed,10
ORD-005086,Plant-18,EL-7904-1409,46,16,0,2026-07-20T22:00:52+00:00,WH-01,in_progress,6
ORD-005087,Plant-23,CH-7080-2142,105,0,0,2026-07-20T17:00:52+00:00,WH-02,in_progress,4
ORD-005088,Plant-14,EL-3003-1850,67,32,0,2026-07-22T13:00:52+00:00,WH-02,pending,10
ORD-005089,Plant-36,EL-6304-4313,77,24,0,2026-07-24T03:00:52+00:00,WH-02,completed,3
ORD-005090,Plant-09,EL-6604-042,129,119,0,2026-07-21T04:00:52+00:00,WH-01,in_progress,2
ORD-005091,Plant-21,CH-7580-3507,15,5,0,2026-07-26T12:00:52+00:00,WH-01,completed,9
ORD-005092,Plant-32,FL-4528-277,75,51,0,2026-07-22T01:00:52+00:00,WH-02,in_progress,10
ORD-005093,Plant-28,IN-9258-3464,147,122,0,2026-07-23T19:00:52+00:00,WH-02,in_progress,10
ORD-005094,Plant-06,EL-1828-014,59,57,0,2026-07-20T05:00:52+00:00,WH-01,pending,3
ORD-005095,Plant-41,PO-8636-4992,68,55,0,2026-07-24T21:00:52+00:00,WH-01,in_progress,3
ORD-005096,Plant-14,IN-8813-3503,6,6,0,2026-07-21T11:00:52+00:00,WH-01,pending,3
ORD-005097,Plant-36,PO-3677-3842,4,0,0,2026-07-25T15:00:52+00:00,WH-02,completed,8
ORD-005098,Plant-33,PO-1433-440,90,41,0,2026-07-25T18:00:52+00:00,WH-01,in_progress,4
ORD-005099,Plant-21,CH-1742-4621,108,56,0,2026-07-26T04:00:52+00:00,WH-01,completed,7
ORD-005100,Plant-36,PO-7962-4661,82,11,0,2026-07-23T16:00:52+00:00,WH-02,in_progress,4
ORD-005101,Plant-30,FL-3124-3165,136,33,0,2026-07-21T11:00:52+00:00,WH-01,completed,5
ORD-005102,Plant-34,EL-9449-2606,75,64,0,2026-07-25T02:00:52+00:00,WH-01,pending,1
ORD-005103,Plant-29,FL-1096-2287,48,12,0,2026-07-21T11:00:52+00:00,WH-02,pending,3
ORD-005104,Plant-16,IN-8556-4425,76,68,0,2026-07-22T01:00:52+00:00,WH-02,pending,7
ORD-005105,Plant-10,IN-9828-1774,94,37,0,2026-07-20T04:00:52+00:00,WH-02,pending,6
ORD-005106,Plant-40,IN-9804-3407,34,2,0,2026-07-22T00:00:52+00:00,WH-01,completed,10
ORD-005107,Plant-14,IN-3415-2906,75,54,0,2026-07-22T01:00:52+00:00,WH-02,in_progress,2
ORD-005108,Plant-10,FL-3308-089,139,21,0,2026-07-21T10:00:52+00:00,WH-01,in_progress,7
ORD-005109,Plant-43,CH-4624-3388,44,1,0,2026-07-26T00:00:52+00:00,WH-01,completed,1
ORD-005110,Plant-17,FL-5856-3772,97,31,0,2026-07-24T08:00:52+00:00,WH-02,in_progress,8
ORD-005111,Plant-17,EL-8492-444,27,4,0,2026-07-25T19:00:52+00:00,WH-02,in_progress,7
ORD-005112,Plant-12,EL-1933-4114,131,18,0,2026-07-20T23:00:52+00:00,WH-01,pending,5
ORD-005113,Plant-34,FL-9911-1936,102,43,0,2026-07-21T06:00:52+00:00,WH-01,in_progress,8
ORD-005114,Plant-16,PO-5317-184,57,43,0,2026-07-24T03:00:52+00:00,WH-01,pending,10
ORD-005115,Plant-44,IN-2537-3094,102,8,0,2026-07-19T22:00:52+00:00,WH-02,pending,5
ORD-005116,Plant-36,EL-7683-040,87,22,0,2026-07-24T21:00:52+00:00,WH-02,completed,8
ORD-005117,Plant-05,FL-5347-3268,9,2,0,2026-07-24T16:00:52+00:00,WH-01,in_progress,7
ORD-005118,Plant-24,EL-8969-3414,143,113,0,2026-07-26T07:00:52+00:00,WH-02,completed,8
ORD-005119,Plant-33,IN-8683-4407,31,9,0,2026-07-26T00:00:52+00:00,WH-01,in_progress,5
ORD-005120,Plant-45,EL-1266-4517,74,31,0,2026-07-24T04:00:52+00:00,WH-02,completed,5
ORD-005121,Plant-17,PO-4709-3742,109,40,0,2026-07-21T11:00:52+00:00,WH-02,pending,5
ORD-005122,Plant-44,FL-4120-3553,137,7,0,2026-07-24T06:00:52+00:00,WH-01,pending,10
ORD-005123,Plant-11,PO-1028-2086,149,82,0,2026-07-20T05:00:52+00:00,WH-01,pending,3
ORD-005124,Plant-42,EL-6894-2943,50,37,0,2026-07-26T07:00:52+00:00,WH-01,in_progress,10
ORD-005125,Plant-48,CH-1646-698,114,101,0,2026-07-21T00:00:52+00:00,WH-01,completed,8
ORD-005126,Plant-04,FL-5879-3812,18,5,0,2026-07-20T17:00:52+00:00,WH-02,in_progress,3
ORD-005127,Plant-48,FL-9740-2881,20,10,0,2026-07-24T08:00:52+00:00,WH-02,pending,3
ORD-005128,Plant-07,EL-2478-3832,103,21,0,2026-07-21T13:00:52+00:00,WH-01,completed,3
ORD-005129,Plant-35,FL-8214-2224,57,12,0,2026-07-23T21:00:52+00:00,WH-01,pending,9
ORD-005130,Plant-33,IN-2537-3094,144,140,0,2026-07-24T02:00:52+00:00,WH-02,in_progress,2
ORD-005131,Plant-36,CH-2053-497,40,18,0,2026-07-20T22:00:52+00:00,WH-01,completed,3
ORD-005132,Plant-13,IN-6871-4085,107,101,0,2026-07-24T12:00:52+00:00,WH-01,in_progress,6
ORD-005133,Plant-14,PO-7468-1930,97,74,0,2026-07-20T03:00:52+00:00,WH-02,in_progress,7
ORD-005134,Plant-43,FL-9911-1936,109,55,0,2026-07-21T14:00:52+00:00,WH-02,pending,9
ORD-005135,Plant-12,CH-3368-101,144,106,0,2026-07-20T12:00:52+00:00,WH-01,in_progress,1
ORD-005136,Plant-07,PO-2633-4198,24,7,0,2026-07-20T12:00:52+00:00,WH-02,completed,6
ORD-005137,Plant-06,CH-8208-934,59,15,0,2026-07-21T03:00:52+00:00,WH-02,pending,2
ORD-005138,Plant-24,EL-6318-836,54,22,0,2026-07-23T19:00:52+00:00,WH-01,completed,7
ORD-005139,Plant-36,FL-7024-3313,45,15,0,2026-07-21T13:00:52+00:00,WH-01,in_progress,1
ORD-005140,Plant-35,IN-3403-3892,87,48,0,2026-07-20T07:00:52+00:00,WH-02,in_progress,8
ORD-005141,Plant-07,IN-6101-4675,51,50,0,2026-07-23T06:00:52+00:00,WH-01,in_progress,3
ORD-005142,Plant-31,FL-5600-2928,61,2,0,2026-07-20T06:00:52+00:00,WH-02,in_progress,2
ORD-005143,Plant-14,PO-1255-436,26,12,0,2026-07-22T14:00:52+00:00,WH-02,pending,9
ORD-005144,Plant-29,PO-3281-1602,8,1,0,2026-07-20T19:00:52+00:00,WH-02,in_progress,10
ORD-005145,Plant-32,CH-7670-2679,33,12,0,2026-07-26T03:00:52+00:00,WH-02,in_progress,3
ORD-005146,Plant-16,EL-4115-1568,13,2,0,2026-07-24T22:00:52+00:00,WH-01,pending,8
ORD-005147,Plant-46,CH-5423-1002,42,9,0,2026-07-24T13:00:52+00:00,WH-02,in_progress,1
ORD-005148,Plant-42,FL-7006-3293,27,16,0,2026-07-22T01:00:52+00:00,WH-02,completed,10
ORD-005149,Plant-05,FL-3717-3043,27,25,0,2026-07-26T18:00:52+00:00,WH-01,in_progress,5
ORD-005150,Plant-20,EL-8944-2049,138,74,0,2026-07-25T05:00:52+00:00,WH-02,pending,6
ORD-005151,Plant-09,FL-5024-3917,50,18,0,2026-07-21T14:00:52+00:00,WH-01,pending,8
ORD-005152,Plant-22,FL-4677-1974,115,109,0,2026-07-20T07:00:52+00:00,WH-01,in_progress,3
ORD-005153,Plant-19,IN-6487-107,49,25,0,2026-07-21T05:00:52+00:00,WH-01,pending,9
ORD-005154,Plant-26,PO-4203-1878,54,17,0,2026-07-22T10:00:52+00:00,WH-02,completed,6
ORD-005155,Plant-07,EL-6733-2806,101,16,0,2026-07-22T00:00:52+00:00,WH-02,in_progress,2
ORD-005156,Plant-12,CH-8689-1612,22,17,0,2026-07-26T16:00:52+00:00,WH-02,completed,9
ORD-005157,Plant-10,CH-3148-3749,5,1,0,2026-07-20T23:00:52+00:00,WH-02,in_progress,1
ORD-005158,Plant-28,PO-6906-4024,132,33,0,2026-07-26T02:00:52+00:00,WH-01,in_progress,6
ORD-005159,Plant-29,PO-8224-1984,45,24,0,2026-07-25T10:00:52+00:00,WH-02,completed,4
ORD-005160,Plant-30,EL-5714-4139,138,46,0,2026-07-26T18:00:52+00:00,WH-02,in_progress,9
ORD-005161,Plant-29,PO-9639-3528,102,79,0,2026-07-26T08:00:52+00:00,WH-02,completed,5
ORD-005162,Plant-21,FL-5557-2838,79,16,0,2026-07-26T11:00:52+00:00,WH-02,completed,2
ORD-005163,Plant-31,PO-2411-2278,64,42,0,2026-07-21T06:00:52+00:00,WH-01,completed,10
ORD-005164,Plant-21,CH-8086-3514,119,20,0,2026-07-22T20:00:52+00:00,WH-02,completed,9
ORD-005165,Plant-41,CH-4421-167,99,8,0,2026-07-21T07:00:52+00:00,WH-02,pending,1
ORD-005166,Plant-31,PO-6902-201,136,95,0,2026-07-22T06:00:52+00:00,WH-01,in_progress,8
ORD-005167,Plant-37,IN-4184-824,65,13,0,2026-07-20T04:00:52+00:00,WH-02,in_progress,9
ORD-005168,Plant-37,FL-6763-3511,109,102,0,2026-07-21T03:00:52+00:00,WH-02,in_progress,5
ORD-005169,Plant-42,FL-5280-1931,124,47,0,2026-07-24T03:00:52+00:00,WH-01,in_progress,5
ORD-005170,Plant-48,IN-8634-3128,80,44,0,2026-07-25T14:00:52+00:00,WH-01,completed,1
ORD-005171,Plant-46,PO-3660-761,26,19,0,2026-07-26T00:00:52+00:00,WH-01,completed,3
ORD-005172,Plant-12,IN-4892-296,108,74,0,2026-07-24T07:00:52+00:00,WH-02,in_progress,4
ORD-005173,Plant-36,CH-7654-3633,17,1,0,2026-07-25T15:00:52+00:00,WH-02,in_progress,4
ORD-005174,Plant-34,EL-1215-4798,100,19,0,2026-07-25T20:00:52+00:00,WH-02,pending,8
ORD-005175,Plant-25,FL-8183-4918,67,59,0,2026-07-22T07:00:52+00:00,WH-02,in_progress,3
ORD-005176,Plant-23,FL-4814-926,70,16,0,2026-07-23T04:00:52+00:00,WH-01,completed,4
ORD-005177,Plant-30,EL-3374-4576,19,6,0,2026-07-19T20:00:52+00:00,WH-01,in_progress,8
ORD-005178,Plant-02,IN-1829-028,43,34,0,2026-07-23T11:00:52+00:00,WH-02,completed,6
ORD-005179,Plant-15,FL-7385-1372,18,17,0,2026-07-20T22:00:52+00:00,WH-01,in_progress,2
ORD-005180,Plant-46,CH-1335-3838,31,30,0,2026-07-25T06:00:52+00:00,WH-01,completed,7
ORD-005181,Plant-35,CH-5211-3558,48,29,0,2026-07-21T06:00:52+00:00,WH-01,pending,4
ORD-005182,Plant-35,CH-3151-347,32,19,0,2026-07-22T04:00:52+00:00,WH-02,completed,2
ORD-005183,Plant-21,PO-9690-4326,124,44,0,2026-07-19T18:00:52+00:00,WH-01,completed,4
ORD-005184,Plant-19,PO-7368-1546,110,33,0,2026-07-25T11:00:52+00:00,WH-01,completed,7
ORD-005185,Plant-02,CH-9690-3608,40,29,0,2026-07-19T19:00:52+00:00,WH-02,completed,4
ORD-005186,Plant-13,IN-7074-2294,34,24,0,2026-07-20T15:00:52+00:00,WH-02,completed,6
ORD-005187,Plant-10,CH-8633-4569,85,78,0,2026-07-26T02:00:52+00:00,WH-01,pending,1
ORD-005188,Plant-34,IN-3659-274,58,37,0,2026-07-23T11:00:52+00:00,WH-01,completed,4
ORD-005189,Plant-25,PO-6072-3377,94,55,0,2026-07-21T18:00:52+00:00,WH-01,completed,6
ORD-005190,Plant-41,PO-6497-359,4,2,0,2026-07-22T12:00:52+00:00,WH-01,pending,4
ORD-005191,Plant-05,IN-1010-4781,108,63,0,2026-07-26T07:00:52+00:00,WH-02,completed,10
ORD-005192,Plant-03,PO-7710-3445,146,63,0,2026-07-20T21:00:52+00:00,WH-01,in_progress,7
ORD-005193,Plant-24,IN-8362-3139,47,41,0,2026-07-20T21:00:52+00:00,WH-02,pending,2
ORD-005194,Plant-03,PO-4859-2847,13,13,0,2026-07-21T02:00:52+00:00,WH-01,completed,3
ORD-005195,Plant-12,EL-5732-1557,57,7,0,2026-07-19T18:00:52+00:00,WH-02,in_progress,4
ORD-005196,Plant-01,FL-6039-3758,122,113,0,2026-07-21T16:00:52+00:00,WH-02,pending,4
ORD-005197,Plant-46,EL-2610-2454,138,129,0,2026-07-21T11:00:52+00:00,WH-01,in_progress,10
ORD-005198,Plant-25,IN-6350-3537,39,39,0,2026-07-24T06:00:52+00:00,WH-02,pending,9
ORD-005199,Plant-06,IN-1537-418,18,5,0,2026-07-19T20:00:52+00:00,WH-02,completed,7
ORD-005200,Plant-31,IN-6907-3722,150,130,0,2026-07-22T14:00:52+00:00,WH-02,in_progress,4
ORD-005201,Plant-38,PO-3213-1526,78,64,0,2026-07-24T09:00:52+00:00,WH-02,pending,6
ORD-005202,Plant-17,FL-4400-1731,82,9,0,2026-07-21T04:00:52+00:00,WH-01,in_progress,9
ORD-005203,Plant-23,PO-8900-2650,99,3,0,2026-07-22T09:00:52+00:00,WH-01,in_progress,10
ORD-005204,Plant-43,IN-5180-887,99,19,0,2026-07-20T22:00:52+00:00,WH-01,pending,9
ORD-005205,Plant-22,EL-1448-861,66,5,0,2026-07-26T06:00:52+00:00,WH-01,pending,1
ORD-005206,Plant-16,EL-6437-272,32,21,0,2026-07-26T13:00:52+00:00,WH-01,in_progress,4
ORD-005207,Plant-01,IN-7040-2419,148,71,0,2026-07-24T14:00:52+00:00,WH-02,in_progress,6
ORD-005208,Plant-14,PO-7443-3875,69,59,0,2026-07-24T08:00:52+00:00,WH-01,pending,1
ORD-005209,Plant-35,EL-1152-3955,27,2,0,2026-07-22T19:00:52+00:00,WH-02,completed,7
ORD-005210,Plant-25,EL-9546-4951,137,115,0,2026-07-26T15:00:52+00:00,WH-01,in_progress,1
ORD-005211,Plant-24,IN-9889-2627,148,114,0,2026-07-21T09:00:52+00:00,WH-02,pending,7
ORD-005212,Plant-22,EL-9196-4104,113,22,0,2026-07-22T06:00:52+00:00,WH-01,completed,9
ORD-005213,Plant-26,FL-4474-2036,35,31,0,2026-07-26T17:00:52+00:00,WH-01,completed,6
ORD-005214,Plant-22,PO-5564-939,118,59,0,2026-07-20T02:00:52+00:00,WH-02,in_progress,4
ORD-005215,Plant-47,EL-9264-1970,112,59,0,2026-07-25T01:00:52+00:00,WH-02,pending,6
ORD-005216,Plant-32,IN-5340-4437,100,34,0,2026-07-19T23:00:52+00:00,WH-01,pending,3
ORD-005217,Plant-44,FL-4603-1875,57,34,0,2026-07-26T14:00:52+00:00,WH-01,in_progress,9
ORD-005218,Plant-20,IN-2464-1150,56,23,0,2026-07-26T02:00:52+00:00,WH-02,completed,7
ORD-005219,Plant-16,PO-5069-2316,134,94,0,2026-07-25T12:00:52+00:00,WH-01,completed,8
ORD-005220,Plant-40,PO-8456-4870,80,58,0,2026-07-21T08:00:52+00:00,WH-02,in_progress,8
ORD-005221,Plant-09,FL-4039-067,62,31,0,2026-07-22T03:00:52+00:00,WH-01,in_progress,5
ORD-005222,Plant-03,PO-4703-1294,136,27,0,2026-07-19T20:00:52+00:00,WH-01,pending,10
ORD-005223,Plant-47,EL-2388-2074,144,91,0,2026-07-25T22:00:52+00:00,WH-01,in_progress,6
ORD-005224,Plant-07,CH-2635-1451,105,90,0,2026-07-24T16:00:52+00:00,WH-01,in_progress,10
ORD-005225,Plant-27,EL-4264-823,52,28,0,2026-07-20T20:00:52+00:00,WH-02,completed,1
ORD-005226,Plant-35,EL-7158-880,48,7,0,2026-07-21T16:00:52+00:00,WH-02,completed,8
ORD-005227,Plant-20,CH-8630-4102,94,77,0,2026-07-26T15:00:52+00:00,WH-02,pending,3
ORD-005228,Plant-18,FL-1722-4795,52,41,0,2026-07-21T20:00:52+00:00,WH-01,pending,4
ORD-005229,Plant-28,PO-6675-4554,88,37,0,2026-07-26T04:00:52+00:00,WH-01,in_progress,6
ORD-005230,Plant-01,IN-8694-822,15,0,0,2026-07-24T17:00:52+00:00,WH-01,in_progress,10
ORD-005231,Plant-37,FL-2166-4919,133,22,0,2026-07-19T19:00:52+00:00,WH-01,pending,4
ORD-005232,Plant-42,PO-3900-3426,91,62,0,2026-07-19T22:00:52+00:00,WH-01,pending,4
ORD-005233,Plant-36,FL-6996-148,84,34,0,2026-07-23T20:00:52+00:00,WH-01,completed,7
ORD-005234,Plant-48,IN-7586-4045,101,29,0,2026-07-24T08:00:52+00:00,WH-02,in_progress,7
ORD-005235,Plant-03,CH-4365-4191,33,20,0,2026-07-25T22:00:52+00:00,WH-01,completed,7
ORD-005236,Plant-11,CH-3099-2733,116,103,0,2026-07-22T19:00:52+00:00,WH-02,completed,4
ORD-005237,Plant-43,EL-2043-1562,73,42,0,2026-07-22T18:00:52+00:00,WH-01,in_progress,4
ORD-005238,Plant-35,FL-6078-4053,119,58,0,2026-07-23T17:00:52+00:00,WH-02,pending,6
ORD-005239,Plant-04,CH-7043-2987,113,55,0,2026-07-19T19:00:52+00:00,WH-01,pending,2
ORD-005240,Plant-19,PO-9918-3082,126,98,0,2026-07-22T02:00:52+00:00,WH-02,completed,4
ORD-005241,Plant-08,EL-7363-1671,24,19,0,2026-07-21T09:00:52+00:00,WH-02,pending,1
ORD-005242,Plant-42,PO-6874-554,17,10,0,2026-07-25T13:00:52+00:00,WH-01,pending,5
ORD-005243,Plant-25,FL-9574-3188,45,7,0,2026-07-25T17:00:52+00:00,WH-02,pending,5
ORD-005244,Plant-17,PO-5537-968,95,73,0,2026-07-25T09:00:52+00:00,WH-02,in_progress,5
ORD-005245,Plant-46,EL-2500-2217,117,18,0,2026-07-20T01:00:52+00:00,WH-01,completed,1
ORD-005246,Plant-39,IN-7564-855,89,4,0,2026-07-25T05:00:52+00:00,WH-02,pending,2
ORD-005247,Plant-45,CH-5786-1417,37,10,0,2026-07-23T14:00:52+00:00,WH-02,pending,9
ORD-005248,Plant-01,FL-7076-3868,29,29,0,2026-07-21T15:00:52+00:00,WH-02,completed,4
ORD-005249,Plant-28,EL-2427-4572,75,51,0,2026-07-20T06:00:52+00:00,WH-02,pending,3
ORD-005250,Plant-04,IN-4332-2526,42,40,0,2026-07-21T22:00:52+00:00,WH-02,completed,2
ORD-005251,Plant-10,FL-7462-4088,98,18,0,2026-07-21T17:00:52+00:00,WH-01,pending,6
ORD-005252,Plant-01,PO-3827-3475,28,27,0,2026-07-24T07:00:52+00:00,WH-02,completed,2
ORD-005253,Plant-09,CH-4583-2728,144,36,0,2026-07-21T13:00:52+00:00,WH-01,pending,10
ORD-005254,Plant-13,PO-1534-1178,70,0,0,2026-07-25T14:00:52+00:00,WH-01,pending,3
ORD-005255,Plant-13,IN-5238-1925,137,94,0,2026-07-22T02:00:52+00:00,WH-02,pending,8
ORD-005256,Plant-34,IN-2617-3242,87,79,0,2026-07-20T21:00:52+00:00,WH-02,in_progress,1
ORD-005257,Plant-44,FL-8674-1833,68,33,0,2026-07-23T22:00:52+00:00,WH-01,pending,5
ORD-005258,Plant-12,IN-3587-1862,36,3,0,2026-07-22T10:00:52+00:00,WH-01,pending,8
ORD-005259,Plant-29,EL-6814-4374,21,6,0,2026-07-20T00:00:52+00:00,WH-02,completed,5
ORD-005260,Plant-18,PO-3418-2013,93,63,0,2026-07-22T19:00:52+00:00,WH-01,in_progress,5
ORD-005261,Plant-45,IN-6335-3502,59,1,0,2026-07-22T02:00:52+00:00,WH-02,in_progress,8
ORD-005262,Plant-21,FL-8641-4562,84,68,0,2026-07-25T14:00:52+00:00,WH-02,completed,6
ORD-005263,Plant-37,FL-7116-2431,59,23,0,2026-07-22T15:00:52+00:00,WH-02,pending,10
ORD-005264,Plant-31,IN-7487-3224,31,9,0,2026-07-25T09:00:52+00:00,WH-02,completed,10
ORD-005265,Plant-27,EL-7224-2815,5,0,0,2026-07-21T05:00:52+00:00,WH-01,in_progress,3
ORD-005266,Plant-15,EL-1376-409,67,55,0,2026-07-20T02:00:52+00:00,WH-01,pending,9
ORD-005267,Plant-40,CH-7325-4828,107,64,0,2026-07-22T05:00:52+00:00,WH-02,pending,10
ORD-005268,Plant-16,PO-2161-2816,84,52,0,2026-07-23T06:00:52+00:00,WH-01,pending,2
ORD-005269,Plant-46,IN-7049-4267,123,83,0,2026-07-26T18:00:52+00:00,WH-01,in_progress,2
ORD-005270,Plant-18,CH-9529-2953,52,20,0,2026-07-26T18:00:52+00:00,WH-01,completed,8
ORD-005271,Plant-13,CH-5787-3415,147,77,0,2026-07-26T01:00:52+00:00,WH-01,completed,10
ORD-005272,Plant-11,PO-8538-3284,54,27,0,2026-07-22T02:00:52+00:00,WH-02,in_progress,6
ORD-005273,Plant-26,EL-5288-951,22,17,0,2026-07-22T08:00:52+00:00,WH-01,completed,4
ORD-005274,Plant-23,PO-3574-2604,141,80,0,2026-07-21T11:00:52+00:00,WH-02,pending,9
ORD-005275,Plant-15,IN-7126-716,116,47,0,2026-07-23T14:00:52+00:00,WH-02,in_progress,9
ORD-005276,Plant-03,FL-3501-029,142,104,0,2026-07-26T03:00:52+00:00,WH-01,pending,3
ORD-005277,Plant-31,IN-3579-2844,63,53,0,2026-07-25T05:00:52+00:00,WH-02,completed,10
ORD-005278,Plant-32,FL-3617-4590,146,21,0,2026-07-20T07:00:52+00:00,WH-02,in_progress,4
ORD-005279,Plant-21,EL-7601-1453,120,73,0,2026-07-19T20:00:52+00:00,WH-02,pending,8
ORD-005280,Plant-15,EL-4318-3531,27,9,0,2026-07-20T12:00:52+00:00,WH-01,pending,8
ORD-005281,Plant-29,EL-9290-813,57,26,0,2026-07-22T11:00:52+00:00,WH-02,in_progress,5
ORD-005282,Plant-11,PO-9154-2642,93,62,0,2026-07-21T12:00:52+00:00,WH-01,pending,5
ORD-005283,Plant-22,PO-3693-4597,65,64,0,2026-07-22T03:00:52+00:00,WH-01,in_progress,7
ORD-005284,Plant-35,PO-8735-3491,62,51,0,2026-07-22T03:00:52+00:00,WH-01,pending,10
ORD-005285,Plant-36,IN-3665-2524,26,17,0,2026-07-23T03:00:52+00:00,WH-01,in_progress,6
ORD-005286,Plant-02,IN-3731-073,134,71,0,2026-07-26T00:00:52+00:00,WH-02,completed,4
ORD-005287,Plant-26,CH-3206-1104,125,98,0,2026-07-23T03:00:52+00:00,WH-01,pending,9
ORD-005288,Plant-24,CH-6936-2858,106,76,0,2026-07-22T19:00:52+00:00,WH-02,pending,9
ORD-005289,Plant-24,PO-2598-1631,39,19,0,2026-07-26T16:00:52+00:00,WH-02,completed,10
ORD-005290,Plant-39,EL-5164-2645,85,22,0,2026-07-21T19:00:52+00:00,WH-01,pending,7
ORD-005291,Plant-33,EL-3860-4657,75,46,0,2026-07-21T04:00:52+00:00,WH-01,completed,1
ORD-005292,Plant-12,CH-7679-3931,23,6,0,2026-07-21T19:00:52+00:00,WH-01,completed,1
ORD-005293,Plant-39,IN-2513-2416,100,5,0,2026-07-23T18:00:52+00:00,WH-01,pending,9
ORD-005294,Plant-16,IN-4357-1120,47,3,0,2026-07-26T09:00:52+00:00,WH-02,pending,8
ORD-005295,Plant-28,EL-5557-3754,51,16,0,2026-07-26T18:00:52+00:00,WH-01,in_progress,2
ORD-005296,Plant-09,IN-8753-3184,69,9,0,2026-07-25T11:00:52+00:00,WH-01,in_progress,2
ORD-005297,Plant-32,IN-9508-645,140,58,0,2026-07-20T22:00:52+00:00,WH-02,in_progress,7
ORD-005298,Plant-22,CH-3449-3032,109,60,0,2026-07-26T13:00:52+00:00,WH-01,completed,9
ORD-005299,Plant-08,CH-3802-3341,27,5,0,2026-07-22T20:00:52+00:00,WH-01,pending,5
ORD-005300,Plant-09,FL-9356-4524,31,16,0,2026-07-25T11:00:52+00:00,WH-02,completed,8
ORD-005301,Plant-23,IN-5582-4738,36,17,0,2026-07-26T13:00:52+00:00,WH-02,in_progress,9
ORD-005302,Plant-43,IN-5048-168,4,1,0,2026-07-22T01:00:52+00:00,WH-02,pending,8
ORD-005303,Plant-46,FL-8214-2224,76,62,0,2026-07-25T17:00:52+00:00,WH-01,in_progress,1
ORD-005304,Plant-01,CH-4001-944,90,19,0,2026-07-23T15:00:52+00:00,WH-02,completed,7
ORD-005305,Plant-26,FL-4176-4943,90,82,0,2026-07-19T18:00:52+00:00,WH-01,in_progress,4
ORD-005306,Plant-28,PO-6576-2157,71,17,0,2026-07-20T17:00:52+00:00,WH-02,pending,10
ORD-005307,Plant-46,IN-9804-3407,16,1,0,2026-07-23T04:00:52+00:00,WH-01,completed,9
ORD-005308,Plant-12,CH-3802-3341,150,52,0,2026-07-25T07:00:52+00:00,WH-01,completed,4
ORD-005309,Plant-41,CH-3360-3421,145,30,0,2026-07-23T11:00:52+00:00,WH-02,completed,8
ORD-005310,Plant-36,IN-6932-2428,119,4,0,2026-07-23T21:00:52+00:00,WH-01,pending,4
ORD-005311,Plant-36,PO-6853-826,63,6,0,2026-07-22T12:00:52+00:00,WH-01,completed,10
ORD-005312,Plant-23,FL-8606-620,17,1,0,2026-07-20T14:00:52+00:00,WH-02,completed,6
ORD-005313,Plant-47,FL-2296-864,42,7,0,2026-07-23T03:00:52+00:00,WH-02,pending,6
ORD-005314,Plant-31,PO-7628-1537,33,25,0,2026-07-21T23:00:52+00:00,WH-02,pending,9
ORD-005315,Plant-11,EL-6961-4294,104,79,0,2026-07-23T17:00:52+00:00,WH-02,in_progress,1
ORD-005316,Plant-45,EL-9290-813,116,84,0,2026-07-26T06:00:52+00:00,WH-01,completed,2
ORD-005317,Plant-12,IN-3725-1800,137,90,0,2026-07-23T16:00:52+00:00,WH-02,completed,7
ORD-005318,Plant-21,PO-6713-1188,25,6,0,2026-07-21T19:00:52+00:00,WH-02,completed,1
ORD-005319,Plant-27,EL-7022-058,104,73,0,2026-07-20T13:00:52+00:00,WH-02,in_progress,8
ORD-005320,Plant-01,CH-4877-4262,135,4,0,2026-07-20T02:00:52+00:00,WH-01,in_progress,5
ORD-005321,Plant-20,PO-5737-3455,141,141,0,2026-07-24T20:00:52+00:00,WH-02,completed,4
ORD-005322,Plant-40,PO-5155-942,48,23,0,2026-07-20T14:00:52+00:00,WH-02,pending,1
ORD-005323,Plant-12,EL-5857-2729,111,96,0,2026-07-24T18:00:52+00:00,WH-02,in_progress,5
ORD-005324,Plant-34,FL-4754-1078,18,0,0,2026-07-23T01:00:52+00:00,WH-02,in_progress,6
ORD-005325,Plant-12,FL-6847-3203,60,13,0,2026-07-22T12:00:52+00:00,WH-01,in_progress,10
ORD-005326,Plant-11,IN-2960-4491,48,12,0,2026-07-24T00:00:52+00:00,WH-02,pending,10
ORD-005327,Plant-35,FL-1163-1901,17,4,0,2026-07-21T10:00:52+00:00,WH-02,pending,7
ORD-005328,Plant-40,CH-7171-2115,57,49,0,2026-07-23T11:00:52+00:00,WH-02,in_progress,3
ORD-005329,Plant-33,IN-9454-1732,140,10,0,2026-07-24T16:00:52+00:00,WH-02,in_progress,6
ORD-005330,Plant-16,CH-4710-651,61,31,0,2026-07-21T15:00:52+00:00,WH-02,completed,4
ORD-005331,Plant-48,CH-5668-3408,75,3,0,2026-07-25T10:00:52+00:00,WH-02,pending,8
ORD-005332,Plant-46,IN-8967-1301,98,37,0,2026-07-21T21:00:52+00:00,WH-02,in_progress,9
ORD-005333,Plant-12,CH-4919-1713,83,41,0,2026-07-21T13:00:52+00:00,WH-01,completed,9
ORD-005334,Plant-01,CH-9852-2778,83,70,0,2026-07-23T01:00:52+00:00,WH-01,completed,9
ORD-005335,Plant-25,CH-6982-4297,127,95,0,2026-07-22T03:00:52+00:00,WH-02,pending,2
ORD-005336,Plant-23,FL-7636-481,147,101,0,2026-07-26T02:00:52+00:00,WH-02,pending,10
ORD-005337,Plant-34,CH-6801-4193,52,32,0,2026-07-21T02:00:52+00:00,WH-02,pending,8
ORD-005338,Plant-14,IN-7653-883,75,39,0,2026-07-23T18:00:52+00:00,WH-02,in_progress,2
ORD-005339,Plant-14,EL-1266-4517,88,62,0,2026-07-20T08:00:52+00:00,WH-02,completed,4
ORD-005340,Plant-21,CH-2286-4359,73,30,0,2026-07-22T03:00:52+00:00,WH-01,completed,8
ORD-005341,Plant-09,PO-3267-596,19,14,0,2026-07-25T22:00:52+00:00,WH-01,pending,9
ORD-005342,Plant-02,EL-8700-237,100,10,0,2026-07-21T15:00:52+00:00,WH-02,pending,10
ORD-005343,Plant-30,PO-3908-4493,90,78,0,2026-07-21T22:00:52+00:00,WH-02,pending,3
ORD-005344,Plant-14,EL-6166-2182,140,0,0,2026-07-23T02:00:52+00:00,WH-02,in_progress,7
ORD-005345,Plant-46,PO-6327-4624,113,64,0,2026-07-19T21:00:52+00:00,WH-01,completed,4
ORD-005346,Plant-33,PO-6791-2716,80,42,0,2026-07-26T18:00:52+00:00,WH-01,completed,6
ORD-005347,Plant-08,PO-1996-4830,104,23,0,2026-07-20T03:00:52+00:00,WH-01,completed,2
ORD-005348,Plant-30,PO-3332-2966,144,121,0,2026-07-22T08:00:52+00:00,WH-01,pending,6
ORD-005349,Plant-46,CH-9847-478,7,2,0,2026-07-26T16:00:52+00:00,WH-02,in_progress,1
ORD-005350,Plant-27,EL-1272-2891,125,51,0,2026-07-21T12:00:52+00:00,WH-02,in_progress,10
ORD-005351,Plant-23,EL-9551-2887,41,25,0,2026-07-24T20:00:52+00:00,WH-02,in_progress,8
ORD-005352,Plant-41,FL-7637-4743,82,18,0,2026-07-24T08:00:52+00:00,WH-01,completed,3
ORD-005353,Plant-06,EL-5062-1024,34,2,0,2026-07-26T18:00:52+00:00,WH-02,in_progress,10
ORD-005354,Plant-31,EL-4967-3172,110,19,0,2026-07-25T08:00:52+00:00,WH-02,completed,6
ORD-005355,Plant-43,FL-4180-3800,43,28,0,2026-07-25T17:00:52+00:00,WH-01,completed,3
ORD-005356,Plant-47,CH-9671-240,31,31,0,2026-07-24T02:00:52+00:00,WH-01,pending,4
ORD-005357,Plant-20,EL-2525-2706,125,118,0,2026-07-21T14:00:52+00:00,WH-02,pending,9
ORD-005358,Plant-25,FL-5014-570,38,3,0,2026-07-20T10:00:52+00:00,WH-02,in_progress,9
ORD-005359,Plant-32,PO-5472-4022,92,83,0,2026-07-25T07:00:52+00:00,WH-01,pending,7
ORD-005360,Plant-27,CH-1129-1511,35,12,0,2026-07-22T19:00:52+00:00,WH-01,pending,5
ORD-005361,Plant-27,CH-7104-3286,82,26,0,2026-07-24T21:00:52+00:00,WH-02,completed,3
ORD-005362,Plant-37,IN-8589-2401,92,46,0,2026-07-24T13:00:52+00:00,WH-01,in_progress,1
ORD-005363,Plant-03,PO-8472-2727,35,19,0,2026-07-25T16:00:52+00:00,WH-02,pending,10
ORD-005364,Plant-19,PO-5049-1269,42,5,0,2026-07-21T06:00:52+00:00,WH-01,in_progress,7
ORD-005365,Plant-22,PO-7068-2411,36,2,0,2026-07-24T12:00:52+00:00,WH-01,pending,9
ORD-005366,Plant-16,IN-8492-1157,134,128,0,2026-07-23T02:00:52+00:00,WH-02,in_progress,2
ORD-005367,Plant-13,PO-6791-4687,59,34,0,2026-07-23T01:00:52+00:00,WH-01,in_progress,1
ORD-005368,Plant-24,CH-6949-4686,76,48,0,2026-07-22T01:00:52+00:00,WH-02,in_progress,3
ORD-005369,Plant-04,FL-4147-1271,132,60,0,2026-07-24T16:00:52+00:00,WH-01,in_progress,4
ORD-005370,Plant-14,PO-2825-828,124,26,0,2026-07-20T14:00:52+00:00,WH-01,pending,2
ORD-005371,Plant-16,EL-4229-3928,57,21,0,2026-07-24T16:00:52+00:00,WH-01,pending,7
ORD-005372,Plant-30,FL-4384-2496,26,6,0,2026-07-21T14:00:52+00:00,WH-01,completed,5
ORD-005373,Plant-37,CH-3360-3421,80,39,0,2026-07-21T23:00:52+00:00,WH-02,in_progress,4
ORD-005374,Plant-02,FL-9685-1932,31,15,0,2026-07-20T16:00:52+00:00,WH-01,pending,2
ORD-005375,Plant-22,PO-5790-3225,29,19,0,2026-07-21T21:00:52+00:00,WH-02,in_progress,6
ORD-005376,Plant-32,FL-9452-3939,23,17,0,2026-07-25T10:00:52+00:00,WH-01,pending,9
ORD-005377,Plant-38,EL-4298-3596,33,3,0,2026-07-21T17:00:52+00:00,WH-01,completed,5
ORD-005378,Plant-44,EL-3681-881,68,54,0,2026-07-25T01:00:52+00:00,WH-01,completed,3
ORD-005379,Plant-20,IN-4580-4301,90,11,0,2026-07-23T08:00:52+00:00,WH-02,pending,6
ORD-005380,Plant-07,PO-5570-4565,25,3,0,2026-07-21T09:00:52+00:00,WH-01,pending,1
ORD-005381,Plant-10,EL-7425-2628,102,26,0,2026-07-20T15:00:52+00:00,WH-02,completed,6
ORD-005382,Plant-45,IN-4636-1539,123,90,0,2026-07-21T19:00:52+00:00,WH-02,completed,5
ORD-005383,Plant-07,EL-2471-3720,114,28,0,2026-07-21T10:00:52+00:00,WH-02,in_progress,4
ORD-005384,Plant-02,EL-7134-758,107,80,0,2026-07-25T02:00:52+00:00,WH-02,completed,4
ORD-005385,Plant-34,CH-7870-577,24,3,0,2026-07-21T05:00:52+00:00,WH-02,completed,6
ORD-005386,Plant-26,IN-1379-160,49,18,0,2026-07-24T03:00:52+00:00,WH-01,in_progress,3
ORD-005387,Plant-27,IN-7649-3976,31,29,0,2026-07-25T09:00:52+00:00,WH-01,in_progress,8
ORD-005388,Plant-13,PO-3423-2678,52,27,0,2026-07-26T02:00:52+00:00,WH-01,in_progress,2
ORD-005389,Plant-05,FL-9197-460,57,28,0,2026-07-23T12:00:52+00:00,WH-02,completed,10
ORD-005390,Plant-17,IN-4069-4377,130,21,0,2026-07-23T01:00:52+00:00,WH-01,pending,9
ORD-005391,Plant-03,IN-6098-269,108,64,0,2026-07-20T03:00:52+00:00,WH-01,in_progress,3
ORD-005392,Plant-31,PO-1952-3010,143,55,0,2026-07-23T03:00:52+00:00,WH-02,pending,8
ORD-005393,Plant-48,CH-9045-2301,66,0,0,2026-07-19T19:00:52+00:00,WH-02,completed,4
ORD-005394,Plant-09,CH-8689-3105,115,54,0,2026-07-21T09:00:52+00:00,WH-02,pending,4
ORD-005395,Plant-30,CH-3346-2314,39,6,0,2026-07-25T15:00:52+00:00,WH-01,in_progress,10
ORD-005396,Plant-26,PO-7162-2047,29,28,0,2026-07-22T06:00:52+00:00,WH-01,pending,10
ORD-005397,Plant-47,PO-8076-1807,143,68,0,2026-07-26T10:00:52+00:00,WH-01,in_progress,5
ORD-005398,Plant-30,EL-2628-4525,36,33,0,2026-07-20T22:00:52+00:00,WH-02,in_progress,9
ORD-005399,Plant-36,FL-6313-2008,78,56,0,2026-07-25T11:00:52+00:00,WH-01,in_progress,7
ORD-005400,Plant-37,EL-8423-3061,83,22,0,2026-07-25T07:00:52+00:00,WH-01,completed,5
ORD-005401,Plant-25,CH-2166-550,73,43,0,2026-07-23T20:00:52+00:00,WH-01,pending,9
ORD-005402,Plant-04,CH-9487-687,17,8,0,2026-07-21T16:00:52+00:00,WH-01,in_progress,7
ORD-005403,Plant-29,EL-1063-1944,118,78,0,2026-07-22T07:00:52+00:00,WH-01,pending,6
ORD-005404,Plant-32,PO-6791-2716,70,62,0,2026-07-20T05:00:52+00:00,WH-01,in_progress,3
ORD-005405,Plant-32,PO-7142-4017,149,67,0,2026-07-23T21:00:52+00:00,WH-02,in_progress,8
ORD-005406,Plant-48,CH-6898-1639,101,36,0,2026-07-26T15:00:52+00:00,WH-01,in_progress,4
ORD-005407,Plant-39,IN-6287-1750,80,26,0,2026-07-25T14:00:52+00:00,WH-02,in_progress,10
ORD-005408,Plant-28,PO-3640-2424,120,78,0,2026-07-20T05:00:52+00:00,WH-01,completed,9
ORD-005409,Plant-48,FL-3257-3584,15,6,0,2026-07-21T06:00:52+00:00,WH-01,in_progress,5
ORD-005410,Plant-46,CH-7340-2261,107,94,0,2026-07-26T13:00:52+00:00,WH-02,pending,3
ORD-005411,Plant-10,CH-6882-2736,118,48,0,2026-07-25T04:00:52+00:00,WH-02,in_progress,4
ORD-005412,Plant-39,EL-2209-4243,58,4,0,2026-07-21T04:00:52+00:00,WH-01,pending,4
ORD-005413,Plant-11,IN-4454-1961,48,38,0,2026-07-20T05:00:52+00:00,WH-01,pending,5
ORD-005414,Plant-35,IN-4853-1531,97,7,0,2026-07-25T06:00:52+00:00,WH-01,completed,9
ORD-005415,Plant-46,IN-8129-1423,127,104,0,2026-07-20T07:00:52+00:00,WH-02,completed,5
ORD-005416,Plant-31,PO-7870-4145,12,11,0,2026-07-23T07:00:52+00:00,WH-01,completed,4
ORD-005417,Plant-36,PO-7621-1015,128,29,0,2026-07-24T09:00:52+00:00,WH-01,completed,5
ORD-005418,Plant-31,CH-7387-4080,71,14,0,2026-07-21T07:00:52+00:00,WH-01,completed,1
ORD-005419,Plant-12,CH-6551-2446,36,4,0,2026-07-25T20:00:52+00:00,WH-01,pending,1
ORD-005420,Plant-20,IN-4283-106,147,112,0,2026-07-24T02:00:52+00:00,WH-02,pending,8
ORD-005421,Plant-31,EL-9058-2711,118,86,0,2026-07-26T17:00:52+00:00,WH-01,in_progress,4
ORD-005422,Plant-17,CH-9859-1088,61,43,0,2026-07-25T01:00:52+00:00,WH-02,completed,1
ORD-005423,Plant-06,EL-5279-3476,124,58,0,2026-07-26T04:00:52+00:00,WH-01,in_progress,2
ORD-005424,Plant-41,FL-5955-1235,4,3,0,2026-07-23T05:00:52+00:00,WH-01,in_progress,7
ORD-005425,Plant-36,CH-7466-4724,144,37,0,2026-07-23T14:00:52+00:00,WH-02,pending,3
ORD-005426,Plant-47,EL-5596-4179,138,126,0,2026-07-20T22:00:52+00:00,WH-01,completed,10
ORD-005427,Plant-19,FL-7606-1685,46,35,0,2026-07-25T11:00:52+00:00,WH-01,completed,7
ORD-005428,Plant-14,IN-2184-834,84,5,0,2026-07-20T02:00:52+00:00,WH-02,pending,9
ORD-005429,Plant-32,CH-7360-4082,87,40,0,2026-07-21T19:00:52+00:00,WH-02,in_progress,10
ORD-005430,Plant-10,CH-7989-231,83,25,0,2026-07-20T14:00:52+00:00,WH-02,pending,9
ORD-005431,Plant-24,EL-4966-4842,11,2,0,2026-07-26T02:00:52+00:00,WH-02,pending,3
ORD-005432,Plant-20,CH-8084-923,26,9,0,2026-07-24T03:00:52+00:00,WH-01,pending,4
ORD-005433,Plant-39,CH-3294-1302,53,33,0,2026-07-22T03:00:52+00:00,WH-02,pending,2
ORD-005434,Plant-16,FL-4384-2496,16,5,0,2026-07-22T18:00:52+00:00,WH-01,completed,5
ORD-005435,Plant-08,PO-3356-2200,17,0,0,2026-07-24T17:00:52+00:00,WH-01,pending,4
ORD-005436,Plant-42,IN-8429-3764,115,59,0,2026-07-26T05:00:52+00:00,WH-01,in_progress,8
ORD-005437,Plant-19,CH-1113-128,133,131,0,2026-07-23T09:00:52+00:00,WH-02,completed,7
ORD-005438,Plant-15,PO-6163-1399,104,89,0,2026-07-25T00:00:52+00:00,WH-01,completed,7
ORD-005439,Plant-28,IN-3831-4656,47,29,0,2026-07-20T03:00:52+00:00,WH-02,in_progress,1
ORD-005440,Plant-37,PO-8647-4853,40,0,0,2026-07-26T03:00:52+00:00,WH-02,in_progress,1
ORD-005441,Plant-34,CH-7466-4724,91,6,0,2026-07-25T02:00:52+00:00,WH-02,pending,3
ORD-005442,Plant-28,PO-3201-3282,24,17,0,2026-07-22T15:00:52+00:00,WH-02,in_progress,10
ORD-005443,Plant-42,EL-2797-039,144,34,0,2026-07-22T18:00:52+00:00,WH-02,pending,4
ORD-005444,Plant-44,IN-3946-1517,78,36,0,2026-07-23T04:00:52+00:00,WH-02,pending,8
ORD-005445,Plant-09,IN-3372-2288,111,25,0,2026-07-26T08:00:52+00:00,WH-02,completed,7
ORD-005446,Plant-35,IN-9927-2853,140,1,0,2026-07-20T01:00:52+00:00,WH-01,in_progress,8
ORD-005447,Plant-15,IN-5211-1797,56,42,0,2026-07-21T06:00:52+00:00,WH-02,in_progress,3
ORD-005448,Plant-38,EL-4967-3172,137,22,0,2026-07-21T11:00:52+00:00,WH-01,in_progress,5
ORD-005449,Plant-31,CH-3174-2662,112,25,0,2026-07-24T21:00:52+00:00,WH-02,in_progress,2
ORD-005450,Plant-02,IN-9537-4719,140,128,0,2026-07-21T22:00:52+00:00,WH-01,pending,5
ORD-005451,Plant-11,FL-4151-873,6,4,0,2026-07-21T06:00:52+00:00,WH-01,pending,6
ORD-005452,Plant-12,IN-1278-1230,114,66,0,2026-07-20T23:00:52+00:00,WH-02,pending,2
ORD-005453,Plant-01,IN-2184-834,44,28,0,2026-07-23T03:00:52+00:00,WH-02,completed,6
ORD-005454,Plant-33,FL-9911-1936,41,28,0,2026-07-24T22:00:52+00:00,WH-02,pending,9
ORD-005455,Plant-45,PO-9271-3997,79,5,0,2026-07-23T13:00:52+00:00,WH-01,in_progress,9
ORD-005456,Plant-25,EL-7521-1723,100,78,0,2026-07-20T04:00:52+00:00,WH-01,pending,7
ORD-005457,Plant-34,FL-8761-491,108,54,0,2026-07-21T14:00:52+00:00,WH-01,pending,3
ORD-005458,Plant-36,IN-4613-125,142,86,0,2026-07-22T05:00:52+00:00,WH-02,completed,1
ORD-005459,Plant-16,EL-5432-2024,24,2,0,2026-07-26T13:00:52+00:00,WH-02,in_progress,1
ORD-005460,Plant-20,CH-4794-4269,140,85,0,2026-07-19T22:00:52+00:00,WH-01,in_progress,6
ORD-005461,Plant-36,CH-4083-2495,33,0,0,2026-07-21T05:00:52+00:00,WH-01,pending,2
ORD-005462,Plant-29,IN-3369-2688,24,24,0,2026-07-24T15:00:52+00:00,WH-01,completed,1
ORD-005463,Plant-28,CH-2449-437,120,110,0,2026-07-20T02:00:52+00:00,WH-02,completed,8
ORD-005464,Plant-39,PO-6153-1971,65,43,0,2026-07-19T20:00:52+00:00,WH-02,in_progress,9
ORD-005465,Plant-15,IN-9707-3131,132,121,0,2026-07-25T17:00:52+00:00,WH-01,in_progress,2
ORD-005466,Plant-31,FL-7364-617,109,65,0,2026-07-21T22:00:52+00:00,WH-01,completed,3
ORD-005467,Plant-28,FL-8618-348,82,55,0,2026-07-23T15:00:52+00:00,WH-02,pending,7
ORD-005468,Plant-15,IN-4646-3688,48,46,0,2026-07-24T08:00:52+00:00,WH-02,pending,8
ORD-005469,Plant-30,PO-5339-759,107,77,0,2026-07-25T12:00:52+00:00,WH-01,in_progress,1
ORD-005470,Plant-22,PO-6304-1081,123,39,0,2026-07-25T04:00:52+00:00,WH-02,pending,4
ORD-005471,Plant-18,PO-6853-826,82,38,0,2026-07-26T11:00:52+00:00,WH-02,pending,6
ORD-005472,Plant-34,IN-6625-1907,114,86,0,2026-07-21T16:00:52+00:00,WH-02,completed,4
ORD-005473,Plant-04,CH-4361-3589,86,84,0,2026-07-20T23:00:52+00:00,WH-01,completed,5
ORD-005474,Plant-34,EL-8324-3692,144,87,0,2026-07-25T23:00:52+00:00,WH-01,pending,3
ORD-005475,Plant-10,FL-8976-2093,12,6,0,2026-07-19T19:00:52+00:00,WH-02,in_progress,4
ORD-005476,Plant-14,EL-6056-521,148,5,0,2026-07-20T10:00:52+00:00,WH-02,in_progress,9
ORD-005477,Plant-14,IN-2633-1747,79,69,0,2026-07-23T22:00:52+00:00,WH-02,completed,5
ORD-005478,Plant-05,EL-4815-872,67,67,0,2026-07-25T07:00:52+00:00,WH-02,pending,10
ORD-005479,Plant-44,EL-6448-3335,52,13,0,2026-07-20T22:00:52+00:00,WH-01,in_progress,5
ORD-005480,Plant-31,IN-1625-2174,81,80,0,2026-07-21T10:00:52+00:00,WH-01,completed,8
ORD-005481,Plant-09,FL-2806-842,46,2,0,2026-07-26T14:00:52+00:00,WH-01,completed,6
ORD-005482,Plant-42,CH-2960-378,76,25,0,2026-07-25T21:00:52+00:00,WH-01,completed,1
ORD-005483,Plant-10,CH-3967-503,88,69,0,2026-07-23T09:00:52+00:00,WH-02,pending,1
ORD-005484,Plant-37,EL-8262-1276,73,32,0,2026-07-25T04:00:52+00:00,WH-02,in_progress,6
ORD-005485,Plant-03,EL-1448-401,63,36,0,2026-07-23T01:00:52+00:00,WH-01,completed,9
ORD-005486,Plant-41,EL-9942-1313,6,0,0,2026-07-19T23:00:52+00:00,WH-01,in_progress,9
ORD-005487,Plant-15,FL-2095-1762,61,1,0,2026-07-25T14:00:52+00:00,WH-02,completed,5
ORD-005488,Plant-01,PO-1564-2708,148,119,0,2026-07-23T19:00:52+00:00,WH-02,pending,9
ORD-005489,Plant-14,CH-4038-772,35,34,0,2026-07-24T10:00:52+00:00,WH-01,in_progress,5
ORD-005490,Plant-18,CH-7751-3261,10,3,0,2026-07-21T18:00:52+00:00,WH-01,in_progress,9
ORD-005491,Plant-39,FL-4201-1029,51,29,0,2026-07-20T06:00:52+00:00,WH-01,completed,7
ORD-005492,Plant-20,IN-3312-1508,54,40,0,2026-07-25T15:00:52+00:00,WH-01,pending,5
ORD-005493,Plant-15,CH-3169-352,26,17,0,2026-07-23T20:00:52+00:00,WH-01,completed,9
ORD-005494,Plant-02,FL-1128-4247,85,0,0,2026-07-23T19:00:52+00:00,WH-02,completed,1
ORD-005495,Plant-47,FL-4279-664,82,67,0,2026-07-26T16:00:52+00:00,WH-02,pending,5
ORD-005496,Plant-04,EL-8869-4581,14,9,0,2026-07-20T07:00:52+00:00,WH-02,pending,3
ORD-005497,Plant-03,EL-5721-4715,106,74,0,2026-07-19T21:00:52+00:00,WH-01,in_progress,9
ORD-005498,Plant-33,PO-1322-1475,55,35,0,2026-07-21T06:00:52+00:00,WH-02,in_progress,5
ORD-005499,Plant-32,IN-7615-4340,95,10,0,2026-07-19T19:00:52+00:00,WH-02,in_progress,1
ORD-005500,Plant-22,CH-5550-4677,41,13,0,2026-07-25T01:00:52+00:00,WH-01,in_progress,5
ORD-005501,Plant-47,CH-6441-3150,49,42,0,2026-07-19T19:00:52+00:00,WH-01,pending,6
ORD-005502,Plant-03,CH-7902-2934,25,4,0,2026-07-24T02:00:52+00:00,WH-02,in_progress,4
ORD-005503,Plant-18,EL-6238-4630,99,80,0,2026-07-21T21:00:52+00:00,WH-02,pending,10
ORD-005504,Plant-07,FL-9351-1569,120,58,0,2026-07-23T19:00:52+00:00,WH-02,in_progress,1
ORD-005505,Plant-48,FL-3828-4096,58,28,0,2026-07-22T15:00:52+00:00,WH-02,pending,2
ORD-005506,Plant-34,CH-9641-2402,86,85,0,2026-07-21T17:00:52+00:00,WH-01,pending,9
ORD-005507,Plant-10,PO-8826-2234,135,3,0,2026-07-24T19:00:52+00:00,WH-01,in_progress,1
ORD-005508,Plant-01,PO-9772-023,141,70,0,2026-07-22T16:00:52+00:00,WH-01,in_progress,3
ORD-005509,Plant-40,FL-7779-2233,50,39,0,2026-07-24T09:00:52+00:00,WH-02,pending,6
ORD-005510,Plant-15,CH-8560-170,147,8,0,2026-07-24T18:00:52+00:00,WH-02,pending,4
ORD-005511,Plant-31,IN-3427-917,128,68,0,2026-07-23T15:00:52+00:00,WH-02,pending,2
ORD-005512,Plant-39,FL-1214-2081,143,1,0,2026-07-20T18:00:52+00:00,WH-01,pending,6
ORD-005513,Plant-04,PO-1299-2295,49,5,0,2026-07-19T23:00:52+00:00,WH-02,pending,5
ORD-005514,Plant-20,IN-8750-4954,149,148,0,2026-07-24T06:00:52+00:00,WH-01,pending,2
ORD-005515,Plant-03,PO-4122-727,142,61,0,2026-07-20T18:00:52+00:00,WH-01,in_progress,3
ORD-005516,Plant-45,EL-7251-4286,136,96,0,2026-07-26T18:00:52+00:00,WH-01,completed,3
ORD-005517,Plant-36,EL-9804-1190,122,15,0,2026-07-25T12:00:52+00:00,WH-01,completed,8
ORD-005518,Plant-32,PO-5962-3287,47,21,0,2026-07-25T15:00:52+00:00,WH-02,completed,10
ORD-005519,Plant-12,FL-4951-4241,60,52,0,2026-07-21T13:00:52+00:00,WH-01,pending,1
ORD-005520,Plant-40,IN-8615-1067,7,4,0,2026-07-23T03:00:52+00:00,WH-01,in_progress,7
ORD-005521,Plant-30,CH-7702-2561,24,4,0,2026-07-25T01:00:52+00:00,WH-02,pending,3
ORD-005522,Plant-18,IN-7395-652,145,5,0,2026-07-23T15:00:52+00:00,WH-01,in_progress,2
ORD-005523,Plant-07,EL-8554-3568,113,95,0,2026-07-25T07:00:52+00:00,WH-01,pending,3
ORD-005524,Plant-25,CH-8433-3504,74,18,0,2026-07-24T08:00:52+00:00,WH-02,in_progress,4
ORD-005525,Plant-03,IN-7467-4596,79,11,0,2026-07-21T19:00:52+00:00,WH-01,completed,10
ORD-005526,Plant-45,CH-1232-1829,144,81,0,2026-07-24T01:00:52+00:00,WH-02,pending,2
ORD-005527,Plant-18,IN-5038-177,104,69,0,2026-07-20T19:00:52+00:00,WH-01,completed,7
ORD-005528,Plant-36,IN-9640-4302,49,41,0,2026-07-25T15:00:52+00:00,WH-01,in_progress,5
ORD-005529,Plant-47,PO-6153-1971,53,26,0,2026-07-23T05:00:52+00:00,WH-02,pending,2
ORD-005530,Plant-28,CH-1764-740,109,23,0,2026-07-21T04:00:52+00:00,WH-02,pending,8
ORD-005531,Plant-07,FL-5980-3441,19,9,0,2026-07-23T04:00:52+00:00,WH-01,in_progress,1
ORD-005532,Plant-04,FL-8511-4869,28,10,0,2026-07-23T18:00:52+00:00,WH-01,in_progress,4
ORD-005533,Plant-05,CH-6959-2723,149,25,0,2026-07-24T13:00:52+00:00,WH-01,in_progress,5
ORD-005534,Plant-22,IN-3071-4106,113,54,0,2026-07-23T07:00:52+00:00,WH-01,in_progress,8
ORD-005535,Plant-05,EL-4882-1062,146,42,0,2026-07-21T14:00:52+00:00,WH-02,in_progress,1
ORD-005536,Plant-07,IN-7837-1940,112,21,0,2026-07-25T02:00:52+00:00,WH-01,in_progress,4
ORD-005537,Plant-42,EL-2273-4663,44,3,0,2026-07-25T16:00:52+00:00,WH-02,completed,3
ORD-005538,Plant-33,EL-4125-4309,78,38,0,2026-07-26T14:00:52+00:00,WH-01,completed,3
ORD-005539,Plant-05,FL-9756-2450,133,94,0,2026-07-20T17:00:52+00:00,WH-01,pending,2
ORD-005540,Plant-01,EL-2374-983,17,17,0,2026-07-23T02:00:52+00:00,WH-01,completed,4
ORD-005541,Plant-03,IN-3855-1609,81,35,0,2026-07-19T21:00:52+00:00,WH-02,completed,2
ORD-005542,Plant-17,PO-7686-4394,91,26,0,2026-07-20T23:00:52+00:00,WH-01,pending,8
ORD-005543,Plant-18,CH-8084-923,42,27,0,2026-07-24T17:00:52+00:00,WH-01,completed,4
ORD-005544,Plant-45,EL-4595-035,15,11,0,2026-07-26T03:00:52+00:00,WH-01,pending,2
ORD-005545,Plant-40,IN-2513-2416,143,33,0,2026-07-23T01:00:52+00:00,WH-02,pending,4
ORD-005546,Plant-09,EL-1057-2867,54,17,0,2026-07-24T06:00:52+00:00,WH-01,completed,8
ORD-005547,Plant-14,EL-2796-3087,63,22,0,2026-07-25T02:00:52+00:00,WH-01,in_progress,5
ORD-005548,Plant-43,PO-5444-2022,42,27,0,2026-07-23T23:00:52+00:00,WH-02,completed,8
ORD-005549,Plant-37,PO-8337-3978,138,33,0,2026-07-25T01:00:52+00:00,WH-02,in_progress,7
ORD-005550,Plant-14,FL-7897-045,107,92,0,2026-07-24T08:00:52+00:00,WH-01,pending,10
ORD-005551,Plant-13,PO-9169-3557,147,71,0,2026-07-21T19:00:52+00:00,WH-01,pending,5
ORD-005552,Plant-15,CH-1104-396,133,76,0,2026-07-24T23:00:52+00:00,WH-01,completed,3
ORD-005553,Plant-11,PO-5117-4701,116,71,0,2026-07-25T17:00:52+00:00,WH-01,pending,7
ORD-005554,Plant-40,FL-2006-4323,124,33,0,2026-07-23T10:00:52+00:00,WH-01,in_progress,2
ORD-005555,Plant-15,PO-5445-4883,145,4,0,2026-07-24T13:00:52+00:00,WH-01,in_progress,6
ORD-005556,Plant-21,FL-4669-2712,71,32,0,2026-07-22T14:00:52+00:00,WH-02,completed,4
ORD-005557,Plant-18,EL-1723-3146,89,29,0,2026-07-20T00:00:52+00:00,WH-02,in_progress,7
ORD-005558,Plant-02,IN-7720-2786,4,3,0,2026-07-20T09:00:52+00:00,WH-01,completed,9
ORD-005559,Plant-45,FL-2434-1250,99,9,0,2026-07-21T15:00:52+00:00,WH-02,pending,3
ORD-005560,Plant-33,EL-3978-1330,29,2,0,2026-07-24T00:00:52+00:00,WH-02,pending,3
ORD-005561,Plant-48,EL-3352-1587,38,31,0,2026-07-25T11:00:52+00:00,WH-02,completed,8
ORD-005562,Plant-04,EL-7118-2595,44,34,0,2026-07-19T23:00:52+00:00,WH-02,completed,7
ORD-005563,Plant-02,PO-9913-1744,68,44,0,2026-07-26T09:00:52+00:00,WH-02,pending,2
ORD-005564,Plant-37,PO-6845-2090,49,0,0,2026-07-20T15:00:52+00:00,WH-02,pending,1
ORD-005565,Plant-44,IN-6948-082,52,3,0,2026-07-24T13:00:52+00:00,WH-01,in_progress,6
ORD-005566,Plant-02,IN-7312-1357,144,32,0,2026-07-25T00:00:52+00:00,WH-01,in_progress,1
ORD-005567,Plant-03,PO-7068-2411,25,10,0,2026-07-23T07:00:52+00:00,WH-02,in_progress,7
ORD-005568,Plant-39,FL-1621-3611,48,22,0,2026-07-20T03:00:52+00:00,WH-02,in_progress,4
ORD-005569,Plant-06,EL-5234-271,16,12,0,2026-07-25T07:00:52+00:00,WH-01,completed,5
ORD-005570,Plant-01,CH-9082-2363,64,14,0,2026-07-22T13:00:52+00:00,WH-01,in_progress,9
ORD-005571,Plant-05,FL-2100-1997,95,72,0,2026-07-23T12:00:52+00:00,WH-01,completed,8
ORD-005572,Plant-03,IN-7352-3096,61,53,0,2026-07-22T07:00:52+00:00,WH-01,pending,4
ORD-005573,Plant-24,FL-6575-3580,70,40,0,2026-07-23T18:00:52+00:00,WH-02,completed,10
ORD-005574,Plant-08,CH-7341-427,130,79,0,2026-07-23T14:00:52+00:00,WH-01,in_progress,9
ORD-005575,Plant-48,IN-8575-1564,19,11,0,2026-07-24T21:00:52+00:00,WH-01,in_progress,9
ORD-005576,Plant-23,PO-7154-3926,104,91,0,2026-07-25T14:00:52+00:00,WH-02,pending,5
ORD-005577,Plant-22,EL-1107-1928,65,46,0,2026-07-23T01:00:52+00:00,WH-02,pending,1
ORD-005578,Plant-12,FL-4040-065,43,6,0,2026-07-23T15:00:52+00:00,WH-02,in_progress,3
ORD-005579,Plant-11,CH-3767-1387,65,65,0,2026-07-22T19:00:52+00:00,WH-01,pending,8
ORD-005580,Plant-28,CH-4877-4262,10,4,0,2026-07-26T09:00:52+00:00,WH-02,in_progress,7
ORD-005581,Plant-35,IN-1937-4879,122,2,0,2026-07-21T17:00:52+00:00,WH-01,completed,4
ORD-005582,Plant-28,CH-8022-937,54,50,0,2026-07-22T15:00:52+00:00,WH-02,completed,5
ORD-005583,Plant-39,CH-4710-651,63,31,0,2026-07-25T19:00:52+00:00,WH-01,pending,2
ORD-005584,Plant-13,CH-2374-3896,47,19,0,2026-07-20T04:00:52+00:00,WH-02,pending,8
ORD-005585,Plant-37,FL-8381-3623,46,7,0,2026-07-20T08:00:52+00:00,WH-01,pending,7
ORD-005586,Plant-07,IN-9342-4868,125,5,0,2026-07-23T00:00:52+00:00,WH-02,pending,8
ORD-005587,Plant-11,PO-8984-1633,126,76,0,2026-07-24T00:00:52+00:00,WH-01,completed,1
ORD-005588,Plant-22,EL-7503-2686,118,35,0,2026-07-23T08:00:52+00:00,WH-02,in_progress,5
ORD-005589,Plant-32,PO-7172-4159,29,10,0,2026-07-22T06:00:52+00:00,WH-02,completed,10
ORD-005590,Plant-37,IN-3059-1055,47,29,0,2026-07-21T09:00:52+00:00,WH-01,pending,3
ORD-005591,Plant-39,PO-4927-4347,119,107,0,2026-07-25T09:00:52+00:00,WH-02,in_progress,8
ORD-005592,Plant-38,FL-9422-3913,19,0,0,2026-07-20T09:00:52+00:00,WH-01,pending,1
ORD-005593,Plant-26,IN-6751-3586,109,70,0,2026-07-20T05:00:52+00:00,WH-01,pending,8
ORD-005594,Plant-32,IN-7047-4599,18,4,0,2026-07-21T11:00:52+00:00,WH-02,in_progress,4
ORD-005595,Plant-23,PO-1299-2295,7,2,0,2026-07-21T01:00:52+00:00,WH-01,pending,8
ORD-005596,Plant-09,IN-8166-1742,126,42,0,2026-07-22T03:00:52+00:00,WH-02,completed,2
ORD-005597,Plant-04,PO-2512-4944,52,37,0,2026-07-23T13:00:52+00:00,WH-02,in_progress,6
ORD-005598,Plant-34,FL-9902-810,53,19,0,2026-07-25T06:00:52+00:00,WH-01,in_progress,2
ORD-005599,Plant-37,IN-1122-1187,147,100,0,2026-07-25T12:00:52+00:00,WH-02,pending,6
ORD-005600,Plant-30,EL-1639-1159,123,26,0,2026-07-22T09:00:52+00:00,WH-01,pending,9
ORD-005601,Plant-19,CH-8187-3817,93,79,0,2026-07-24T22:00:52+00:00,WH-01,in_progress,10
ORD-005602,Plant-23,PO-2848-449,31,24,0,2026-07-23T07:00:52+00:00,WH-01,completed,9
ORD-005603,Plant-29,PO-3356-2200,54,17,0,2026-07-20T15:00:52+00:00,WH-02,in_progress,8
ORD-005604,Plant-41,IN-4382-1285,38,11,0,2026-07-21T11:00:52+00:00,WH-01,completed,1
ORD-005605,Plant-14,CH-8511-2356,57,48,0,2026-07-20T21:00:52+00:00,WH-02,pending,5
ORD-005606,Plant-19,PO-8865-3058,140,140,0,2026-07-22T15:00:52+00:00,WH-02,pending,9
ORD-005607,Plant-13,FL-2472-1692,123,95,0,2026-07-26T03:00:52+00:00,WH-02,in_progress,10
ORD-005608,Plant-33,CH-1509-2044,44,43,0,2026-07-21T14:00:52+00:00,WH-01,in_progress,2
ORD-005609,Plant-20,FL-1044-3106,113,22,0,2026-07-25T05:00:52+00:00,WH-01,completed,9
ORD-005610,Plant-36,CH-7543-017,63,3,0,2026-07-26T06:00:52+00:00,WH-01,pending,4
ORD-005611,Plant-32,EL-9749-4434,146,84,0,2026-07-21T21:00:52+00:00,WH-02,completed,2
ORD-005612,Plant-41,IN-1703-3958,113,54,0,2026-07-21T19:00:52+00:00,WH-02,in_progress,4
ORD-005613,Plant-37,EL-3309-3833,118,24,0,2026-07-23T20:00:52+00:00,WH-02,in_progress,9
ORD-005614,Plant-02,EL-5123-811,39,29,0,2026-07-25T17:00:52+00:00,WH-02,completed,8
ORD-005615,Plant-15,FL-7731-408,107,92,0,2026-07-23T23:00:52+00:00,WH-02,in_progress,10
ORD-005616,Plant-46,EL-5045-4001,58,27,0,2026-07-23T20:00:52+00:00,WH-01,in_progress,3
ORD-005617,Plant-32,CH-7437-1877,42,37,0,2026-07-21T02:00:52+00:00,WH-01,pending,2
ORD-005618,Plant-22,CH-6454-1986,130,79,0,2026-07-20T22:00:52+00:00,WH-02,in_progress,2
ORD-005619,Plant-03,PO-5198-301,103,34,0,2026-07-25T20:00:52+00:00,WH-02,completed,7
ORD-005620,Plant-08,PO-4384-1424,70,14,0,2026-07-25T20:00:52+00:00,WH-02,pending,10
ORD-005621,Plant-17,FL-7580-3218,67,26,0,2026-07-22T20:00:52+00:00,WH-01,completed,3
ORD-005622,Plant-33,PO-6179-3187,79,17,0,2026-07-23T00:00:52+00:00,WH-01,completed,3
ORD-005623,Plant-26,PO-4383-658,91,9,0,2026-07-25T14:00:52+00:00,WH-01,pending,2
ORD-005624,Plant-29,CH-5568-4436,5,0,0,2026-07-22T12:00:52+00:00,WH-01,pending,3
ORD-005625,Plant-48,FL-2864-176,121,57,0,2026-07-23T00:00:52+00:00,WH-02,completed,8
ORD-005626,Plant-47,CH-2086-3050,85,39,0,2026-07-26T16:00:52+00:00,WH-02,pending,10
ORD-005627,Plant-44,CH-2160-3226,49,13,0,2026-07-19T23:00:52+00:00,WH-01,completed,5
ORD-005628,Plant-39,FL-1672-1437,44,29,0,2026-07-20T21:00:52+00:00,WH-01,completed,7
ORD-005629,Plant-47,IN-1075-1018,4,0,0,2026-07-21T21:00:52+00:00,WH-02,in_progress,4
ORD-005630,Plant-13,CH-8084-923,148,59,0,2026-07-25T08:00:52+00:00,WH-02,completed,8
ORD-005631,Plant-10,IN-7429-3693,51,9,0,2026-07-23T07:00:52+00:00,WH-02,completed,3
ORD-005632,Plant-14,EL-7833-791,68,24,0,2026-07-24T09:00:52+00:00,WH-01,pending,5
ORD-005633,Plant-36,CH-5019-3238,124,35,0,2026-07-26T15:00:52+00:00,WH-01,pending,10
ORD-005634,Plant-32,EL-4399-1084,16,9,0,2026-07-23T12:00:52+00:00,WH-02,pending,5
ORD-005635,Plant-05,FL-5955-1235,50,50,0,2026-07-23T01:00:52+00:00,WH-02,completed,9
ORD-005636,Plant-46,IN-8343-4048,90,54,0,2026-07-21T01:00:52+00:00,WH-01,in_progress,4
ORD-005637,Plant-34,CH-8743-4923,93,20,0,2026-07-24T15:00:52+00:00,WH-02,completed,2
ORD-005638,Plant-15,IN-2818-3194,16,12,0,2026-07-21T15:00:52+00:00,WH-01,completed,4
ORD-005639,Plant-29,EL-4973-2499,11,5,0,2026-07-20T18:00:52+00:00,WH-02,pending,6
ORD-005640,Plant-19,CH-1963-3027,127,93,0,2026-07-20T19:00:52+00:00,WH-02,completed,4
ORD-005641,Plant-23,CH-4247-4751,119,0,0,2026-07-19T20:00:52+00:00,WH-02,in_progress,2
ORD-005642,Plant-07,EL-5846-2980,53,50,0,2026-07-21T21:00:52+00:00,WH-02,completed,4
ORD-005643,Plant-10,CH-9395-3177,111,19,0,2026-07-26T03:00:52+00:00,WH-01,completed,2
ORD-005644,Plant-29,EL-1286-3001,112,55,0,2026-07-22T00:00:52+00:00,WH-02,in_progress,7
ORD-005645,Plant-01,CH-8162-4987,44,32,0,2026-07-23T03:00:52+00:00,WH-02,completed,1
ORD-005646,Plant-18,IN-4452-4319,133,126,0,2026-07-20T11:00:52+00:00,WH-02,completed,10
ORD-005647,Plant-01,EL-2111-3077,29,3,0,2026-07-24T22:00:52+00:00,WH-01,completed,2
ORD-005648,Plant-33,EL-8762-365,81,17,0,2026-07-20T02:00:52+00:00,WH-01,in_progress,1
ORD-005649,Plant-32,IN-3513-2865,64,46,0,2026-07-20T10:00:52+00:00,WH-01,pending,5
ORD-005650,Plant-16,EL-2739-121,23,2,0,2026-07-22T13:00:52+00:00,WH-01,completed,10
ORD-005651,Plant-43,CH-4162-536,141,59,0,2026-07-21T22:00:52+00:00,WH-01,pending,8
ORD-005652,Plant-48,CH-2410-1703,95,22,0,2026-07-26T05:00:52+00:00,WH-02,completed,1
ORD-005653,Plant-44,IN-7352-3096,134,24,0,2026-07-21T12:00:52+00:00,WH-02,in_progress,3
ORD-005654,Plant-35,CH-5600-2522,78,54,0,2026-07-23T16:00:52+00:00,WH-02,completed,1
ORD-005655,Plant-32,PO-5460-1445,141,92,0,2026-07-19T21:00:52+00:00,WH-02,pending,3
ORD-005656,Plant-30,IN-6154-451,69,31,0,2026-07-25T22:00:52+00:00,WH-01,in_progress,9
ORD-005657,Plant-20,IN-6548-4725,80,16,0,2026-07-20T00:00:52+00:00,WH-01,pending,9
ORD-005658,Plant-37,FL-3985-3579,83,19,0,2026-07-23T17:00:52+00:00,WH-01,pending,1
ORD-005659,Plant-13,IN-2958-1034,28,8,0,2026-07-23T14:00:52+00:00,WH-02,pending,2
ORD-005660,Plant-26,FL-1026-2388,126,34,0,2026-07-26T06:00:52+00:00,WH-01,completed,4
ORD-005661,Plant-26,EL-5507-1547,127,46,0,2026-07-24T23:00:52+00:00,WH-02,completed,10
ORD-005662,Plant-24,PO-8397-001,140,75,0,2026-07-23T06:00:52+00:00,WH-01,in_progress,4
ORD-005663,Plant-25,EL-6710-3784,73,48,0,2026-07-26T01:00:52+00:00,WH-01,in_progress,5
ORD-005664,Plant-37,IN-1790-1089,134,113,0,2026-07-21T21:00:52+00:00,WH-01,completed,1
ORD-005665,Plant-45,FL-1142-084,23,11,0,2026-07-24T00:00:52+00:00,WH-02,completed,2
ORD-005666,Plant-05,EL-1424-261,58,38,0,2026-07-25T10:00:52+00:00,WH-02,in_progress,8
ORD-005667,Plant-33,PO-9384-4802,62,43,0,2026-07-19T19:00:52+00:00,WH-02,in_progress,8
ORD-005668,Plant-41,FL-8758-1144,79,57,0,2026-07-19T21:00:52+00:00,WH-01,in_progress,4
ORD-005669,Plant-47,IN-7673-1752,5,4,0,2026-07-20T04:00:52+00:00,WH-01,in_progress,9
ORD-005670,Plant-47,IN-5582-4738,39,28,0,2026-07-22T19:00:52+00:00,WH-01,pending,1
ORD-005671,Plant-24,EL-6387-145,149,136,0,2026-07-25T12:00:52+00:00,WH-01,pending,8
ORD-005672,Plant-42,CH-7213-2486,141,35,0,2026-07-20T06:00:52+00:00,WH-01,completed,1
ORD-005673,Plant-08,CH-2838-2285,16,4,0,2026-07-21T17:00:52+00:00,WH-01,pending,5
ORD-005674,Plant-35,IN-8967-1301,118,10,0,2026-07-26T00:00:52+00:00,WH-02,pending,2
ORD-005675,Plant-43,IN-8743-405,112,59,0,2026-07-21T01:00:52+00:00,WH-02,pending,2
ORD-005676,Plant-45,CH-9170-3679,103,72,0,2026-07-24T04:00:52+00:00,WH-02,pending,3
ORD-005677,Plant-08,PO-6109-4027,26,8,0,2026-07-21T09:00:52+00:00,WH-01,in_progress,9
ORD-005678,Plant-01,PO-6179-3187,112,36,0,2026-07-25T03:00:52+00:00,WH-02,pending,4
ORD-005679,Plant-10,PO-3128-3690,119,1,0,2026-07-24T03:00:52+00:00,WH-02,pending,4
ORD-005680,Plant-33,IN-7273-022,50,29,0,2026-07-20T13:00:52+00:00,WH-01,completed,3
ORD-005681,Plant-37,PO-6708-046,142,99,0,2026-07-19T21:00:52+00:00,WH-02,pending,4
ORD-005682,Plant-31,EL-7571-3086,114,29,0,2026-07-19T21:00:52+00:00,WH-01,completed,2
ORD-005683,Plant-24,EL-2856-4528,33,18,0,2026-07-22T20:00:52+00:00,WH-01,pending,9
ORD-005684,Plant-21,CH-8128-800,35,13,0,2026-07-25T06:00:52+00:00,WH-01,completed,4
ORD-005685,Plant-32,FL-9104-3542,84,37,0,2026-07-25T11:00:52+00:00,WH-01,in_progress,3
ORD-005686,Plant-08,EL-2708-4337,82,42,0,2026-07-23T00:00:52+00:00,WH-01,completed,6
ORD-005687,Plant-13,FL-5782-795,58,17,0,2026-07-23T08:00:52+00:00,WH-01,completed,9
ORD-005688,Plant-03,FL-6140-1363,79,33,0,2026-07-20T20:00:52+00:00,WH-02,in_progress,2
ORD-005689,Plant-39,EL-5342-360,10,1,0,2026-07-23T16:00:52+00:00,WH-01,pending,8
ORD-005690,Plant-01,FL-9634-1192,13,7,0,2026-07-24T15:00:52+00:00,WH-02,pending,7
ORD-005691,Plant-33,EL-2058-2625,145,33,0,2026-07-23T22:00:52+00:00,WH-01,completed,8
ORD-005692,Plant-24,CH-4779-4882,26,20,0,2026-07-21T03:00:52+00:00,WH-01,completed,10
ORD-005693,Plant-30,CH-1733-2392,121,45,0,2026-07-23T12:00:52+00:00,WH-02,completed,3
ORD-005694,Plant-46,PO-9271-3997,62,46,0,2026-07-23T18:00:52+00:00,WH-01,pending,9
ORD-005695,Plant-29,PO-1207-4321,40,10,0,2026-07-20T09:00:52+00:00,WH-02,in_progress,8
ORD-005696,Plant-30,IN-9371-4397,7,2,0,2026-07-21T07:00:52+00:00,WH-02,in_progress,6
ORD-005697,Plant-24,EL-7886-2421,24,7,0,2026-07-23T12:00:52+00:00,WH-02,pending,8
ORD-005698,Plant-39,EL-2314-4814,101,22,0,2026-07-23T02:00:52+00:00,WH-01,completed,9
ORD-005699,Plant-32,CH-3976-2817,90,31,0,2026-07-26T12:00:52+00:00,WH-01,pending,8
ORD-005700,Plant-40,CH-8806-4138,68,11,0,2026-07-24T12:00:52+00:00,WH-02,pending,5
ORD-005701,Plant-02,EL-5215-3585,16,8,0,2026-07-20T05:00:52+00:00,WH-02,completed,1
ORD-005702,Plant-13,FL-3523-1083,111,39,0,2026-07-25T03:00:52+00:00,WH-01,pending,1
ORD-005703,Plant-30,PO-8505-4507,138,50,0,2026-07-24T02:00:52+00:00,WH-02,pending,7
ORD-005704,Plant-24,FL-4206-2135,115,106,0,2026-07-19T22:00:52+00:00,WH-02,pending,4
ORD-005705,Plant-07,EL-1044-1377,124,123,0,2026-07-26T10:00:52+00:00,WH-01,completed,4
ORD-005706,Plant-45,FL-9648-938,20,16,0,2026-07-25T16:00:52+00:00,WH-02,pending,4
ORD-005707,Plant-01,PO-6617-1627,35,34,0,2026-07-22T17:00:52+00:00,WH-02,completed,4
ORD-005708,Plant-28,FL-5980-3441,140,71,0,2026-07-26T18:00:52+00:00,WH-02,pending,8
ORD-005709,Plant-01,IN-5662-4192,150,74,0,2026-07-21T19:00:52+00:00,WH-02,completed,4
ORD-005710,Plant-08,IN-2276-4689,145,43,0,2026-07-21T08:00:52+00:00,WH-02,in_progress,8
ORD-005711,Plant-45,FL-3343-1805,84,30,0,2026-07-24T03:00:52+00:00,WH-01,completed,3
ORD-005712,Plant-43,EL-7225-2183,105,76,0,2026-07-21T05:00:52+00:00,WH-02,in_progress,6
ORD-005713,Plant-28,EL-5610-1280,99,64,0,2026-07-19T21:00:52+00:00,WH-01,in_progress,3
ORD-005714,Plant-47,FL-9302-3274,136,19,0,2026-07-23T06:00:52+00:00,WH-01,in_progress,5
ORD-005715,Plant-34,PO-6938-893,57,50,0,2026-07-20T05:00:52+00:00,WH-02,pending,7
ORD-005716,Plant-16,EL-2731-3505,132,65,0,2026-07-19T20:00:52+00:00,WH-02,in_progress,7
ORD-005717,Plant-31,PO-6388-956,72,42,0,2026-07-24T09:00:52+00:00,WH-02,completed,1
ORD-005718,Plant-19,FL-7129-4612,51,17,0,2026-07-22T13:00:52+00:00,WH-02,pending,3
ORD-005719,Plant-14,CH-4228-1969,116,64,0,2026-07-25T10:00:52+00:00,WH-01,in_progress,9
ORD-005720,Plant-26,PO-5435-031,112,27,0,2026-07-25T04:00:52+00:00,WH-02,in_progress,3
ORD-005721,Plant-28,PO-6628-2502,63,35,0,2026-07-23T03:00:52+00:00,WH-01,pending,5
ORD-005722,Plant-08,FL-7891-1893,15,13,0,2026-07-25T21:00:52+00:00,WH-02,in_progress,10
ORD-005723,Plant-12,EL-2854-3376,41,19,0,2026-07-25T10:00:52+00:00,WH-01,pending,6
ORD-005724,Plant-27,EL-9394-2591,143,78,0,2026-07-25T10:00:52+00:00,WH-02,completed,6
ORD-005725,Plant-36,FL-8167-4356,108,34,0,2026-07-25T21:00:52+00:00,WH-01,completed,2
ORD-005726,Plant-13,FL-3509-324,88,44,0,2026-07-22T10:00:52+00:00,WH-01,pending,6
ORD-005727,Plant-17,CH-1605-3807,128,51,0,2026-07-25T07:00:52+00:00,WH-01,pending,6
ORD-005728,Plant-10,EL-7647-2271,73,68,0,2026-07-20T06:00:52+00:00,WH-01,in_progress,5
ORD-005729,Plant-02,CH-1113-128,78,36,0,2026-07-21T15:00:52+00:00,WH-01,completed,10
ORD-005730,Plant-46,FL-8167-4356,51,11,0,2026-07-25T21:00:52+00:00,WH-01,pending,4
ORD-005731,Plant-30,EL-6132-3079,68,19,0,2026-07-25T00:00:52+00:00,WH-02,pending,9
ORD-005732,Plant-28,FL-9412-1739,94,87,0,2026-07-24T15:00:52+00:00,WH-01,completed,10
ORD-005733,Plant-22,CH-7212-004,130,15,0,2026-07-20T18:00:52+00:00,WH-01,completed,7
ORD-005734,Plant-11,FL-4740-4157,118,96,0,2026-07-19T19:00:52+00:00,WH-02,pending,4
ORD-005735,Plant-22,CH-8902-4971,69,45,0,2026-07-23T21:00:52+00:00,WH-01,completed,8
ORD-005736,Plant-08,CH-8123-4486,29,29,0,2026-07-19T21:00:52+00:00,WH-01,pending,2
ORD-005737,Plant-42,IN-2186-241,55,12,0,2026-07-23T04:00:52+00:00,WH-01,completed,3
ORD-005738,Plant-35,CH-9123-3751,117,68,0,2026-07-20T04:00:52+00:00,WH-02,in_progress,7
ORD-005739,Plant-03,IN-9628-4358,83,81,0,2026-07-25T23:00:52+00:00,WH-01,in_progress,1
ORD-005740,Plant-07,PO-1534-1178,8,8,0,2026-07-23T21:00:52+00:00,WH-02,pending,6
ORD-005741,Plant-26,IN-2704-3397,21,16,0,2026-07-24T11:00:52+00:00,WH-01,pending,1
ORD-005742,Plant-05,EL-4221-2180,22,21,0,2026-07-19T23:00:52+00:00,WH-02,pending,4
ORD-005743,Plant-16,CH-6951-667,128,59,0,2026-07-25T08:00:52+00:00,WH-02,in_progress,2
ORD-005744,Plant-01,IN-7095-1754,54,5,0,2026-07-20T17:00:52+00:00,WH-01,in_progress,8
ORD-005745,Plant-09,IN-1200-819,57,43,0,2026-07-26T04:00:52+00:00,WH-01,pending,9
ORD-005746,Plant-01,PO-9690-4326,6,2,0,2026-07-20T17:00:52+00:00,WH-02,pending,5
ORD-005747,Plant-16,PO-1968-4300,99,92,0,2026-07-22T08:00:52+00:00,WH-01,in_progress,4
ORD-005748,Plant-27,IN-4253-1125,13,12,0,2026-07-22T05:00:52+00:00,WH-02,completed,1
ORD-005749,Plant-26,CH-7862-1351,89,29,0,2026-07-22T23:00:52+00:00,WH-01,in_progress,7
ORD-005750,Plant-40,CH-2890-190,37,32,0,2026-07-25T13:00:52+00:00,WH-01,completed,8
ORD-005751,Plant-32,EL-6090-2247,108,32,0,2026-07-22T16:00:52+00:00,WH-02,pending,1
ORD-005752,Plant-19,PO-8139-1312,110,23,0,2026-07-23T10:00:52+00:00,WH-02,completed,8
ORD-005753,Plant-14,CH-7176-454,85,24,0,2026-07-26T18:00:52+00:00,WH-02,completed,5
ORD-005754,Plant-47,FL-5024-3917,103,55,0,2026-07-26T13:00:52+00:00,WH-02,in_progress,6
ORD-005755,Plant-01,FL-2100-1997,122,90,0,2026-07-26T12:00:52+00:00,WH-01,completed,7
ORD-005756,Plant-11,FL-9061-2028,119,44,0,2026-07-25T06:00:52+00:00,WH-01,in_progress,3
ORD-005757,Plant-10,FL-9630-4090,70,24,0,2026-07-23T17:00:52+00:00,WH-01,in_progress,3
ORD-005758,Plant-24,CH-7902-2934,14,1,0,2026-07-22T04:00:52+00:00,WH-02,pending,5
ORD-005759,Plant-20,FL-8848-1407,22,13,0,2026-07-22T23:00:52+00:00,WH-02,pending,7
ORD-005760,Plant-11,EL-2297-1814,57,10,0,2026-07-26T01:00:52+00:00,WH-02,in_progress,6
ORD-005761,Plant-16,EL-3970-1721,33,33,0,2026-07-24T08:00:52+00:00,WH-02,in_progress,9
ORD-005762,Plant-06,CH-8986-4028,100,46,0,2026-07-21T06:00:52+00:00,WH-01,completed,8
ORD-005763,Plant-28,PO-5238-2946,39,20,0,2026-07-22T15:00:52+00:00,WH-01,pending,3
ORD-005764,Plant-24,FL-8692-2956,87,50,0,2026-07-20T12:00:52+00:00,WH-02,in_progress,6
ORD-005765,Plant-06,EL-1404-3606,101,23,0,2026-07-19T19:00:52+00:00,WH-01,completed,1
ORD-005766,Plant-18,CH-1188-4805,124,114,0,2026-07-20T21:00:52+00:00,WH-01,pending,10
ORD-005767,Plant-27,PO-2232-1368,60,34,0,2026-07-21T17:00:52+00:00,WH-02,completed,7
ORD-005768,Plant-38,PO-6643-236,139,19,0,2026-07-26T03:00:52+00:00,WH-01,in_progress,5
ORD-005769,Plant-19,PO-2572-4783,42,16,0,2026-07-22T10:00:52+00:00,WH-01,pending,2
ORD-005770,Plant-17,PO-2232-1368,6,6,0,2026-07-23T17:00:52+00:00,WH-02,completed,10
ORD-005771,Plant-24,FL-7966-665,49,38,0,2026-07-22T23:00:52+00:00,WH-02,in_progress,2
ORD-005772,Plant-16,PO-5845-4864,17,13,0,2026-07-20T17:00:52+00:00,WH-01,pending,3
ORD-005773,Plant-08,IN-6282-007,150,67,0,2026-07-22T23:00:52+00:00,WH-02,in_progress,7
ORD-005774,Plant-30,EL-7108-837,83,25,0,2026-07-23T06:00:52+00:00,WH-01,in_progress,3
ORD-005775,Plant-44,FL-1953-2417,31,23,0,2026-07-22T05:00:52+00:00,WH-02,pending,7
ORD-005776,Plant-15,FL-8350-3757,49,21,0,2026-07-26T11:00:52+00:00,WH-01,in_progress,2
ORD-005777,Plant-43,EL-4076-299,122,80,0,2026-07-21T23:00:52+00:00,WH-01,completed,5
ORD-005778,Plant-05,EL-4939-233,139,14,0,2026-07-19T23:00:52+00:00,WH-02,pending,7
ORD-005779,Plant-38,EL-5288-951,61,57,0,2026-07-22T09:00:52+00:00,WH-01,pending,6
ORD-005780,Plant-17,IN-3913-3867,101,97,0,2026-07-26T18:00:52+00:00,WH-01,in_progress,4
ORD-005781,Plant-09,CH-2680-2045,126,25,0,2026-07-20T04:00:52+00:00,WH-01,pending,6
ORD-005782,Plant-12,CH-7441-465,25,13,0,2026-07-23T21:00:52+00:00,WH-02,in_progress,10
ORD-005783,Plant-41,CH-8384-3496,119,27,0,2026-07-24T12:00:52+00:00,WH-01,in_progress,1
ORD-005784,Plant-05,CH-2891-1092,121,22,0,2026-07-24T14:00:52+00:00,WH-01,pending,3
ORD-005785,Plant-46,CH-6834-4168,22,22,0,2026-07-23T10:00:52+00:00,WH-01,completed,2
ORD-005786,Plant-31,EL-2924-4963,116,6,0,2026-07-21T01:00:52+00:00,WH-01,pending,10
ORD-005787,Plant-12,EL-9702-2555,80,0,0,2026-07-22T23:00:52+00:00,WH-02,in_progress,2
ORD-005788,Plant-33,FL-6886-1107,48,27,0,2026-07-25T00:00:52+00:00,WH-02,in_progress,3
ORD-005789,Plant-36,CH-4362-1502,48,38,0,2026-07-21T13:00:52+00:00,WH-02,completed,1
ORD-005790,Plant-04,PO-4488-4133,100,69,0,2026-07-19T20:00:52+00:00,WH-02,completed,9
ORD-005791,Plant-32,IN-5596-1680,118,24,0,2026-07-25T05:00:52+00:00,WH-01,pending,4
ORD-005792,Plant-08,IN-6301-1265,58,21,0,2026-07-25T09:00:52+00:00,WH-02,in_progress,7
ORD-005793,Plant-20,CH-3275-4817,74,59,0,2026-07-19T19:00:52+00:00,WH-01,in_progress,7
ORD-005794,Plant-34,IN-2383-1649,70,22,0,2026-07-23T04:00:52+00:00,WH-02,completed,1
ORD-005795,Plant-13,IN-9324-4849,127,3,0,2026-07-21T09:00:52+00:00,WH-02,completed,6
ORD-005796,Plant-32,FL-3264-3914,117,38,0,2026-07-26T10:00:52+00:00,WH-01,pending,4
ORD-005797,Plant-40,CH-7820-2291,128,10,0,2026-07-20T06:00:52+00:00,WH-02,in_progress,4
ORD-005798,Plant-35,PO-9938-566,113,9,0,2026-07-21T22:00:52+00:00,WH-01,completed,9
ORD-005799,Plant-35,IN-9977-3771,5,4,0,2026-07-25T21:00:52+00:00,WH-01,pending,4
ORD-005800,Plant-25,IN-8292-2041,112,99,0,2026-07-23T23:00:52+00:00,WH-02,pending,7
ORD-005801,Plant-05,FL-6039-3758,39,6,0,2026-07-22T06:00:52+00:00,WH-01,completed,8
ORD-005802,Plant-20,CH-9744-2226,144,54,0,2026-07-23T15:00:52+00:00,WH-02,in_progress,6
ORD-005803,Plant-45,PO-7879-3726,87,48,0,2026-07-25T09:00:52+00:00,WH-01,completed,5
ORD-005804,Plant-20,FL-4603-1875,126,125,0,2026-07-24T17:00:52+00:00,WH-02,pending,8
ORD-005805,Plant-45,FL-7197-2130,31,1,0,2026-07-22T18:00:52+00:00,WH-02,pending,10
ORD-005806,Plant-17,EL-7852-3642,93,88,0,2026-07-19T20:00:52+00:00,WH-01,pending,6
ORD-005807,Plant-47,IN-9772-1768,45,12,0,2026-07-21T03:00:52+00:00,WH-01,completed,7
ORD-005808,Plant-04,FL-1776-3664,76,46,0,2026-07-19T18:00:52+00:00,WH-02,in_progress,4
ORD-005809,Plant-48,FL-4137-2094,43,27,0,2026-07-22T02:00:52+00:00,WH-02,completed,2
ORD-005810,Plant-19,CH-4779-4882,59,26,0,2026-07-20T05:00:52+00:00,WH-01,pending,8
ORD-005811,Plant-19,CH-6771-068,111,111,0,2026-07-20T17:00:52+00:00,WH-02,in_progress,10
ORD-005812,Plant-07,FL-3583-235,91,19,0,2026-07-19T20:00:52+00:00,WH-01,in_progress,10
ORD-005813,Plant-16,EL-2797-039,87,11,0,2026-07-22T19:00:52+00:00,WH-02,in_progress,3
ORD-005814,Plant-38,IN-8659-512,57,30,0,2026-07-21T13:00:52+00:00,WH-02,pending,7
ORD-005815,Plant-43,CH-4421-167,41,3,0,2026-07-25T03:00:52+00:00,WH-01,in_progress,7
ORD-005816,Plant-35,FL-6734-3855,79,3,0,2026-07-21T14:00:52+00:00,WH-02,completed,10
ORD-005817,Plant-22,CH-1731-4573,99,56,0,2026-07-20T01:00:52+00:00,WH-01,pending,6
ORD-005818,Plant-44,CH-4247-4751,56,10,0,2026-07-21T15:00:52+00:00,WH-01,completed,2
ORD-005819,Plant-26,CH-6296-4223,5,3,0,2026-07-21T02:00:52+00:00,WH-02,in_progress,10
ORD-005820,Plant-24,CH-4866-1926,45,34,0,2026-07-21T04:00:52+00:00,WH-02,completed,2
ORD-005821,Plant-27,FL-3828-4096,112,105,0,2026-07-21T16:00:52+00:00,WH-02,completed,4
ORD-005822,Plant-03,EL-5798-1130,118,80,0,2026-07-21T04:00:52+00:00,WH-01,completed,7
ORD-005823,Plant-20,CH-8482-4089,122,33,0,2026-07-25T19:00:52+00:00,WH-01,pending,8
ORD-005824,Plant-32,CH-3935-2087,28,14,0,2026-07-23T12:00:52+00:00,WH-01,in_progress,10
ORD-005825,Plant-38,EL-6238-4630,142,28,0,2026-07-22T20:00:52+00:00,WH-02,pending,2
ORD-005826,Plant-03,IN-9215-4276,60,37,0,2026-07-26T08:00:52+00:00,WH-01,in_progress,6
ORD-005827,Plant-04,FL-7587-1464,75,17,0,2026-07-22T05:00:52+00:00,WH-02,pending,8
ORD-005828,Plant-12,FL-4120-3553,34,3,0,2026-07-20T16:00:52+00:00,WH-02,in_progress,6
ORD-005829,Plant-35,CH-7341-427,54,12,0,2026-07-26T11:00:52+00:00,WH-02,completed,9
ORD-005830,Plant-09,IN-8575-1564,96,30,0,2026-07-26T15:00:52+00:00,WH-02,completed,4
ORD-005831,Plant-03,EL-7737-2262,45,17,0,2026-07-20T02:00:52+00:00,WH-01,completed,8
ORD-005832,Plant-32,EL-3345-2694,87,24,0,2026-07-20T01:00:52+00:00,WH-02,completed,8
ORD-005833,Plant-02,EL-7420-3021,47,38,0,2026-07-26T13:00:52+00:00,WH-02,completed,9
ORD-005834,Plant-41,IN-7797-4092,67,2,0,2026-07-25T01:00:52+00:00,WH-01,completed,7
ORD-005835,Plant-07,FL-1867-3315,46,3,0,2026-07-25T17:00:52+00:00,WH-01,completed,4
ORD-005836,Plant-39,PO-8220-703,134,6,0,2026-07-24T15:00:52+00:00,WH-01,in_progress,1
ORD-005837,Plant-10,IN-4091-1292,5,2,0,2026-07-26T14:00:52+00:00,WH-01,in_progress,5
ORD-005838,Plant-14,EL-1305-2989,78,1,0,2026-07-26T11:00:52+00:00,WH-02,completed,9
ORD-005839,Plant-03,IN-6282-007,79,16,0,2026-07-23T16:00:52+00:00,WH-02,completed,8
ORD-005840,Plant-20,EL-1232-2907,31,14,0,2026-07-24T18:00:52+00:00,WH-01,completed,6
ORD-005841,Plant-44,FL-4781-1197,93,12,0,2026-07-25T08:00:52+00:00,WH-01,pending,2
ORD-005842,Plant-46,PO-3065-3869,144,26,0,2026-07-26T03:00:52+00:00,WH-02,completed,9
ORD-005843,Plant-05,FL-8203-1058,126,62,0,2026-07-25T05:00:52+00:00,WH-01,in_progress,8
ORD-005844,Plant-29,IN-9758-3200,130,25,0,2026-07-22T07:00:52+00:00,WH-02,in_progress,7
ORD-005845,Plant-33,FL-3036-2053,6,5,0,2026-07-25T07:00:52+00:00,WH-02,in_progress,5
ORD-005846,Plant-06,EL-8020-3005,96,34,0,2026-07-23T18:00:52+00:00,WH-01,completed,10
ORD-005847,Plant-07,FL-1281-3167,138,70,0,2026-07-25T17:00:52+00:00,WH-02,completed,7
ORD-005848,Plant-33,EL-6006-2911,20,10,0,2026-07-19T21:00:52+00:00,WH-01,in_progress,7
ORD-005849,Plant-10,EL-2314-4814,138,60,0,2026-07-21T00:00:52+00:00,WH-02,completed,7
ORD-005850,Plant-14,CH-5307-1522,107,103,0,2026-07-25T08:00:52+00:00,WH-02,in_progress,4
ORD-005851,Plant-48,IN-6977-3538,150,133,0,2026-07-24T21:00:52+00:00,WH-02,completed,5
ORD-005852,Plant-24,IN-1357-4668,63,29,0,2026-07-20T04:00:52+00:00,WH-02,in_progress,4
ORD-005853,Plant-34,PO-2732-2372,52,49,0,2026-07-19T22:00:52+00:00,WH-02,pending,7
ORD-005854,Plant-34,CH-2884-1699,59,10,0,2026-07-20T10:00:52+00:00,WH-02,in_progress,2
ORD-005855,Plant-32,FL-3717-4761,146,72,0,2026-07-23T11:00:52+00:00,WH-02,pending,5
ORD-005856,Plant-45,CH-5527-3197,110,104,0,2026-07-22T10:00:52+00:00,WH-02,in_progress,10
ORD-005857,Plant-25,EL-5875-829,62,30,0,2026-07-22T19:00:52+00:00,WH-01,in_progress,8
ORD-005858,Plant-42,FL-9485-3519,65,46,0,2026-07-22T13:00:52+00:00,WH-02,completed,2
ORD-005859,Plant-26,PO-7241-490,21,0,0,2026-07-24T11:00:52+00:00,WH-01,in_progress,2
ORD-005860,Plant-33,IN-1057-754,106,69,0,2026-07-23T07:00:52+00:00,WH-01,in_progress,7
ORD-005861,Plant-09,EL-5435-387,27,13,0,2026-07-20T14:00:52+00:00,WH-02,completed,4
ORD-005862,Plant-37,FL-4655-929,43,25,0,2026-07-21T01:00:52+00:00,WH-02,completed,8
ORD-005863,Plant-10,FL-8977-4402,100,47,0,2026-07-26T01:00:52+00:00,WH-02,pending,10
ORD-005864,Plant-34,CH-1487-2360,106,0,0,2026-07-25T12:00:52+00:00,WH-01,pending,9
ORD-005865,Plant-14,EL-4636-195,142,118,0,2026-07-21T00:00:52+00:00,WH-02,pending,2
ORD-005866,Plant-32,PO-6082-3000,118,88,0,2026-07-21T13:00:52+00:00,WH-01,in_progress,9
ORD-005867,Plant-39,PO-6326-2875,31,14,0,2026-07-26T09:00:52+00:00,WH-02,pending,10
ORD-005868,Plant-09,IN-9323-2430,114,33,0,2026-07-23T11:00:52+00:00,WH-01,completed,2
ORD-005869,Plant-02,IN-8993-208,61,35,0,2026-07-24T22:00:52+00:00,WH-01,completed,1
ORD-005870,Plant-44,IN-4092-518,136,51,0,2026-07-26T13:00:52+00:00,WH-01,in_progress,4
ORD-005871,Plant-13,CH-1118-713,35,18,0,2026-07-20T02:00:52+00:00,WH-01,pending,1
ORD-005872,Plant-11,CH-4772-2805,86,69,0,2026-07-21T08:00:52+00:00,WH-02,in_progress,9
ORD-005873,Plant-03,IN-3630-3411,16,12,0,2026-07-23T04:00:52+00:00,WH-02,completed,1
ORD-005874,Plant-16,EL-6713-1142,18,16,0,2026-07-25T09:00:52+00:00,WH-02,pending,2
ORD-005875,Plant-12,CH-2320-4461,115,2,0,2026-07-26T02:00:52+00:00,WH-01,in_progress,5
ORD-005876,Plant-29,CH-1418-1591,123,97,0,2026-07-26T12:00:52+00:00,WH-01,completed,10
ORD-005877,Plant-09,PO-2598-1631,45,7,0,2026-07-25T03:00:52+00:00,WH-02,pending,4
ORD-005878,Plant-33,EL-3860-4657,46,39,0,2026-07-20T03:00:52+00:00,WH-01,pending,1
ORD-005879,Plant-01,IN-6496-3703,70,67,0,2026-07-25T17:00:52+00:00,WH-02,completed,6
ORD-005880,Plant-37,FL-9989-2298,39,31,0,2026-07-21T06:00:52+00:00,WH-01,pending,5
ORD-005881,Plant-39,EL-8006-4254,140,105,0,2026-07-24T23:00:52+00:00,WH-01,in_progress,10
ORD-005882,Plant-35,EL-1266-4517,124,107,0,2026-07-23T17:00:52+00:00,WH-02,completed,7
ORD-005883,Plant-45,EL-2058-2625,75,31,0,2026-07-23T05:00:52+00:00,WH-02,in_progress,1
ORD-005884,Plant-03,EL-5352-3029,91,15,0,2026-07-23T16:00:52+00:00,WH-02,pending,9
ORD-005885,Plant-04,PO-6179-3187,132,124,0,2026-07-22T11:00:52+00:00,WH-02,in_progress,1
ORD-005886,Plant-41,EL-8740-2030,138,88,0,2026-07-26T12:00:52+00:00,WH-02,pending,7
ORD-005887,Plant-32,IN-8509-1072,68,20,0,2026-07-19T20:00:52+00:00,WH-02,in_progress,4
ORD-005888,Plant-39,EL-8504-610,106,11,0,2026-07-22T11:00:52+00:00,WH-01,in_progress,5
ORD-005889,Plant-19,IN-6852-2671,30,12,0,2026-07-20T03:00:52+00:00,WH-02,pending,6
ORD-005890,Plant-06,PO-3881-1203,46,4,0,2026-07-24T14:00:52+00:00,WH-01,pending,2
ORD-005891,Plant-27,CH-1800-845,128,8,0,2026-07-25T20:00:52+00:00,WH-02,pending,9
ORD-005892,Plant-22,CH-1526-2824,76,62,0,2026-07-26T11:00:52+00:00,WH-01,in_progress,4
ORD-005893,Plant-16,EL-1972-3285,34,27,0,2026-07-24T05:00:52+00:00,WH-02,pending,4
ORD-005894,Plant-45,EL-4772-692,128,91,0,2026-07-23T16:00:52+00:00,WH-02,in_progress,1
ORD-005895,Plant-11,PO-6160-1364,34,6,0,2026-07-25T08:00:52+00:00,WH-02,completed,9
ORD-005896,Plant-18,IN-5517-4505,61,13,0,2026-07-20T06:00:52+00:00,WH-02,completed,7
ORD-005897,Plant-33,EL-5773-1795,15,6,0,2026-07-22T07:00:52+00:00,WH-01,in_progress,3
ORD-005898,Plant-11,IN-8004-4363,105,15,0,2026-07-21T22:00:52+00:00,WH-01,pending,10
ORD-005899,Plant-07,CH-3189-4744,24,14,0,2026-07-21T06:00:52+00:00,WH-01,in_progress,8
ORD-005900,Plant-25,PO-1451-4637,51,2,0,2026-07-24T03:00:52+00:00,WH-02,in_progress,3
ORD-005901,Plant-29,FL-7697-3449,7,6,0,2026-07-23T07:00:52+00:00,WH-01,completed,8
ORD-005902,Plant-27,PO-8969-306,117,100,0,2026-07-25T17:00:52+00:00,WH-02,completed,1
ORD-005903,Plant-43,CH-1068-755,123,54,0,2026-07-20T19:00:52+00:00,WH-01,pending,2
ORD-005904,Plant-05,EL-9225-4210,53,22,0,2026-07-20T06:00:52+00:00,WH-01,in_progress,4
ORD-005905,Plant-05,CH-8724-3831,122,103,0,2026-07-24T05:00:52+00:00,WH-02,pending,8
ORD-005906,Plant-40,PO-3356-2200,37,3,0,2026-07-25T10:00:52+00:00,WH-02,completed,10
ORD-005907,Plant-32,EL-6298-4123,138,90,0,2026-07-22T15:00:52+00:00,WH-01,completed,5
ORD-005908,Plant-12,CH-2322-3306,62,34,0,2026-07-26T01:00:52+00:00,WH-02,pending,1
ORD-005909,Plant-01,EL-7590-814,21,20,0,2026-07-23T00:00:52+00:00,WH-02,completed,9
ORD-005910,Plant-48,IN-1143-4990,143,85,0,2026-07-22T04:00:52+00:00,WH-01,in_progress,6
ORD-005911,Plant-48,IN-3123-3074,120,108,0,2026-07-24T05:00:52+00:00,WH-02,in_progress,10
ORD-005912,Plant-36,IN-2731-1991,74,31,0,2026-07-20T01:00:52+00:00,WH-01,in_progress,8
ORD-005913,Plant-31,EL-9646-1497,100,43,0,2026-07-22T02:00:52+00:00,WH-02,pending,5
ORD-005914,Plant-24,FL-5810-4760,23,8,0,2026-07-22T17:00:52+00:00,WH-02,completed,8
ORD-005915,Plant-40,IN-1788-2976,65,12,0,2026-07-25T00:00:52+00:00,WH-01,in_progress,9
ORD-005916,Plant-03,EL-9385-4012,33,11,0,2026-07-25T17:00:52+00:00,WH-01,completed,2
ORD-005917,Plant-02,CH-5041-1549,106,63,0,2026-07-19T23:00:52+00:00,WH-02,in_progress,3
ORD-005918,Plant-35,IN-1160-3137,108,37,0,2026-07-23T15:00:52+00:00,WH-01,completed,2
ORD-005919,Plant-39,CH-1761-894,53,24,0,2026-07-24T03:00:52+00:00,WH-02,pending,3
ORD-005920,Plant-33,FL-4614-4211,75,69,0,2026-07-24T10:00:52+00:00,WH-02,pending,3
ORD-005921,Plant-12,FL-6253-3351,111,43,0,2026-07-24T05:00:52+00:00,WH-02,in_progress,8
ORD-005922,Plant-44,IN-6101-4675,4,1,0,2026-07-26T06:00:52+00:00,WH-02,pending,6
ORD-005923,Plant-05,FL-9061-2028,110,12,0,2026-07-22T17:00:52+00:00,WH-01,completed,9
ORD-005924,Plant-15,IN-6477-4477,94,50,0,2026-07-22T12:00:52+00:00,WH-01,completed,1
ORD-005925,Plant-12,CH-5463-3595,79,9,0,2026-07-21T14:00:52+00:00,WH-01,completed,5
ORD-005926,Plant-41,FL-2296-864,38,8,0,2026-07-23T01:00:52+00:00,WH-02,pending,9
ORD-005927,Plant-24,EL-9556-4511,143,75,0,2026-07-24T20:00:52+00:00,WH-02,completed,5
ORD-005928,Plant-04,PO-6640-4460,69,30,0,2026-07-19T22:00:52+00:00,WH-02,pending,8
ORD-005929,Plant-40,IN-9841-4639,90,64,0,2026-07-21T22:00:52+00:00,WH-02,pending,8
ORD-005930,Plant-04,IN-3314-1457,150,124,0,2026-07-26T05:00:52+00:00,WH-02,pending,2
ORD-005931,Plant-18,CH-1006-3163,9,6,0,2026-07-19T22:00:52+00:00,WH-01,in_progress,4
ORD-005932,Plant-21,FL-7586-030,42,37,0,2026-07-20T14:00:52+00:00,WH-01,completed,6
ORD-005933,Plant-38,EL-2513-3602,107,87,0,2026-07-20T12:00:52+00:00,WH-02,in_progress,10
ORD-005934,Plant-22,CH-6872-1998,77,18,0,2026-07-23T06:00:52+00:00,WH-02,in_progress,3
ORD-005935,Plant-44,CH-7989-231,7,7,0,2026-07-25T07:00:52+00:00,WH-01,pending,8
ORD-005936,Plant-36,IN-6268-734,47,14,0,2026-07-21T03:00:52+00:00,WH-02,in_progress,8
ORD-005937,Plant-35,PO-9587-2922,132,126,0,2026-07-20T17:00:52+00:00,WH-01,in_progress,1
ORD-005938,Plant-41,PO-5383-3427,90,69,0,2026-07-26T04:00:52+00:00,WH-01,pending,1
ORD-005939,Plant-12,FL-2784-2173,86,52,0,2026-07-21T18:00:52+00:00,WH-01,completed,4
ORD-005940,Plant-33,CH-7862-1351,121,117,0,2026-07-21T21:00:52+00:00,WH-01,pending,10
ORD-005941,Plant-35,FL-9341-4694,81,57,0,2026-07-26T02:00:52+00:00,WH-02,in_progress,6
ORD-005942,Plant-35,CH-6643-1219,17,10,0,2026-07-23T07:00:52+00:00,WH-02,pending,10
ORD-005943,Plant-21,EL-1091-2014,84,81,0,2026-07-24T15:00:52+00:00,WH-01,completed,10
ORD-005944,Plant-30,EL-1063-1944,96,54,0,2026-07-20T07:00:52+00:00,WH-02,pending,5
ORD-005945,Plant-32,EL-5930-1304,18,18,0,2026-07-23T14:00:52+00:00,WH-02,pending,9
ORD-005946,Plant-08,EL-3374-4576,106,72,0,2026-07-20T01:00:52+00:00,WH-02,completed,2
ORD-005947,Plant-44,CH-7206-976,82,19,0,2026-07-21T11:00:52+00:00,WH-02,pending,9
ORD-005948,Plant-35,PO-9169-3557,13,0,0,2026-07-24T10:00:52+00:00,WH-02,pending,10
ORD-005949,Plant-42,CH-4425-1968,33,17,0,2026-07-20T07:00:52+00:00,WH-02,in_progress,6
ORD-005950,Plant-05,PO-4356-139,69,9,0,2026-07-22T14:00:52+00:00,WH-02,completed,2
ORD-005951,Plant-44,CH-1042-1177,143,28,0,2026-07-22T00:00:52+00:00,WH-02,completed,10
ORD-005952,Plant-48,FL-6246-1918,36,29,0,2026-07-25T23:00:52+00:00,WH-02,in_progress,10
ORD-005953,Plant-22,FL-9372-3904,130,49,0,2026-07-21T15:00:52+00:00,WH-02,pending,8
ORD-005954,Plant-24,IN-1141-2264,89,66,0,2026-07-23T06:00:52+00:00,WH-01,pending,5
ORD-005955,Plant-34,FL-6110-4258,9,3,0,2026-07-21T16:00:52+00:00,WH-02,pending,4
ORD-005956,Plant-29,FL-7826-3374,79,23,0,2026-07-26T06:00:52+00:00,WH-01,completed,1
ORD-005957,Plant-03,FL-8298-2763,30,26,0,2026-07-23T01:00:52+00:00,WH-01,in_progress,7
ORD-005958,Plant-05,CH-6801-4193,35,18,0,2026-07-24T06:00:52+00:00,WH-01,completed,1
ORD-005959,Plant-37,FL-2368-4906,127,63,0,2026-07-25T17:00:52+00:00,WH-02,in_progress,5
ORD-005960,Plant-48,CH-2419-3802,113,98,0,2026-07-19T21:00:52+00:00,WH-02,in_progress,7
ORD-005961,Plant-22,IN-1899-1332,18,12,0,2026-07-26T05:00:52+00:00,WH-01,in_progress,2
ORD-005962,Plant-35,FL-3835-441,138,66,0,2026-07-24T03:00:52+00:00,WH-01,pending,10
ORD-005963,Plant-32,PO-7295-4654,75,53,0,2026-07-21T12:00:52+00:00,WH-01,pending,9
ORD-005964,Plant-34,FL-3962-4004,13,9,0,2026-07-24T06:00:52+00:00,WH-01,completed,2
ORD-005965,Plant-01,IN-6621-1999,55,8,0,2026-07-22T22:00:52+00:00,WH-02,completed,2
ORD-005966,Plant-26,CH-1821-2017,104,77,0,2026-07-21T09:00:52+00:00,WH-01,completed,5
ORD-005967,Plant-27,IN-4092-518,10,7,0,2026-07-21T00:00:52+00:00,WH-01,completed,2
ORD-005968,Plant-28,EL-5922-4049,14,3,0,2026-07-23T04:00:52+00:00,WH-01,pending,6
ORD-005969,Plant-18,CH-5003-3888,66,56,0,2026-07-24T04:00:52+00:00,WH-02,completed,8
ORD-005970,Plant-03,EL-8139-1755,92,21,0,2026-07-22T23:00:52+00:00,WH-02,in_progress,2
ORD-005971,Plant-46,PO-4775-4042,66,62,0,2026-07-22T16:00:52+00:00,WH-02,pending,10
ORD-005972,Plant-20,EL-2058-2625,72,13,0,2026-07-23T19:00:52+00:00,WH-02,in_progress,7
ORD-005973,Plant-31,FL-3462-1295,116,92,0,2026-07-26T03:00:52+00:00,WH-01,pending,7
ORD-005974,Plant-19,PO-6845-2090,80,56,0,2026-07-22T20:00:52+00:00,WH-02,pending,2
ORD-005975,Plant-09,PO-2682-4204,53,5,0,2026-07-26T09:00:52+00:00,WH-01,in_progress,2
ORD-005976,Plant-44,CH-7353-244,92,70,0,2026-07-23T16:00:52+00:00,WH-01,in_progress,3
ORD-005977,Plant-04,FL-7905-1892,19,7,0,2026-07-22T03:00:52+00:00,WH-01,completed,5
ORD-005978,Plant-09,PO-4014-293,25,19,0,2026-07-23T09:00:52+00:00,WH-01,pending,8
ORD-005979,Plant-37,IN-7487-1218,106,36,0,2026-07-20T21:00:52+00:00,WH-02,pending,8
ORD-005980,Plant-41,IN-9975-4557,71,53,0,2026-07-21T07:00:52+00:00,WH-02,in_progress,3
ORD-005981,Plant-38,PO-1332-3019,94,87,0,2026-07-22T16:00:52+00:00,WH-01,completed,7
ORD-005982,Plant-08,IN-4743-1056,64,60,0,2026-07-26T03:00:52+00:00,WH-02,completed,10
ORD-005983,Plant-03,CH-4961-087,149,34,0,2026-07-23T13:00:52+00:00,WH-01,pending,2
ORD-005984,Plant-09,IN-2510-3753,85,56,0,2026-07-24T22:00:52+00:00,WH-01,completed,4
ORD-005985,Plant-22,FL-3581-3078,91,49,0,2026-07-23T14:00:52+00:00,WH-02,in_progress,3
ORD-005986,Plant-43,FL-7013-2950,72,1,0,2026-07-23T08:00:52+00:00,WH-02,pending,1
ORD-005987,Plant-07,IN-6127-2274,21,2,0,2026-07-24T21:00:52+00:00,WH-01,in_progress,7
ORD-005988,Plant-32,PO-2197-1712,138,80,0,2026-07-25T02:00:52+00:00,WH-01,completed,4
ORD-005989,Plant-35,PO-2902-2193,113,91,0,2026-07-25T05:00:52+00:00,WH-02,completed,8
ORD-005990,Plant-29,PO-9434-3543,51,25,0,2026-07-22T11:00:52+00:00,WH-01,pending,9
ORD-005991,Plant-01,FL-8692-2956,62,14,0,2026-07-22T20:00:52+00:00,WH-02,completed,9
ORD-005992,Plant-38,EL-5123-811,137,30,0,2026-07-23T01:00:52+00:00,WH-02,pending,10
ORD-005993,Plant-18,EL-9058-2711,32,15,0,2026-07-21T19:00:52+00:00,WH-01,completed,6
ORD-005994,Plant-17,PO-1397-1979,37,31,0,2026-07-20T23:00:52+00:00,WH-02,in_progress,10
ORD-005995,Plant-07,EL-9341-3968,80,77,0,2026-07-20T08:00:52+00:00,WH-01,in_progress,3
ORD-005996,Plant-01,CH-3886-967,18,14,0,2026-07-24T23:00:52+00:00,WH-01,in_progress,8
ORD-005997,Plant-40,FL-8477-2248,144,66,0,2026-07-20T08:00:52+00:00,WH-02,in_progress,9
ORD-005998,Plant-10,FL-7204-2032,146,40,0,2026-07-26T15:00:52+00:00,WH-02,pending,10
ORD-005999,Plant-13,IN-4909-1646,56,27,0,2026-07-24T11:00:52+00:00,WH-02,in_progress,6
ORD-006000,Plant-34,EL-9574-1820,33,14,0,2026-07-23T23:00:52+00:00,WH-01,pending,7
ORD-006001,Plant-08,IN-6350-3537,41,15,0,2026-07-25T23:00:52+00:00,WH-02,in_progress,4
ORD-006002,Plant-28,EL-9921-549,74,71,0,2026-07-23T22:00:52+00:00,WH-01,completed,10
ORD-006003,Plant-06,CH-7534-847,81,52,0,2026-07-26T07:00:52+00:00,WH-01,pending,1
ORD-006004,Plant-03,FL-7891-1893,131,2,0,2026-07-25T05:00:52+00:00,WH-01,completed,4
ORD-006005,Plant-08,IN-9721-4100,104,100,0,2026-07-19T20:00:52+00:00,WH-02,pending,5
ORD-006006,Plant-07,FL-1142-084,53,21,0,2026-07-24T17:00:52+00:00,WH-02,pending,10
ORD-006007,Plant-04,PO-4054-4295,43,15,0,2026-07-24T10:00:52+00:00,WH-02,pending,6
ORD-006008,Plant-13,IN-6330-2147,56,45,0,2026-07-20T09:00:52+00:00,WH-02,pending,10
ORD-006009,Plant-15,CH-3729-2988,63,50,0,2026-07-21T14:00:52+00:00,WH-02,in_progress,5
ORD-006010,Plant-47,CH-1899-1111,141,81,0,2026-07-24T23:00:52+00:00,WH-02,pending,4
ORD-006011,Plant-29,FL-2166-209,60,54,0,2026-07-23T14:00:52+00:00,WH-02,pending,4
ORD-006012,Plant-11,CH-6530-1523,107,92,0,2026-07-25T09:00:52+00:00,WH-02,in_progress,9
ORD-006013,Plant-40,PO-4111-4175,35,2,0,2026-07-26T17:00:52+00:00,WH-02,completed,10
ORD-006014,Plant-17,PO-1299-2295,127,84,0,2026-07-23T17:00:52+00:00,WH-01,pending,4
ORD-006015,Plant-04,IN-2876-3030,39,36,0,2026-07-25T14:00:52+00:00,WH-01,pending,10
ORD-006016,Plant-34,PO-4030-1558,94,1,0,2026-07-23T01:00:52+00:00,WH-01,pending,1
ORD-006017,Plant-02,FL-4883-975,90,73,0,2026-07-23T14:00:52+00:00,WH-02,pending,5
ORD-006018,Plant-14,PO-8191-1073,61,19,0,2026-07-25T00:00:52+00:00,WH-01,pending,2
ORD-006019,Plant-26,EL-6627-2938,50,29,0,2026-07-25T15:00:52+00:00,WH-01,completed,9
ORD-006020,Plant-21,IN-9508-1642,109,71,0,2026-07-23T16:00:52+00:00,WH-02,pending,6
ORD-006021,Plant-29,IN-9346-2535,118,67,0,2026-07-21T02:00:52+00:00,WH-01,pending,6
ORD-006022,Plant-27,IN-3301-4456,103,3,0,2026-07-22T04:00:52+00:00,WH-02,in_progress,6
ORD-006023,Plant-15,PO-1578-1873,26,6,0,2026-07-20T12:00:52+00:00,WH-02,completed,4
ORD-006024,Plant-13,FL-8674-1833,14,12,0,2026-07-21T16:00:52+00:00,WH-01,completed,4
ORD-006025,Plant-38,CH-7792-4423,132,34,0,2026-07-20T04:00:52+00:00,WH-02,in_progress,5
ORD-006026,Plant-24,IN-7953-1730,24,22,0,2026-07-25T22:00:52+00:00,WH-02,in_progress,2
ORD-006027,Plant-30,EL-2850-1710,69,55,0,2026-07-26T09:00:52+00:00,WH-01,pending,2
ORD-006028,Plant-14,FL-8889-1287,23,5,0,2026-07-26T03:00:52+00:00,WH-02,in_progress,10
ORD-006029,Plant-01,CH-6841-722,135,79,0,2026-07-21T14:00:52+00:00,WH-02,completed,1
ORD-006030,Plant-27,CH-1784-1581,51,32,0,2026-07-19T18:00:52+00:00,WH-01,completed,6
ORD-006031,Plant-41,EL-6056-3196,144,7,0,2026-07-25T13:00:52+00:00,WH-02,in_progress,1
ORD-006032,Plant-22,PO-4625-1170,26,23,0,2026-07-24T16:00:52+00:00,WH-01,pending,9
ORD-006033,Plant-09,FL-2406-4310,93,12,0,2026-07-20T13:00:52+00:00,WH-01,completed,9
ORD-006034,Plant-06,PO-8933-2337,119,109,0,2026-07-20T11:00:52+00:00,WH-01,completed,7
ORD-006035,Plant-12,IN-7214-1217,96,17,0,2026-07-25T00:00:52+00:00,WH-01,pending,5
ORD-006036,Plant-35,CH-2532-2579,57,14,0,2026-07-24T21:00:52+00:00,WH-01,in_progress,1
ORD-006037,Plant-23,PO-7426-475,75,29,0,2026-07-20T05:00:52+00:00,WH-02,completed,6
ORD-006038,Plant-29,EL-9828-3655,94,14,0,2026-07-22T23:00:52+00:00,WH-01,pending,3
ORD-006039,Plant-31,CH-4772-2805,68,47,0,2026-07-20T14:00:52+00:00,WH-01,in_progress,2
ORD-006040,Plant-24,IN-5958-547,37,7,0,2026-07-19T23:00:52+00:00,WH-01,in_progress,6
ORD-006041,Plant-40,EL-9490-1607,49,14,0,2026-07-23T05:00:52+00:00,WH-02,completed,3
ORD-006042,Plant-24,FL-9085-3174,35,18,0,2026-07-21T10:00:52+00:00,WH-01,completed,7
ORD-006043,Plant-06,EL-1631-1861,55,50,0,2026-07-24T00:00:52+00:00,WH-02,in_progress,9
ORD-006044,Plant-02,IN-6043-1257,119,98,0,2026-07-23T09:00:52+00:00,WH-01,in_progress,2
ORD-006045,Plant-35,CH-5168-1704,117,116,0,2026-07-23T12:00:52+00:00,WH-02,completed,3
ORD-006046,Plant-39,FL-4890-1324,140,20,0,2026-07-22T02:00:52+00:00,WH-01,pending,7
ORD-006047,Plant-16,FL-9628-4233,139,117,0,2026-07-26T07:00:52+00:00,WH-01,completed,3
ORD-006048,Plant-07,IN-6978-707,6,0,0,2026-07-23T09:00:52+00:00,WH-01,in_progress,9
ORD-006049,Plant-35,FL-9170-2311,72,29,0,2026-07-24T07:00:52+00:00,WH-01,in_progress,9
ORD-006050,Plant-48,FL-3717-4761,19,0,0,2026-07-25T04:00:52+00:00,WH-01,pending,4
ORD-006051,Plant-47,FL-6451-4959,118,10,0,2026-07-20T04:00:52+00:00,WH-02,completed,9
ORD-006052,Plant-17,EL-4721-112,6,1,0,2026-07-25T10:00:52+00:00,WH-02,pending,10
ORD-006053,Plant-34,CH-9680-2544,74,59,0,2026-07-22T23:00:52+00:00,WH-01,pending,6
ORD-006054,Plant-25,CH-4887-3768,84,8,0,2026-07-24T11:00:52+00:00,WH-01,in_progress,4
ORD-006055,Plant-01,IN-8850-476,83,6,0,2026-07-24T00:00:52+00:00,WH-01,completed,6
ORD-006056,Plant-29,EL-4724-1616,95,57,0,2026-07-22T00:00:52+00:00,WH-02,in_progress,4
ORD-006057,Plant-04,CH-4898-1400,9,7,0,2026-07-24T15:00:52+00:00,WH-01,completed,6
ORD-006058,Plant-19,CH-8571-4128,14,7,0,2026-07-25T12:00:52+00:00,WH-02,pending,8
ORD-006059,Plant-41,FL-5654-3091,57,4,0,2026-07-21T10:00:52+00:00,WH-02,in_progress,9
ORD-006060,Plant-38,FL-5102-2159,76,54,0,2026-07-25T03:00:52+00:00,WH-01,in_progress,7
ORD-006061,Plant-27,IN-5469-1838,9,4,0,2026-07-23T16:00:52+00:00,WH-01,in_progress,3
ORD-006062,Plant-21,CH-2233-1952,105,30,0,2026-07-23T02:00:52+00:00,WH-02,completed,8
ORD-006063,Plant-38,FL-1044-3106,105,9,0,2026-07-26T01:00:52+00:00,WH-01,pending,3
ORD-006064,Plant-10,CH-2571-889,51,51,0,2026-07-21T21:00:52+00:00,WH-01,completed,7
ORD-006065,Plant-20,CH-7509-2026,124,9,0,2026-07-23T06:00:52+00:00,WH-01,pending,9
ORD-006066,Plant-27,IN-8993-208,5,1,0,2026-07-26T12:00:52+00:00,WH-02,pending,9
ORD-006067,Plant-21,IN-2667-3536,75,28,0,2026-07-20T04:00:52+00:00,WH-02,in_progress,8
ORD-006068,Plant-40,CH-4348-995,28,7,0,2026-07-22T22:00:52+00:00,WH-01,completed,4
ORD-006069,Plant-38,PO-1303-1195,80,67,0,2026-07-20T14:00:52+00:00,WH-01,completed,8
ORD-006070,Plant-16,FL-3257-3584,36,17,0,2026-07-23T00:00:52+00:00,WH-01,completed,1
ORD-006071,Plant-09,EL-6449-2626,150,55,0,2026-07-25T21:00:52+00:00,WH-01,pending,4
ORD-006072,Plant-46,IN-4069-4377,33,7,0,2026-07-19T21:00:52+00:00,WH-01,completed,9
ORD-006073,Plant-36,EL-3115-1950,141,99,0,2026-07-26T03:00:52+00:00,WH-01,in_progress,9
ORD-006074,Plant-13,EL-1259-3305,14,9,0,2026-07-23T07:00:52+00:00,WH-01,pending,7
ORD-006075,Plant-08,FL-1132-2556,130,130,0,2026-07-22T19:00:52+00:00,WH-01,in_progress,4
ORD-006076,Plant-35,IN-6154-451,59,9,0,2026-07-22T09:00:52+00:00,WH-01,pending,4
ORD-006077,Plant-43,FL-8643-3047,131,52,0,2026-07-25T16:00:52+00:00,WH-02,pending,9
ORD-006078,Plant-24,EL-8730-4785,9,1,0,2026-07-22T20:00:52+00:00,WH-02,completed,6
ORD-006079,Plant-18,EL-1114-2578,115,34,0,2026-07-19T18:00:52+00:00,WH-01,pending,2
ORD-006080,Plant-03,EL-3992-1047,77,43,0,2026-07-21T06:00:52+00:00,WH-01,in_progress,2
ORD-006081,Plant-10,PO-1534-1178,99,33,0,2026-07-21T21:00:52+00:00,WH-01,completed,3
ORD-006082,Plant-01,FL-1775-371,101,100,0,2026-07-23T17:00:52+00:00,WH-02,in_progress,7
ORD-006083,Plant-07,EL-5751-1371,9,8,0,2026-07-24T07:00:52+00:00,WH-01,in_progress,7
ORD-006084,Plant-37,PO-2825-828,80,39,0,2026-07-23T22:00:52+00:00,WH-01,in_progress,5
ORD-006085,Plant-21,IN-5662-4192,110,25,0,2026-07-25T23:00:52+00:00,WH-01,pending,7
ORD-006086,Plant-40,FL-4300-464,135,113,0,2026-07-22T07:00:52+00:00,WH-02,in_progress,1
ORD-006087,Plant-34,FL-8848-1407,41,22,0,2026-07-20T09:00:52+00:00,WH-02,in_progress,5
ORD-006088,Plant-11,PO-2211-2641,39,5,0,2026-07-23T07:00:52+00:00,WH-01,in_progress,9
ORD-006089,Plant-14,PO-4804-1843,28,27,0,2026-07-20T21:00:52+00:00,WH-01,completed,10
ORD-006090,Plant-30,PO-3144-3544,24,14,0,2026-07-22T06:00:52+00:00,WH-02,completed,10
ORD-006091,Plant-27,PO-3332-2966,108,97,0,2026-07-19T22:00:52+00:00,WH-01,completed,7
ORD-006092,Plant-18,PO-2819-338,143,108,0,2026-07-25T13:00:52+00:00,WH-01,in_progress,1
ORD-006093,Plant-18,EL-8687-445,23,1,0,2026-07-21T21:00:52+00:00,WH-02,completed,4
ORD-006094,Plant-37,CH-9605-541,101,16,0,2026-07-22T09:00:52+00:00,WH-01,in_progress,8
ORD-006095,Plant-20,IN-6695-349,100,46,0,2026-07-21T21:00:52+00:00,WH-02,in_progress,1
ORD-006096,Plant-37,IN-1200-819,122,109,0,2026-07-23T13:00:52+00:00,WH-01,pending,7
ORD-006097,Plant-45,IN-2150-1396,145,5,0,2026-07-25T15:00:52+00:00,WH-02,in_progress,3
ORD-006098,Plant-13,EL-3702-631,89,13,0,2026-07-21T15:00:52+00:00,WH-02,pending,5
ORD-006099,Plant-34,FL-8322-198,135,106,0,2026-07-21T13:00:52+00:00,WH-01,in_progress,1
ORD-006100,Plant-01,FL-5479-4950,21,15,0,2026-07-22T09:00:52+00:00,WH-02,in_progress,6
ORD-006101,Plant-18,CH-2437-4148,114,5,0,2026-07-20T10:00:52+00:00,WH-02,pending,8
ORD-006102,Plant-32,EL-8780-074,108,40,0,2026-07-25T01:00:52+00:00,WH-01,in_progress,2
ORD-006103,Plant-37,IN-3170-2240,52,11,0,2026-07-21T11:00:52+00:00,WH-01,pending,6
ORD-006104,Plant-44,FL-4577-230,12,8,0,2026-07-23T02:00:52+00:00,WH-01,in_progress,9
ORD-006105,Plant-35,CH-4779-4882,44,12,0,2026-07-24T21:00:52+00:00,WH-02,completed,2
ORD-006106,Plant-30,EL-1520-748,48,38,0,2026-07-22T21:00:52+00:00,WH-01,pending,8
ORD-006107,Plant-18,FL-1618-318,94,10,0,2026-07-21T21:00:52+00:00,WH-01,pending,1
ORD-006108,Plant-35,FL-7926-3846,37,8,0,2026-07-24T02:00:52+00:00,WH-02,in_progress,8
ORD-006109,Plant-45,CH-7494-239,137,69,0,2026-07-24T18:00:52+00:00,WH-01,in_progress,6
ORD-006110,Plant-45,CH-7440-130,139,61,0,2026-07-22T10:00:52+00:00,WH-02,pending,6
ORD-006111,Plant-11,PO-6806-358,110,43,0,2026-07-22T07:00:52+00:00,WH-02,completed,10
ORD-006112,Plant-02,CH-2085-897,8,1,0,2026-07-21T08:00:52+00:00,WH-02,in_progress,10
ORD-006113,Plant-26,PO-4054-4295,34,34,0,2026-07-22T08:00:52+00:00,WH-02,in_progress,1
ORD-006114,Plant-19,PO-5349-055,70,13,0,2026-07-26T11:00:52+00:00,WH-02,pending,8
ORD-006115,Plant-21,IN-8811-1815,150,104,0,2026-07-23T09:00:52+00:00,WH-02,pending,3
ORD-006116,Plant-28,FL-9911-1936,29,5,0,2026-07-26T13:00:52+00:00,WH-01,completed,10
ORD-006117,Plant-30,FL-1414-2849,137,71,0,2026-07-23T11:00:52+00:00,WH-02,pending,3
ORD-006118,Plant-18,FL-4721-3969,143,65,0,2026-07-24T03:00:52+00:00,WH-01,completed,1
ORD-006119,Plant-20,CH-1344-342,74,25,0,2026-07-24T02:00:52+00:00,WH-01,pending,4
ORD-006120,Plant-41,EL-5742-1827,18,8,0,2026-07-23T09:00:52+00:00,WH-01,pending,8
ORD-006121,Plant-29,EL-3643-117,115,40,0,2026-07-24T09:00:52+00:00,WH-02,completed,4
ORD-006122,Plant-13,CH-4893-217,56,10,0,2026-07-22T15:00:52+00:00,WH-01,pending,10
ORD-006123,Plant-43,EL-2200-3561,126,74,0,2026-07-26T01:00:52+00:00,WH-02,completed,9
ORD-006124,Plant-16,EL-1110-1173,61,58,0,2026-07-24T09:00:52+00:00,WH-02,completed,10
ORD-006125,Plant-22,EL-6752-4256,97,27,0,2026-07-26T11:00:52+00:00,WH-02,pending,3
ORD-006126,Plant-43,CH-1509-2044,32,8,0,2026-07-22T07:00:52+00:00,WH-02,pending,9
ORD-006127,Plant-44,EL-9369-704,6,6,0,2026-07-25T02:00:52+00:00,WH-02,in_progress,1
ORD-006128,Plant-46,CH-2131-4745,135,22,0,2026-07-20T00:00:52+00:00,WH-02,completed,2
ORD-006129,Plant-21,FL-8951-021,123,109,0,2026-07-20T12:00:52+00:00,WH-02,pending,1
ORD-006130,Plant-34,PO-5018-1141,136,136,0,2026-07-24T09:00:52+00:00,WH-02,in_progress,2
ORD-006131,Plant-14,PO-3574-2604,80,50,0,2026-07-22T08:00:52+00:00,WH-02,completed,2
ORD-006132,Plant-06,IN-3513-2865,108,30,0,2026-07-20T23:00:52+00:00,WH-02,completed,6
ORD-006133,Plant-25,EL-6627-2938,48,33,0,2026-07-22T22:00:52+00:00,WH-01,pending,2
ORD-006134,Plant-08,FL-5150-599,50,36,0,2026-07-23T09:00:52+00:00,WH-02,pending,8
ORD-006135,Plant-42,FL-3623-2985,48,28,0,2026-07-24T09:00:52+00:00,WH-02,completed,9
ORD-006136,Plant-29,FL-4400-1731,17,10,0,2026-07-26T06:00:52+00:00,WH-01,in_progress,6
ORD-006137,Plant-17,IN-2285-3756,132,129,0,2026-07-26T17:00:52+00:00,WH-02,in_progress,9
ORD-006138,Plant-04,FL-7441-3110,19,14,0,2026-07-20T01:00:52+00:00,WH-02,pending,10
ORD-006139,Plant-13,EL-8706-4060,20,1,0,2026-07-20T01:00:52+00:00,WH-01,completed,7
ORD-006140,Plant-14,FL-8087-193,81,40,0,2026-07-26T16:00:52+00:00,WH-01,pending,10
ORD-006141,Plant-30,IN-4753-2563,118,77,0,2026-07-21T19:00:52+00:00,WH-02,in_progress,3
ORD-006142,Plant-01,EL-2609-1676,69,36,0,2026-07-23T00:00:52+00:00,WH-01,completed,6
ORD-006143,Plant-18,CH-5500-1737,32,13,0,2026-07-23T08:00:52+00:00,WH-01,pending,6
ORD-006144,Plant-27,PO-3144-3544,111,32,0,2026-07-20T01:00:52+00:00,WH-02,pending,2
ORD-006145,Plant-05,FL-2554-2894,56,15,0,2026-07-20T09:00:52+00:00,WH-02,in_progress,6
ORD-006146,Plant-11,PO-9369-4587,145,117,0,2026-07-25T09:00:52+00:00,WH-01,pending,8
ORD-006147,Plant-16,PO-7898-3198,29,1,0,2026-07-20T07:00:52+00:00,WH-01,completed,7
ORD-006148,Plant-40,PO-5543-1343,32,1,0,2026-07-24T13:00:52+00:00,WH-01,pending,3
ORD-006149,Plant-02,FL-7960-681,91,14,0,2026-07-24T12:00:52+00:00,WH-02,pending,3
ORD-006150,Plant-08,CH-5041-1549,109,36,0,2026-07-21T21:00:52+00:00,WH-01,pending,5
ORD-006151,Plant-17,IN-7466-2365,10,1,0,2026-07-20T03:00:52+00:00,WH-01,completed,5
ORD-006152,Plant-37,PO-6583-4893,55,51,0,2026-07-22T16:00:52+00:00,WH-02,pending,6
ORD-006153,Plant-42,FL-2189-3767,112,101,0,2026-07-22T15:00:52+00:00,WH-02,in_progress,10
ORD-006154,Plant-02,IN-5440-3704,13,5,0,2026-07-21T17:00:52+00:00,WH-02,in_progress,4
ORD-006155,Plant-41,IN-6003-341,36,13,0,2026-07-22T18:00:52+00:00,WH-02,in_progress,6
ORD-006156,Plant-06,FL-5782-795,86,40,0,2026-07-21T04:00:52+00:00,WH-01,completed,2
ORD-006157,Plant-37,EL-3946-2305,131,93,0,2026-07-22T01:00:52+00:00,WH-02,in_progress,1
ORD-006158,Plant-04,EL-2579-564,140,45,0,2026-07-20T17:00:52+00:00,WH-02,pending,10
ORD-006159,Plant-37,CH-8757-3448,40,21,0,2026-07-25T17:00:52+00:00,WH-01,in_progress,10
ORD-006160,Plant-11,EL-2298-4489,21,13,0,2026-07-23T17:00:52+00:00,WH-02,pending,5
ORD-006161,Plant-45,EL-4741-4384,43,31,0,2026-07-23T16:00:52+00:00,WH-02,pending,2
ORD-006162,Plant-48,EL-7425-2628,133,6,0,2026-07-24T15:00:52+00:00,WH-02,in_progress,2
ORD-006163,Plant-14,EL-8903-4289,76,23,0,2026-07-25T21:00:52+00:00,WH-02,pending,6
ORD-006164,Plant-31,PO-3118-896,140,38,0,2026-07-20T21:00:52+00:00,WH-02,completed,6
ORD-006165,Plant-16,EL-9749-4434,126,67,0,2026-07-23T02:00:52+00:00,WH-02,in_progress,8
ORD-006166,Plant-34,FL-3783-2586,97,28,0,2026-07-23T02:00:52+00:00,WH-02,pending,5
ORD-006167,Plant-17,CH-3534-3819,46,17,0,2026-07-20T19:00:52+00:00,WH-02,pending,5
ORD-006168,Plant-06,PO-9409-3211,74,4,0,2026-07-23T13:00:52+00:00,WH-02,in_progress,3
ORD-006169,Plant-48,PO-2621-1585,131,104,0,2026-07-26T03:00:52+00:00,WH-01,pending,1
ORD-006170,Plant-31,PO-6278-714,74,43,0,2026-07-25T03:00:52+00:00,WH-01,in_progress,7
ORD-006171,Plant-18,EL-1448-861,22,2,0,2026-07-23T16:00:52+00:00,WH-01,completed,10
ORD-006172,Plant-31,FL-8643-3047,89,47,0,2026-07-23T00:00:52+00:00,WH-01,completed,7
ORD-006173,Plant-22,EL-5938-1275,21,12,0,2026-07-20T12:00:52+00:00,WH-01,completed,9
ORD-006174,Plant-47,PO-8891-2497,104,8,0,2026-07-24T01:00:52+00:00,WH-02,in_progress,3
ORD-006175,Plant-26,IN-1141-2264,48,5,0,2026-07-22T18:00:52+00:00,WH-01,pending,3
ORD-006176,Plant-01,PO-4987-928,5,0,0,2026-07-24T04:00:52+00:00,WH-01,pending,3
ORD-006177,Plant-07,CH-3354-3794,135,28,0,2026-07-25T14:00:52+00:00,WH-01,pending,2
ORD-006178,Plant-04,FL-2852-1213,75,41,0,2026-07-22T02:00:52+00:00,WH-01,pending,9
ORD-006179,Plant-38,PO-1752-3822,122,89,0,2026-07-22T19:00:52+00:00,WH-01,pending,2
ORD-006180,Plant-47,EL-6389-3462,50,30,0,2026-07-26T10:00:52+00:00,WH-02,in_progress,8
ORD-006181,Plant-29,IN-1122-1187,133,129,0,2026-07-24T00:00:52+00:00,WH-02,in_progress,9
ORD-006182,Plant-19,CH-3152-3981,19,12,0,2026-07-23T07:00:52+00:00,WH-02,pending,8
ORD-006183,Plant-09,CH-7925-468,57,5,0,2026-07-20T06:00:52+00:00,WH-01,pending,5
ORD-006184,Plant-05,FL-7996-4532,50,26,0,2026-07-23T15:00:52+00:00,WH-02,pending,2
ORD-006185,Plant-33,IN-4309-3577,47,42,0,2026-07-24T23:00:52+00:00,WH-02,in_progress,9
ORD-006186,Plant-30,FL-5810-4760,58,17,0,2026-07-23T15:00:52+00:00,WH-02,in_progress,4
ORD-006187,Plant-46,FL-3446-4964,142,50,0,2026-07-24T14:00:52+00:00,WH-01,in_progress,9
ORD-006188,Plant-25,FL-9794-1779,86,21,0,2026-07-22T15:00:52+00:00,WH-02,pending,9
ORD-006189,Plant-34,IN-7074-2294,64,18,0,2026-07-25T16:00:52+00:00,WH-02,completed,9
ORD-006190,Plant-20,PO-3702-2377,40,35,0,2026-07-25T04:00:52+00:00,WH-01,completed,9
ORD-006191,Plant-09,PO-1891-4685,37,37,0,2026-07-25T14:00:52+00:00,WH-01,pending,4
ORD-006192,Plant-36,FL-8966-1458,149,148,0,2026-07-22T09:00:52+00:00,WH-02,completed,2
ORD-006193,Plant-44,IN-9080-486,68,45,0,2026-07-24T03:00:52+00:00,WH-01,pending,5
ORD-006194,Plant-31,IN-5050-457,27,18,0,2026-07-26T16:00:52+00:00,WH-02,in_progress,10
ORD-006195,Plant-10,EL-7718-659,71,42,0,2026-07-23T01:00:52+00:00,WH-02,completed,8
ORD-006196,Plant-05,IN-9111-4635,68,43,0,2026-07-20T09:00:52+00:00,WH-02,in_progress,10
ORD-006197,Plant-30,CH-8902-4971,21,10,0,2026-07-22T00:00:52+00:00,WH-01,pending,4
ORD-006198,Plant-17,FL-5329-1543,122,9,0,2026-07-22T05:00:52+00:00,WH-02,pending,8
ORD-006199,Plant-36,IN-8448-2871,114,20,0,2026-07-23T21:00:52+00:00,WH-01,completed,8
ORD-006200,Plant-42,CH-1066-3830,96,6,0,2026-07-21T11:00:52+00:00,WH-01,completed,3
ORD-006201,Plant-45,FL-5407-695,44,19,0,2026-07-20T23:00:52+00:00,WH-01,completed,4
ORD-006202,Plant-10,EL-9012-3103,144,101,0,2026-07-25T02:00:52+00:00,WH-02,pending,2
ORD-006203,Plant-40,PO-9922-3898,119,108,0,2026-07-23T17:00:52+00:00,WH-02,completed,4
ORD-006204,Plant-04,CH-9021-1315,74,3,0,2026-07-20T16:00:52+00:00,WH-01,in_progress,10
ORD-006205,Plant-45,IN-8676-1066,82,2,0,2026-07-25T00:00:52+00:00,WH-02,completed,7
ORD-006206,Plant-48,EL-1418-1719,108,108,0,2026-07-24T00:00:52+00:00,WH-01,pending,5
ORD-006207,Plant-30,CH-9448-3745,15,14,0,2026-07-26T01:00:52+00:00,WH-01,pending,1
ORD-006208,Plant-09,CH-9719-2349,41,26,0,2026-07-26T18:00:52+00:00,WH-01,completed,10
ORD-006209,Plant-46,CH-9591-005,67,24,0,2026-07-25T09:00:52+00:00,WH-02,in_progress,5
ORD-006210,Plant-30,CH-1155-2687,52,16,0,2026-07-21T13:00:52+00:00,WH-01,completed,3
ORD-006211,Plant-34,PO-4736-990,55,38,0,2026-07-21T08:00:52+00:00,WH-02,pending,4
ORD-006212,Plant-27,FL-9582-1694,41,40,0,2026-07-19T19:00:52+00:00,WH-02,in_progress,3
ORD-006213,Plant-42,PO-6168-4770,122,112,0,2026-07-20T17:00:52+00:00,WH-02,completed,2
ORD-006214,Plant-17,CH-7998-1751,102,23,0,2026-07-25T19:00:52+00:00,WH-01,completed,3
ORD-006215,Plant-15,IN-2603-2207,78,45,0,2026-07-21T23:00:52+00:00,WH-02,pending,9
ORD-006216,Plant-06,PO-6811-4483,76,41,0,2026-07-24T13:00:52+00:00,WH-02,in_progress,7
ORD-006217,Plant-02,PO-4061-1575,10,0,0,2026-07-22T13:00:52+00:00,WH-02,completed,7
ORD-006218,Plant-06,FL-8889-1287,43,33,0,2026-07-23T11:00:52+00:00,WH-01,completed,5
ORD-006219,Plant-27,EL-7382-678,150,50,0,2026-07-26T01:00:52+00:00,WH-01,completed,1
ORD-006220,Plant-09,IN-1789-3685,6,6,0,2026-07-22T13:00:52+00:00,WH-01,pending,9
ORD-006221,Plant-14,IN-3218-2690,98,60,0,2026-07-21T02:00:52+00:00,WH-02,pending,10
ORD-006222,Plant-42,IN-3886-1367,128,126,0,2026-07-20T16:00:52+00:00,WH-02,in_progress,4
ORD-006223,Plant-30,FL-9458-3889,72,37,0,2026-07-24T05:00:52+00:00,WH-01,pending,10
ORD-006224,Plant-34,EL-2734-4406,57,47,0,2026-07-25T07:00:52+00:00,WH-02,completed,7
ORD-006225,Plant-46,CH-5732-862,123,65,0,2026-07-20T21:00:52+00:00,WH-02,completed,1
ORD-006226,Plant-04,EL-8212-2890,80,31,0,2026-07-23T14:00:52+00:00,WH-02,in_progress,3
ORD-006227,Plant-47,PO-1847-328,99,3,0,2026-07-21T12:00:52+00:00,WH-01,completed,6
ORD-006228,Plant-06,FL-5152-4185,41,18,0,2026-07-21T06:00:52+00:00,WH-01,in_progress,1
ORD-006229,Plant-26,FL-5439-1896,74,46,0,2026-07-20T21:00:52+00:00,WH-02,in_progress,1
ORD-006230,Plant-04,CH-2960-378,112,82,0,2026-07-22T11:00:52+00:00,WH-02,in_progress,5
ORD-006231,Plant-30,PO-1693-4044,86,18,0,2026-07-26T02:00:52+00:00,WH-01,in_progress,2
ORD-006232,Plant-24,PO-8098-3186,150,66,0,2026-07-25T05:00:52+00:00,WH-02,completed,7
ORD-006233,Plant-32,PO-7539-2991,143,137,0,2026-07-23T14:00:52+00:00,WH-01,in_progress,3
ORD-006234,Plant-26,IN-8589-2401,58,37,0,2026-07-25T09:00:52+00:00,WH-02,completed,9
ORD-006235,Plant-35,EL-4221-2180,85,80,0,2026-07-24T02:00:52+00:00,WH-01,pending,1
ORD-006236,Plant-10,PO-4727-4348,125,46,0,2026-07-24T01:00:52+00:00,WH-02,completed,9
ORD-006237,Plant-38,CH-4293-2040,84,13,0,2026-07-25T03:00:52+00:00,WH-01,completed,3
ORD-006238,Plant-25,IN-1909-744,35,16,0,2026-07-26T15:00:52+00:00,WH-02,pending,4
ORD-006239,Plant-04,IN-6794-392,77,70,0,2026-07-19T21:00:52+00:00,WH-01,completed,4
ORD-006240,Plant-30,CH-5456-3457,117,79,0,2026-07-20T08:00:52+00:00,WH-01,in_progress,7
ORD-006241,Plant-10,EL-6224-1513,80,45,0,2026-07-21T12:00:52+00:00,WH-01,completed,5
ORD-006242,Plant-11,FL-9989-2298,128,105,0,2026-07-22T15:00:52+00:00,WH-02,completed,7
ORD-006243,Plant-39,PO-8398-2344,107,13,0,2026-07-20T09:00:52+00:00,WH-01,completed,8
ORD-006244,Plant-23,EL-8214-4818,98,56,0,2026-07-24T01:00:52+00:00,WH-02,in_progress,10
ORD-006245,Plant-41,CH-1605-3807,15,5,0,2026-07-23T07:00:52+00:00,WH-02,completed,8
ORD-006246,Plant-12,IN-4522-1589,103,51,0,2026-07-23T10:00:52+00:00,WH-01,in_progress,3
ORD-006247,Plant-19,IN-2259-3591,44,34,0,2026-07-24T21:00:52+00:00,WH-01,pending,4
ORD-006248,Plant-38,EL-5443-294,80,15,0,2026-07-26T16:00:52+00:00,WH-01,in_progress,2
ORD-006249,Plant-12,FL-6145-4414,40,24,0,2026-07-23T15:00:52+00:00,WH-01,pending,8
ORD-006250,Plant-29,EL-2098-3564,25,25,0,2026-07-25T18:00:52+00:00,WH-01,pending,7
ORD-006251,Plant-41,EL-2195-2136,90,71,0,2026-07-23T05:00:52+00:00,WH-01,in_progress,2
ORD-006252,Plant-38,IN-4309-3577,146,51,0,2026-07-20T17:00:52+00:00,WH-01,pending,9
ORD-006253,Plant-46,PO-1666-3773,32,27,0,2026-07-25T09:00:52+00:00,WH-02,completed,10
ORD-006254,Plant-38,CH-4602-1277,36,29,0,2026-07-21T05:00:52+00:00,WH-01,pending,6
ORD-006255,Plant-22,EL-1155-4067,59,46,0,2026-07-24T03:00:52+00:00,WH-02,pending,6
ORD-006256,Plant-23,CH-5640-194,37,11,0,2026-07-21T17:00:52+00:00,WH-02,pending,5
ORD-006257,Plant-42,EL-4039-802,131,108,0,2026-07-22T22:00:52+00:00,WH-01,in_progress,9
ORD-006258,Plant-17,PO-9673-2720,43,32,0,2026-07-26T06:00:52+00:00,WH-01,in_progress,5
ORD-006259,Plant-48,IN-3427-996,63,31,0,2026-07-22T21:00:52+00:00,WH-02,completed,4
ORD-006260,Plant-36,PO-1846-1001,98,36,0,2026-07-24T22:00:52+00:00,WH-01,pending,10
ORD-006261,Plant-44,CH-3695-4144,19,4,0,2026-07-22T16:00:52+00:00,WH-02,in_progress,10
ORD-006262,Plant-19,PO-5991-1135,136,15,0,2026-07-23T18:00:52+00:00,WH-01,completed,10
ORD-006263,Plant-47,CH-1939-3413,145,28,0,2026-07-23T11:00:52+00:00,WH-02,completed,9
ORD-006264,Plant-33,PO-3658-4642,27,4,0,2026-07-25T22:00:52+00:00,WH-02,pending,7
ORD-006265,Plant-09,FL-2166-209,29,21,0,2026-07-25T22:00:52+00:00,WH-01,in_progress,10
ORD-006266,Plant-12,FL-6295-3785,139,17,0,2026-07-20T09:00:52+00:00,WH-01,pending,10
ORD-006267,Plant-01,FL-4201-1029,64,30,0,2026-07-23T20:00:52+00:00,WH-02,pending,8
ORD-006268,Plant-02,FL-2126-3164,124,77,0,2026-07-21T00:00:52+00:00,WH-02,in_progress,5
ORD-006269,Plant-46,IN-2087-3862,94,5,0,2026-07-21T16:00:52+00:00,WH-01,completed,2
ORD-006270,Plant-12,EL-7291-3173,83,51,0,2026-07-26T05:00:52+00:00,WH-02,in_progress,4
ORD-006271,Plant-01,FL-5044-2571,27,2,0,2026-07-25T00:00:52+00:00,WH-01,in_progress,9
ORD-006272,Plant-14,FL-9119-4481,67,19,0,2026-07-24T12:00:52+00:00,WH-02,completed,3
ORD-006273,Plant-10,PO-2399-1040,146,130,0,2026-07-25T16:00:52+00:00,WH-02,pending,1
ORD-006274,Plant-45,FL-5988-1660,148,43,0,2026-07-23T17:00:52+00:00,WH-02,pending,7
ORD-006275,Plant-36,EL-5926-1606,125,118,0,2026-07-24T00:00:52+00:00,WH-02,in_progress,2
ORD-006276,Plant-25,PO-1304-2670,9,1,0,2026-07-22T06:00:52+00:00,WH-01,completed,5
ORD-006277,Plant-23,IN-2704-3397,16,13,0,2026-07-24T02:00:52+00:00,WH-01,completed,6
ORD-006278,Plant-21,IN-1703-3958,37,20,0,2026-07-21T05:00:52+00:00,WH-02,in_progress,9
ORD-006279,Plant-03,IN-8673-1116,76,69,0,2026-07-20T06:00:52+00:00,WH-01,pending,10
ORD-006280,Plant-08,CH-9590-760,134,77,0,2026-07-23T23:00:52+00:00,WH-01,pending,2
ORD-006281,Plant-43,CH-1344-1416,134,87,0,2026-07-24T20:00:52+00:00,WH-02,in_progress,4
ORD-006282,Plant-41,CH-2648-2715,10,1,0,2026-07-26T15:00:52+00:00,WH-02,pending,4
ORD-006283,Plant-29,EL-1963-2916,131,56,0,2026-07-24T06:00:52+00:00,WH-01,pending,7
ORD-006284,Plant-18,CH-6163-2808,23,7,0,2026-07-24T22:00:52+00:00,WH-02,in_progress,4
ORD-006285,Plant-32,CH-8237-3112,34,14,0,2026-07-20T05:00:52+00:00,WH-01,pending,1
ORD-006286,Plant-01,IN-8282-1459,22,22,0,2026-07-26T14:00:52+00:00,WH-01,in_progress,6
ORD-006287,Plant-32,EL-4190-1824,78,17,0,2026-07-26T06:00:52+00:00,WH-02,in_progress,4
ORD-006288,Plant-20,CH-7144-1316,141,114,0,2026-07-26T10:00:52+00:00,WH-02,completed,1
ORD-006289,Plant-46,CH-1063-1983,27,24,0,2026-07-24T13:00:52+00:00,WH-01,in_progress,5
ORD-006290,Plant-40,CH-4932-3571,48,34,0,2026-07-25T15:00:52+00:00,WH-02,pending,7
ORD-006291,Plant-05,EL-6249-3493,136,5,0,2026-07-24T23:00:52+00:00,WH-02,pending,8
ORD-006292,Plant-21,FL-9989-2298,49,4,0,2026-07-23T00:00:52+00:00,WH-02,completed,3
ORD-006293,Plant-20,PO-8723-3183,133,88,0,2026-07-20T17:00:52+00:00,WH-01,completed,10
ORD-006294,Plant-12,IN-4452-4319,33,25,0,2026-07-22T12:00:52+00:00,WH-01,completed,4
ORD-006295,Plant-43,FL-7295-3902,52,44,0,2026-07-26T08:00:52+00:00,WH-02,in_progress,9
ORD-006296,Plant-06,IN-1030-4773,60,7,0,2026-07-22T16:00:52+00:00,WH-01,in_progress,8
ORD-006297,Plant-16,CH-2635-1451,113,94,0,2026-07-21T10:00:52+00:00,WH-02,completed,6
ORD-006298,Plant-40,PO-3268-820,106,49,0,2026-07-21T16:00:52+00:00,WH-01,in_progress,1
ORD-006299,Plant-20,CH-2364-1757,108,42,0,2026-07-22T12:00:52+00:00,WH-02,in_progress,1
ORD-006300,Plant-24,EL-1215-4798,80,36,0,2026-07-24T16:00:52+00:00,WH-02,completed,2
ORD-006301,Plant-20,PO-8719-4390,132,13,0,2026-07-23T14:00:52+00:00,WH-01,pending,2
ORD-006302,Plant-37,EL-5692-3003,7,1,0,2026-07-21T12:00:52+00:00,WH-01,pending,5
ORD-006303,Plant-24,EL-4125-4309,20,0,0,2026-07-25T14:00:52+00:00,WH-02,pending,7
ORD-006304,Plant-48,FL-2289-4126,105,61,0,2026-07-23T23:00:52+00:00,WH-01,completed,6
ORD-006305,Plant-27,IN-1357-3308,137,12,0,2026-07-22T02:00:52+00:00,WH-01,completed,4
ORD-006306,Plant-41,CH-4562-2069,101,79,0,2026-07-24T18:00:52+00:00,WH-01,pending,7
ORD-006307,Plant-42,CH-6981-3597,32,13,0,2026-07-24T03:00:52+00:00,WH-01,pending,3
ORD-006308,Plant-42,CH-1931-1221,50,14,0,2026-07-22T18:00:52+00:00,WH-01,pending,1
ORD-006309,Plant-35,CH-1976-2334,46,37,0,2026-07-22T01:00:52+00:00,WH-01,pending,3
ORD-006310,Plant-03,EL-5279-3476,45,30,0,2026-07-23T07:00:52+00:00,WH-02,in_progress,6
ORD-006311,Plant-31,EL-5130-4586,23,4,0,2026-07-20T17:00:52+00:00,WH-02,completed,8
ORD-006312,Plant-18,PO-5342-2160,24,22,0,2026-07-23T06:00:52+00:00,WH-02,in_progress,4
ORD-006313,Plant-38,FL-3112-825,90,41,0,2026-07-22T14:00:52+00:00,WH-02,completed,10
ORD-006314,Plant-20,CH-2592-821,82,38,0,2026-07-25T08:00:52+00:00,WH-02,pending,10
ORD-006315,Plant-06,EL-5924-3629,145,41,0,2026-07-19T21:00:52+00:00,WH-02,completed,2
ORD-006316,Plant-29,PO-5845-4864,70,51,0,2026-07-25T03:00:52+00:00,WH-02,completed,4
ORD-006317,Plant-26,CH-7806-3073,42,23,0,2026-07-21T19:00:52+00:00,WH-02,completed,10
ORD-006318,Plant-48,IN-1772-3938,125,125,0,2026-07-22T00:00:52+00:00,WH-02,completed,1
ORD-006319,Plant-10,FL-2806-842,16,13,0,2026-07-26T02:00:52+00:00,WH-02,pending,4
ORD-006320,Plant-47,CH-4413-1935,5,3,0,2026-07-20T16:00:52+00:00,WH-02,in_progress,4
ORD-006321,Plant-03,PO-6110-752,107,14,0,2026-07-24T11:00:52+00:00,WH-02,completed,8
ORD-006322,Plant-03,FL-2928-1238,17,12,0,2026-07-26T15:00:52+00:00,WH-01,completed,1
ORD-006323,Plant-45,EL-6245-3787,22,3,0,2026-07-26T07:00:52+00:00,WH-02,pending,7
ORD-006324,Plant-19,EL-8104-838,30,24,0,2026-07-25T02:00:52+00:00,WH-01,completed,7
ORD-006325,Plant-22,PO-3998-2443,71,49,0,2026-07-21T14:00:52+00:00,WH-02,in_progress,3
ORD-006326,Plant-13,CH-2644-287,50,5,0,2026-07-20T18:00:52+00:00,WH-02,pending,2
ORD-006327,Plant-33,PO-4648-477,73,8,0,2026-07-25T02:00:52+00:00,WH-02,pending,3
ORD-006328,Plant-18,CH-7862-1351,19,3,0,2026-07-24T02:00:52+00:00,WH-02,in_progress,10
ORD-006329,Plant-33,EL-8762-365,46,17,0,2026-07-20T10:00:52+00:00,WH-01,in_progress,8
ORD-006330,Plant-46,FL-2279-3350,40,13,0,2026-07-24T07:00:52+00:00,WH-02,in_progress,4
ORD-006331,Plant-17,PO-6439-3887,139,5,0,2026-07-22T22:00:52+00:00,WH-02,in_progress,6
ORD-006332,Plant-18,CH-5732-862,67,25,0,2026-07-24T17:00:52+00:00,WH-01,in_progress,10
ORD-006333,Plant-29,EL-1787-4727,9,6,0,2026-07-20T05:00:52+00:00,WH-02,in_progress,4
ORD-006334,Plant-26,FL-6271-1560,33,15,0,2026-07-21T23:00:52+00:00,WH-01,in_progress,7
ORD-006335,Plant-15,CH-6649-1722,29,27,0,2026-07-24T04:00:52+00:00,WH-02,pending,2
ORD-006336,Plant-01,FL-5980-3441,6,2,0,2026-07-23T08:00:52+00:00,WH-02,completed,3
ORD-006337,Plant-06,EL-6629-4728,70,9,0,2026-07-20T12:00:52+00:00,WH-01,pending,5
ORD-006338,Plant-29,CH-2302-3217,116,23,0,2026-07-26T08:00:52+00:00,WH-01,pending,10
ORD-006339,Plant-23,FL-8621-958,115,103,0,2026-07-23T07:00:52+00:00,WH-02,completed,5
ORD-006340,Plant-44,EL-5846-2980,106,54,0,2026-07-21T22:00:52+00:00,WH-02,pending,3
ORD-006341,Plant-46,FL-3474-4580,43,10,0,2026-07-20T09:00:52+00:00,WH-01,in_progress,7
ORD-006342,Plant-18,PO-5196-4933,31,20,0,2026-07-22T17:00:52+00:00,WH-02,pending,6
ORD-006343,Plant-20,EL-6314-2680,112,102,0,2026-07-25T10:00:52+00:00,WH-01,pending,7
ORD-006344,Plant-38,EL-4986-2813,86,0,0,2026-07-21T18:00:52+00:00,WH-01,in_progress,9
ORD-006345,Plant-37,PO-4404-1426,147,137,0,2026-07-20T11:00:52+00:00,WH-01,pending,9
ORD-006346,Plant-24,IN-9914-4995,125,71,0,2026-07-20T07:00:52+00:00,WH-01,pending,2
ORD-006347,Plant-08,PO-3308-2659,77,51,0,2026-07-24T01:00:52+00:00,WH-02,completed,8
ORD-006348,Plant-27,PO-7292-4948,52,21,0,2026-07-21T01:00:52+00:00,WH-02,pending,10
ORD-006349,Plant-18,PO-6713-1188,134,57,0,2026-07-20T05:00:52+00:00,WH-02,pending,7
ORD-006350,Plant-46,PO-8456-4870,23,19,0,2026-07-26T12:00:52+00:00,WH-01,pending,1
ORD-006351,Plant-26,EL-2230-127,40,1,0,2026-07-21T17:00:52+00:00,WH-02,completed,6
ORD-006352,Plant-40,PO-8275-1099,45,44,0,2026-07-24T09:00:52+00:00,WH-02,pending,2
ORD-006353,Plant-45,IN-3292-2527,102,77,0,2026-07-26T16:00:52+00:00,WH-02,completed,1
ORD-006354,Plant-39,FL-6064-1281,122,101,0,2026-07-22T03:00:52+00:00,WH-02,pending,6
ORD-006355,Plant-06,PO-4054-4295,138,35,0,2026-07-22T19:00:52+00:00,WH-02,completed,2
ORD-006356,Plant-21,IN-5064-3626,105,4,0,2026-07-21T02:00:52+00:00,WH-01,completed,3
ORD-006357,Plant-39,CH-2320-4461,108,14,0,2026-07-20T17:00:52+00:00,WH-02,pending,4
ORD-006358,Plant-48,IN-5238-1925,118,104,0,2026-07-19T23:00:52+00:00,WH-02,completed,7
ORD-006359,Plant-37,IN-1153-2340,64,28,0,2026-07-22T13:00:52+00:00,WH-01,completed,8
ORD-006360,Plant-45,PO-1564-2708,26,17,0,2026-07-25T18:00:52+00:00,WH-02,in_progress,2
ORD-006361,Plant-08,PO-5317-184,29,16,0,2026-07-23T21:00:52+00:00,WH-01,in_progress,9
ORD-006362,Plant-03,IN-6948-082,138,16,0,2026-07-20T23:00:52+00:00,WH-02,completed,6
ORD-006363,Plant-30,FL-9033-668,137,108,0,2026-07-22T18:00:52+00:00,WH-02,in_progress,1
ORD-006364,Plant-43,EL-9573-643,72,53,0,2026-07-20T15:00:52+00:00,WH-02,in_progress,10
ORD-006365,Plant-12,PO-8310-1405,54,43,0,2026-07-23T23:00:52+00:00,WH-01,pending,6
ORD-006366,Plant-23,EL-8618-793,61,24,0,2026-07-21T19:00:52+00:00,WH-01,pending,1
ORD-006367,Plant-28,CH-7679-3931,78,18,0,2026-07-26T08:00:52+00:00,WH-02,in_progress,8
ORD-006368,Plant-20,EL-4984-3267,53,20,0,2026-07-24T10:00:52+00:00,WH-01,pending,5
ORD-006369,Plant-31,IN-1993-4659,93,11,0,2026-07-22T18:00:52+00:00,WH-01,in_progress,5
ORD-006370,Plant-30,FL-4669-2712,121,64,0,2026-07-24T23:00:52+00:00,WH-02,in_progress,1
ORD-006371,Plant-15,IN-5596-1680,33,1,0,2026-07-25T19:00:52+00:00,WH-01,pending,8
ORD-006372,Plant-11,EL-4872-1618,148,86,0,2026-07-25T19:00:52+00:00,WH-02,in_progress,8
ORD-006373,Plant-08,IN-7807-1375,97,47,0,2026-07-25T07:00:52+00:00,WH-02,completed,9
ORD-006374,Plant-33,FL-4384-2496,104,34,0,2026-07-20T18:00:52+00:00,WH-01,in_progress,8
ORD-006375,Plant-36,IN-4331-4643,6,0,0,2026-07-26T05:00:52+00:00,WH-02,in_progress,4
ORD-006376,Plant-48,PO-6094-3370,125,6,0,2026-07-25T10:00:52+00:00,WH-01,completed,4
ORD-006377,Plant-13,IN-3669-1996,144,45,0,2026-07-25T20:00:52+00:00,WH-01,in_progress,3
ORD-006378,Plant-15,IN-9919-670,94,51,0,2026-07-23T04:00:52+00:00,WH-02,pending,4
ORD-006379,Plant-45,PO-5250-930,76,75,0,2026-07-20T22:00:52+00:00,WH-02,completed,6
ORD-006380,Plant-15,PO-1472-175,9,6,0,2026-07-23T03:00:52+00:00,WH-01,in_progress,1
ORD-006381,Plant-34,IN-7381-4961,69,5,0,2026-07-25T03:00:52+00:00,WH-02,in_progress,9
ORD-006382,Plant-40,CH-3546-4303,126,50,0,2026-07-19T21:00:52+00:00,WH-02,pending,3
ORD-006383,Plant-36,CH-8567-2773,28,24,0,2026-07-26T10:00:52+00:00,WH-01,completed,10
ORD-006384,Plant-31,EL-9804-1190,16,6,0,2026-07-21T04:00:52+00:00,WH-02,pending,9
ORD-006385,Plant-07,IN-1853-1373,25,0,0,2026-07-24T05:00:52+00:00,WH-02,pending,5
ORD-006386,Plant-01,IN-8694-822,20,8,0,2026-07-24T04:00:52+00:00,WH-02,completed,5
ORD-006387,Plant-05,CH-1118-713,14,7,0,2026-07-26T18:00:52+00:00,WH-01,in_progress,6
ORD-006388,Plant-07,PO-6949-3459,111,85,0,2026-07-21T22:00:52+00:00,WH-02,pending,2
ORD-006389,Plant-30,PO-1128-782,28,5,0,2026-07-25T01:00:52+00:00,WH-01,pending,4
ORD-006390,Plant-41,CH-7580-3507,27,5,0,2026-07-20T10:00:52+00:00,WH-01,pending,6
ORD-006391,Plant-47,EL-9706-953,136,22,0,2026-07-25T04:00:52+00:00,WH-02,in_progress,3
ORD-006392,Plant-21,EL-9661-1503,74,12,0,2026-07-20T20:00:52+00:00,WH-01,completed,7
ORD-006393,Plant-10,PO-3797-1430,109,93,0,2026-07-24T00:00:52+00:00,WH-01,completed,6
ORD-006394,Plant-05,FL-2036-745,73,19,0,2026-07-22T17:00:52+00:00,WH-01,pending,3
ORD-006395,Plant-14,IN-3598-3243,144,60,0,2026-07-26T00:00:52+00:00,WH-01,completed,2
ORD-006396,Plant-13,IN-7775-2850,54,48,0,2026-07-25T15:00:52+00:00,WH-01,completed,9
ORD-006397,Plant-13,PO-5177-3331,54,41,0,2026-07-20T10:00:52+00:00,WH-01,in_progress,5
ORD-006398,Plant-38,FL-7415-2582,83,68,0,2026-07-24T01:00:52+00:00,WH-02,in_progress,10
ORD-006399,Plant-43,IN-4116-3718,102,6,0,2026-07-20T09:00:52+00:00,WH-01,completed,8
ORD-006400,Plant-37,IN-4997-2872,58,53,0,2026-07-20T12:00:52+00:00,WH-02,pending,5
ORD-006401,Plant-45,IN-7475-1516,91,71,0,2026-07-26T09:00:52+00:00,WH-02,completed,9
ORD-006402,Plant-32,CH-6982-4297,46,43,0,2026-07-24T17:00:52+00:00,WH-01,in_progress,5
ORD-006403,Plant-37,FL-1760-4665,144,67,0,2026-07-22T16:00:52+00:00,WH-01,in_progress,5
ORD-006404,Plant-33,IN-6763-2165,11,7,0,2026-07-22T21:00:52+00:00,WH-02,pending,2
ORD-006405,Plant-28,CH-7257-3933,86,31,0,2026-07-25T08:00:52+00:00,WH-02,in_progress,1
ORD-006406,Plant-11,CH-5955-4199,41,31,0,2026-07-23T11:00:52+00:00,WH-01,completed,9
ORD-006407,Plant-46,EL-6597-2188,50,46,0,2026-07-23T23:00:52+00:00,WH-01,in_progress,2
ORD-006408,Plant-14,IN-8167-3731,61,13,0,2026-07-23T17:00:52+00:00,WH-01,completed,4
ORD-006409,Plant-19,CH-4162-4560,118,2,0,2026-07-26T06:00:52+00:00,WH-02,pending,7
ORD-006410,Plant-13,IN-2786-2290,122,19,0,2026-07-20T02:00:52+00:00,WH-02,completed,1
ORD-006411,Plant-20,IN-8321-3154,145,107,0,2026-07-26T10:00:52+00:00,WH-01,in_progress,5
ORD-006412,Plant-47,CH-5130-4430,105,69,0,2026-07-20T13:00:52+00:00,WH-02,pending,6
ORD-006413,Plant-48,PO-7384-3332,9,9,0,2026-07-21T21:00:52+00:00,WH-02,in_progress,2
ORD-006414,Plant-42,IN-3566-1705,125,102,0,2026-07-24T13:00:52+00:00,WH-02,pending,7
ORD-006415,Plant-47,CH-4083-2495,53,1,0,2026-07-26T14:00:52+00:00,WH-01,pending,10
ORD-006416,Plant-01,PO-5996-2190,65,10,0,2026-07-24T22:00:52+00:00,WH-01,pending,6
ORD-006417,Plant-18,IN-7151-1927,130,93,0,2026-07-24T02:00:52+00:00,WH-01,pending,10
ORD-006418,Plant-38,IN-2513-2416,86,47,0,2026-07-24T21:00:52+00:00,WH-02,pending,3
ORD-006419,Plant-43,EL-7521-4497,44,27,0,2026-07-23T14:00:52+00:00,WH-01,completed,2
ORD-006420,Plant-38,IN-1114-1592,101,93,0,2026-07-25T20:00:52+00:00,WH-02,completed,1
ORD-006421,Plant-20,EL-1243-2957,63,25,0,2026-07-22T00:00:52+00:00,WH-02,completed,10
ORD-006422,Plant-27,CH-4395-2214,46,4,0,2026-07-21T00:00:52+00:00,WH-02,pending,9
ORD-006423,Plant-37,IN-9666-3461,106,31,0,2026-07-22T02:00:52+00:00,WH-01,in_progress,10
ORD-006424,Plant-35,IN-9723-3122,135,44,0,2026-07-25T12:00:52+00:00,WH-01,completed,10
ORD-006425,Plant-43,EL-5771-1500,125,55,0,2026-07-25T21:00:52+00:00,WH-01,pending,9
ORD-006426,Plant-04,PO-2211-2641,17,4,0,2026-07-23T04:00:52+00:00,WH-02,completed,8
ORD-006427,Plant-36,FL-4504-875,50,6,0,2026-07-20T12:00:52+00:00,WH-01,in_progress,4
ORD-006428,Plant-28,IN-9080-486,78,36,0,2026-07-21T08:00:52+00:00,WH-02,in_progress,10
ORD-006429,Plant-45,PO-7517-4739,8,2,0,2026-07-23T10:00:52+00:00,WH-01,pending,1
ORD-006430,Plant-06,IN-4454-1961,63,16,0,2026-07-24T16:00:52+00:00,WH-02,completed,6
ORD-006431,Plant-37,FL-2878-794,17,16,0,2026-07-23T07:00:52+00:00,WH-01,pending,9
ORD-006432,Plant-03,EL-7490-4164,127,50,0,2026-07-23T05:00:52+00:00,WH-02,in_progress,8
ORD-006433,Plant-46,PO-4221-3774,123,76,0,2026-07-26T09:00:52+00:00,WH-01,completed,2
ORD-006434,Plant-36,EL-1284-1738,73,42,0,2026-07-22T07:00:52+00:00,WH-01,pending,7
ORD-006435,Plant-44,EL-6056-521,100,33,0,2026-07-26T16:00:52+00:00,WH-01,in_progress,6
ORD-006436,Plant-45,FL-2252-4070,70,51,0,2026-07-20T11:00:52+00:00,WH-01,completed,5
ORD-006437,Plant-15,EL-5518-1208,83,64,0,2026-07-20T22:00:52+00:00,WH-02,in_progress,8
ORD-006438,Plant-44,IN-6107-986,26,10,0,2026-07-22T06:00:52+00:00,WH-02,completed,5
ORD-006439,Plant-30,CH-3099-2733,6,5,0,2026-07-20T12:00:52+00:00,WH-01,in_progress,1
ORD-006440,Plant-16,PO-4979-442,115,43,0,2026-07-21T04:00:52+00:00,WH-02,completed,4
ORD-006441,Plant-01,CH-5449-3747,113,65,0,2026-07-20T08:00:52+00:00,WH-01,in_progress,3
ORD-006442,Plant-42,CH-6367-498,116,29,0,2026-07-20T03:00:52+00:00,WH-02,in_progress,7
ORD-006443,Plant-28,CH-3028-4582,31,1,0,2026-07-22T00:00:52+00:00,WH-02,pending,6
ORD-006444,Plant-35,CH-1963-3027,141,41,0,2026-07-25T15:00:52+00:00,WH-01,completed,8
ORD-006445,Plant-48,EL-7125-3683,18,10,0,2026-07-24T03:00:52+00:00,WH-01,in_progress,1
ORD-006446,Plant-28,CH-5617-1175,51,9,0,2026-07-26T04:00:52+00:00,WH-02,completed,7
ORD-006447,Plant-15,CH-4281-1069,9,8,0,2026-07-23T00:00:52+00:00,WH-02,in_progress,7
ORD-006448,Plant-02,FL-2555-1869,87,29,0,2026-07-20T02:00:52+00:00,WH-02,pending,1
ORD-006449,Plant-30,IN-9026-009,48,1,0,2026-07-23T18:00:52+00:00,WH-01,completed,7
ORD-006450,Plant-14,IN-6330-2147,117,77,0,2026-07-25T15:00:52+00:00,WH-02,pending,7
ORD-006451,Plant-23,FL-7586-030,79,70,0,2026-07-25T07:00:52+00:00,WH-01,completed,10
ORD-006452,Plant-24,IN-3965-591,16,7,0,2026-07-25T19:00:52+00:00,WH-01,in_progress,5
ORD-006453,Plant-14,FL-8967-746,56,10,0,2026-07-25T10:00:52+00:00,WH-02,pending,3
ORD-006454,Plant-46,EL-3711-627,53,36,0,2026-07-21T02:00:52+00:00,WH-01,in_progress,9
ORD-006455,Plant-37,PO-3013-2829,9,5,0,2026-07-22T12:00:52+00:00,WH-02,in_progress,8
ORD-006456,Plant-03,IN-6973-1057,141,120,0,2026-07-21T03:00:52+00:00,WH-01,in_progress,5
ORD-006457,Plant-21,FL-1722-4795,27,10,0,2026-07-24T22:00:52+00:00,WH-02,in_progress,3
ORD-006458,Plant-16,EL-1196-4930,53,11,0,2026-07-20T09:00:52+00:00,WH-01,completed,6
ORD-006459,Plant-35,PO-1147-1780,84,11,0,2026-07-24T21:00:52+00:00,WH-02,pending,1
ORD-006460,Plant-14,CH-9244-2387,26,12,0,2026-07-21T21:00:52+00:00,WH-02,pending,4
ORD-006461,Plant-29,EL-4293-4519,81,16,0,2026-07-21T00:00:52+00:00,WH-02,completed,2
ORD-006462,Plant-01,PO-2043-1683,13,6,0,2026-07-21T15:00:52+00:00,WH-02,pending,2
ORD-006463,Plant-31,IN-2691-1239,145,81,0,2026-07-22T04:00:52+00:00,WH-01,in_progress,5
ORD-006464,Plant-14,CH-5719-3232,119,69,0,2026-07-26T06:00:52+00:00,WH-01,pending,1
ORD-006465,Plant-08,IN-9028-3601,79,23,0,2026-07-25T15:00:52+00:00,WH-02,in_progress,5
ORD-006466,Plant-01,IN-5095-2457,109,83,0,2026-07-20T01:00:52+00:00,WH-01,in_progress,4
ORD-006467,Plant-05,EL-5749-3740,59,8,0,2026-07-23T04:00:52+00:00,WH-01,completed,1
ORD-006468,Plant-25,IN-2056-2533,78,41,0,2026-07-24T05:00:52+00:00,WH-02,pending,6
ORD-006469,Plant-31,FL-7363-4335,114,113,0,2026-07-20T14:00:52+00:00,WH-01,completed,9
ORD-006470,Plant-22,PO-5371-1876,67,60,0,2026-07-21T12:00:52+00:00,WH-01,pending,8
ORD-006471,Plant-12,IN-6751-3586,15,3,0,2026-07-23T10:00:52+00:00,WH-01,in_progress,8
ORD-006472,Plant-13,IN-7581-978,67,13,0,2026-07-25T05:00:52+00:00,WH-02,in_progress,4
ORD-006473,Plant-23,PO-9051-3024,122,63,0,2026-07-23T05:00:52+00:00,WH-01,in_progress,9
ORD-006474,Plant-39,FL-1018-762,22,4,0,2026-07-25T20:00:52+00:00,WH-02,completed,6
ORD-006475,Plant-47,CH-4016-1540,18,12,0,2026-07-21T10:00:52+00:00,WH-01,completed,1
ORD-006476,Plant-08,CH-2948-2735,18,16,0,2026-07-20T09:00:52+00:00,WH-02,pending,10
ORD-006477,Plant-07,PO-6160-963,31,21,0,2026-07-21T00:00:52+00:00,WH-01,in_progress,2
ORD-006478,Plant-32,IN-4498-2448,85,24,0,2026-07-26T17:00:52+00:00,WH-02,completed,4
ORD-006479,Plant-38,FL-7897-045,12,6,0,2026-07-25T20:00:52+00:00,WH-01,in_progress,2
ORD-006480,Plant-32,IN-8694-822,83,55,0,2026-07-21T23:00:52+00:00,WH-02,in_progress,6
ORD-006481,Plant-05,CH-6697-4860,86,61,0,2026-07-20T16:00:52+00:00,WH-02,completed,8
ORD-006482,Plant-09,PO-2791-1949,71,18,0,2026-07-20T18:00:52+00:00,WH-01,completed,4
ORD-006483,Plant-47,IN-6918-1448,149,53,0,2026-07-20T21:00:52+00:00,WH-02,completed,7
ORD-006484,Plant-02,IN-8850-476,90,19,0,2026-07-24T22:00:52+00:00,WH-01,pending,4
ORD-006485,Plant-25,IN-7236-4405,123,84,0,2026-07-19T18:00:52+00:00,WH-02,pending,9
ORD-006486,Plant-38,FL-6314-1253,61,8,0,2026-07-26T14:00:52+00:00,WH-02,in_progress,6
ORD-006487,Plant-45,EL-8861-3406,90,33,0,2026-07-22T16:00:52+00:00,WH-02,completed,3
ORD-006488,Plant-38,PO-2161-2816,63,48,0,2026-07-21T09:00:52+00:00,WH-02,completed,3
ORD-006489,Plant-17,PO-4654-326,23,0,0,2026-07-20T16:00:52+00:00,WH-01,completed,5
ORD-006490,Plant-10,EL-1165-777,29,21,0,2026-07-23T21:00:52+00:00,WH-02,in_progress,2
ORD-006491,Plant-32,FL-2658-4810,14,0,0,2026-07-26T12:00:52+00:00,WH-02,pending,7
ORD-006492,Plant-38,EL-8221-4769,109,59,0,2026-07-22T02:00:52+00:00,WH-02,completed,5
ORD-006493,Plant-25,EL-3345-2694,79,62,0,2026-07-20T06:00:52+00:00,WH-02,completed,6
ORD-006494,Plant-21,IN-9799-3264,102,77,0,2026-07-20T17:00:52+00:00,WH-02,completed,8
ORD-006495,Plant-26,IN-9758-3200,18,6,0,2026-07-21T04:00:52+00:00,WH-02,pending,3
ORD-006496,Plant-24,IN-1941-2660,84,44,0,2026-07-22T23:00:52+00:00,WH-02,in_progress,2
ORD-006497,Plant-45,PO-4727-4348,94,57,0,2026-07-20T13:00:52+00:00,WH-01,completed,9
ORD-006498,Plant-02,PO-8458-539,99,92,0,2026-07-24T13:00:52+00:00,WH-02,completed,2
ORD-006499,Plant-12,PO-5196-4933,49,47,0,2026-07-24T17:00:52+00:00,WH-01,in_progress,3
ORD-006500,Plant-03,EL-7623-3179,26,18,0,2026-07-22T12:00:52+00:00,WH-01,completed,10
ORD-006501,Plant-38,PO-8528-3252,122,57,0,2026-07-23T12:00:52+00:00,WH-02,in_progress,5
ORD-006502,Plant-40,PO-4550-538,96,50,0,2026-07-24T23:00:52+00:00,WH-01,completed,1
ORD-006503,Plant-13,EL-1194-1095,81,56,0,2026-07-23T00:00:52+00:00,WH-02,completed,3
ORD-006504,Plant-21,EL-3355-4500,54,47,0,2026-07-20T11:00:52+00:00,WH-02,pending,9
ORD-006505,Plant-11,EL-7706-109,45,35,0,2026-07-23T20:00:52+00:00,WH-01,completed,9
ORD-006506,Plant-23,EL-4953-1461,69,41,0,2026-07-26T10:00:52+00:00,WH-01,in_progress,8
ORD-006507,Plant-10,EL-3782-4578,56,4,0,2026-07-23T01:00:52+00:00,WH-01,in_progress,5
ORD-006508,Plant-43,IN-8313-2187,80,80,0,2026-07-26T02:00:52+00:00,WH-01,pending,6
ORD-006509,Plant-27,FL-9603-1745,123,121,0,2026-07-25T10:00:52+00:00,WH-01,completed,7
ORD-006510,Plant-36,EL-2367-1439,69,27,0,2026-07-26T16:00:52+00:00,WH-02,completed,3
ORD-006511,Plant-46,CH-3493-3117,127,78,0,2026-07-24T21:00:52+00:00,WH-01,in_progress,6
ORD-006512,Plant-23,EL-5919-1112,119,0,0,2026-07-25T23:00:52+00:00,WH-02,completed,8
ORD-006513,Plant-46,CH-9185-4979,41,33,0,2026-07-25T06:00:52+00:00,WH-02,completed,1
ORD-006514,Plant-09,EL-9228-4032,117,85,0,2026-07-21T02:00:52+00:00,WH-02,completed,9
ORD-006515,Plant-33,IN-8682-4750,131,59,0,2026-07-20T20:00:52+00:00,WH-02,in_progress,10
ORD-006516,Plant-32,EL-4264-823,77,17,0,2026-07-21T13:00:52+00:00,WH-02,completed,7
ORD-006517,Plant-41,EL-6722-060,97,78,0,2026-07-23T16:00:52+00:00,WH-01,in_progress,5
ORD-006518,Plant-40,IN-5575-083,34,33,0,2026-07-23T09:00:52+00:00,WH-02,completed,8
ORD-006519,Plant-09,IN-8265-1014,79,33,0,2026-07-21T05:00:52+00:00,WH-02,in_progress,6
ORD-006520,Plant-05,IN-8363-2107,94,56,0,2026-07-23T06:00:52+00:00,WH-02,pending,8
ORD-006521,Plant-30,EL-2796-3087,55,53,0,2026-07-21T01:00:52+00:00,WH-02,completed,3
ORD-006522,Plant-04,IN-3411-2668,107,66,0,2026-07-23T13:00:52+00:00,WH-02,in_progress,3
ORD-006523,Plant-03,CH-2599-1990,142,68,0,2026-07-25T13:00:52+00:00,WH-01,completed,4
ORD-006524,Plant-48,EL-6314-2680,111,15,0,2026-07-23T22:00:52+00:00,WH-01,pending,9
ORD-006525,Plant-33,FL-7779-3440,88,58,0,2026-07-24T00:00:52+00:00,WH-02,in_progress,9
ORD-006526,Plant-48,CH-4898-1400,77,29,0,2026-07-24T05:00:52+00:00,WH-01,pending,5
ORD-006527,Plant-21,EL-7589-728,143,19,0,2026-07-23T08:00:52+00:00,WH-02,in_progress,6
ORD-006528,Plant-04,CH-1931-1221,24,17,0,2026-07-25T11:00:52+00:00,WH-02,pending,4
ORD-006529,Plant-46,PO-2315-2762,94,21,0,2026-07-22T20:00:52+00:00,WH-02,completed,10
ORD-006530,Plant-46,CH-7670-2679,106,12,0,2026-07-20T21:00:52+00:00,WH-01,completed,9
ORD-006531,Plant-11,CH-2001-4200,87,50,0,2026-07-20T08:00:52+00:00,WH-02,completed,10
ORD-006532,Plant-28,PO-9464-4490,11,10,0,2026-07-19T19:00:52+00:00,WH-01,completed,9
ORD-006533,Plant-08,FL-9480-4285,6,0,0,2026-07-25T00:00:52+00:00,WH-01,completed,3
ORD-006534,Plant-33,IN-5489-4147,101,85,0,2026-07-21T17:00:52+00:00,WH-02,in_progress,6
ORD-006535,Plant-12,FL-1722-4795,28,28,0,2026-07-23T05:00:52+00:00,WH-02,in_progress,2
ORD-006536,Plant-43,FL-5253-1297,80,26,0,2026-07-22T03:00:52+00:00,WH-02,completed,2
ORD-006537,Plant-10,FL-6451-4959,142,101,0,2026-07-26T01:00:52+00:00,WH-01,in_progress,2
ORD-006538,Plant-45,IN-8840-1308,85,46,0,2026-07-25T01:00:52+00:00,WH-01,in_progress,6
ORD-006539,Plant-23,FL-2734-2702,91,21,0,2026-07-26T01:00:52+00:00,WH-02,in_progress,5
ORD-006540,Plant-29,PO-1403-3109,28,6,0,2026-07-20T05:00:52+00:00,WH-01,in_progress,10
ORD-006541,Plant-34,PO-8726-948,136,121,0,2026-07-23T15:00:52+00:00,WH-01,in_progress,8
ORD-006542,Plant-27,EL-9134-4445,48,11,0,2026-07-23T03:00:52+00:00,WH-02,pending,4
ORD-006543,Plant-45,EL-6627-2938,121,106,0,2026-07-23T06:00:52+00:00,WH-01,completed,5
ORD-006544,Plant-12,IN-8963-1883,88,29,0,2026-07-20T12:00:52+00:00,WH-01,pending,1
ORD-006545,Plant-16,FL-5268-4535,58,38,0,2026-07-24T16:00:52+00:00,WH-01,in_progress,3
ORD-006546,Plant-27,IN-1868-2618,100,27,0,2026-07-26T04:00:52+00:00,WH-01,in_progress,7
ORD-006547,Plant-11,FL-2472-4683,69,37,0,2026-07-26T07:00:52+00:00,WH-01,completed,1
ORD-006548,Plant-16,IN-6029-520,139,115,0,2026-07-20T08:00:52+00:00,WH-01,completed,8
ORD-006549,Plant-27,EL-2969-3671,58,2,0,2026-07-22T21:00:52+00:00,WH-01,pending,7
ORD-006550,Plant-24,CH-3352-1117,40,37,0,2026-07-26T10:00:52+00:00,WH-01,completed,6
ORD-006551,Plant-04,CH-5945-3040,126,105,0,2026-07-22T08:00:52+00:00,WH-01,pending,7
ORD-006552,Plant-42,EL-2841-4246,148,38,0,2026-07-26T15:00:52+00:00,WH-02,completed,4
ORD-006553,Plant-03,CH-3089-3143,118,54,0,2026-07-21T22:00:52+00:00,WH-02,in_progress,6
ORD-006554,Plant-40,PO-6083-1608,82,6,0,2026-07-23T08:00:52+00:00,WH-02,pending,2
ORD-006555,Plant-15,IN-1286-2241,29,7,0,2026-07-25T14:00:52+00:00,WH-01,pending,1
ORD-006556,Plant-23,FL-6246-1918,44,37,0,2026-07-20T04:00:52+00:00,WH-02,in_progress,6
ORD-006557,Plant-37,CH-3390-807,46,44,0,2026-07-22T02:00:52+00:00,WH-01,pending,8
ORD-006558,Plant-14,CH-9106-3052,137,57,0,2026-07-22T16:00:52+00:00,WH-01,in_progress,5
ORD-006559,Plant-42,IN-9767-289,40,18,0,2026-07-25T11:00:52+00:00,WH-01,pending,4
ORD-006560,Plant-12,EL-9449-2606,122,44,0,2026-07-20T01:00:52+00:00,WH-01,completed,2
ORD-006561,Plant-38,CH-3125-025,35,11,0,2026-07-26T01:00:52+00:00,WH-02,pending,3
ORD-006562,Plant-37,IN-2907-3181,127,30,0,2026-07-20T22:00:52+00:00,WH-02,completed,1
ORD-006563,Plant-01,IN-8705-3873,83,74,0,2026-07-20T13:00:52+00:00,WH-01,in_progress,10
ORD-006564,Plant-29,EL-4188-4970,48,25,0,2026-07-26T06:00:52+00:00,WH-02,pending,10
ORD-006565,Plant-37,IN-8605-1670,134,32,0,2026-07-21T10:00:52+00:00,WH-01,completed,7
ORD-006566,Plant-05,EL-2590-081,130,36,0,2026-07-21T21:00:52+00:00,WH-02,pending,5
ORD-006567,Plant-47,FL-1760-4665,93,59,0,2026-07-20T10:00:52+00:00,WH-02,pending,10
ORD-006568,Plant-35,CH-6658-1121,69,0,0,2026-07-25T21:00:52+00:00,WH-01,pending,4
ORD-006569,Plant-31,FL-3423-4678,21,18,0,2026-07-24T07:00:52+00:00,WH-01,pending,6
ORD-006570,Plant-48,CH-9448-3745,43,3,0,2026-07-23T05:00:52+00:00,WH-01,in_progress,4
ORD-006571,Plant-24,IN-9111-4635,10,1,0,2026-07-20T18:00:52+00:00,WH-02,in_progress,7
ORD-006572,Plant-21,IN-1775-313,90,56,0,2026-07-23T06:00:52+00:00,WH-01,in_progress,10
ORD-006573,Plant-01,IN-8329-2198,131,74,0,2026-07-25T18:00:52+00:00,WH-02,in_progress,7
ORD-006574,Plant-42,FL-1036-724,144,0,0,2026-07-25T20:00:52+00:00,WH-02,completed,3
ORD-006575,Plant-11,IN-6563-260,114,114,0,2026-07-21T11:00:52+00:00,WH-01,pending,5
ORD-006576,Plant-04,FL-1737-589,6,3,0,2026-07-20T06:00:52+00:00,WH-01,in_progress,9
ORD-006577,Plant-19,CH-8931-1946,128,44,0,2026-07-19T22:00:52+00:00,WH-01,completed,7
ORD-006578,Plant-16,CH-3077-4589,136,27,0,2026-07-22T23:00:52+00:00,WH-01,completed,4
ORD-006579,Plant-47,IN-9977-1823,139,0,0,2026-07-20T08:00:52+00:00,WH-02,pending,1
ORD-006580,Plant-33,PO-5737-3455,118,58,0,2026-07-25T15:00:52+00:00,WH-01,completed,3
ORD-006581,Plant-05,PO-9098-4472,30,7,0,2026-07-25T20:00:52+00:00,WH-02,in_progress,6
ORD-006582,Plant-36,PO-5658-4632,150,101,0,2026-07-20T01:00:52+00:00,WH-02,in_progress,4
ORD-006583,Plant-32,EL-2365-3295,32,1,0,2026-07-22T23:00:52+00:00,WH-01,in_progress,10
ORD-006584,Plant-33,CH-5033-3389,112,38,0,2026-07-21T11:00:52+00:00,WH-02,in_progress,5
ORD-006585,Plant-23,IN-8190-4717,30,3,0,2026-07-21T08:00:52+00:00,WH-01,in_progress,7
ORD-006586,Plant-01,PO-4569-1494,5,2,0,2026-07-25T14:00:52+00:00,WH-02,completed,6
ORD-006587,Plant-21,IN-3694-2986,7,3,0,2026-07-22T09:00:52+00:00,WH-02,in_progress,1
ORD-006588,Plant-26,FL-8783-3275,31,12,0,2026-07-25T06:00:52+00:00,WH-01,pending,9
ORD-006589,Plant-30,EL-5123-811,105,99,0,2026-07-25T04:00:52+00:00,WH-02,completed,3
ORD-006590,Plant-06,EL-2717-1064,55,41,0,2026-07-24T10:00:52+00:00,WH-01,in_progress,3
ORD-006591,Plant-23,EL-4188-4970,56,37,0,2026-07-21T02:00:52+00:00,WH-02,completed,3
ORD-006592,Plant-44,CH-2951-4274,60,57,0,2026-07-21T03:00:52+00:00,WH-01,pending,7
ORD-006593,Plant-31,PO-5238-2946,56,33,0,2026-07-21T19:00:52+00:00,WH-02,in_progress,2
ORD-006594,Plant-04,CH-7509-2026,93,21,0,2026-07-25T02:00:52+00:00,WH-02,completed,9
ORD-006595,Plant-11,PO-9228-2475,23,19,0,2026-07-25T02:00:52+00:00,WH-01,completed,10
ORD-006596,Plant-45,CH-2290-1640,47,41,0,2026-07-21T01:00:52+00:00,WH-02,in_progress,6
ORD-006597,Plant-16,EL-5197-1196,93,15,0,2026-07-23T18:00:52+00:00,WH-01,in_progress,2
ORD-006598,Plant-32,IN-6479-011,6,2,0,2026-07-25T03:00:52+00:00,WH-01,pending,3
ORD-006599,Plant-31,IN-6477-4550,116,29,0,2026-07-26T09:00:52+00:00,WH-02,completed,9
ORD-006600,Plant-43,FL-4591-2071,28,5,0,2026-07-25T05:00:52+00:00,WH-01,in_progress,9
ORD-006601,Plant-16,CH-3360-3421,27,20,0,2026-07-26T15:00:52+00:00,WH-01,completed,10
ORD-006602,Plant-01,PO-9190-4186,63,27,0,2026-07-23T13:00:52+00:00,WH-01,pending,6
ORD-006603,Plant-04,EL-2717-1064,100,25,0,2026-07-24T01:00:52+00:00,WH-02,pending,5
ORD-006604,Plant-41,PO-7250-1484,61,59,0,2026-07-20T03:00:52+00:00,WH-01,completed,2
ORD-006605,Plant-30,FL-9499-3621,111,98,0,2026-07-19T22:00:52+00:00,WH-01,pending,6
ORD-006606,Plant-32,CH-3016-2506,128,37,0,2026-07-22T05:00:52+00:00,WH-01,completed,10
ORD-006607,Plant-48,EL-3352-1587,25,12,0,2026-07-26T06:00:52+00:00,WH-01,pending,9
ORD-006608,Plant-25,PO-3918-3916,5,5,0,2026-07-20T04:00:52+00:00,WH-02,in_progress,9
ORD-006609,Plant-32,EL-8126-1674,146,44,0,2026-07-22T21:00:52+00:00,WH-01,completed,2
ORD-006610,Plant-04,CH-1605-3807,5,3,0,2026-07-20T15:00:52+00:00,WH-02,in_progress,5
ORD-006611,Plant-21,CH-6426-3711,104,52,0,2026-07-24T22:00:52+00:00,WH-01,in_progress,8
ORD-006612,Plant-12,FL-9728-4618,114,68,0,2026-07-24T18:00:52+00:00,WH-02,in_progress,6
ORD-006613,Plant-27,PO-8726-948,14,1,0,2026-07-24T12:00:52+00:00,WH-01,completed,1
ORD-006614,Plant-25,EL-1090-1118,136,102,0,2026-07-21T18:00:52+00:00,WH-02,in_progress,6
ORD-006615,Plant-28,IN-5460-1771,21,1,0,2026-07-22T00:00:52+00:00,WH-01,completed,5
ORD-006616,Plant-19,CH-6019-1806,68,57,0,2026-07-22T11:00:52+00:00,WH-01,pending,7
ORD-006617,Plant-21,FL-9265-2463,93,60,0,2026-07-21T13:00:52+00:00,WH-01,completed,8
ORD-006618,Plant-13,EL-1376-409,101,20,0,2026-07-24T12:00:52+00:00,WH-01,in_progress,9
ORD-006619,Plant-10,FL-7307-700,82,33,0,2026-07-19T22:00:52+00:00,WH-02,in_progress,5
ORD-006620,Plant-27,CH-4015-2472,115,0,0,2026-07-25T16:00:52+00:00,WH-01,in_progress,2
ORD-006621,Plant-19,FL-9756-2450,33,15,0,2026-07-23T01:00:52+00:00,WH-01,completed,1
ORD-006622,Plant-36,PO-8619-3035,47,4,0,2026-07-24T00:00:52+00:00,WH-02,pending,5
ORD-006623,Plant-01,FL-7609-709,150,96,0,2026-07-24T20:00:52+00:00,WH-01,pending,6
ORD-006624,Plant-22,EL-6086-4574,102,72,0,2026-07-22T06:00:52+00:00,WH-01,completed,2
ORD-006625,Plant-40,PO-2848-449,68,39,0,2026-07-24T16:00:52+00:00,WH-01,in_progress,1
ORD-006626,Plant-43,EL-4951-204,49,41,0,2026-07-22T17:00:52+00:00,WH-02,in_progress,3
ORD-006627,Plant-21,FL-3659-3619,79,78,0,2026-07-20T16:00:52+00:00,WH-01,pending,10
ORD-006628,Plant-18,IN-8716-4604,75,42,0,2026-07-22T12:00:52+00:00,WH-02,in_progress,6
ORD-006629,Plant-33,CH-2915-1559,59,3,0,2026-07-23T15:00:52+00:00,WH-01,pending,4
ORD-006630,Plant-05,PO-8443-2267,130,103,0,2026-07-22T15:00:52+00:00,WH-02,in_progress,4
ORD-006631,Plant-01,IN-2316-3439,66,27,0,2026-07-22T19:00:52+00:00,WH-01,completed,6
ORD-006632,Plant-20,FL-7155-1216,63,27,0,2026-07-20T05:00:52+00:00,WH-02,pending,8
ORD-006633,Plant-21,FL-7535-3821,56,17,0,2026-07-24T22:00:52+00:00,WH-01,in_progress,3
ORD-006634,Plant-15,PO-9875-588,9,9,0,2026-07-20T21:00:52+00:00,WH-02,pending,9
ORD-006635,Plant-41,EL-4221-2180,77,34,0,2026-07-23T23:00:52+00:00,WH-01,pending,8
ORD-006636,Plant-40,EL-2339-2766,102,25,0,2026-07-25T08:00:52+00:00,WH-02,pending,8
ORD-006637,Plant-03,EL-1814-961,63,15,0,2026-07-23T05:00:52+00:00,WH-01,in_progress,3
ORD-006638,Plant-03,PO-2426-1061,43,7,0,2026-07-26T08:00:52+00:00,WH-01,completed,10
ORD-006639,Plant-20,FL-7675-4328,106,53,0,2026-07-24T07:00:52+00:00,WH-01,in_progress,3
ORD-006640,Plant-38,PO-1028-2086,100,8,0,2026-07-26T05:00:52+00:00,WH-02,pending,4
ORD-006641,Plant-35,IN-9640-4302,60,7,0,2026-07-25T08:00:52+00:00,WH-01,completed,10
ORD-006642,Plant-42,EL-2857-394,16,6,0,2026-07-21T03:00:52+00:00,WH-02,completed,8
ORD-006643,Plant-12,IN-8286-2116,119,63,0,2026-07-26T18:00:52+00:00,WH-02,in_progress,8
ORD-006644,Plant-11,FL-4928-4418,134,70,0,2026-07-20T07:00:52+00:00,WH-01,in_progress,6
ORD-006645,Plant-27,PO-8273-155,42,12,0,2026-07-24T10:00:52+00:00,WH-02,in_progress,1
ORD-006646,Plant-30,FL-6614-3912,9,0,0,2026-07-26T16:00:52+00:00,WH-01,in_progress,2
ORD-006647,Plant-30,PO-2893-1923,83,13,0,2026-07-25T16:00:52+00:00,WH-02,completed,2
ORD-006648,Plant-38,CH-7212-004,83,17,0,2026-07-21T19:00:52+00:00,WH-02,completed,9
ORD-006649,Plant-17,PO-1968-4300,138,46,0,2026-07-21T04:00:52+00:00,WH-02,completed,2
ORD-006650,Plant-11,PO-8861-2852,31,13,0,2026-07-22T02:00:52+00:00,WH-02,completed,4
ORD-006651,Plant-42,EL-8203-1028,129,25,0,2026-07-25T22:00:52+00:00,WH-01,pending,4
ORD-006652,Plant-48,EL-7061-4808,84,56,0,2026-07-20T03:00:52+00:00,WH-01,pending,3
ORD-006653,Plant-05,EL-8050-4934,147,10,0,2026-07-19T20:00:52+00:00,WH-02,pending,5
ORD-006654,Plant-42,IN-9122-2452,77,55,0,2026-07-22T05:00:52+00:00,WH-02,completed,9
ORD-006655,Plant-35,CH-6841-722,40,21,0,2026-07-22T21:00:52+00:00,WH-01,pending,4
ORD-006656,Plant-25,EL-1812-093,139,66,0,2026-07-20T21:00:52+00:00,WH-02,pending,5
ORD-006657,Plant-17,EL-1979-2140,115,57,0,2026-07-20T01:00:52+00:00,WH-02,in_progress,2
ORD-006658,Plant-43,EL-1376-232,86,28,0,2026-07-23T12:00:52+00:00,WH-02,in_progress,10
ORD-006659,Plant-03,IN-2324-3883,43,16,0,2026-07-22T00:00:52+00:00,WH-02,in_progress,8
ORD-006660,Plant-39,EL-4049-1881,78,7,0,2026-07-22T17:00:52+00:00,WH-01,in_progress,4
ORD-006661,Plant-06,EL-4872-1618,74,38,0,2026-07-26T18:00:52+00:00,WH-01,completed,9
ORD-006662,Plant-36,IN-1868-3288,67,29,0,2026-07-20T05:00:52+00:00,WH-02,pending,4
ORD-006663,Plant-33,FL-8394-1413,132,5,0,2026-07-24T04:00:52+00:00,WH-02,pending,8
ORD-006664,Plant-36,FL-8922-4242,98,26,0,2026-07-25T10:00:52+00:00,WH-02,in_progress,4
ORD-006665,Plant-22,CH-7422-1603,98,21,0,2026-07-26T15:00:52+00:00,WH-02,completed,4
ORD-006666,Plant-02,PO-6875-4598,39,1,0,2026-07-21T06:00:52+00:00,WH-02,pending,2
ORD-006667,Plant-03,EL-6593-4695,118,45,0,2026-07-22T20:00:52+00:00,WH-01,pending,2
ORD-006668,Plant-26,IN-3071-4106,40,28,0,2026-07-23T11:00:52+00:00,WH-01,in_progress,1
ORD-006669,Plant-13,IN-5589-333,89,43,0,2026-07-24T15:00:52+00:00,WH-02,completed,3
ORD-006670,Plant-41,FL-2125-4424,60,20,0,2026-07-23T07:00:52+00:00,WH-02,pending,9
ORD-006671,Plant-16,CH-9349-3989,103,45,0,2026-07-21T22:00:52+00:00,WH-02,in_progress,4
ORD-006672,Plant-24,EL-3000-4713,89,21,0,2026-07-20T19:00:52+00:00,WH-01,in_progress,3
ORD-006673,Plant-33,EL-6238-4630,8,6,0,2026-07-24T23:00:52+00:00,WH-01,in_progress,1
ORD-006674,Plant-22,PO-2729-908,64,61,0,2026-07-24T05:00:52+00:00,WH-02,pending,7
ORD-006675,Plant-07,CH-3769-3762,28,14,0,2026-07-23T18:00:52+00:00,WH-02,in_progress,7
ORD-006676,Plant-32,EL-8849-2743,143,139,0,2026-07-24T04:00:52+00:00,WH-02,pending,4
ORD-006677,Plant-03,CH-2075-1480,24,3,0,2026-07-26T04:00:52+00:00,WH-01,pending,1
ORD-006678,Plant-46,IN-7415-4865,57,3,0,2026-07-26T06:00:52+00:00,WH-01,completed,7
ORD-006679,Plant-25,IN-3427-917,19,1,0,2026-07-25T01:00:52+00:00,WH-02,pending,2
ORD-006680,Plant-45,PO-7074-1370,75,7,0,2026-07-20T19:00:52+00:00,WH-01,pending,2
ORD-006681,Plant-19,CH-5665-1499,41,1,0,2026-07-26T11:00:52+00:00,WH-02,pending,3
ORD-006682,Plant-19,IN-3903-3216,104,67,0,2026-07-21T01:00:52+00:00,WH-02,in_progress,1
ORD-006683,Plant-32,CH-3493-3117,53,35,0,2026-07-24T08:00:52+00:00,WH-02,completed,1
ORD-006684,Plant-22,CH-7617-1584,135,7,0,2026-07-21T18:00:52+00:00,WH-01,completed,9
ORD-006685,Plant-41,CH-3654-3201,142,91,0,2026-07-25T10:00:52+00:00,WH-01,completed,1
ORD-006686,Plant-20,CH-5751-4215,134,19,0,2026-07-26T10:00:52+00:00,WH-02,in_progress,5
ORD-006687,Plant-12,CH-7792-4423,48,4,0,2026-07-20T14:00:52+00:00,WH-02,in_progress,6
ORD-006688,Plant-17,EL-6898-1270,122,23,0,2026-07-23T09:00:52+00:00,WH-01,completed,6
ORD-006689,Plant-47,IN-7566-4392,5,4,0,2026-07-26T02:00:52+00:00,WH-02,in_progress,4
ORD-006690,Plant-09,FL-6271-1560,89,15,0,2026-07-25T09:00:52+00:00,WH-01,pending,4
ORD-006691,Plant-38,CH-2832-1948,123,118,0,2026-07-22T07:00:52+00:00,WH-02,in_progress,2
ORD-006692,Plant-21,CH-3493-3117,37,19,0,2026-07-25T04:00:52+00:00,WH-01,pending,2
ORD-006693,Plant-14,PO-1534-1178,32,9,0,2026-07-22T09:00:52+00:00,WH-02,pending,9
ORD-006694,Plant-22,FL-8779-1168,27,12,0,2026-07-23T10:00:52+00:00,WH-02,completed,1
ORD-006695,Plant-32,IN-6154-451,35,16,0,2026-07-23T17:00:52+00:00,WH-01,completed,5
ORD-006696,Plant-10,CH-6662-2971,102,16,0,2026-07-20T13:00:52+00:00,WH-01,completed,9
ORD-006697,Plant-14,PO-7860-4691,64,61,0,2026-07-21T06:00:52+00:00,WH-01,completed,5
ORD-006698,Plant-46,IN-7615-4340,87,19,0,2026-07-23T09:00:52+00:00,WH-01,pending,7
ORD-006699,Plant-48,IN-3841-2171,145,114,0,2026-07-21T12:00:52+00:00,WH-02,completed,2
ORD-006700,Plant-11,FL-1825-423,78,3,0,2026-07-22T13:00:52+00:00,WH-01,in_progress,7
ORD-006701,Plant-13,CH-7745-2879,6,3,0,2026-07-25T06:00:52+00:00,WH-02,pending,6
ORD-006702,Plant-37,CH-3464-2249,122,52,0,2026-07-19T22:00:52+00:00,WH-01,pending,10
ORD-006703,Plant-35,FL-8674-1833,68,3,0,2026-07-26T08:00:52+00:00,WH-01,in_progress,3
ORD-006704,Plant-47,IN-8811-1815,126,126,0,2026-07-20T07:00:52+00:00,WH-01,completed,9
ORD-006705,Plant-32,EL-5130-4586,123,123,0,2026-07-22T10:00:52+00:00,WH-01,completed,10
ORD-006706,Plant-35,EL-1250-2753,81,79,0,2026-07-23T00:00:52+00:00,WH-01,completed,10
ORD-006707,Plant-34,PO-1255-436,6,6,0,2026-07-23T11:00:52+00:00,WH-01,in_progress,5
ORD-006708,Plant-46,IN-8481-3555,72,24,0,2026-07-26T17:00:52+00:00,WH-01,completed,7
ORD-006709,Plant-37,CH-8286-507,140,87,0,2026-07-20T09:00:52+00:00,WH-01,pending,4
ORD-006710,Plant-16,PO-7543-4008,63,42,0,2026-07-20T09:00:52+00:00,WH-02,completed,3
ORD-006711,Plant-02,PO-8230-2834,62,57,0,2026-07-23T09:00:52+00:00,WH-01,pending,2
ORD-006712,Plant-46,PO-7704-2677,62,46,0,2026-07-24T14:00:52+00:00,WH-02,completed,5
ORD-006713,Plant-06,FL-2166-4919,69,31,0,2026-07-25T20:00:52+00:00,WH-02,in_progress,8
ORD-006714,Plant-09,EL-7475-4063,9,7,0,2026-07-25T10:00:52+00:00,WH-01,pending,5
ORD-006715,Plant-06,PO-2370-4155,106,49,0,2026-07-23T02:00:52+00:00,WH-02,in_progress,7
ORD-006716,Plant-23,EL-3345-2694,70,14,0,2026-07-24T13:00:52+00:00,WH-01,pending,8
ORD-006717,Plant-05,IN-7047-4599,9,3,0,2026-07-23T21:00:52+00:00,WH-02,completed,5
ORD-006718,Plant-19,PO-2729-908,102,90,0,2026-07-21T13:00:52+00:00,WH-01,completed,6
ORD-006719,Plant-32,FL-7350-3247,139,127,0,2026-07-21T23:00:52+00:00,WH-01,pending,8
ORD-006720,Plant-34,PO-2179-3081,51,28,0,2026-07-24T23:00:52+00:00,WH-02,pending,2
ORD-006721,Plant-11,CH-2997-1636,30,13,0,2026-07-23T11:00:52+00:00,WH-01,pending,5
ORD-006722,Plant-10,EL-4104-2423,18,17,0,2026-07-25T04:00:52+00:00,WH-02,in_progress,5
ORD-006723,Plant-15,CH-8086-3514,113,85,0,2026-07-25T00:00:52+00:00,WH-02,completed,9
ORD-006724,Plant-23,CH-8086-3514,9,0,0,2026-07-26T18:00:52+00:00,WH-02,pending,2
ORD-006725,Plant-08,IN-7218-3646,53,15,0,2026-07-21T02:00:52+00:00,WH-02,pending,9
ORD-006726,Plant-10,IN-1907-2787,112,7,0,2026-07-20T19:00:52+00:00,WH-02,pending,7
ORD-006727,Plant-27,IN-2464-1150,5,3,0,2026-07-24T22:00:52+00:00,WH-02,completed,6
ORD-006728,Plant-44,IN-4170-319,118,38,0,2026-07-23T13:00:52+00:00,WH-02,in_progress,4
ORD-006729,Plant-14,EL-4472-3672,27,6,0,2026-07-20T10:00:52+00:00,WH-01,pending,10
ORD-006730,Plant-22,PO-1443-3559,6,5,0,2026-07-21T20:00:52+00:00,WH-01,completed,2
ORD-006731,Plant-43,EL-1295-4108,121,30,0,2026-07-23T10:00:52+00:00,WH-01,in_progress,5
ORD-006732,Plant-17,FL-9238-1491,138,97,0,2026-07-23T09:00:52+00:00,WH-02,in_progress,10
ORD-006733,Plant-12,PO-6643-236,9,9,0,2026-07-21T16:00:52+00:00,WH-01,completed,8
ORD-006734,Plant-23,PO-6375-4417,136,52,0,2026-07-19T21:00:52+00:00,WH-02,in_progress,2
ORD-006735,Plant-13,FL-7694-1889,50,24,0,2026-07-24T08:00:52+00:00,WH-02,in_progress,9
ORD-006736,Plant-15,FL-8526-4499,70,41,0,2026-07-24T15:00:52+00:00,WH-01,pending,8
ORD-006737,Plant-02,EL-2288-1045,108,96,0,2026-07-26T11:00:52+00:00,WH-01,in_progress,10
ORD-006738,Plant-17,FL-6251-3398,135,96,0,2026-07-25T04:00:52+00:00,WH-01,in_progress,10
ORD-006739,Plant-02,IN-6294-2931,104,5,0,2026-07-20T07:00:52+00:00,WH-02,in_progress,2
ORD-006740,Plant-02,FL-2322-4889,40,16,0,2026-07-25T08:00:52+00:00,WH-01,completed,4
ORD-006741,Plant-07,EL-4566-2243,10,3,0,2026-07-23T17:00:52+00:00,WH-01,in_progress,1
ORD-006742,Plant-37,FL-4244-2491,141,54,0,2026-07-26T18:00:52+00:00,WH-02,pending,1
ORD-006743,Plant-34,EL-4882-1062,105,26,0,2026-07-23T01:00:52+00:00,WH-01,in_progress,6
ORD-006744,Plant-01,IN-6282-007,89,51,0,2026-07-23T11:00:52+00:00,WH-01,completed,6
ORD-006745,Plant-17,CH-5185-4658,88,31,0,2026-07-26T06:00:52+00:00,WH-02,completed,7
ORD-006746,Plant-28,FL-6578-3973,104,16,0,2026-07-23T16:00:52+00:00,WH-02,completed,3
ORD-006747,Plant-45,FL-6241-3681,147,5,0,2026-07-23T09:00:52+00:00,WH-01,completed,7
ORD-006748,Plant-44,IN-2451-480,122,47,0,2026-07-20T22:00:52+00:00,WH-01,completed,2
ORD-006749,Plant-41,EL-4741-4384,44,20,0,2026-07-24T04:00:52+00:00,WH-01,completed,7
ORD-006750,Plant-25,PO-2604-3386,27,1,0,2026-07-23T20:00:52+00:00,WH-02,pending,6
ORD-006751,Plant-34,EL-5701-2855,150,35,0,2026-07-24T19:00:52+00:00,WH-02,in_progress,9
ORD-006752,Plant-33,EL-1639-1159,40,29,0,2026-07-23T01:00:52+00:00,WH-01,completed,1
ORD-006753,Plant-44,FL-6241-3681,140,5,0,2026-07-22T14:00:52+00:00,WH-01,in_progress,2
ORD-006754,Plant-38,IN-5308-1003,132,96,0,2026-07-24T09:00:52+00:00,WH-02,pending,6
ORD-006755,Plant-01,IN-2281-180,104,19,0,2026-07-24T13:00:52+00:00,WH-01,completed,2
ORD-006756,Plant-13,PO-7516-3637,136,117,0,2026-07-21T13:00:52+00:00,WH-02,pending,5
ORD-006757,Plant-28,FL-2367-4702,96,77,0,2026-07-25T13:00:52+00:00,WH-02,completed,8
ORD-006758,Plant-34,CH-5787-3415,108,107,0,2026-07-26T09:00:52+00:00,WH-02,in_progress,3
ORD-006759,Plant-13,EL-6414-1554,59,39,0,2026-07-26T02:00:52+00:00,WH-01,pending,2
ORD-006760,Plant-42,CH-7885-2120,102,39,0,2026-07-20T18:00:52+00:00,WH-01,completed,7
ORD-006761,Plant-41,CH-2690-1132,148,124,0,2026-07-22T19:00:52+00:00,WH-02,in_progress,2
ORD-006762,Plant-15,CH-1821-2017,43,21,0,2026-07-20T06:00:52+00:00,WH-01,completed,6
ORD-006763,Plant-35,EL-1279-2378,92,9,0,2026-07-22T07:00:52+00:00,WH-02,pending,6
ORD-006764,Plant-07,IN-2516-1857,99,1,0,2026-07-21T20:00:52+00:00,WH-02,completed,6
ORD-006765,Plant-11,EL-2525-2706,106,0,0,2026-07-20T13:00:52+00:00,WH-02,pending,1
ORD-006766,Plant-04,CH-5130-4430,140,103,0,2026-07-20T02:00:52+00:00,WH-01,pending,10
ORD-006767,Plant-16,FL-4325-2832,150,29,0,2026-07-23T07:00:52+00:00,WH-01,in_progress,1
ORD-006768,Plant-37,IN-8526-2176,118,118,0,2026-07-22T11:00:52+00:00,WH-01,in_progress,1
ORD-006769,Plant-07,FL-1825-423,53,35,0,2026-07-25T11:00:52+00:00,WH-02,pending,7
ORD-006770,Plant-39,CH-5334-3630,122,99,0,2026-07-22T09:00:52+00:00,WH-01,completed,4
ORD-006771,Plant-23,CH-8656-218,76,44,0,2026-07-26T10:00:52+00:00,WH-02,pending,3
ORD-006772,Plant-36,CH-2702-4513,84,47,0,2026-07-22T10:00:52+00:00,WH-02,pending,7
ORD-006773,Plant-27,PO-4366-4826,6,4,0,2026-07-21T13:00:52+00:00,WH-02,pending,4
ORD-006774,Plant-02,FL-8586-3961,39,27,0,2026-07-25T09:00:52+00:00,WH-01,pending,3
ORD-006775,Plant-19,PO-6576-2157,113,73,0,2026-07-24T18:00:52+00:00,WH-01,pending,9
ORD-006776,Plant-24,EL-8360-1449,15,5,0,2026-07-21T10:00:52+00:00,WH-02,in_progress,1
ORD-006777,Plant-47,EL-9752-2073,27,16,0,2026-07-20T15:00:52+00:00,WH-02,completed,1
ORD-006778,Plant-38,EL-9385-4012,122,39,0,2026-07-25T23:00:52+00:00,WH-02,completed,9
ORD-006779,Plant-06,PO-9835-4396,17,6,0,2026-07-23T23:00:52+00:00,WH-01,in_progress,10
ORD-006780,Plant-31,PO-7373-118,26,3,0,2026-07-23T15:00:52+00:00,WH-01,completed,9
ORD-006781,Plant-05,IN-3831-4656,55,13,0,2026-07-24T11:00:52+00:00,WH-01,completed,1
ORD-006782,Plant-13,EL-7600-3643,55,1,0,2026-07-26T13:00:52+00:00,WH-02,pending,3
ORD-006783,Plant-08,PO-7172-4159,138,92,0,2026-07-19T23:00:52+00:00,WH-01,in_progress,9
ORD-006784,Plant-24,IN-6006-048,51,11,0,2026-07-23T23:00:52+00:00,WH-01,in_progress,9
ORD-006785,Plant-11,FL-5654-3091,84,48,0,2026-07-23T13:00:52+00:00,WH-02,completed,2
ORD-006786,Plant-07,PO-6860-2514,83,78,0,2026-07-24T08:00:52+00:00,WH-01,completed,1
ORD-006787,Plant-47,IN-9530-1836,103,48,0,2026-07-26T02:00:52+00:00,WH-01,pending,4
ORD-006788,Plant-43,FL-4859-2232,15,8,0,2026-07-26T17:00:52+00:00,WH-01,completed,8
ORD-006789,Plant-18,EL-1091-2014,71,32,0,2026-07-21T22:00:52+00:00,WH-01,completed,1
ORD-006790,Plant-40,FL-2802-3638,39,37,0,2026-07-23T03:00:52+00:00,WH-01,completed,2
ORD-006791,Plant-12,CH-2670-3782,58,14,0,2026-07-24T11:00:52+00:00,WH-01,pending,10
ORD-006792,Plant-33,PO-5435-031,5,5,0,2026-07-25T18:00:52+00:00,WH-02,pending,2
ORD-006793,Plant-15,IN-2477-3364,53,2,0,2026-07-23T05:00:52+00:00,WH-02,completed,3
ORD-006794,Plant-19,EL-2804-4327,96,67,0,2026-07-26T15:00:52+00:00,WH-02,pending,10
ORD-006795,Plant-27,PO-5357-3304,75,52,0,2026-07-26T08:00:52+00:00,WH-02,in_progress,2
ORD-006796,Plant-04,EL-7170-2724,111,62,0,2026-07-20T05:00:52+00:00,WH-01,in_progress,4
ORD-006797,Plant-46,EL-7852-3642,145,35,0,2026-07-25T13:00:52+00:00,WH-02,in_progress,5
ORD-006798,Plant-46,EL-2367-1439,119,87,0,2026-07-22T06:00:52+00:00,WH-02,pending,7
ORD-006799,Plant-37,IN-1153-2340,41,0,0,2026-07-23T13:00:52+00:00,WH-01,in_progress,8
ORD-006800,Plant-03,IN-2936-2434,105,9,0,2026-07-20T17:00:52+00:00,WH-02,in_progress,10
ORD-006801,Plant-12,IN-6335-3502,136,15,0,2026-07-24T20:00:52+00:00,WH-02,in_progress,3
ORD-006802,Plant-10,CH-3724-1871,22,13,0,2026-07-20T00:00:52+00:00,WH-01,pending,8
ORD-006803,Plant-30,IN-6509-857,123,43,0,2026-07-26T17:00:52+00:00,WH-02,completed,4
ORD-006804,Plant-43,PO-3864-1672,110,70,0,2026-07-24T13:00:52+00:00,WH-01,completed,9
ORD-006805,Plant-31,IN-5238-1925,123,20,0,2026-07-24T20:00:52+00:00,WH-02,completed,5
ORD-006806,Plant-41,PO-4276-2118,46,13,0,2026-07-22T15:00:52+00:00,WH-02,in_progress,9
ORD-006807,Plant-09,FL-9628-2476,89,36,0,2026-07-22T08:00:52+00:00,WH-01,completed,5
ORD-006808,Plant-30,FL-5908-4151,100,40,0,2026-07-26T14:00:52+00:00,WH-01,pending,3
ORD-006809,Plant-44,IN-2954-1162,61,55,0,2026-07-22T17:00:52+00:00,WH-01,completed,5
ORD-006810,Plant-23,CH-5387-2266,73,27,0,2026-07-20T05:00:52+00:00,WH-01,completed,9
ORD-006811,Plant-32,PO-5628-4421,93,50,0,2026-07-22T22:00:52+00:00,WH-02,in_progress,3
ORD-006812,Plant-41,CH-1630-4960,82,44,0,2026-07-24T05:00:52+00:00,WH-01,completed,7
ORD-006813,Plant-04,PO-1306-1921,22,4,0,2026-07-19T20:00:52+00:00,WH-02,pending,2
ORD-006814,Plant-23,CH-6368-152,148,86,0,2026-07-20T05:00:52+00:00,WH-02,completed,1
ORD-006815,Plant-36,IN-1153-2340,147,76,0,2026-07-23T09:00:52+00:00,WH-02,pending,1
ORD-006816,Plant-18,FL-4472-4623,60,21,0,2026-07-22T13:00:52+00:00,WH-02,pending,8
ORD-006817,Plant-09,IN-3369-2688,22,13,0,2026-07-23T14:00:52+00:00,WH-02,in_progress,1
ORD-006818,Plant-26,CH-9326-4355,26,24,0,2026-07-26T09:00:52+00:00,WH-02,in_progress,3
ORD-006819,Plant-38,EL-9750-1528,71,2,0,2026-07-20T17:00:52+00:00,WH-02,pending,3
ORD-006820,Plant-18,IN-2603-818,67,47,0,2026-07-25T04:00:52+00:00,WH-02,in_progress,3
ORD-006821,Plant-24,IN-4892-296,138,1,0,2026-07-21T04:00:52+00:00,WH-02,pending,10
ORD-006822,Plant-35,EL-1421-1945,74,39,0,2026-07-22T03:00:52+00:00,WH-01,completed,7
ORD-006823,Plant-44,EL-1284-1738,65,26,0,2026-07-24T11:00:52+00:00,WH-02,in_progress,5
ORD-006824,Plant-36,IN-7775-2850,72,71,0,2026-07-23T13:00:52+00:00,WH-01,completed,6
ORD-006825,Plant-22,CH-6595-2631,142,18,0,2026-07-22T21:00:52+00:00,WH-02,pending,10
ORD-006826,Plant-21,CH-7792-4423,146,77,0,2026-07-21T18:00:52+00:00,WH-02,in_progress,1
ORD-006827,Plant-25,CH-7040-2836,46,21,0,2026-07-24T03:00:52+00:00,WH-01,completed,6
ORD-006828,Plant-07,CH-1063-1983,51,1,0,2026-07-24T13:00:52+00:00,WH-02,pending,3
ORD-006829,Plant-35,PO-6757-4778,131,128,0,2026-07-25T17:00:52+00:00,WH-01,in_progress,5
ORD-006830,Plant-11,FL-3308-3877,130,57,0,2026-07-24T15:00:52+00:00,WH-01,in_progress,10
ORD-006831,Plant-48,EL-9957-2903,110,28,0,2026-07-21T08:00:52+00:00,WH-02,in_progress,9
ORD-006832,Plant-04,PO-3881-1203,81,34,0,2026-07-20T07:00:52+00:00,WH-02,completed,6
ORD-006833,Plant-21,PO-9908-1345,139,96,0,2026-07-19T22:00:52+00:00,WH-01,in_progress,1
ORD-006834,Plant-01,PO-6083-1608,68,67,0,2026-07-22T17:00:52+00:00,WH-01,pending,10
ORD-006835,Plant-21,PO-7048-3344,39,10,0,2026-07-20T09:00:52+00:00,WH-01,pending,2
ORD-006836,Plant-20,CH-6296-4223,99,38,0,2026-07-24T13:00:52+00:00,WH-02,pending,1
ORD-006837,Plant-23,CH-2889-2995,15,3,0,2026-07-20T12:00:52+00:00,WH-02,in_progress,8
ORD-006838,Plant-23,CH-8944-2683,149,130,0,2026-07-25T19:00:52+00:00,WH-01,pending,2
ORD-006839,Plant-41,PO-4250-2560,4,2,0,2026-07-21T05:00:52+00:00,WH-02,completed,2
ORD-006840,Plant-02,FL-1096-2287,147,135,0,2026-07-26T05:00:52+00:00,WH-01,pending,6
ORD-006841,Plant-24,EL-3227-4791,100,10,0,2026-07-25T13:00:52+00:00,WH-02,pending,8
ORD-006842,Plant-42,CH-1785-1866,64,0,0,2026-07-20T23:00:52+00:00,WH-01,completed,9
ORD-006843,Plant-25,PO-9898-4688,105,52,0,2026-07-25T12:00:52+00:00,WH-02,in_progress,4
ORD-006844,Plant-20,IN-5370-4762,27,27,0,2026-07-24T16:00:52+00:00,WH-02,in_progress,7
ORD-006845,Plant-47,CH-6302-063,6,0,0,2026-07-19T22:00:52+00:00,WH-02,pending,3
ORD-006846,Plant-05,PO-9146-3975,132,28,0,2026-07-25T11:00:52+00:00,WH-01,pending,7
ORD-006847,Plant-20,CH-1335-3838,143,7,0,2026-07-23T22:00:52+00:00,WH-01,completed,4
ORD-006848,Plant-03,PO-1255-436,126,61,0,2026-07-21T20:00:52+00:00,WH-01,in_progress,4
ORD-006849,Plant-07,CH-9468-485,15,11,0,2026-07-24T07:00:52+00:00,WH-01,completed,10
ORD-006850,Plant-32,EL-2739-121,71,58,0,2026-07-23T13:00:52+00:00,WH-02,completed,6
ORD-006851,Plant-34,IN-4927-3951,73,26,0,2026-07-25T11:00:52+00:00,WH-01,completed,5
ORD-006852,Plant-30,PO-2456-646,148,70,0,2026-07-22T01:00:52+00:00,WH-01,completed,5
ORD-006853,Plant-21,FL-7299-4055,106,48,0,2026-07-24T18:00:52+00:00,WH-01,completed,5
ORD-006854,Plant-23,FL-7364-617,70,12,0,2026-07-21T12:00:52+00:00,WH-02,pending,10
ORD-006855,Plant-37,PO-1155-4993,143,87,0,2026-07-24T12:00:52+00:00,WH-02,in_progress,9
ORD-006856,Plant-35,PO-5460-1445,99,83,0,2026-07-23T15:00:52+00:00,WH-01,completed,2
ORD-006857,Plant-20,CH-8084-923,124,99,0,2026-07-26T04:00:52+00:00,WH-01,pending,2
ORD-006858,Plant-32,EL-6168-3456,41,31,0,2026-07-21T05:00:52+00:00,WH-01,completed,8
ORD-006859,Plant-45,PO-6415-1348,70,22,0,2026-07-22T01:00:52+00:00,WH-02,in_progress,1
ORD-006860,Plant-24,IN-3665-2524,31,21,0,2026-07-26T10:00:52+00:00,WH-01,pending,7
ORD-006861,Plant-25,CH-5275-1505,16,6,0,2026-07-20T14:00:52+00:00,WH-01,completed,4
ORD-006862,Plant-20,FL-2864-176,136,54,0,2026-07-22T08:00:52+00:00,WH-01,in_progress,5
ORD-006863,Plant-12,PO-3603-4251,68,57,0,2026-07-19T20:00:52+00:00,WH-01,completed,4
ORD-006864,Plant-09,FL-4758-535,60,32,0,2026-07-21T00:00:52+00:00,WH-02,in_progress,2
ORD-006865,Plant-31,CH-5192-830,30,9,0,2026-07-23T04:00:52+00:00,WH-02,completed,1
ORD-006866,Plant-10,IN-9185-3687,60,20,0,2026-07-20T15:00:52+00:00,WH-02,completed,2
ORD-006867,Plant-06,FL-4244-2491,105,78,0,2026-07-22T16:00:52+00:00,WH-02,in_progress,6
ORD-006868,Plant-15,CH-6426-3711,11,11,0,2026-07-26T11:00:52+00:00,WH-02,in_progress,1
ORD-006869,Plant-21,PO-4099-2505,96,24,0,2026-07-24T00:00:52+00:00,WH-01,completed,6
ORD-006870,Plant-48,IN-1086-4250,145,58,0,2026-07-22T14:00:52+00:00,WH-01,completed,10
ORD-006871,Plant-39,EL-3952-3730,43,17,0,2026-07-23T02:00:52+00:00,WH-02,in_progress,3
ORD-006872,Plant-15,EL-6600-964,66,40,0,2026-07-26T05:00:52+00:00,WH-01,pending,2
ORD-006873,Plant-30,FL-8871-2280,90,83,0,2026-07-21T09:00:52+00:00,WH-02,completed,5
ORD-006874,Plant-48,FL-9803-2339,69,62,0,2026-07-24T18:00:52+00:00,WH-01,completed,2
ORD-006875,Plant-08,FL-1560-1507,68,18,0,2026-07-26T14:00:52+00:00,WH-02,completed,2
ORD-006876,Plant-47,CH-4845-783,68,64,0,2026-07-22T02:00:52+00:00,WH-01,completed,2
ORD-006877,Plant-33,FL-1540-210,72,39,0,2026-07-26T06:00:52+00:00,WH-01,in_progress,4
ORD-006878,Plant-44,EL-2898-4471,73,9,0,2026-07-23T09:00:52+00:00,WH-01,pending,6
ORD-006879,Plant-03,PO-1272-504,95,37,0,2026-07-20T15:00:52+00:00,WH-01,in_progress,1
ORD-006880,Plant-35,CH-3815-1319,5,5,0,2026-07-25T09:00:52+00:00,WH-01,in_progress,8
ORD-006881,Plant-42,CH-2419-3802,117,8,0,2026-07-24T09:00:52+00:00,WH-01,pending,1
ORD-006882,Plant-01,IN-3292-2527,142,129,0,2026-07-21T04:00:52+00:00,WH-02,pending,1
ORD-006883,Plant-11,CH-7271-4947,47,17,0,2026-07-21T23:00:52+00:00,WH-01,pending,10
ORD-006884,Plant-29,PO-4366-4826,85,22,0,2026-07-24T13:00:52+00:00,WH-01,pending,3
ORD-006885,Plant-35,IN-1645-2569,12,11,0,2026-07-24T02:00:52+00:00,WH-02,in_progress,1
ORD-006886,Plant-10,FL-4543-1553,67,29,0,2026-07-20T11:00:52+00:00,WH-02,completed,1
ORD-006887,Plant-19,IN-6886-3236,69,48,0,2026-07-22T14:00:52+00:00,WH-01,in_progress,10
ORD-006888,Plant-34,PO-9781-3641,86,52,0,2026-07-25T00:00:52+00:00,WH-02,pending,4
ORD-006889,Plant-31,IN-6281-606,147,118,0,2026-07-22T03:00:52+00:00,WH-02,completed,1
ORD-006890,Plant-14,EL-7788-4926,96,74,0,2026-07-23T17:00:52+00:00,WH-01,in_progress,6
ORD-006891,Plant-39,PO-4112-2973,80,57,0,2026-07-22T23:00:52+00:00,WH-02,in_progress,3
ORD-006892,Plant-34,CH-2166-550,112,12,0,2026-07-24T13:00:52+00:00,WH-01,completed,7
ORD-006893,Plant-06,FL-7501-3342,62,61,0,2026-07-20T23:00:52+00:00,WH-02,completed,5
ORD-006894,Plant-26,FL-3578-4369,90,44,0,2026-07-22T09:00:52+00:00,WH-02,in_progress,9
ORD-006895,Plant-41,CH-9671-240,121,118,0,2026-07-21T22:00:52+00:00,WH-01,pending,7
ORD-006896,Plant-05,IN-6215-618,41,22,0,2026-07-26T02:00:52+00:00,WH-02,in_progress,6
ORD-006897,Plant-36,CH-7870-135,6,1,0,2026-07-20T16:00:52+00:00,WH-02,in_progress,6
ORD-006898,Plant-46,FL-1160-136,118,30,0,2026-07-20T16:00:52+00:00,WH-01,completed,2
ORD-006899,Plant-14,CH-6454-1986,8,7,0,2026-07-23T20:00:52+00:00,WH-01,in_progress,7
ORD-006900,Plant-20,IN-4736-3327,57,53,0,2026-07-24T22:00:52+00:00,WH-01,in_progress,10
ORD-006901,Plant-33,CH-5668-3408,122,62,0,2026-07-25T13:00:52+00:00,WH-01,pending,8
ORD-006902,Plant-46,CH-2690-1132,79,57,0,2026-07-24T08:00:52+00:00,WH-02,completed,1
ORD-006903,Plant-32,FL-1953-2417,78,57,0,2026-07-21T09:00:52+00:00,WH-02,completed,6
ORD-006904,Plant-30,PO-2953-455,66,35,0,2026-07-20T04:00:52+00:00,WH-02,pending,1
ORD-006905,Plant-26,CH-3349-3478,60,19,0,2026-07-22T16:00:52+00:00,WH-01,pending,2
ORD-006906,Plant-27,FL-4624-1389,20,5,0,2026-07-23T10:00:52+00:00,WH-01,completed,9
ORD-006907,Plant-24,PO-1325-2125,145,64,0,2026-07-26T01:00:52+00:00,WH-02,in_progress,1
ORD-006908,Plant-29,FL-7293-1794,149,41,0,2026-07-20T11:00:52+00:00,WH-01,completed,7
ORD-006909,Plant-37,IN-5618-2548,46,20,0,2026-07-24T00:00:52+00:00,WH-01,pending,6
ORD-006910,Plant-21,EL-7362-1659,129,63,0,2026-07-22T01:00:52+00:00,WH-01,in_progress,4
ORD-006911,Plant-10,FL-1241-3651,139,77,0,2026-07-26T04:00:52+00:00,WH-01,pending,1
ORD-006912,Plant-09,CH-9419-1473,117,44,0,2026-07-25T05:00:52+00:00,WH-02,pending,1
ORD-006913,Plant-07,PO-4712-2744,137,25,0,2026-07-23T14:00:52+00:00,WH-01,in_progress,10
ORD-006914,Plant-31,EL-9685-2034,99,81,0,2026-07-21T08:00:52+00:00,WH-01,completed,9
ORD-006915,Plant-46,EL-1886-2051,61,24,0,2026-07-21T21:00:52+00:00,WH-01,pending,2
ORD-006916,Plant-36,FL-7195-2573,50,6,0,2026-07-20T22:00:52+00:00,WH-02,completed,10
ORD-006917,Plant-43,IN-7325-634,85,82,0,2026-07-20T10:00:52+00:00,WH-02,pending,5
ORD-006918,Plant-17,CH-9950-4708,27,13,0,2026-07-23T09:00:52+00:00,WH-02,completed,10
ORD-006919,Plant-24,IN-3812-1242,32,29,0,2026-07-26T10:00:52+00:00,WH-02,pending,1
ORD-006920,Plant-39,IN-2464-1150,113,90,0,2026-07-25T14:00:52+00:00,WH-01,in_progress,10
ORD-006921,Plant-44,IN-9026-2222,43,11,0,2026-07-26T10:00:52+00:00,WH-01,pending,10
ORD-006922,Plant-28,PO-6712-2615,113,64,0,2026-07-25T15:00:52+00:00,WH-02,pending,2
ORD-006923,Plant-22,CH-4348-995,22,16,0,2026-07-21T08:00:52+00:00,WH-02,pending,8
ORD-006924,Plant-17,EL-4205-1224,77,56,0,2026-07-23T02:00:52+00:00,WH-02,in_progress,6
ORD-006925,Plant-13,CH-3972-1054,126,83,0,2026-07-22T10:00:52+00:00,WH-02,pending,10
ORD-006926,Plant-23,FL-4282-1740,6,0,0,2026-07-21T20:00:52+00:00,WH-01,pending,3
ORD-006927,Plant-31,FL-7891-1893,14,0,0,2026-07-23T04:00:52+00:00,WH-02,pending,9
ORD-006928,Plant-35,CH-8756-3330,149,58,0,2026-07-20T16:00:52+00:00,WH-02,in_progress,2
ORD-006929,Plant-20,FL-3750-246,17,5,0,2026-07-21T03:00:52+00:00,WH-01,completed,4
ORD-006930,Plant-04,CH-4096-2114,51,0,0,2026-07-20T19:00:52+00:00,WH-02,pending,7
ORD-006931,Plant-16,CH-9437-4973,57,19,0,2026-07-24T10:00:52+00:00,WH-02,completed,3
ORD-006932,Plant-38,EL-6688-1342,81,65,0,2026-07-23T03:00:52+00:00,WH-02,pending,10
ORD-006933,Plant-13,FL-3779-2229,67,28,0,2026-07-24T09:00:52+00:00,WH-01,in_progress,2
ORD-006934,Plant-26,PO-6288-1897,76,36,0,2026-07-22T02:00:52+00:00,WH-02,completed,6
ORD-006935,Plant-32,IN-1829-028,53,42,0,2026-07-22T18:00:52+00:00,WH-01,in_progress,3
ORD-006936,Plant-45,PO-1241-4115,91,1,0,2026-07-20T22:00:52+00:00,WH-02,in_progress,8
ORD-006937,Plant-21,PO-8865-3058,149,65,0,2026-07-23T22:00:52+00:00,WH-02,in_progress,8
ORD-006938,Plant-12,FL-3912-424,138,32,0,2026-07-20T09:00:52+00:00,WH-01,pending,3
ORD-006939,Plant-12,CH-9331-2705,136,28,0,2026-07-25T11:00:52+00:00,WH-02,in_progress,4
ORD-006940,Plant-07,IN-9708-3547,13,12,0,2026-07-20T22:00:52+00:00,WH-01,in_progress,1
ORD-006941,Plant-24,FL-5185-2592,74,6,0,2026-07-24T15:00:52+00:00,WH-02,completed,6
ORD-006942,Plant-36,EL-4472-3672,28,21,0,2026-07-21T15:00:52+00:00,WH-02,pending,7
ORD-006943,Plant-35,PO-4690-4288,129,72,0,2026-07-22T22:00:52+00:00,WH-01,pending,3
ORD-006944,Plant-15,IN-7300-3614,106,14,0,2026-07-20T05:00:52+00:00,WH-02,in_progress,7
ORD-006945,Plant-09,IN-3019-4997,89,60,0,2026-07-21T14:00:52+00:00,WH-01,pending,8
ORD-006946,Plant-14,FL-7299-4055,62,58,0,2026-07-26T18:00:52+00:00,WH-01,in_progress,3
ORD-006947,Plant-44,PO-3709-4419,133,22,0,2026-07-23T07:00:52+00:00,WH-02,in_progress,8
ORD-006948,Plant-29,CH-3347-2414,48,41,0,2026-07-26T03:00:52+00:00,WH-01,completed,4
ORD-006949,Plant-24,IN-3669-1996,129,73,0,2026-07-20T18:00:52+00:00,WH-02,pending,1
ORD-006950,Plant-27,CH-5003-3888,47,36,0,2026-07-22T18:00:52+00:00,WH-01,in_progress,7
ORD-006951,Plant-33,FL-6896-151,125,69,0,2026-07-22T03:00:52+00:00,WH-01,in_progress,10
ORD-006952,Plant-24,IN-6792-4194,148,33,0,2026-07-25T04:00:52+00:00,WH-02,in_progress,6
ORD-006953,Plant-38,PO-6413-644,21,11,0,2026-07-21T18:00:52+00:00,WH-01,completed,10
ORD-006954,Plant-31,FL-4039-067,103,98,0,2026-07-22T07:00:52+00:00,WH-01,in_progress,10
ORD-006955,Plant-25,PO-3702-2377,145,110,0,2026-07-20T23:00:52+00:00,WH-01,completed,5
ORD-006956,Plant-14,PO-9196-1789,101,70,0,2026-07-20T11:00:52+00:00,WH-01,completed,10
ORD-006957,Plant-09,EL-6416-4518,5,5,0,2026-07-21T16:00:52+00:00,WH-01,in_progress,5
ORD-006958,Plant-48,FL-8185-3392,121,68,0,2026-07-22T14:00:52+00:00,WH-01,completed,1
ORD-006959,Plant-39,FL-6968-2990,100,38,0,2026-07-22T04:00:52+00:00,WH-02,completed,6
ORD-006960,Plant-22,EL-8301-1376,22,7,0,2026-07-20T23:00:52+00:00,WH-01,completed,3
ORD-006961,Plant-07,FL-4739-3805,87,7,0,2026-07-22T13:00:52+00:00,WH-02,completed,6
ORD-006962,Plant-37,CH-4365-4191,89,6,0,2026-07-24T07:00:52+00:00,WH-02,pending,9
ORD-006963,Plant-32,EL-4988-868,37,15,0,2026-07-22T11:00:52+00:00,WH-01,pending,9
ORD-006964,Plant-06,CH-1742-3935,60,44,0,2026-07-26T13:00:52+00:00,WH-01,pending,2
ORD-006965,Plant-06,CH-4425-1968,31,1,0,2026-07-25T13:00:52+00:00,WH-01,completed,7
ORD-006966,Plant-17,EL-5867-4166,112,107,0,2026-07-23T12:00:52+00:00,WH-02,in_progress,2
ORD-006967,Plant-21,CH-8571-4128,64,5,0,2026-07-24T08:00:52+00:00,WH-01,pending,6
ORD-006968,Plant-16,IN-7620-3481,116,7,0,2026-07-23T04:00:52+00:00,WH-01,completed,2
ORD-006969,Plant-43,CH-1129-1511,126,21,0,2026-07-24T22:00:52+00:00,WH-01,in_progress,8
ORD-006970,Plant-45,IN-5077-1279,85,1,0,2026-07-20T20:00:52+00:00,WH-01,completed,6
ORD-006971,Plant-28,PO-7392-2371,74,61,0,2026-07-20T19:00:52+00:00,WH-01,pending,1
ORD-006972,Plant-22,IN-3812-1242,23,13,0,2026-07-20T21:00:52+00:00,WH-02,in_progress,5
ORD-006973,Plant-05,PO-8906-3532,101,35,0,2026-07-24T23:00:52+00:00,WH-01,in_progress,1
ORD-006974,Plant-25,PO-9381-4443,81,41,0,2026-07-22T21:00:52+00:00,WH-01,in_progress,3
ORD-006975,Plant-35,IN-9734-3592,21,3,0,2026-07-25T09:00:52+00:00,WH-01,completed,3
ORD-006976,Plant-09,FL-8263-2841,29,21,0,2026-07-22T12:00:52+00:00,WH-02,completed,7
ORD-006977,Plant-20,EL-4927-988,38,28,0,2026-07-20T14:00:52+00:00,WH-02,completed,10
ORD-006978,Plant-26,CH-5600-2522,117,18,0,2026-07-25T11:00:52+00:00,WH-01,in_progress,2
ORD-006979,Plant-03,FL-9902-810,102,78,0,2026-07-26T14:00:52+00:00,WH-01,completed,2
ORD-006980,Plant-25,EL-6872-4107,23,1,0,2026-07-25T19:00:52+00:00,WH-02,pending,6
ORD-006981,Plant-38,CH-9423-4362,137,59,0,2026-07-23T20:00:52+00:00,WH-02,in_progress,2
ORD-006982,Plant-42,EL-9042-4666,65,41,0,2026-07-24T22:00:52+00:00,WH-01,completed,10
ORD-006983,Plant-47,FL-9503-4855,4,0,0,2026-07-25T03:00:52+00:00,WH-02,completed,8
ORD-006984,Plant-31,PO-4032-2557,120,84,0,2026-07-26T16:00:52+00:00,WH-02,pending,9
ORD-006985,Plant-04,IN-2581-1194,66,20,0,2026-07-24T00:00:52+00:00,WH-01,completed,9
ORD-006986,Plant-37,PO-2865-335,40,26,0,2026-07-23T06:00:52+00:00,WH-02,pending,1
ORD-006987,Plant-10,EL-2898-4471,144,44,0,2026-07-24T04:00:52+00:00,WH-01,pending,2
ORD-006988,Plant-34,IN-5030-2605,52,33,0,2026-07-24T19:00:52+00:00,WH-02,in_progress,7
ORD-006989,Plant-27,IN-7094-2895,61,40,0,2026-07-25T21:00:52+00:00,WH-02,completed,1
ORD-006990,Plant-12,IN-8575-1564,14,14,0,2026-07-21T18:00:52+00:00,WH-01,in_progress,8
ORD-006991,Plant-22,IN-1829-028,53,2,0,2026-07-21T04:00:52+00:00,WH-01,pending,7
ORD-006992,Plant-20,PO-6665-2960,68,55,0,2026-07-25T01:00:52+00:00,WH-01,in_progress,9
ORD-006993,Plant-28,IN-9767-289,58,8,0,2026-07-20T17:00:52+00:00,WH-02,pending,8
ORD-006994,Plant-31,PO-3381-3948,105,32,0,2026-07-21T13:00:52+00:00,WH-01,pending,2
ORD-006995,Plant-47,PO-3339-4854,28,21,0,2026-07-22T11:00:52+00:00,WH-01,in_progress,6
ORD-006996,Plant-08,CH-3029-2194,44,36,0,2026-07-24T11:00:52+00:00,WH-01,in_progress,10
ORD-006997,Plant-18,PO-9271-3997,98,88,0,2026-07-19T18:00:52+00:00,WH-01,pending,10
ORD-006998,Plant-14,CH-2187-3195,4,0,0,2026-07-20T04:00:52+00:00,WH-02,in_progress,5
ORD-006999,Plant-47,FL-9621-2949,67,34,0,2026-07-21T00:00:52+00:00,WH-02,pending,1
ORD-007000,Plant-42,CH-1199-1563,13,8,0,2026-07-22T12:00:52+00:00,WH-01,completed,2
ORD-007001,Plant-04,CH-5130-4430,35,24,0,2026-07-24T03:00:52+00:00,WH-02,completed,1
ORD-007002,Plant-26,PO-1193-1580,127,40,0,2026-07-25T06:00:52+00:00,WH-01,completed,7
ORD-007003,Plant-30,CH-9671-240,22,21,0,2026-07-20T16:00:52+00:00,WH-02,in_progress,10
ORD-007004,Plant-24,EL-2251-1109,78,75,0,2026-07-22T03:00:52+00:00,WH-02,in_progress,6
ORD-007005,Plant-12,FL-9452-3939,105,57,0,2026-07-22T11:00:52+00:00,WH-01,in_progress,3
ORD-007006,Plant-28,CH-2148-2320,102,100,0,2026-07-21T16:00:52+00:00,WH-01,pending,10
ORD-007007,Plant-31,EL-8653-3921,101,11,0,2026-07-26T12:00:52+00:00,WH-02,in_progress,4
ORD-007008,Plant-08,FL-6214-1391,119,78,0,2026-07-26T05:00:52+00:00,WH-02,in_progress,3
ORD-007009,Plant-27,IN-4802-3053,36,9,0,2026-07-23T17:00:52+00:00,WH-01,completed,2
ORD-007010,Plant-10,CH-2729-2577,12,11,0,2026-07-21T15:00:52+00:00,WH-01,pending,2
ORD-007011,Plant-41,CH-7998-4936,88,18,0,2026-07-22T10:00:52+00:00,WH-01,completed,2
ORD-007012,Plant-06,IN-4530-543,45,13,0,2026-07-23T19:00:52+00:00,WH-01,in_progress,10
ORD-007013,Plant-43,PO-3201-3282,39,7,0,2026-07-23T02:00:52+00:00,WH-01,in_progress,1
ORD-007014,Plant-34,FL-2784-2173,86,34,0,2026-07-25T06:00:52+00:00,WH-01,in_progress,8
ORD-007015,Plant-27,FL-6761-3134,127,1,0,2026-07-26T01:00:52+00:00,WH-02,completed,3
ORD-007016,Plant-14,PO-6415-1348,113,41,0,2026-07-22T18:00:52+00:00,WH-02,completed,2
ORD-007017,Plant-27,EL-8895-3891,90,59,0,2026-07-26T00:00:52+00:00,WH-02,pending,7
ORD-007018,Plant-43,CH-2599-1990,110,46,0,2026-07-22T06:00:52+00:00,WH-01,completed,4
ORD-007019,Plant-35,EL-9369-704,66,13,0,2026-07-24T00:00:52+00:00,WH-02,in_progress,4
ORD-007020,Plant-27,PO-4288-4217,149,82,0,2026-07-23T17:00:52+00:00,WH-02,in_progress,6
ORD-007021,Plant-04,PO-2825-828,40,21,0,2026-07-19T18:00:52+00:00,WH-02,completed,3
ORD-007022,Plant-44,EL-4972-2317,54,41,0,2026-07-21T15:00:52+00:00,WH-01,in_progress,9
ORD-007023,Plant-09,PO-3900-3426,74,61,0,2026-07-20T12:00:52+00:00,WH-01,in_progress,4
ORD-007024,Plant-44,CH-2264-792,19,13,0,2026-07-19T23:00:52+00:00,WH-02,in_progress,5
ORD-007025,Plant-16,CH-2165-3992,8,4,0,2026-07-26T00:00:52+00:00,WH-02,pending,2
ORD-007026,Plant-30,EL-8236-1702,116,116,0,2026-07-22T18:00:52+00:00,WH-02,completed,9
ORD-007027,Plant-09,IN-2706-3466,15,14,0,2026-07-26T04:00:52+00:00,WH-02,pending,9
ORD-007028,Plant-02,EL-9749-4434,69,18,0,2026-07-23T05:00:52+00:00,WH-02,in_progress,5
ORD-007029,Plant-31,PO-1844-2477,111,47,0,2026-07-21T02:00:52+00:00,WH-01,pending,8
ORD-007030,Plant-25,FL-2753-3253,46,44,0,2026-07-24T12:00:52+00:00,WH-02,in_progress,3
ORD-007031,Plant-07,IN-8963-1883,86,0,0,2026-07-25T04:00:52+00:00,WH-01,in_progress,3
ORD-007032,Plant-38,IN-1114-1592,149,83,0,2026-07-25T04:00:52+00:00,WH-01,in_progress,3
ORD-007033,Plant-36,FL-9308-1590,76,22,0,2026-07-24T16:00:52+00:00,WH-02,in_progress,4
ORD-007034,Plant-34,EL-4255-1022,125,56,0,2026-07-26T07:00:52+00:00,WH-02,pending,7
ORD-007035,Plant-12,IN-1868-2618,69,42,0,2026-07-22T08:00:52+00:00,WH-01,in_progress,1
ORD-007036,Plant-23,CH-9965-1012,116,94,0,2026-07-26T01:00:52+00:00,WH-01,in_progress,1
ORD-007037,Plant-25,IN-9882-4162,149,148,0,2026-07-20T11:00:52+00:00,WH-02,completed,6
ORD-007038,Plant-14,IN-7537-4324,97,78,0,2026-07-19T20:00:52+00:00,WH-01,completed,6
ORD-007039,Plant-14,IN-6763-2165,124,27,0,2026-07-23T03:00:52+00:00,WH-01,pending,5
ORD-007040,Plant-03,FL-9104-3542,101,77,0,2026-07-20T19:00:52+00:00,WH-01,completed,6
ORD-007041,Plant-41,FL-6118-2984,101,46,0,2026-07-20T08:00:52+00:00,WH-02,pending,3
ORD-007042,Plant-38,PO-9467-2537,122,38,0,2026-07-20T18:00:52+00:00,WH-01,pending,1
ORD-007043,Plant-48,CH-6340-275,119,60,0,2026-07-23T16:00:52+00:00,WH-02,completed,2
ORD-007044,Plant-36,IN-7218-3646,52,46,0,2026-07-22T08:00:52+00:00,WH-01,in_progress,9
ORD-007045,Plant-15,CH-1104-396,111,17,0,2026-07-24T22:00:52+00:00,WH-01,completed,5
ORD-007046,Plant-34,IN-5169-1858,125,67,0,2026-07-25T18:00:52+00:00,WH-02,pending,1
ORD-007047,Plant-41,PO-5677-1105,138,44,0,2026-07-21T07:00:52+00:00,WH-02,completed,9
ORD-007048,Plant-13,FL-1130-2064,53,1,0,2026-07-19T20:00:52+00:00,WH-01,pending,3
ORD-007049,Plant-37,FL-8976-2093,20,12,0,2026-07-20T01:00:52+00:00,WH-02,completed,5
ORD-007050,Plant-23,EL-7623-3179,90,80,0,2026-07-21T17:00:52+00:00,WH-02,in_progress,5
ORD-007051,Plant-45,EL-2251-1109,47,18,0,2026-07-21T00:00:52+00:00,WH-02,completed,6
ORD-007052,Plant-42,CH-5387-2266,135,119,0,2026-07-26T01:00:52+00:00,WH-01,pending,9
ORD-007053,Plant-07,PO-7196-2576,8,5,0,2026-07-24T13:00:52+00:00,WH-02,pending,10
ORD-007054,Plant-13,CH-2187-3314,127,66,0,2026-07-26T07:00:52+00:00,WH-01,in_progress,10
ORD-007055,Plant-08,FL-4528-277,101,33,0,2026-07-20T00:00:52+00:00,WH-02,pending,2
ORD-007056,Plant-11,PO-7048-3007,73,28,0,2026-07-24T21:00:52+00:00,WH-01,pending,6
ORD-007057,Plant-01,FL-5336-2585,79,19,0,2026-07-25T00:00:52+00:00,WH-02,completed,1
ORD-007058,Plant-40,EL-3992-1047,5,4,0,2026-07-24T08:00:52+00:00,WH-02,in_progress,9
ORD-007059,Plant-16,IN-4069-4377,62,13,0,2026-07-25T05:00:52+00:00,WH-01,pending,8
ORD-007060,Plant-27,FL-7628-3857,89,86,0,2026-07-21T11:00:52+00:00,WH-02,completed,1
ORD-007061,Plant-03,PO-1124-4264,69,42,0,2026-07-24T08:00:52+00:00,WH-02,pending,1
ORD-007062,Plant-43,FL-1281-3167,27,16,0,2026-07-22T02:00:52+00:00,WH-01,in_progress,5
ORD-007063,Plant-05,PO-2512-4944,85,74,0,2026-07-26T03:00:52+00:00,WH-01,completed,6
ORD-007064,Plant-01,EL-1828-014,38,23,0,2026-07-23T21:00:52+00:00,WH-01,in_progress,5
ORD-007065,Plant-18,CH-6105-1976,45,0,0,2026-07-25T22:00:52+00:00,WH-01,pending,9
ORD-007066,Plant-34,EL-5732-1557,53,27,0,2026-07-21T11:00:52+00:00,WH-01,completed,10
ORD-007067,Plant-47,IN-3129-3425,125,14,0,2026-07-25T05:00:52+00:00,WH-01,pending,9
ORD-007068,Plant-39,CH-3546-4303,142,43,0,2026-07-20T19:00:52+00:00,WH-01,completed,1
ORD-007069,Plant-03,PO-8505-546,42,39,0,2026-07-25T12:00:52+00:00,WH-01,completed,1
ORD-007070,Plant-38,CH-6649-1722,112,9,0,2026-07-20T01:00:52+00:00,WH-02,pending,4
ORD-007071,Plant-06,PO-4337-482,145,142,0,2026-07-25T10:00:52+00:00,WH-01,pending,7
ORD-007072,Plant-06,CH-2896-979,128,46,0,2026-07-22T18:00:52+00:00,WH-01,in_progress,8
ORD-007073,Plant-29,PO-5673-3999,72,60,0,2026-07-21T01:00:52+00:00,WH-01,completed,6
ORD-007074,Plant-12,FL-6022-522,119,98,0,2026-07-24T17:00:52+00:00,WH-01,pending,7
ORD-007075,Plant-34,PO-2621-1585,84,48,0,2026-07-23T15:00:52+00:00,WH-02,pending,1
ORD-007076,Plant-31,EL-5435-387,12,0,0,2026-07-24T20:00:52+00:00,WH-02,completed,2
ORD-007077,Plant-12,EL-2731-3505,83,70,0,2026-07-24T01:00:52+00:00,WH-01,completed,6
ORD-007078,Plant-34,FL-9238-1491,88,16,0,2026-07-23T16:00:52+00:00,WH-02,in_progress,3
ORD-007079,Plant-26,FL-3501-029,45,14,0,2026-07-22T11:00:52+00:00,WH-02,completed,7
ORD-007080,Plant-32,CH-7935-4628,4,1,0,2026-07-26T09:00:52+00:00,WH-01,completed,1
ORD-007081,Plant-24,IN-6552-3323,128,97,0,2026-07-22T21:00:52+00:00,WH-01,pending,2
ORD-007082,Plant-35,EL-8113-4887,28,14,0,2026-07-20T06:00:52+00:00,WH-01,completed,7
ORD-007083,Plant-45,IN-7759-2156,61,20,0,2026-07-26T02:00:52+00:00,WH-01,pending,1
ORD-007084,Plant-14,FL-1214-2081,77,21,0,2026-07-24T04:00:52+00:00,WH-01,completed,5
ORD-007085,Plant-34,EL-8504-610,139,40,0,2026-07-25T12:00:52+00:00,WH-02,pending,7
ORD-007086,Plant-13,CH-3559-2878,66,12,0,2026-07-23T22:00:52+00:00,WH-01,pending,2
ORD-007087,Plant-18,FL-7994-3393,113,7,0,2026-07-24T07:00:52+00:00,WH-01,in_progress,8
ORD-007088,Plant-32,FL-9265-2463,74,36,0,2026-07-22T12:00:52+00:00,WH-02,in_progress,3
ORD-007089,Plant-41,EL-2339-2766,102,51,0,2026-07-21T04:00:52+00:00,WH-02,completed,3
ORD-007090,Plant-34,EL-1779-4426,144,113,0,2026-07-26T18:00:52+00:00,WH-02,pending,3
ORD-007091,Plant-22,PO-8973-2547,20,10,0,2026-07-22T12:00:52+00:00,WH-02,pending,4
ORD-007092,Plant-45,PO-7409-2839,25,7,0,2026-07-23T09:00:52+00:00,WH-01,in_progress,5
ORD-007093,Plant-46,FL-9485-3519,26,10,0,2026-07-22T09:00:52+00:00,WH-02,in_progress,2
ORD-007094,Plant-04,CH-3685-2730,142,11,0,2026-07-24T18:00:52+00:00,WH-02,in_progress,6
ORD-007095,Plant-25,FL-9304-2346,102,91,0,2026-07-25T16:00:52+00:00,WH-02,completed,7
ORD-007096,Plant-24,FL-5347-3268,10,6,0,2026-07-22T03:00:52+00:00,WH-02,in_progress,9
ORD-007097,Plant-46,FL-6988-1296,10,5,0,2026-07-25T07:00:52+00:00,WH-02,completed,4
ORD-007098,Plant-46,CH-6111-4058,30,25,0,2026-07-24T19:00:52+00:00,WH-02,completed,7
ORD-007099,Plant-21,EL-1886-2051,65,48,0,2026-07-26T09:00:52+00:00,WH-01,pending,2
ORD-007100,Plant-44,PO-2186-1129,55,17,0,2026-07-21T03:00:52+00:00,WH-02,pending,6
ORD-007101,Plant-23,EL-2271-381,69,51,0,2026-07-25T08:00:52+00:00,WH-01,completed,3
ORD-007102,Plant-08,IN-7427-1894,63,60,0,2026-07-23T15:00:52+00:00,WH-01,pending,3
ORD-007103,Plant-36,EL-8448-3229,111,56,0,2026-07-21T09:00:52+00:00,WH-01,completed,6
ORD-007104,Plant-32,IN-2109-590,54,17,0,2026-07-22T06:00:52+00:00,WH-01,completed,1
ORD-007105,Plant-38,FL-8356-3501,111,39,0,2026-07-20T16:00:52+00:00,WH-02,completed,5
ORD-007106,Plant-18,CH-1839-1716,75,16,0,2026-07-26T15:00:52+00:00,WH-02,pending,7
ORD-007107,Plant-09,PO-1891-4685,62,54,0,2026-07-21T01:00:52+00:00,WH-02,pending,7
ORD-007108,Plant-05,EL-3860-4657,112,88,0,2026-07-26T05:00:52+00:00,WH-02,in_progress,5
ORD-007109,Plant-27,PO-1158-1004,83,63,0,2026-07-22T21:00:52+00:00,WH-02,in_progress,1
ORD-007110,Plant-07,IN-7251-4567,137,77,0,2026-07-21T03:00:52+00:00,WH-02,completed,10
ORD-007111,Plant-05,CH-5168-1704,73,42,0,2026-07-21T21:00:52+00:00,WH-02,in_progress,8
ORD-007112,Plant-29,CH-4173-322,14,14,0,2026-07-21T03:00:52+00:00,WH-02,pending,1
ORD-007113,Plant-21,PO-5296-140,56,7,0,2026-07-25T02:00:52+00:00,WH-02,pending,6
ORD-007114,Plant-47,EL-1700-3290,27,25,0,2026-07-24T00:00:52+00:00,WH-02,in_progress,2
ORD-007115,Plant-41,PO-6380-2245,49,38,0,2026-07-24T22:00:52+00:00,WH-01,in_progress,6
ORD-007116,Plant-38,CH-8260-1715,122,87,0,2026-07-24T10:00:52+00:00,WH-01,completed,7
ORD-007117,Plant-03,FL-4148-2216,17,0,0,2026-07-23T23:00:52+00:00,WH-02,pending,3
ORD-007118,Plant-05,FL-4206-2135,78,22,0,2026-07-24T03:00:52+00:00,WH-01,completed,4
ORD-007119,Plant-31,FL-2802-3638,15,10,0,2026-07-23T13:00:52+00:00,WH-01,in_progress,10
ORD-007120,Plant-31,IN-9975-2292,86,49,0,2026-07-25T04:00:52+00:00,WH-02,in_progress,7
ORD-007121,Plant-05,EL-6091-4249,49,48,0,2026-07-20T22:00:52+00:00,WH-01,pending,1
ORD-007122,Plant-30,CH-7468-4469,43,17,0,2026-07-21T17:00:52+00:00,WH-02,pending,10
ORD-007123,Plant-32,IN-5469-1838,105,75,0,2026-07-20T23:00:52+00:00,WH-01,in_progress,10
ORD-007124,Plant-05,PO-2440-325,45,36,0,2026-07-21T04:00:52+00:00,WH-02,completed,3
ORD-007125,Plant-38,FL-5010-1455,98,15,0,2026-07-26T01:00:52+00:00,WH-02,in_progress,2
ORD-007126,Plant-48,EL-2172-1830,115,5,0,2026-07-20T09:00:52+00:00,WH-02,pending,2
ORD-007127,Plant-04,IN-1565-2835,63,28,0,2026-07-21T15:00:52+00:00,WH-02,completed,10
ORD-007128,Plant-40,EL-2572-3534,41,10,0,2026-07-21T03:00:52+00:00,WH-02,completed,5
ORD-007129,Plant-09,CH-3099-2733,50,38,0,2026-07-20T11:00:52+00:00,WH-01,completed,1
ORD-007130,Plant-07,PO-2724-4502,124,64,0,2026-07-24T16:00:52+00:00,WH-02,pending,10
ORD-007131,Plant-43,FL-2801-4508,60,57,0,2026-07-22T20:00:52+00:00,WH-01,in_progress,7
ORD-007132,Plant-40,PO-2893-1923,94,68,0,2026-07-23T08:00:52+00:00,WH-01,completed,6
ORD-007133,Plant-45,PO-3270-4660,35,5,0,2026-07-20T04:00:52+00:00,WH-02,in_progress,8
ORD-007134,Plant-22,PO-1964-286,32,14,0,2026-07-20T23:00:52+00:00,WH-01,completed,4
ORD-007135,Plant-21,EL-9999-059,100,10,0,2026-07-24T18:00:52+00:00,WH-02,pending,3
ORD-007136,Plant-40,CH-5423-1002,62,33,0,2026-07-21T16:00:52+00:00,WH-02,pending,8
ORD-007137,Plant-46,EL-9798-330,32,4,0,2026-07-22T22:00:52+00:00,WH-02,pending,7
ORD-007138,Plant-28,FL-1621-3611,43,18,0,2026-07-21T16:00:52+00:00,WH-01,in_progress,9
ORD-007139,Plant-22,IN-8166-1742,82,36,0,2026-07-24T08:00:52+00:00,WH-02,in_progress,8
ORD-007140,Plant-20,FL-8167-4356,133,7,0,2026-07-25T19:00:52+00:00,WH-02,pending,6
ORD-007141,Plant-48,EL-4595-035,28,1,0,2026-07-25T15:00:52+00:00,WH-01,pending,6
ORD-007142,Plant-02,CH-4164-199,35,0,0,2026-07-20T08:00:52+00:00,WH-01,pending,1
ORD-007143,Plant-38,EL-5352-2536,40,14,0,2026-07-23T18:00:52+00:00,WH-01,pending,6
ORD-007144,Plant-16,FL-9046-4603,73,5,0,2026-07-24T05:00:52+00:00,WH-02,in_progress,3
ORD-007145,Plant-05,EL-1350-1432,139,69,0,2026-07-21T05:00:52+00:00,WH-02,in_progress,1
ORD-007146,Plant-35,CH-5130-4430,21,17,0,2026-07-22T06:00:52+00:00,WH-01,pending,10
ORD-007147,Plant-21,PO-2621-1585,68,32,0,2026-07-24T02:00:52+00:00,WH-02,pending,7
ORD-007148,Plant-10,IN-2217-3433,24,9,0,2026-07-19T21:00:52+00:00,WH-02,completed,1
ORD-007149,Plant-33,CH-9106-3052,40,9,0,2026-07-22T04:00:52+00:00,WH-02,pending,8
ORD-007150,Plant-14,CH-2182-4172,25,6,0,2026-07-20T12:00:52+00:00,WH-01,completed,9
ORD-007151,Plant-48,IN-7003-4756,81,26,0,2026-07-20T11:00:52+00:00,WH-01,in_progress,4
ORD-007152,Plant-05,FL-4153-3378,101,3,0,2026-07-20T06:00:52+00:00,WH-01,pending,5
ORD-007153,Plant-19,CH-8856-4510,103,87,0,2026-07-19T20:00:52+00:00,WH-01,completed,1
ORD-007154,Plant-48,EL-7202-4442,67,43,0,2026-07-21T17:00:52+00:00,WH-01,pending,7
ORD-007155,Plant-44,FL-7978-4244,41,38,0,2026-07-22T13:00:52+00:00,WH-01,in_progress,1
ORD-007156,Plant-19,IN-4174-2384,43,43,0,2026-07-23T00:00:52+00:00,WH-01,in_progress,7
ORD-007157,Plant-37,PO-1752-3822,122,49,0,2026-07-23T14:00:52+00:00,WH-02,completed,7
ORD-007158,Plant-35,PO-5184-3379,61,48,0,2026-07-21T21:00:52+00:00,WH-02,pending,8
ORD-007159,Plant-31,PO-8698-339,143,104,0,2026-07-25T07:00:52+00:00,WH-01,pending,6
ORD-007160,Plant-40,FL-1262-4025,20,8,0,2026-07-21T02:00:52+00:00,WH-02,completed,10
ORD-007161,Plant-07,IN-6826-1902,7,6,0,2026-07-26T08:00:52+00:00,WH-02,completed,2
ORD-007162,Plant-15,EL-9735-699,57,4,0,2026-07-21T16:00:52+00:00,WH-01,pending,8
ORD-007163,Plant-01,FL-7826-3374,59,46,0,2026-07-23T21:00:52+00:00,WH-01,pending,2
ORD-007164,Plant-13,IN-9127-3994,27,15,0,2026-07-21T15:00:52+00:00,WH-02,completed,2
ORD-007165,Plant-36,PO-4927-4347,95,42,0,2026-07-21T21:00:52+00:00,WH-01,pending,7
ORD-007166,Plant-07,EL-9556-4511,107,68,0,2026-07-23T22:00:52+00:00,WH-01,in_progress,5
ORD-007167,Plant-40,EL-9999-059,96,20,0,2026-07-25T13:00:52+00:00,WH-02,pending,4
ORD-007168,Plant-48,IN-8960-265,116,60,0,2026-07-25T05:00:52+00:00,WH-02,pending,9
ORD-007169,Plant-08,EL-3920-4503,20,6,0,2026-07-20T07:00:52+00:00,WH-02,in_progress,2
ORD-007170,Plant-40,IN-5297-2933,131,118,0,2026-07-21T11:00:52+00:00,WH-02,in_progress,4
ORD-007171,Plant-20,IN-8059-4609,66,40,0,2026-07-20T06:00:52+00:00,WH-01,in_progress,5
ORD-007172,Plant-23,IN-8191-4336,53,27,0,2026-07-21T14:00:52+00:00,WH-01,completed,2
ORD-007173,Plant-43,CH-5454-2897,10,2,0,2026-07-22T08:00:52+00:00,WH-01,completed,4
ORD-007174,Plant-06,PO-2399-1040,123,98,0,2026-07-21T21:00:52+00:00,WH-01,completed,7
ORD-007175,Plant-21,PO-9319-3064,81,4,0,2026-07-25T01:00:52+00:00,WH-02,completed,10
ORD-007176,Plant-21,PO-9547-4308,109,54,0,2026-07-21T22:00:52+00:00,WH-01,completed,9
ORD-007177,Plant-31,PO-9700-4360,105,104,0,2026-07-23T06:00:52+00:00,WH-01,in_progress,10
ORD-007178,Plant-43,EL-6901-3429,68,25,0,2026-07-26T14:00:52+00:00,WH-02,pending,6
ORD-007179,Plant-33,EL-1886-2051,83,37,0,2026-07-22T07:00:52+00:00,WH-02,completed,8
ORD-007180,Plant-01,FL-3308-3877,52,22,0,2026-07-26T05:00:52+00:00,WH-02,completed,2
ORD-007181,Plant-40,EL-2200-3561,112,42,0,2026-07-23T20:00:52+00:00,WH-01,pending,6
ORD-007182,Plant-44,IN-3403-3892,17,17,0,2026-07-22T14:00:52+00:00,WH-01,pending,3
ORD-007183,Plant-40,FL-4120-3553,60,55,0,2026-07-22T02:00:52+00:00,WH-02,completed,5
ORD-007184,Plant-25,IN-2184-3248,107,64,0,2026-07-20T15:00:52+00:00,WH-01,pending,10
ORD-007185,Plant-15,EL-1091-2014,137,101,0,2026-07-23T17:00:52+00:00,WH-02,pending,9
ORD-007186,Plant-36,IN-2259-3591,130,122,0,2026-07-20T03:00:52+00:00,WH-01,pending,7
ORD-007187,Plant-43,FL-8657-3260,125,79,0,2026-07-20T15:00:52+00:00,WH-02,completed,7
ORD-007188,Plant-28,CH-1751-355,113,6,0,2026-07-21T10:00:52+00:00,WH-01,pending,1
ORD-007189,Plant-04,EL-4538-3521,90,19,0,2026-07-22T00:00:52+00:00,WH-02,in_progress,10
ORD-007190,Plant-03,CH-9423-4362,130,116,0,2026-07-24T19:00:52+00:00,WH-01,pending,8
ORD-007191,Plant-45,PO-6168-4770,103,54,0,2026-07-20T18:00:52+00:00,WH-02,completed,6
ORD-007192,Plant-38,EL-2195-2136,72,34,0,2026-07-26T08:00:52+00:00,WH-01,completed,8
ORD-007193,Plant-48,IN-2988-4033,125,45,0,2026-07-22T01:00:52+00:00,WH-02,pending,10
ORD-007194,Plant-25,IN-6990-3009,20,11,0,2026-07-24T08:00:52+00:00,WH-02,in_progress,9
ORD-007195,Plant-19,EL-2202-1395,58,49,0,2026-07-21T11:00:52+00:00,WH-02,completed,1
ORD-007196,Plant-07,IN-5552-4131,55,54,0,2026-07-22T01:00:52+00:00,WH-02,in_progress,6
ORD-007197,Plant-27,PO-5238-2946,61,0,0,2026-07-21T22:00:52+00:00,WH-01,in_progress,10
ORD-007198,Plant-15,PO-2456-646,65,55,0,2026-07-24T04:00:52+00:00,WH-02,completed,3
ORD-007199,Plant-16,FL-6393-2771,102,59,0,2026-07-25T05:00:52+00:00,WH-02,in_progress,8
ORD-007200,Plant-32,EL-5288-951,80,5,0,2026-07-20T15:00:52+00:00,WH-02,completed,9
ORD-007201,Plant-37,CH-8466-3970,93,17,0,2026-07-23T20:00:52+00:00,WH-02,pending,2
ORD-007202,Plant-46,EL-8577-207,150,97,0,2026-07-24T20:00:52+00:00,WH-02,pending,5
ORD-007203,Plant-24,EL-7906-515,87,79,0,2026-07-25T23:00:52+00:00,WH-02,pending,10
ORD-007204,Plant-32,FL-8936-374,114,45,0,2026-07-22T11:00:52+00:00,WH-02,completed,6
ORD-007205,Plant-04,FL-2212-4925,61,53,0,2026-07-20T12:00:52+00:00,WH-02,in_progress,3
ORD-007206,Plant-33,FL-4436-153,30,23,0,2026-07-22T03:00:52+00:00,WH-01,pending,1
ORD-007207,Plant-26,FL-6313-2008,141,100,0,2026-07-23T14:00:52+00:00,WH-02,pending,10
ORD-007208,Plant-24,PO-6650-439,18,16,0,2026-07-23T21:00:52+00:00,WH-01,completed,9
ORD-007209,Plant-03,EL-4039-802,102,35,0,2026-07-26T05:00:52+00:00,WH-02,in_progress,8
ORD-007210,Plant-43,IN-2954-1162,118,84,0,2026-07-24T12:00:52+00:00,WH-01,in_progress,10
ORD-007211,Plant-42,PO-1089-3624,122,46,0,2026-07-21T20:00:52+00:00,WH-01,in_progress,6
ORD-007212,Plant-31,IN-8273-2150,146,45,0,2026-07-24T10:00:52+00:00,WH-02,completed,5
ORD-007213,Plant-17,IN-5710-4652,37,10,0,2026-07-22T19:00:52+00:00,WH-01,pending,5
ORD-007214,Plant-18,PO-4253-1783,150,89,0,2026-07-20T15:00:52+00:00,WH-02,completed,3
ORD-007215,Plant-39,EL-4496-4320,110,11,0,2026-07-24T11:00:52+00:00,WH-02,pending,9
ORD-007216,Plant-37,FL-9072-614,36,10,0,2026-07-20T08:00:52+00:00,WH-02,in_progress,2
ORD-007217,Plant-15,PO-3191-804,69,51,0,2026-07-22T15:00:52+00:00,WH-02,pending,2
ORD-007218,Plant-36,FL-5253-1297,108,97,0,2026-07-22T13:00:52+00:00,WH-01,completed,6
ORD-007219,Plant-43,FL-8055-3743,136,77,0,2026-07-26T16:00:52+00:00,WH-01,in_progress,3
ORD-007220,Plant-12,CH-6331-2899,147,38,0,2026-07-26T06:00:52+00:00,WH-01,in_progress,7
ORD-007221,Plant-20,EL-7547-1891,149,104,0,2026-07-22T14:00:52+00:00,WH-01,pending,6
ORD-007222,Plant-05,CH-1731-4573,117,53,0,2026-07-23T14:00:52+00:00,WH-01,pending,4
ORD-007223,Plant-15,FL-1713-406,30,5,0,2026-07-26T03:00:52+00:00,WH-01,in_progress,4
ORD-007224,Plant-08,EL-2274-952,98,72,0,2026-07-25T03:00:52+00:00,WH-02,in_progress,4
ORD-007225,Plant-21,CH-2948-2735,97,28,0,2026-07-25T06:00:52+00:00,WH-01,pending,1
ORD-007226,Plant-07,PO-5850-2651,46,26,0,2026-07-24T09:00:52+00:00,WH-01,in_progress,2
ORD-007227,Plant-02,EL-8999-1284,144,41,0,2026-07-22T19:00:52+00:00,WH-02,completed,2
ORD-007228,Plant-44,PO-1707-3192,108,20,0,2026-07-21T20:00:52+00:00,WH-02,in_progress,9
ORD-007229,Plant-48,EL-4419-3366,124,65,0,2026-07-24T13:00:52+00:00,WH-01,completed,8
ORD-007230,Plant-44,EL-5555-4230,33,1,0,2026-07-20T11:00:52+00:00,WH-02,pending,9
ORD-007231,Plant-32,FL-1527-1016,25,22,0,2026-07-25T02:00:52+00:00,WH-02,completed,5
ORD-007232,Plant-07,PO-8597-4547,45,44,0,2026-07-23T19:00:52+00:00,WH-02,completed,1
ORD-007233,Plant-22,IN-6815-3879,33,11,0,2026-07-23T03:00:52+00:00,WH-01,in_progress,10
ORD-007234,Plant-12,EL-4236-4753,21,15,0,2026-07-24T07:00:52+00:00,WH-01,pending,7
ORD-007235,Plant-31,FL-8831-1007,77,29,0,2026-07-26T07:00:52+00:00,WH-01,in_progress,3
ORD-007236,Plant-11,FL-2125-4424,9,1,0,2026-07-26T12:00:52+00:00,WH-01,completed,7
ORD-007237,Plant-08,FL-9044-4730,58,28,0,2026-07-24T05:00:52+00:00,WH-02,completed,5
ORD-007238,Plant-08,FL-5479-4950,44,20,0,2026-07-20T09:00:52+00:00,WH-02,completed,3
ORD-007239,Plant-21,IN-9750-3381,73,57,0,2026-07-22T09:00:52+00:00,WH-02,in_progress,4
ORD-007240,Plant-45,CH-1585-2068,30,4,0,2026-07-26T09:00:52+00:00,WH-01,pending,2
ORD-007241,Plant-39,IN-8967-1301,128,83,0,2026-07-19T18:00:52+00:00,WH-01,in_progress,4
ORD-007242,Plant-24,EL-9833-511,116,99,0,2026-07-25T12:00:52+00:00,WH-02,in_progress,2
ORD-007243,Plant-26,CH-9045-2301,43,35,0,2026-07-22T20:00:52+00:00,WH-01,completed,2
ORD-007244,Plant-17,FL-9950-2332,59,30,0,2026-07-24T16:00:52+00:00,WH-02,completed,3
ORD-007245,Plant-06,FL-4162-474,67,23,0,2026-07-22T13:00:52+00:00,WH-01,in_progress,8
ORD-007246,Plant-31,PO-6380-2245,31,18,0,2026-07-24T01:00:52+00:00,WH-02,pending,8
ORD-007247,Plant-32,FL-1358-115,72,6,0,2026-07-25T00:00:52+00:00,WH-01,in_progress,10
ORD-007248,Plant-02,FL-9560-771,107,38,0,2026-07-23T10:00:52+00:00,WH-02,completed,5
ORD-007249,Plant-33,FL-7746-3357,46,8,0,2026-07-21T06:00:52+00:00,WH-02,in_progress,2
ORD-007250,Plant-05,PO-4224-870,55,5,0,2026-07-21T12:00:52+00:00,WH-01,completed,2
ORD-007251,Plant-42,IN-7419-1957,25,0,0,2026-07-20T12:00:52+00:00,WH-02,completed,7
ORD-007252,Plant-23,CH-6030-489,48,40,0,2026-07-25T18:00:52+00:00,WH-01,in_progress,1
ORD-007253,Plant-13,FL-2560-4129,61,54,0,2026-07-26T10:00:52+00:00,WH-02,pending,3
ORD-007254,Plant-35,EL-1572-815,80,17,0,2026-07-24T09:00:52+00:00,WH-01,pending,4
ORD-007255,Plant-47,EL-4953-1461,87,0,0,2026-07-25T22:00:52+00:00,WH-01,completed,6
ORD-007256,Plant-19,CH-9737-4840,51,28,0,2026-07-26T18:00:52+00:00,WH-02,pending,4
ORD-007257,Plant-17,PO-3414-514,17,17,0,2026-07-24T00:00:52+00:00,WH-02,completed,7
ORD-007258,Plant-34,CH-1656-3631,131,48,0,2026-07-24T04:00:52+00:00,WH-02,in_progress,8
ORD-007259,Plant-08,CH-4395-2214,41,11,0,2026-07-24T07:00:52+00:00,WH-02,in_progress,1
ORD-007260,Plant-42,PO-3122-3084,148,78,0,2026-07-22T14:00:52+00:00,WH-01,in_progress,3
ORD-007261,Plant-08,FL-8889-1204,110,1,0,2026-07-26T13:00:52+00:00,WH-01,completed,10
ORD-007262,Plant-37,EL-1093-1588,72,45,0,2026-07-24T21:00:52+00:00,WH-02,in_progress,2
ORD-007263,Plant-26,IN-1188-2376,115,62,0,2026-07-23T23:00:52+00:00,WH-02,completed,9
ORD-007264,Plant-14,PO-2764-3923,23,18,0,2026-07-25T13:00:52+00:00,WH-02,pending,6
ORD-007265,Plant-14,IN-2505-2003,92,71,0,2026-07-20T21:00:52+00:00,WH-01,in_progress,10
ORD-007266,Plant-43,IN-2537-3094,102,27,0,2026-07-23T09:00:52+00:00,WH-01,pending,10
ORD-007267,Plant-27,IN-3838-2410,101,96,0,2026-07-22T09:00:52+00:00,WH-01,pending,4
ORD-007268,Plant-39,PO-1390-720,51,27,0,2026-07-21T21:00:52+00:00,WH-02,in_progress,8
ORD-007269,Plant-46,FL-7590-2484,114,46,0,2026-07-23T19:00:52+00:00,WH-02,pending,3
ORD-007270,Plant-47,PO-7704-2677,90,47,0,2026-07-23T11:00:52+00:00,WH-02,in_progress,6
ORD-007271,Plant-35,CH-9487-687,30,19,0,2026-07-26T01:00:52+00:00,WH-02,pending,3
ORD-007272,Plant-23,FL-8515-3849,87,30,0,2026-07-22T19:00:52+00:00,WH-02,completed,7
ORD-007273,Plant-48,IN-6232-188,71,11,0,2026-07-26T02:00:52+00:00,WH-02,completed,1
ORD-007274,Plant-39,PO-6304-1081,102,40,0,2026-07-24T06:00:52+00:00,WH-02,in_progress,7
ORD-007275,Plant-43,EL-3992-1047,127,117,0,2026-07-23T09:00:52+00:00,WH-02,completed,10
ORD-007276,Plant-07,FL-4244-2491,145,66,0,2026-07-20T05:00:52+00:00,WH-01,in_progress,9
ORD-007277,Plant-09,EL-7647-2271,60,39,0,2026-07-21T22:00:52+00:00,WH-02,in_progress,7
ORD-007278,Plant-48,PO-7587-1650,138,127,0,2026-07-24T07:00:52+00:00,WH-02,completed,6
ORD-007279,Plant-36,PO-5790-3225,8,4,0,2026-07-22T19:00:52+00:00,WH-01,pending,5
ORD-007280,Plant-40,IN-4357-1120,115,70,0,2026-07-21T16:00:52+00:00,WH-01,completed,7
ORD-007281,Plant-31,PO-2381-2469,33,6,0,2026-07-21T12:00:52+00:00,WH-02,completed,5
ORD-007282,Plant-46,PO-6845-2090,43,7,0,2026-07-22T14:00:52+00:00,WH-02,pending,8
ORD-007283,Plant-34,CH-1451-3489,19,6,0,2026-07-20T09:00:52+00:00,WH-02,in_progress,9
ORD-007284,Plant-45,EL-4393-303,56,15,0,2026-07-20T03:00:52+00:00,WH-02,in_progress,2
ORD-007285,Plant-46,CH-2592-821,52,38,0,2026-07-19T20:00:52+00:00,WH-01,completed,9
ORD-007286,Plant-35,CH-3275-4817,82,9,0,2026-07-23T18:00:52+00:00,WH-01,in_progress,3
ORD-007287,Plant-17,EL-2525-2706,5,5,0,2026-07-24T19:00:52+00:00,WH-02,completed,8
ORD-007288,Plant-24,IN-8448-2871,107,1,0,2026-07-22T09:00:52+00:00,WH-02,in_progress,1
ORD-007289,Plant-13,CH-8571-4128,65,61,0,2026-07-20T13:00:52+00:00,WH-01,pending,2
ORD-007290,Plant-40,EL-6249-3493,136,86,0,2026-07-25T15:00:52+00:00,WH-02,in_progress,6
ORD-007291,Plant-38,CH-4164-199,30,13,0,2026-07-23T05:00:52+00:00,WH-02,in_progress,10
ORD-007292,Plant-39,IN-5055-1082,101,55,0,2026-07-23T17:00:52+00:00,WH-02,pending,3
ORD-007293,Plant-45,PO-7464-2594,39,39,0,2026-07-23T08:00:52+00:00,WH-01,completed,3
ORD-007294,Plant-04,PO-7384-3332,105,81,0,2026-07-25T20:00:52+00:00,WH-01,completed,10
ORD-007295,Plant-40,IN-5387-850,81,11,0,2026-07-20T16:00:52+00:00,WH-01,pending,2
ORD-007296,Plant-01,CH-4651-4647,122,70,0,2026-07-20T15:00:52+00:00,WH-01,in_progress,10
ORD-007297,Plant-33,IN-6698-361,57,18,0,2026-07-23T05:00:52+00:00,WH-01,pending,4
ORD-007298,Plant-01,EL-7811-1958,36,18,0,2026-07-24T00:00:52+00:00,WH-01,completed,5
ORD-007299,Plant-12,FL-8904-3447,63,6,0,2026-07-23T01:00:52+00:00,WH-02,completed,2
ORD-007300,Plant-31,EL-2485-3435,42,42,0,2026-07-21T22:00:52+00:00,WH-02,pending,5
ORD-007301,Plant-14,EL-8739-3371,71,2,0,2026-07-20T09:00:52+00:00,WH-01,in_progress,2
ORD-007302,Plant-27,IN-7775-2850,32,27,0,2026-07-25T15:00:52+00:00,WH-01,completed,5
ORD-007303,Plant-05,PO-5670-1493,38,9,0,2026-07-20T06:00:52+00:00,WH-02,in_progress,6
ORD-007304,Plant-46,PO-4012-3670,104,22,0,2026-07-20T04:00:52+00:00,WH-01,pending,9
ORD-007305,Plant-31,IN-8232-4432,43,41,0,2026-07-26T17:00:52+00:00,WH-02,completed,10
ORD-007306,Plant-34,IN-9255-3845,88,13,0,2026-07-20T01:00:52+00:00,WH-02,in_progress,10
ORD-007307,Plant-01,IN-6654-2663,5,5,0,2026-07-20T01:00:52+00:00,WH-02,in_progress,5
ORD-007308,Plant-31,PO-6882-4385,127,27,0,2026-07-25T11:00:52+00:00,WH-01,completed,1
ORD-007309,Plant-03,FL-7587-1464,144,70,0,2026-07-21T10:00:52+00:00,WH-02,pending,6
ORD-007310,Plant-14,EL-6022-918,23,1,0,2026-07-24T12:00:52+00:00,WH-01,in_progress,10
ORD-007311,Plant-32,PO-4383-658,88,76,0,2026-07-22T00:00:52+00:00,WH-02,in_progress,2
ORD-007312,Plant-22,EL-9490-1607,62,5,0,2026-07-21T04:00:52+00:00,WH-02,completed,7
ORD-007313,Plant-25,PO-6938-893,13,12,0,2026-07-23T19:00:52+00:00,WH-01,pending,6
ORD-007314,Plant-25,FL-7731-408,96,44,0,2026-07-24T13:00:52+00:00,WH-02,pending,1
ORD-007315,Plant-11,CH-1104-396,5,2,0,2026-07-22T06:00:52+00:00,WH-01,in_progress,3
ORD-007316,Plant-18,EL-1063-1944,136,131,0,2026-07-24T06:00:52+00:00,WH-02,in_progress,10
ORD-007317,Plant-25,CH-2958-4455,31,26,0,2026-07-25T17:00:52+00:00,WH-02,in_progress,6
ORD-007318,Plant-30,EL-6056-521,98,38,0,2026-07-22T15:00:52+00:00,WH-01,pending,6
ORD-007319,Plant-21,EL-8301-1376,84,15,0,2026-07-23T21:00:52+00:00,WH-01,pending,4
ORD-007320,Plant-10,IN-9945-4972,100,43,0,2026-07-25T02:00:52+00:00,WH-01,in_progress,1
ORD-007321,Plant-04,EL-5365-1481,150,136,0,2026-07-22T22:00:52+00:00,WH-01,in_progress,4
ORD-007322,Plant-15,PO-2633-4198,73,15,0,2026-07-26T09:00:52+00:00,WH-02,in_progress,4
ORD-007323,Plant-35,PO-1964-286,21,1,0,2026-07-22T07:00:52+00:00,WH-01,completed,2
ORD-007324,Plant-32,EL-9957-2903,103,30,0,2026-07-22T16:00:52+00:00,WH-02,completed,1
ORD-007325,Plant-09,CH-3302-4031,146,78,0,2026-07-21T20:00:52+00:00,WH-01,in_progress,10
ORD-007326,Plant-17,FL-7364-617,59,16,0,2026-07-19T20:00:52+00:00,WH-01,in_progress,6
ORD-007327,Plant-10,EL-8126-1674,103,39,0,2026-07-20T04:00:52+00:00,WH-01,pending,5
ORD-007328,Plant-30,CH-6936-2858,111,7,0,2026-07-23T07:00:52+00:00,WH-01,pending,10
ORD-007329,Plant-42,EL-2344-2695,53,30,0,2026-07-21T06:00:52+00:00,WH-02,in_progress,5
ORD-007330,Plant-26,FL-9238-1491,85,31,0,2026-07-20T07:00:52+00:00,WH-02,completed,8
ORD-007331,Plant-48,CH-9736-2664,56,3,0,2026-07-22T22:00:52+00:00,WH-02,pending,4
ORD-007332,Plant-43,EL-8254-579,118,78,0,2026-07-24T21:00:52+00:00,WH-01,completed,2
ORD-007333,Plant-39,CH-2716-1848,59,38,0,2026-07-22T17:00:52+00:00,WH-01,in_progress,2
ORD-007334,Plant-43,EL-3952-3730,63,55,0,2026-07-24T01:00:52+00:00,WH-02,pending,8
ORD-007335,Plant-09,FL-9997-4046,24,14,0,2026-07-19T22:00:52+00:00,WH-01,completed,7
ORD-007336,Plant-22,FL-7866-2885,141,122,0,2026-07-24T12:00:52+00:00,WH-02,completed,7
ORD-007337,Plant-11,FL-1228-3258,134,111,0,2026-07-22T19:00:52+00:00,WH-01,in_progress,1
ORD-007338,Plant-15,FL-9650-4041,83,11,0,2026-07-24T21:00:52+00:00,WH-02,pending,6
ORD-007339,Plant-27,IN-7290-1261,22,10,0,2026-07-26T07:00:52+00:00,WH-02,completed,10
ORD-007340,Plant-28,PO-9271-3997,23,5,0,2026-07-21T23:00:52+00:00,WH-02,completed,4
ORD-007341,Plant-30,PO-3567-2061,78,52,0,2026-07-22T16:00:52+00:00,WH-02,completed,3
ORD-007342,Plant-24,IN-2493-3145,70,19,0,2026-07-21T14:00:52+00:00,WH-02,completed,8
ORD-007343,Plant-18,FL-4655-1624,31,19,0,2026-07-21T02:00:52+00:00,WH-02,pending,1
ORD-007344,Plant-19,CH-8793-2788,130,106,0,2026-07-20T15:00:52+00:00,WH-02,completed,3
ORD-007345,Plant-44,FL-4655-1624,19,8,0,2026-07-24T19:00:52+00:00,WH-02,in_progress,4
ORD-007346,Plant-11,EL-3352-1587,59,8,0,2026-07-23T10:00:52+00:00,WH-02,completed,4
ORD-007347,Plant-02,CH-3546-4303,63,0,0,2026-07-20T09:00:52+00:00,WH-01,pending,1
ORD-007348,Plant-40,FL-7328-1855,73,46,0,2026-07-23T19:00:52+00:00,WH-02,completed,1
ORD-007349,Plant-30,EL-9702-2555,137,124,0,2026-07-24T17:00:52+00:00,WH-01,pending,3
ORD-007350,Plant-37,CH-6841-722,25,3,0,2026-07-20T05:00:52+00:00,WH-01,pending,2
ORD-007351,Plant-38,CH-2596-156,19,1,0,2026-07-26T16:00:52+00:00,WH-01,in_progress,3
ORD-007352,Plant-31,PO-1110-2177,121,70,0,2026-07-21T13:00:52+00:00,WH-02,pending,7
ORD-007353,Plant-22,CH-7534-847,55,28,0,2026-07-20T00:00:52+00:00,WH-02,completed,6
ORD-007354,Plant-15,EL-2788-018,28,6,0,2026-07-20T13:00:52+00:00,WH-01,in_progress,10
ORD-007355,Plant-19,EL-9587-2860,33,2,0,2026-07-22T05:00:52+00:00,WH-01,pending,8
ORD-007356,Plant-07,IN-6400-1286,24,6,0,2026-07-23T11:00:52+00:00,WH-01,pending,8
ORD-007357,Plant-42,PO-7048-3007,99,81,0,2026-07-26T14:00:52+00:00,WH-02,in_progress,3
ORD-007358,Plant-27,FL-3972-1488,124,87,0,2026-07-19T20:00:52+00:00,WH-01,pending,6
ORD-007359,Plant-22,FL-1178-1506,123,74,0,2026-07-26T17:00:52+00:00,WH-01,completed,1
ORD-007360,Plant-27,FL-2472-4683,127,9,0,2026-07-23T03:00:52+00:00,WH-01,completed,7
ORD-007361,Plant-13,IN-7882-737,138,77,0,2026-07-23T04:00:52+00:00,WH-02,in_progress,5
ORD-007362,Plant-04,PO-8669-1617,103,55,0,2026-07-20T01:00:52+00:00,WH-01,completed,1
ORD-007363,Plant-33,FL-2985-3262,102,77,0,2026-07-20T16:00:52+00:00,WH-01,pending,6
ORD-007364,Plant-15,PO-7981-2862,54,46,0,2026-07-20T10:00:52+00:00,WH-02,pending,4
ORD-007365,Plant-18,EL-9489-372,65,35,0,2026-07-25T06:00:52+00:00,WH-02,completed,7
ORD-007366,Plant-37,IN-6763-2165,103,96,0,2026-07-24T01:00:52+00:00,WH-01,in_progress,8
ORD-007367,Plant-39,IN-3630-3411,72,29,0,2026-07-21T16:00:52+00:00,WH-01,pending,4
ORD-007368,Plant-21,PO-2701-3182,110,62,0,2026-07-23T21:00:52+00:00,WH-01,completed,9
ORD-007369,Plant-09,IN-7068-877,62,59,0,2026-07-21T22:00:52+00:00,WH-01,in_progress,3
ORD-007370,Plant-15,EL-2579-564,57,16,0,2026-07-21T20:00:52+00:00,WH-01,completed,6
ORD-007371,Plant-21,CH-9840-3136,15,14,0,2026-07-23T08:00:52+00:00,WH-01,completed,10
ORD-007372,Plant-12,EL-6817-1556,93,21,0,2026-07-19T23:00:52+00:00,WH-01,pending,10
ORD-007373,Plant-05,PO-2503-351,113,72,0,2026-07-20T17:00:52+00:00,WH-01,completed,9
ORD-007374,Plant-17,CH-2430-1402,65,16,0,2026-07-26T02:00:52+00:00,WH-01,completed,1
ORD-007375,Plant-21,CH-5664-4649,54,41,0,2026-07-22T16:00:52+00:00,WH-02,completed,9
ORD-007376,Plant-05,CH-3887-1707,130,42,0,2026-07-24T05:00:52+00:00,WH-02,in_progress,2
ORD-007377,Plant-18,CH-6302-063,25,6,0,2026-07-22T00:00:52+00:00,WH-02,completed,10
ORD-007378,Plant-28,EL-7251-4286,81,8,0,2026-07-20T17:00:52+00:00,WH-01,in_progress,10
ORD-007379,Plant-16,FL-7236-2418,144,8,0,2026-07-22T15:00:52+00:00,WH-02,completed,4
ORD-007380,Plant-44,PO-3640-2424,35,32,0,2026-07-23T17:00:52+00:00,WH-01,completed,5
ORD-007381,Plant-33,IN-4890-4284,14,3,0,2026-07-23T18:00:52+00:00,WH-01,completed,6
ORD-007382,Plant-37,EL-8566-4825,144,24,0,2026-07-20T09:00:52+00:00,WH-02,completed,6
ORD-007383,Plant-28,EL-4061-3714,18,11,0,2026-07-23T12:00:52+00:00,WH-02,completed,7
ORD-007384,Plant-27,PO-1325-2125,48,39,0,2026-07-22T15:00:52+00:00,WH-01,completed,7
ORD-007385,Plant-18,IN-8814-3468,67,0,0,2026-07-24T03:00:52+00:00,WH-02,in_progress,1
ORD-007386,Plant-24,CH-3087-3107,145,81,0,2026-07-25T12:00:52+00:00,WH-01,in_progress,10
ORD-007387,Plant-24,PO-4699-4478,20,14,0,2026-07-24T03:00:52+00:00,WH-01,pending,1
ORD-007388,Plant-14,PO-2411-2278,128,68,0,2026-07-21T23:00:52+00:00,WH-02,completed,5
ORD-007389,Plant-35,CH-7387-4080,125,17,0,2026-07-26T00:00:52+00:00,WH-01,pending,10
ORD-007390,Plant-16,EL-5443-294,100,30,0,2026-07-22T01:00:52+00:00,WH-02,pending,2
ORD-007391,Plant-31,FL-1219-4448,150,134,0,2026-07-23T04:00:52+00:00,WH-02,pending,10
ORD-007392,Plant-47,IN-7231-1708,72,34,0,2026-07-26T03:00:52+00:00,WH-02,in_progress,3
ORD-007393,Plant-24,PO-6327-4624,62,59,0,2026-07-20T05:00:52+00:00,WH-02,completed,10
ORD-007394,Plant-41,PO-8398-2344,71,27,0,2026-07-23T22:00:52+00:00,WH-01,completed,4
ORD-007395,Plant-44,IN-3913-3867,127,28,0,2026-07-21T12:00:52+00:00,WH-02,in_progress,2
ORD-007396,Plant-21,PO-5284-2519,31,6,0,2026-07-23T16:00:52+00:00,WH-01,in_progress,9
ORD-007397,Plant-11,IN-2726-1865,89,74,0,2026-07-24T11:00:52+00:00,WH-02,pending,7
ORD-007398,Plant-45,FL-4914-1013,25,16,0,2026-07-21T08:00:52+00:00,WH-01,in_progress,6
ORD-007399,Plant-27,CH-7792-4423,108,54,0,2026-07-25T18:00:52+00:00,WH-02,completed,1
ORD-007400,Plant-40,IN-5582-4738,145,91,0,2026-07-21T19:00:52+00:00,WH-02,completed,1
ORD-007401,Plant-43,FL-6550-3144,114,93,0,2026-07-22T03:00:52+00:00,WH-01,completed,1
ORD-007402,Plant-01,FL-4790-3886,125,3,0,2026-07-21T13:00:52+00:00,WH-01,completed,3
ORD-007403,Plant-16,EL-1194-1095,111,91,0,2026-07-24T06:00:52+00:00,WH-02,in_progress,10
ORD-007404,Plant-23,EL-8539-775,10,6,0,2026-07-25T01:00:52+00:00,WH-02,pending,2
ORD-007405,Plant-30,EL-9918-865,131,122,0,2026-07-25T17:00:52+00:00,WH-01,pending,7
ORD-007406,Plant-32,PO-4794-3686,7,1,0,2026-07-25T20:00:52+00:00,WH-01,completed,3
ORD-007407,Plant-24,IN-8492-1157,77,69,0,2026-07-21T04:00:52+00:00,WH-01,in_progress,2
ORD-007408,Plant-14,EL-8258-1667,85,48,0,2026-07-25T08:00:52+00:00,WH-01,completed,3
ORD-007409,Plant-25,EL-6259-530,100,67,0,2026-07-20T15:00:52+00:00,WH-02,completed,7
ORD-007410,Plant-07,EL-6858-753,63,39,0,2026-07-23T06:00:52+00:00,WH-02,pending,7
ORD-007411,Plant-02,EL-1266-4517,117,50,0,2026-07-22T03:00:52+00:00,WH-02,in_progress,9
ORD-007412,Plant-21,PO-2249-2693,25,11,0,2026-07-21T07:00:52+00:00,WH-01,in_progress,10
ORD-007413,Plant-38,IN-1597-1867,86,35,0,2026-07-26T06:00:52+00:00,WH-02,pending,8
ORD-007414,Plant-20,CH-6184-2369,101,36,0,2026-07-21T07:00:52+00:00,WH-01,completed,3
ORD-007415,Plant-18,PO-9169-2661,97,78,0,2026-07-21T19:00:52+00:00,WH-01,completed,10
ORD-007416,Plant-26,EL-6318-836,77,77,0,2026-07-21T06:00:52+00:00,WH-01,completed,7
ORD-007417,Plant-36,CH-8086-3514,51,13,0,2026-07-20T19:00:52+00:00,WH-01,in_progress,5
ORD-007418,Plant-09,PO-7598-3525,110,6,0,2026-07-23T23:00:52+00:00,WH-02,in_progress,8
ORD-007419,Plant-12,CH-3724-1871,76,11,0,2026-07-20T06:00:52+00:00,WH-02,completed,7
ORD-007420,Plant-40,PO-6032-2529,28,17,0,2026-07-21T15:00:52+00:00,WH-01,in_progress,4
ORD-007421,Plant-22,FL-4300-464,92,55,0,2026-07-23T15:00:52+00:00,WH-01,pending,1
ORD-007422,Plant-10,IN-1470-2312,84,52,0,2026-07-26T06:00:52+00:00,WH-01,completed,10
ORD-007423,Plant-02,CH-4285-3499,140,92,0,2026-07-21T08:00:52+00:00,WH-02,pending,9
ORD-007424,Plant-19,FL-5010-1455,51,5,0,2026-07-21T02:00:52+00:00,WH-02,pending,1
ORD-007425,Plant-08,FL-4781-1197,16,14,0,2026-07-20T10:00:52+00:00,WH-01,pending,1
ORD-007426,Plant-26,FL-9824-2790,35,25,0,2026-07-24T05:00:52+00:00,WH-01,in_progress,7
ORD-007427,Plant-11,CH-4039-4299,109,46,0,2026-07-22T22:00:52+00:00,WH-01,in_progress,9
ORD-007428,Plant-35,EL-8208-2208,69,24,0,2026-07-22T07:00:52+00:00,WH-02,in_progress,10
ORD-007429,Plant-06,IN-8242-4542,131,82,0,2026-07-23T18:00:52+00:00,WH-01,pending,4
ORD-007430,Plant-33,FL-3583-235,109,23,0,2026-07-23T19:00:52+00:00,WH-01,completed,4
ORD-007431,Plant-20,PO-7114-1634,16,13,0,2026-07-20T11:00:52+00:00,WH-02,in_progress,9
ORD-007432,Plant-35,FL-9554-3841,136,129,0,2026-07-22T01:00:52+00:00,WH-02,in_progress,2
ORD-007433,Plant-43,CH-3151-347,29,2,0,2026-07-24T00:00:52+00:00,WH-01,completed,8
ORD-007434,Plant-04,PO-3889-583,135,87,0,2026-07-19T20:00:52+00:00,WH-01,completed,6
ORD-007435,Plant-47,IN-1200-819,23,10,0,2026-07-21T21:00:52+00:00,WH-01,in_progress,10
ORD-007436,Plant-11,FL-8641-4562,84,43,0,2026-07-23T06:00:52+00:00,WH-02,completed,8
ORD-007437,Plant-28,EL-3978-1330,47,10,0,2026-07-22T18:00:52+00:00,WH-02,in_progress,10
ORD-007438,Plant-03,FL-3112-825,38,16,0,2026-07-20T02:00:52+00:00,WH-02,in_progress,10
ORD-007439,Plant-38,CH-9106-3052,141,75,0,2026-07-23T09:00:52+00:00,WH-01,completed,2
ORD-007440,Plant-40,FL-9197-460,37,3,0,2026-07-23T08:00:52+00:00,WH-02,completed,4
ORD-007441,Plant-20,FL-2231-2097,116,50,0,2026-07-24T14:00:52+00:00,WH-01,in_progress,2
ORD-007442,Plant-35,FL-5391-693,47,11,0,2026-07-21T13:00:52+00:00,WH-01,in_progress,9
ORD-007443,Plant-25,EL-3952-3730,126,39,0,2026-07-24T14:00:52+00:00,WH-01,pending,7
ORD-007444,Plant-27,FL-9294-1929,16,9,0,2026-07-25T02:00:52+00:00,WH-02,completed,7
ORD-007445,Plant-09,CH-1731-4573,32,19,0,2026-07-22T19:00:52+00:00,WH-01,completed,2
ORD-007446,Plant-37,EL-4076-299,140,80,0,2026-07-23T22:00:52+00:00,WH-02,completed,9
ORD-007447,Plant-48,CH-8790-4260,150,95,0,2026-07-21T12:00:52+00:00,WH-02,pending,8
ORD-007448,Plant-25,CH-6056-4704,104,24,0,2026-07-22T09:00:52+00:00,WH-01,in_progress,3
ORD-007449,Plant-06,FL-8943-4314,136,29,0,2026-07-20T10:00:52+00:00,WH-02,pending,10
ORD-007450,Plant-15,EL-4157-2213,92,49,0,2026-07-20T05:00:52+00:00,WH-02,pending,8
ORD-007451,Plant-12,IN-6487-107,30,14,0,2026-07-21T02:00:52+00:00,WH-01,in_progress,5
ORD-007452,Plant-26,PO-9285-3763,19,8,0,2026-07-21T08:00:52+00:00,WH-02,in_progress,8
ORD-007453,Plant-06,CH-3349-3478,69,3,0,2026-07-21T19:00:52+00:00,WH-02,completed,9
ORD-007454,Plant-28,EL-5290-1103,145,61,0,2026-07-26T09:00:52+00:00,WH-01,completed,2
ORD-007455,Plant-34,IN-7960-327,56,46,0,2026-07-23T08:00:52+00:00,WH-01,in_progress,4
ORD-007456,Plant-44,CH-8208-934,110,22,0,2026-07-21T03:00:52+00:00,WH-02,in_progress,5
ORD-007457,Plant-39,CH-5649-717,148,26,0,2026-07-20T08:00:52+00:00,WH-02,in_progress,6
ORD-007458,Plant-09,FL-6357-3666,40,22,0,2026-07-21T23:00:52+00:00,WH-01,pending,8
ORD-007459,Plant-22,EL-1412-3689,33,24,0,2026-07-23T22:00:52+00:00,WH-02,completed,5
ORD-007460,Plant-40,FL-7424-1579,57,24,0,2026-07-24T04:00:52+00:00,WH-01,pending,10
ORD-007461,Plant-44,PO-7154-3926,22,16,0,2026-07-22T11:00:52+00:00,WH-01,completed,6
ORD-007462,Plant-44,FL-1985-4706,95,77,0,2026-07-21T04:00:52+00:00,WH-02,completed,3
ORD-007463,Plant-21,PO-6159-493,29,12,0,2026-07-21T02:00:52+00:00,WH-02,completed,4
ORD-007464,Plant-37,IN-6428-337,66,63,0,2026-07-26T14:00:52+00:00,WH-01,pending,1
ORD-007465,Plant-17,EL-2857-394,89,20,0,2026-07-21T17:00:52+00:00,WH-02,in_progress,7
ORD-007466,Plant-06,FL-8322-198,117,6,0,2026-07-25T14:00:52+00:00,WH-01,completed,9
ORD-007467,Plant-04,IN-3952-1853,147,113,0,2026-07-21T12:00:52+00:00,WH-02,completed,1
ORD-007468,Plant-06,FL-8087-193,133,56,0,2026-07-25T11:00:52+00:00,WH-02,completed,9
ORD-007469,Plant-35,FL-4158-2647,101,56,0,2026-07-24T21:00:52+00:00,WH-02,completed,3
ORD-007470,Plant-20,CH-6563-1637,91,44,0,2026-07-26T06:00:52+00:00,WH-02,pending,9
ORD-007471,Plant-28,EL-4967-3172,135,8,0,2026-07-26T09:00:52+00:00,WH-01,in_progress,2
ORD-007472,Plant-17,CH-2891-1092,109,72,0,2026-07-26T08:00:52+00:00,WH-02,completed,6
ORD-007473,Plant-07,PO-1458-662,99,69,0,2026-07-24T06:00:52+00:00,WH-01,in_progress,10
ORD-007474,Plant-15,IN-6006-048,19,2,0,2026-07-20T19:00:52+00:00,WH-02,in_progress,6
ORD-007475,Plant-45,IN-8896-2948,110,37,0,2026-07-22T11:00:52+00:00,WH-01,in_progress,10
ORD-007476,Plant-22,CH-6296-4223,132,91,0,2026-07-24T18:00:52+00:00,WH-02,pending,2
ORD-007477,Plant-03,PO-5007-288,61,42,0,2026-07-21T06:00:52+00:00,WH-02,completed,9
ORD-007478,Plant-08,CH-9708-1044,149,37,0,2026-07-20T04:00:52+00:00,WH-01,completed,6
ORD-007479,Plant-04,EL-2614-4784,53,25,0,2026-07-21T05:00:52+00:00,WH-02,pending,7
ORD-007480,Plant-10,IN-1941-2660,48,22,0,2026-07-20T23:00:52+00:00,WH-01,pending,7
ORD-007481,Plant-44,FL-8322-198,83,64,0,2026-07-22T20:00:52+00:00,WH-02,completed,3
ORD-007482,Plant-21,FL-6017-616,123,52,0,2026-07-24T15:00:52+00:00,WH-02,in_progress,7
ORD-007483,Plant-35,CH-5415-1903,30,28,0,2026-07-25T09:00:52+00:00,WH-01,pending,10
ORD-007484,Plant-17,CH-6641-2296,9,3,0,2026-07-22T19:00:52+00:00,WH-01,pending,8
ORD-007485,Plant-48,IN-6351-2391,75,15,0,2026-07-23T22:00:52+00:00,WH-01,in_progress,4
ORD-007486,Plant-44,CH-1062-1917,72,20,0,2026-07-25T12:00:52+00:00,WH-02,completed,10
ORD-007487,Plant-27,PO-7356-2426,94,56,0,2026-07-19T22:00:52+00:00,WH-02,in_progress,4
ORD-007488,Plant-11,IN-2636-3470,114,61,0,2026-07-25T19:00:52+00:00,WH-01,completed,8
ORD-007489,Plant-38,EL-9264-1970,92,37,0,2026-07-20T19:00:52+00:00,WH-02,in_progress,4
ORD-007490,Plant-24,EL-9820-4350,46,19,0,2026-07-25T23:00:52+00:00,WH-01,completed,6
ORD-007491,Plant-18,CH-8953-2237,88,74,0,2026-07-20T05:00:52+00:00,WH-02,completed,8
ORD-007492,Plant-14,CH-5403-1249,51,7,0,2026-07-23T23:00:52+00:00,WH-02,pending,10
ORD-007493,Plant-01,EL-5875-829,24,2,0,2026-07-19T18:00:52+00:00,WH-01,in_progress,3
ORD-007494,Plant-03,FL-6736-2351,129,111,0,2026-07-22T17:00:52+00:00,WH-01,completed,7
ORD-007495,Plant-03,FL-6692-1450,37,30,0,2026-07-25T05:00:52+00:00,WH-02,in_progress,1
ORD-007496,Plant-19,PO-5971-2259,127,7,0,2026-07-25T12:00:52+00:00,WH-02,pending,6
ORD-007497,Plant-32,EL-1107-1928,14,14,0,2026-07-19T21:00:52+00:00,WH-02,in_progress,5
ORD-007498,Plant-43,EL-1572-815,128,25,0,2026-07-25T21:00:52+00:00,WH-01,completed,2
ORD-007499,Plant-22,EL-3791-1939,64,64,0,2026-07-20T21:00:52+00:00,WH-01,pending,2
ORD-007500,Plant-25,CH-8187-3817,63,26,0,2026-07-20T03:00:52+00:00,WH-01,in_progress,4
ORD-007501,Plant-17,EL-5380-2900,105,76,0,2026-07-23T19:00:52+00:00,WH-01,in_progress,8
ORD-007502,Plant-44,FL-7895-4916,55,52,0,2026-07-26T12:00:52+00:00,WH-02,completed,3
ORD-007503,Plant-11,PO-7940-499,145,110,0,2026-07-25T03:00:52+00:00,WH-02,in_progress,2
ORD-007504,Plant-18,EL-5507-1547,18,2,0,2026-07-21T21:00:52+00:00,WH-02,in_progress,2
ORD-007505,Plant-29,EL-9702-2555,37,33,0,2026-07-23T15:00:52+00:00,WH-01,pending,1
ORD-007506,Plant-11,FL-2203-4911,131,41,0,2026-07-20T21:00:52+00:00,WH-01,completed,2
ORD-007507,Plant-07,PO-6860-2514,33,13,0,2026-07-21T20:00:52+00:00,WH-02,pending,2
ORD-007508,Plant-39,PO-8191-1073,143,88,0,2026-07-26T00:00:52+00:00,WH-02,pending,4
ORD-007509,Plant-29,FL-8260-4772,20,16,0,2026-07-22T02:00:52+00:00,WH-02,completed,2
ORD-007510,Plant-38,FL-3783-2586,27,22,0,2026-07-24T20:00:52+00:00,WH-01,completed,9
ORD-007511,Plant-13,FL-9316-1074,49,11,0,2026-07-24T04:00:52+00:00,WH-01,completed,8
ORD-007512,Plant-35,PO-7538-3732,126,90,0,2026-07-21T02:00:52+00:00,WH-01,pending,2
ORD-007513,Plant-19,IN-1031-2257,124,107,0,2026-07-19T18:00:52+00:00,WH-01,pending,7
ORD-007514,Plant-23,CH-8045-2523,81,69,0,2026-07-21T18:00:52+00:00,WH-01,completed,2
ORD-007515,Plant-07,IN-2212-2175,66,59,0,2026-07-22T10:00:52+00:00,WH-01,in_progress,8
ORD-007516,Plant-29,FL-8752-2554,51,20,0,2026-07-22T14:00:52+00:00,WH-02,completed,4
ORD-007517,Plant-13,EL-6585-3676,44,42,0,2026-07-21T21:00:52+00:00,WH-02,pending,1
ORD-007518,Plant-09,CH-8865-750,11,2,0,2026-07-26T13:00:52+00:00,WH-02,pending,5
ORD-007519,Plant-33,EL-6858-753,66,52,0,2026-07-21T10:00:52+00:00,WH-02,in_progress,9
ORD-007520,Plant-15,PO-1402-407,58,24,0,2026-07-25T20:00:52+00:00,WH-02,in_progress,10
ORD-007521,Plant-36,EL-8762-365,84,64,0,2026-07-23T02:00:52+00:00,WH-02,completed,9
ORD-007522,Plant-34,EL-2098-2819,66,0,0,2026-07-22T21:00:52+00:00,WH-02,pending,4
ORD-007523,Plant-08,EL-5544-1255,82,33,0,2026-07-20T00:00:52+00:00,WH-01,in_progress,1
ORD-007524,Plant-12,CH-6665-537,132,65,0,2026-07-20T13:00:52+00:00,WH-02,pending,7
ORD-007525,Plant-37,PO-4769-300,32,27,0,2026-07-24T03:00:52+00:00,WH-02,in_progress,7
ORD-007526,Plant-30,FL-4192-2050,121,89,0,2026-07-19T23:00:52+00:00,WH-01,completed,10
ORD-007527,Plant-25,IN-5225-639,41,38,0,2026-07-23T15:00:52+00:00,WH-01,completed,7
ORD-007528,Plant-33,EL-1802-211,72,9,0,2026-07-26T15:00:52+00:00,WH-01,in_progress,3
ORD-007529,Plant-17,CH-5546-3729,60,1,0,2026-07-26T02:00:52+00:00,WH-02,completed,2
ORD-007530,Plant-30,IN-1416-368,119,73,0,2026-07-22T16:00:52+00:00,WH-02,completed,7
ORD-007531,Plant-15,FL-1622-1306,55,14,0,2026-07-22T16:00:52+00:00,WH-02,pending,4
ORD-007532,Plant-32,FL-4414-249,70,26,0,2026-07-23T21:00:52+00:00,WH-01,completed,10
ORD-007533,Plant-29,EL-4872-1618,120,5,0,2026-07-20T01:00:52+00:00,WH-01,in_progress,4
ORD-007534,Plant-27,CH-3648-2785,121,34,0,2026-07-24T08:00:52+00:00,WH-01,pending,1
ORD-007535,Plant-16,CH-3205-974,145,38,0,2026-07-22T03:00:52+00:00,WH-01,completed,2
ORD-007536,Plant-31,FL-6118-2984,142,80,0,2026-07-20T19:00:52+00:00,WH-02,in_progress,9
ORD-007537,Plant-24,CH-3967-503,37,10,0,2026-07-20T04:00:52+00:00,WH-02,pending,8
ORD-007538,Plant-41,EL-6168-3456,76,50,0,2026-07-23T08:00:52+00:00,WH-01,completed,3
ORD-007539,Plant-33,PO-6429-4325,80,71,0,2026-07-23T00:00:52+00:00,WH-01,completed,3
ORD-007540,Plant-01,CH-5129-3515,36,25,0,2026-07-22T08:00:52+00:00,WH-01,completed,9
ORD-007541,Plant-07,PO-6304-1081,37,15,0,2026-07-23T18:00:52+00:00,WH-02,in_progress,3
ORD-007542,Plant-26,CH-7212-227,135,56,0,2026-07-23T09:00:52+00:00,WH-02,pending,4
ORD-007543,Plant-25,IN-9026-2222,80,71,0,2026-07-25T16:00:52+00:00,WH-01,in_progress,8
ORD-007544,Plant-36,EL-3025-2703,7,1,0,2026-07-20T18:00:52+00:00,WH-02,completed,1
ORD-007545,Plant-02,CH-5218-1321,46,3,0,2026-07-20T15:00:52+00:00,WH-01,completed,7
ORD-007546,Plant-47,CH-9719-2349,142,139,0,2026-07-21T03:00:52+00:00,WH-02,pending,1
ORD-007547,Plant-40,IN-6510-2277,68,61,0,2026-07-20T01:00:52+00:00,WH-02,in_progress,7
ORD-007548,Plant-45,EL-7906-515,20,8,0,2026-07-25T23:00:52+00:00,WH-01,in_progress,3
ORD-007549,Plant-27,FL-3654-2100,85,57,0,2026-07-25T00:00:52+00:00,WH-02,completed,6
ORD-007550,Plant-05,IN-5666-3124,118,71,0,2026-07-26T07:00:52+00:00,WH-02,pending,7
ORD-007551,Plant-38,FL-3906-921,104,7,0,2026-07-21T18:00:52+00:00,WH-01,pending,10
ORD-007552,Plant-35,FL-6614-3912,107,12,0,2026-07-20T23:00:52+00:00,WH-01,in_progress,10
ORD-007553,Plant-39,FL-9351-1569,7,0,0,2026-07-24T07:00:52+00:00,WH-02,in_progress,10
ORD-007554,Plant-14,IN-2641-3066,143,97,0,2026-07-23T10:00:52+00:00,WH-02,pending,2
ORD-007555,Plant-24,PO-8273-155,17,0,0,2026-07-23T04:00:52+00:00,WH-02,pending,1
ORD-007556,Plant-14,CH-1344-342,66,8,0,2026-07-26T11:00:52+00:00,WH-01,completed,8
ORD-007557,Plant-29,IN-3838-2410,51,11,0,2026-07-20T07:00:52+00:00,WH-02,in_progress,1
ORD-007558,Plant-25,FL-7848-1784,74,47,0,2026-07-22T22:00:52+00:00,WH-02,completed,3
ORD-007559,Plant-20,FL-8773-1122,114,12,0,2026-07-20T15:00:52+00:00,WH-01,completed,4
ORD-007560,Plant-08,CH-1388-4982,100,36,0,2026-07-24T20:00:52+00:00,WH-02,pending,6
ORD-007561,Plant-17,EL-5380-2900,38,11,0,2026-07-21T06:00:52+00:00,WH-01,completed,2
ORD-007562,Plant-44,CH-3345-2968,84,84,0,2026-07-20T15:00:52+00:00,WH-02,completed,5
ORD-007563,Plant-03,FL-7580-3218,5,4,0,2026-07-23T00:00:52+00:00,WH-02,in_progress,2
ORD-007564,Plant-20,IN-5138-4884,115,53,0,2026-07-25T13:00:52+00:00,WH-02,pending,5
ORD-007565,Plant-05,EL-2427-4572,77,5,0,2026-07-20T20:00:52+00:00,WH-02,pending,10
ORD-007566,Plant-15,EL-1234-4142,17,10,0,2026-07-24T06:00:52+00:00,WH-02,pending,6
ORD-007567,Plant-11,EL-9918-865,9,1,0,2026-07-26T16:00:52+00:00,WH-02,in_progress,8
ORD-007568,Plant-45,FL-3822-2758,23,9,0,2026-07-23T21:00:52+00:00,WH-02,in_progress,8
ORD-007569,Plant-05,CH-5454-2897,11,6,0,2026-07-21T00:00:52+00:00,WH-02,in_progress,4
ORD-007570,Plant-36,IN-7960-327,148,116,0,2026-07-21T02:00:52+00:00,WH-02,completed,7
ORD-007571,Plant-18,CH-5936-295,66,4,0,2026-07-25T07:00:52+00:00,WH-01,completed,6
ORD-007572,Plant-04,CH-5996-4021,88,40,0,2026-07-23T09:00:52+00:00,WH-01,in_progress,8
ORD-007573,Plant-31,FL-8943-4314,59,38,0,2026-07-22T16:00:52+00:00,WH-02,pending,8
ORD-007574,Plant-42,CH-2003-2293,21,6,0,2026-07-21T04:00:52+00:00,WH-02,completed,10
ORD-007575,Plant-19,PO-5268-3640,28,24,0,2026-07-21T11:00:52+00:00,WH-02,in_progress,5
ORD-007576,Plant-48,FL-8820-3673,134,61,0,2026-07-22T01:00:52+00:00,WH-01,in_progress,3
ORD-007577,Plant-28,IN-2795-3097,57,37,0,2026-07-20T21:00:52+00:00,WH-02,completed,5
ORD-007578,Plant-14,FL-3750-246,93,1,0,2026-07-23T21:00:52+00:00,WH-02,pending,1
ORD-007579,Plant-08,EL-4903-3299,107,30,0,2026-07-26T08:00:52+00:00,WH-01,pending,3
ORD-007580,Plant-46,PO-9524-1000,28,12,0,2026-07-25T21:00:52+00:00,WH-01,completed,6
ORD-007581,Plant-29,PO-9948-3755,121,85,0,2026-07-21T09:00:52+00:00,WH-01,pending,5
ORD-007582,Plant-48,FL-4787-798,123,94,0,2026-07-20T12:00:52+00:00,WH-01,in_progress,4
ORD-007583,Plant-14,IN-5161-4163,7,6,0,2026-07-25T19:00:52+00:00,WH-01,completed,8
ORD-007584,Plant-33,CH-7543-017,124,5,0,2026-07-23T13:00:52+00:00,WH-02,pending,8
ORD-007585,Plant-12,EL-8605-141,89,52,0,2026-07-20T05:00:52+00:00,WH-01,in_progress,4
ORD-007586,Plant-09,PO-6769-2338,118,53,0,2026-07-21T20:00:52+00:00,WH-01,completed,4
ORD-007587,Plant-21,PO-9169-2661,150,17,0,2026-07-20T02:00:52+00:00,WH-02,completed,5
ORD-007588,Plant-16,PO-9837-4119,6,0,0,2026-07-20T19:00:52+00:00,WH-02,pending,3
ORD-007589,Plant-27,CH-1630-4960,143,97,0,2026-07-23T23:00:52+00:00,WH-02,pending,4
ORD-007590,Plant-18,EL-4188-4970,24,19,0,2026-07-25T07:00:52+00:00,WH-02,in_progress,9
ORD-007591,Plant-29,PO-6076-4365,133,128,0,2026-07-22T10:00:52+00:00,WH-02,completed,3
ORD-007592,Plant-22,IN-4031-2873,66,35,0,2026-07-21T02:00:52+00:00,WH-01,completed,5
ORD-007593,Plant-28,IN-6354-364,40,23,0,2026-07-25T01:00:52+00:00,WH-01,completed,4
ORD-007594,Plant-17,IN-4309-3577,116,59,0,2026-07-24T07:00:52+00:00,WH-01,pending,4
ORD-007595,Plant-21,EL-2066-283,131,27,0,2026-07-21T23:00:52+00:00,WH-01,pending,3
ORD-007596,Plant-24,EL-4719-2389,93,49,0,2026-07-26T03:00:52+00:00,WH-02,in_progress,5
ORD-007597,Plant-22,EL-8869-4581,140,125,0,2026-07-24T22:00:52+00:00,WH-01,completed,5
ORD-007598,Plant-12,PO-5658-4632,99,27,0,2026-07-20T10:00:52+00:00,WH-01,in_progress,4
ORD-007599,Plant-48,EL-3226-1228,132,83,0,2026-07-25T23:00:52+00:00,WH-02,completed,10
ORD-007600,Plant-10,EL-2345-2665,87,71,0,2026-07-21T01:00:52+00:00,WH-02,completed,5
ORD-007601,Plant-24,EL-1814-961,5,2,0,2026-07-26T13:00:52+00:00,WH-02,completed,3
ORD-007602,Plant-47,IN-9627-3444,109,25,0,2026-07-23T16:00:52+00:00,WH-02,completed,10
ORD-007603,Plant-29,EL-1009-2530,97,58,0,2026-07-21T07:00:52+00:00,WH-01,pending,2
ORD-007604,Plant-21,IN-7197-061,60,12,0,2026-07-26T07:00:52+00:00,WH-02,in_progress,4
ORD-007605,Plant-38,PO-9051-3024,89,56,0,2026-07-24T15:00:52+00:00,WH-01,pending,10
ORD-007606,Plant-27,CH-9488-3513,79,61,0,2026-07-26T07:00:52+00:00,WH-02,completed,6
ORD-007607,Plant-25,FL-5275-473,129,39,0,2026-07-23T13:00:52+00:00,WH-01,pending,6
ORD-007608,Plant-29,PO-7666-003,80,69,0,2026-07-26T06:00:52+00:00,WH-02,in_progress,7
ORD-007609,Plant-27,PO-8619-3035,118,94,0,2026-07-21T14:00:52+00:00,WH-02,completed,3
ORD-007610,Plant-36,FL-8001-2974,50,12,0,2026-07-22T00:00:52+00:00,WH-02,completed,2
ORD-007611,Plant-12,EL-5474-2117,18,8,0,2026-07-24T08:00:52+00:00,WH-02,in_progress,4
ORD-007612,Plant-21,PO-8140-2385,77,27,0,2026-07-20T02:00:52+00:00,WH-01,in_progress,4
ORD-007613,Plant-07,PO-3636-1919,144,117,0,2026-07-20T10:00:52+00:00,WH-01,pending,8
ORD-007614,Plant-18,IN-7290-1261,74,49,0,2026-07-26T12:00:52+00:00,WH-02,completed,9
ORD-007615,Plant-43,CH-9590-760,73,19,0,2026-07-21T16:00:52+00:00,WH-02,in_progress,10
ORD-007616,Plant-28,IN-4777-3645,109,62,0,2026-07-25T11:00:52+00:00,WH-01,in_progress,3
ORD-007617,Plant-33,IN-1278-1230,41,27,0,2026-07-21T05:00:52+00:00,WH-01,completed,7
ORD-007618,Plant-47,FL-2359-3974,139,85,0,2026-07-22T07:00:52+00:00,WH-01,completed,10
ORD-007619,Plant-39,CH-7437-1877,72,25,0,2026-07-22T22:00:52+00:00,WH-01,completed,10
ORD-007620,Plant-30,EL-7959-2800,21,2,0,2026-07-19T20:00:52+00:00,WH-02,in_progress,4
ORD-007621,Plant-23,FL-5955-1235,70,6,0,2026-07-26T06:00:52+00:00,WH-02,in_progress,2
ORD-007622,Plant-08,EL-1861-733,42,33,0,2026-07-20T00:00:52+00:00,WH-02,in_progress,3
ORD-007623,Plant-03,PO-8923-719,16,13,0,2026-07-26T18:00:52+00:00,WH-02,in_progress,9
ORD-007624,Plant-31,FL-6495-2699,38,30,0,2026-07-22T04:00:52+00:00,WH-02,in_progress,8
ORD-007625,Plant-43,FL-1618-318,29,22,0,2026-07-21T01:00:52+00:00,WH-02,pending,9
ORD-007626,Plant-01,FL-4210-2912,135,23,0,2026-07-23T22:00:52+00:00,WH-02,completed,10
ORD-007627,Plant-25,CH-1344-342,93,31,0,2026-07-21T18:00:52+00:00,WH-01,in_progress,7
ORD-007628,Plant-25,FL-5505-4807,33,0,0,2026-07-21T20:00:52+00:00,WH-02,completed,1
ORD-007629,Plant-44,PO-2404-4945,60,22,0,2026-07-23T02:00:52+00:00,WH-01,pending,8
ORD-007630,Plant-15,FL-5185-2592,43,15,0,2026-07-25T07:00:52+00:00,WH-02,completed,10
ORD-007631,Plant-38,IN-6896-531,8,4,0,2026-07-24T07:00:52+00:00,WH-02,pending,10
ORD-007632,Plant-31,PO-5737-3455,137,134,0,2026-07-24T04:00:52+00:00,WH-01,pending,7
ORD-007633,Plant-30,PO-6331-2945,19,19,0,2026-07-20T13:00:52+00:00,WH-02,pending,10
ORD-007634,Plant-19,FL-3082-907,62,14,0,2026-07-26T02:00:52+00:00,WH-01,pending,9
ORD-007635,Plant-08,CH-4562-2069,135,48,0,2026-07-25T05:00:52+00:00,WH-01,in_progress,5
ORD-007636,Plant-38,FL-7709-4737,76,7,0,2026-07-25T19:00:52+00:00,WH-01,pending,6
ORD-007637,Plant-14,IN-5952-4400,98,87,0,2026-07-23T02:00:52+00:00,WH-02,in_progress,6
ORD-007638,Plant-19,IN-7345-4415,136,52,0,2026-07-25T17:00:52+00:00,WH-02,in_progress,2
ORD-007639,Plant-03,CH-5882-2814,87,44,0,2026-07-20T10:00:52+00:00,WH-01,pending,10
ORD-007640,Plant-33,IN-5662-4192,112,106,0,2026-07-22T08:00:52+00:00,WH-01,pending,1
ORD-007641,Plant-08,PO-8005-757,71,17,0,2026-07-24T21:00:52+00:00,WH-01,pending,9
ORD-007642,Plant-13,PO-2980-4872,6,2,0,2026-07-25T23:00:52+00:00,WH-02,in_progress,9
ORD-007643,Plant-17,FL-5009-2220,60,6,0,2026-07-24T07:00:52+00:00,WH-02,in_progress,6
ORD-007644,Plant-19,CH-9468-485,101,31,0,2026-07-23T00:00:52+00:00,WH-02,completed,9
ORD-007645,Plant-17,EL-4960-3121,71,57,0,2026-07-22T00:00:52+00:00,WH-02,completed,1
ORD-007646,Plant-10,FL-2158-673,84,64,0,2026-07-23T19:00:52+00:00,WH-01,pending,7
ORD-007647,Plant-35,FL-3777-680,74,22,0,2026-07-25T14:00:52+00:00,WH-01,in_progress,2
ORD-007648,Plant-01,FL-8401-3202,84,42,0,2026-07-23T06:00:52+00:00,WH-01,in_progress,6
ORD-007649,Plant-06,EL-6710-3784,46,16,0,2026-07-22T06:00:52+00:00,WH-02,in_progress,8
ORD-007650,Plant-17,FL-4781-1197,112,44,0,2026-07-22T22:00:52+00:00,WH-01,completed,2
ORD-007651,Plant-08,IN-7797-4092,80,3,0,2026-07-21T00:00:52+00:00,WH-01,completed,10
ORD-007652,Plant-18,IN-8673-1116,150,1,0,2026-07-26T00:00:52+00:00,WH-02,completed,7
ORD-007653,Plant-32,PO-2315-2762,69,32,0,2026-07-26T14:00:52+00:00,WH-01,in_progress,9
ORD-007654,Plant-29,EL-5144-2211,11,2,0,2026-07-21T12:00:52+00:00,WH-01,completed,8
ORD-007655,Plant-39,IN-4069-4377,101,40,0,2026-07-24T00:00:52+00:00,WH-01,completed,7
ORD-007656,Plant-42,IN-3555-2309,80,29,0,2026-07-20T15:00:52+00:00,WH-02,in_progress,10
ORD-007657,Plant-22,CH-8530-4780,46,29,0,2026-07-25T06:00:52+00:00,WH-01,pending,2
ORD-007658,Plant-48,FL-5948-1102,127,103,0,2026-07-23T13:00:52+00:00,WH-01,in_progress,8
ORD-007659,Plant-29,PO-3607-785,134,81,0,2026-07-26T16:00:52+00:00,WH-02,completed,5
ORD-007660,Plant-26,FL-7449-3560,17,0,0,2026-07-21T01:00:52+00:00,WH-01,completed,2
ORD-007661,Plant-15,CH-7702-2561,115,57,0,2026-07-19T20:00:52+00:00,WH-02,completed,6
ORD-007662,Plant-04,FL-5432-3108,80,3,0,2026-07-26T06:00:52+00:00,WH-01,in_progress,10
ORD-007663,Plant-16,PO-9938-566,121,42,0,2026-07-22T00:00:52+00:00,WH-01,in_progress,4
ORD-007664,Plant-47,IN-5320-2888,138,40,0,2026-07-20T18:00:52+00:00,WH-01,in_progress,7
ORD-007665,Plant-43,FL-6313-2008,43,11,0,2026-07-26T11:00:52+00:00,WH-02,in_progress,4
ORD-007666,Plant-32,CH-3489-273,84,6,0,2026-07-22T15:00:52+00:00,WH-02,in_progress,6
ORD-007667,Plant-30,IN-3576-3844,77,20,0,2026-07-21T23:00:52+00:00,WH-01,completed,4
ORD-007668,Plant-46,EL-8849-2743,30,11,0,2026-07-22T01:00:52+00:00,WH-01,pending,10
ORD-007669,Plant-18,FL-1549-4079,150,62,0,2026-07-22T21:00:52+00:00,WH-01,pending,8
ORD-007670,Plant-14,FL-6275-278,118,39,0,2026-07-24T02:00:52+00:00,WH-02,completed,3
ORD-007671,Plant-17,PO-8472-2727,8,0,0,2026-07-20T10:00:52+00:00,WH-01,completed,2
ORD-007672,Plant-12,FL-4387-3556,41,12,0,2026-07-24T17:00:52+00:00,WH-02,pending,3
ORD-007673,Plant-47,FL-9265-2463,82,81,0,2026-07-24T08:00:52+00:00,WH-02,completed,9
ORD-007674,Plant-48,FL-4951-4241,102,38,0,2026-07-25T03:00:52+00:00,WH-01,in_progress,4
ORD-007675,Plant-45,FL-8104-3639,106,9,0,2026-07-26T04:00:52+00:00,WH-01,in_progress,3
ORD-007676,Plant-45,PO-7443-3875,39,28,0,2026-07-21T11:00:52+00:00,WH-01,in_progress,8
ORD-007677,Plant-37,IN-7489-4056,26,11,0,2026-07-23T16:00:52+00:00,WH-01,pending,4
ORD-007678,Plant-43,CH-1761-894,144,138,0,2026-07-26T09:00:52+00:00,WH-01,pending,1
ORD-007679,Plant-28,PO-6713-1188,54,54,0,2026-07-26T04:00:52+00:00,WH-02,in_progress,7
ORD-007680,Plant-36,EL-4737-913,142,96,0,2026-07-21T09:00:52+00:00,WH-02,pending,3
ORD-007681,Plant-20,EL-9833-511,21,0,0,2026-07-25T02:00:52+00:00,WH-02,pending,8
ORD-007682,Plant-09,EL-8199-2276,54,39,0,2026-07-24T16:00:52+00:00,WH-02,pending,6
ORD-007683,Plant-05,IN-4982-4222,63,38,0,2026-07-22T14:00:52+00:00,WH-02,in_progress,7
ORD-007684,Plant-23,IN-7378-3244,52,40,0,2026-07-22T01:00:52+00:00,WH-02,pending,5
ORD-007685,Plant-04,CH-1356-663,90,59,0,2026-07-21T02:00:52+00:00,WH-02,pending,9
ORD-007686,Plant-08,PO-7598-3525,66,15,0,2026-07-20T06:00:52+00:00,WH-02,completed,2
ORD-007687,Plant-14,FL-2677-4546,34,9,0,2026-07-24T16:00:52+00:00,WH-01,in_progress,2
ORD-007688,Plant-43,FL-2359-3974,5,3,0,2026-07-21T16:00:52+00:00,WH-02,completed,4
ORD-007689,Plant-34,PO-3065-3869,96,48,0,2026-07-23T13:00:52+00:00,WH-01,in_progress,6
ORD-007690,Plant-03,FL-5996-4956,5,2,0,2026-07-23T07:00:52+00:00,WH-01,pending,5
ORD-007691,Plant-45,EL-1289-2455,107,14,0,2026-07-21T00:00:52+00:00,WH-02,pending,7
ORD-007692,Plant-15,IN-6978-707,71,2,0,2026-07-22T10:00:52+00:00,WH-01,in_progress,4
ORD-007693,Plant-17,IN-8321-3154,65,49,0,2026-07-25T21:00:52+00:00,WH-02,completed,6
ORD-007694,Plant-22,PO-3310-833,97,55,0,2026-07-25T08:00:52+00:00,WH-02,pending,7
ORD-007695,Plant-45,PO-7638-1504,144,102,0,2026-07-23T17:00:52+00:00,WH-02,in_progress,6
ORD-007696,Plant-30,PO-7068-2411,30,30,0,2026-07-20T18:00:52+00:00,WH-02,pending,6
ORD-007697,Plant-30,EL-7906-515,115,93,0,2026-07-25T10:00:52+00:00,WH-01,completed,9
ORD-007698,Plant-24,PO-3095-884,142,22,0,2026-07-26T12:00:52+00:00,WH-02,pending,5
ORD-007699,Plant-21,FL-5128-4662,38,5,0,2026-07-25T11:00:52+00:00,WH-02,pending,8
ORD-007700,Plant-02,FL-8721-1604,117,115,0,2026-07-26T18:00:52+00:00,WH-01,in_progress,7
ORD-007701,Plant-26,CH-7620-505,33,25,0,2026-07-25T12:00:52+00:00,WH-02,pending,5
ORD-007702,Plant-42,FL-1034-2184,148,67,0,2026-07-21T21:00:52+00:00,WH-01,completed,2
ORD-007703,Plant-15,CH-6429-3550,29,7,0,2026-07-24T14:00:52+00:00,WH-01,completed,4
ORD-007704,Plant-19,FL-6500-1411,142,75,0,2026-07-19T20:00:52+00:00,WH-02,completed,3
ORD-007705,Plant-26,PO-4646-1906,123,28,0,2026-07-20T07:00:52+00:00,WH-02,in_progress,1
ORD-007706,Plant-22,PO-9113-1300,115,30,0,2026-07-21T03:00:52+00:00,WH-01,in_progress,2
ORD-007707,Plant-29,FL-4192-2050,13,12,0,2026-07-22T14:00:52+00:00,WH-02,completed,5
ORD-007708,Plant-03,IN-1457-2433,134,51,0,2026-07-23T06:00:52+00:00,WH-01,in_progress,5
ORD-007709,Plant-25,FL-8132-1842,40,39,0,2026-07-24T16:00:52+00:00,WH-02,in_progress,10
ORD-007710,Plant-04,EL-8042-1596,66,0,0,2026-07-22T08:00:52+00:00,WH-01,completed,2
ORD-007711,Plant-06,IN-3764-3142,35,24,0,2026-07-22T09:00:52+00:00,WH-02,completed,9
ORD-007712,Plant-46,IN-2960-4491,75,72,0,2026-07-20T20:00:52+00:00,WH-02,pending,8
ORD-007713,Plant-39,EL-2026-357,8,8,0,2026-07-22T08:00:52+00:00,WH-02,pending,8
ORD-007714,Plant-27,PO-7904-092,95,88,0,2026-07-26T06:00:52+00:00,WH-01,pending,8
ORD-007715,Plant-30,IN-2704-3397,146,65,0,2026-07-20T21:00:52+00:00,WH-02,completed,9
ORD-007716,Plant-10,PO-9076-1311,39,23,0,2026-07-24T10:00:52+00:00,WH-02,in_progress,8
ORD-007717,Plant-23,PO-4736-990,83,68,0,2026-07-25T02:00:52+00:00,WH-02,completed,7
ORD-007718,Plant-25,IN-5085-1258,138,0,0,2026-07-20T22:00:52+00:00,WH-02,pending,5
ORD-007719,Plant-04,IN-3731-073,64,61,0,2026-07-22T22:00:52+00:00,WH-01,pending,4
ORD-007720,Plant-43,FL-2668-3826,14,10,0,2026-07-23T09:00:52+00:00,WH-02,completed,5
ORD-007721,Plant-42,FL-8515-3849,139,27,0,2026-07-23T15:00:52+00:00,WH-02,pending,5
ORD-007722,Plant-42,IN-6815-3879,47,24,0,2026-07-24T19:00:52+00:00,WH-02,pending,5
ORD-007723,Plant-33,EL-1100-3418,67,57,0,2026-07-21T08:00:52+00:00,WH-01,completed,4
ORD-007724,Plant-22,FL-4023-4013,40,10,0,2026-07-26T04:00:52+00:00,WH-01,in_progress,10
ORD-007725,Plant-29,FL-7637-4743,26,25,0,2026-07-23T17:00:52+00:00,WH-02,pending,4
ORD-007726,Plant-28,IN-7356-4485,149,51,0,2026-07-24T13:00:52+00:00,WH-02,pending,6
ORD-007727,Plant-11,CH-7092-2181,35,27,0,2026-07-24T18:00:52+00:00,WH-01,completed,10
ORD-007728,Plant-25,FL-3775-3068,142,112,0,2026-07-20T21:00:52+00:00,WH-01,in_progress,1
ORD-007729,Plant-06,IN-5085-1258,115,10,0,2026-07-23T08:00:52+00:00,WH-02,in_progress,10
ORD-007730,Plant-31,IN-5662-4192,73,12,0,2026-07-20T00:00:52+00:00,WH-01,in_progress,1
ORD-007731,Plant-23,PO-2552-4913,147,25,0,2026-07-26T14:00:52+00:00,WH-01,pending,8
ORD-007732,Plant-02,CH-4525-173,137,41,0,2026-07-21T07:00:52+00:00,WH-02,completed,6
ORD-007733,Plant-10,PO-2503-351,15,12,0,2026-07-25T05:00:52+00:00,WH-02,completed,1
ORD-007734,Plant-03,CH-4765-3114,9,0,0,2026-07-23T20:00:52+00:00,WH-02,completed,9
ORD-007735,Plant-33,EL-5711-2609,46,24,0,2026-07-25T02:00:52+00:00,WH-01,pending,3
ORD-007736,Plant-07,CH-6512-2205,91,32,0,2026-07-22T18:00:52+00:00,WH-02,in_progress,1
ORD-007737,Plant-47,FL-4787-798,20,8,0,2026-07-25T01:00:52+00:00,WH-02,pending,4
ORD-007738,Plant-22,CH-3362-562,148,52,0,2026-07-22T14:00:52+00:00,WH-02,pending,5
ORD-007739,Plant-13,EL-1259-3305,109,72,0,2026-07-21T11:00:52+00:00,WH-02,completed,5
ORD-007740,Plant-27,IN-6698-361,9,1,0,2026-07-20T05:00:52+00:00,WH-01,pending,5
ORD-007741,Plant-37,IN-5451-1938,38,16,0,2026-07-22T20:00:52+00:00,WH-02,pending,4
ORD-007742,Plant-35,FL-6614-3912,41,25,0,2026-07-19T20:00:52+00:00,WH-02,completed,10
ORD-007743,Plant-09,IN-3772-1434,84,65,0,2026-07-22T08:00:52+00:00,WH-01,completed,3
ORD-007744,Plant-18,IN-6043-1257,83,53,0,2026-07-24T13:00:52+00:00,WH-01,in_progress,5
ORD-007745,Plant-20,EL-9595-1839,21,5,0,2026-07-26T13:00:52+00:00,WH-01,completed,1
ORD-007746,Plant-08,CH-9718-2015,29,28,0,2026-07-24T09:00:52+00:00,WH-02,completed,8
ORD-007747,Plant-24,FL-2761-2185,69,49,0,2026-07-25T13:00:52+00:00,WH-01,completed,10
ORD-007748,Plant-12,EL-2471-3720,119,72,0,2026-07-25T06:00:52+00:00,WH-01,pending,1
ORD-007749,Plant-09,FL-4112-220,93,86,0,2026-07-22T15:00:52+00:00,WH-02,in_progress,1
ORD-007750,Plant-27,PO-3201-3282,126,70,0,2026-07-22T00:00:52+00:00,WH-02,in_progress,6
ORD-007751,Plant-21,EL-7926-2666,109,81,0,2026-07-23T14:00:52+00:00,WH-02,in_progress,8
ORD-007752,Plant-39,CH-5003-3888,84,65,0,2026-07-22T13:00:52+00:00,WH-02,completed,10
ORD-007753,Plant-06,PO-6617-1627,109,68,0,2026-07-20T07:00:52+00:00,WH-01,in_progress,3
ORD-007754,Plant-47,CH-5129-3515,128,107,0,2026-07-25T20:00:52+00:00,WH-02,in_progress,10
ORD-007755,Plant-43,PO-5184-3379,62,16,0,2026-07-22T19:00:52+00:00,WH-01,completed,4
ORD-007756,Plant-04,IN-9645-1483,135,100,0,2026-07-23T02:00:52+00:00,WH-01,in_progress,2
ORD-007757,Plant-25,IN-2488-2545,30,2,0,2026-07-23T02:00:52+00:00,WH-02,in_progress,10
ORD-007758,Plant-33,PO-8856-2395,116,58,0,2026-07-23T04:00:52+00:00,WH-02,in_progress,8
ORD-007759,Plant-44,PO-3634-3485,109,24,0,2026-07-23T16:00:52+00:00,WH-02,in_progress,9
ORD-007760,Plant-40,PO-7943-3574,143,36,0,2026-07-26T02:00:52+00:00,WH-02,in_progress,2
ORD-007761,Plant-32,FL-1355-4278,20,15,0,2026-07-23T21:00:52+00:00,WH-01,in_progress,5
ORD-007762,Plant-25,FL-6017-616,30,29,0,2026-07-26T08:00:52+00:00,WH-01,in_progress,1
ORD-007763,Plant-38,IN-7270-2567,49,43,0,2026-07-26T18:00:52+00:00,WH-02,in_progress,5
ORD-007764,Plant-17,IN-1772-3938,57,33,0,2026-07-25T02:00:52+00:00,WH-01,in_progress,9
ORD-007765,Plant-35,PO-9467-2537,47,41,0,2026-07-25T08:00:52+00:00,WH-02,in_progress,2
ORD-007766,Plant-13,EL-1802-211,71,44,0,2026-07-21T22:00:52+00:00,WH-01,completed,9
ORD-007767,Plant-36,PO-6806-358,116,0,0,2026-07-20T14:00:52+00:00,WH-01,pending,1
ORD-007768,Plant-04,IN-1565-4492,40,15,0,2026-07-24T05:00:52+00:00,WH-02,completed,1
ORD-007769,Plant-37,IN-1626-1689,59,24,0,2026-07-23T00:00:52+00:00,WH-01,in_progress,10
ORD-007770,Plant-47,CH-4083-2495,74,32,0,2026-07-26T04:00:52+00:00,WH-02,pending,5
ORD-007771,Plant-08,EL-5721-4715,4,3,0,2026-07-20T15:00:52+00:00,WH-02,in_progress,5
ORD-007772,Plant-06,IN-1752-779,16,7,0,2026-07-21T19:00:52+00:00,WH-01,in_progress,9
ORD-007773,Plant-26,EL-4112-1763,17,12,0,2026-07-24T01:00:52+00:00,WH-02,pending,3
ORD-007774,Plant-20,EL-1883-2108,143,117,0,2026-07-20T04:00:52+00:00,WH-01,pending,9
ORD-007775,Plant-44,PO-8856-2395,99,39,0,2026-07-21T19:00:52+00:00,WH-02,completed,5
ORD-007776,Plant-03,CH-9416-3434,115,12,0,2026-07-22T02:00:52+00:00,WH-01,completed,7
ORD-007777,Plant-37,FL-8564-4450,149,114,0,2026-07-20T02:00:52+00:00,WH-01,completed,3
ORD-007778,Plant-06,CH-2286-4359,91,10,0,2026-07-23T02:00:52+00:00,WH-02,pending,2
ORD-007779,Plant-19,FL-2203-4911,22,14,0,2026-07-22T19:00:52+00:00,WH-02,pending,1
ORD-007780,Plant-47,FL-8990-2242,128,23,0,2026-07-26T00:00:52+00:00,WH-02,in_progress,8
ORD-007781,Plant-11,FL-6237-1274,95,51,0,2026-07-25T15:00:52+00:00,WH-02,in_progress,7
ORD-007782,Plant-33,FL-6795-4792,72,3,0,2026-07-22T20:00:52+00:00,WH-01,pending,7
ORD-007783,Plant-09,CH-5965-4575,119,37,0,2026-07-20T14:00:52+00:00,WH-01,pending,2
ORD-007784,Plant-13,FL-5847-1251,88,76,0,2026-07-24T07:00:52+00:00,WH-01,completed,1
ORD-007785,Plant-13,FL-4951-4241,73,10,0,2026-07-26T14:00:52+00:00,WH-01,completed,7
ORD-007786,Plant-20,EL-7034-3291,14,14,0,2026-07-21T00:00:52+00:00,WH-02,in_progress,7
ORD-007787,Plant-23,IN-3435-2201,48,31,0,2026-07-24T01:00:52+00:00,WH-02,completed,3
ORD-007788,Plant-36,PO-9798-846,50,43,0,2026-07-24T01:00:52+00:00,WH-01,completed,3
ORD-007789,Plant-46,EL-1385-2228,48,45,0,2026-07-23T20:00:52+00:00,WH-02,completed,4
ORD-007790,Plant-27,FL-1948-410,150,36,0,2026-07-23T18:00:52+00:00,WH-01,in_progress,3
ORD-007791,Plant-17,IN-6408-172,25,19,0,2026-07-23T11:00:52+00:00,WH-02,completed,6
ORD-007792,Plant-15,PO-9533-3566,22,12,0,2026-07-24T11:00:52+00:00,WH-02,completed,6
ORD-007793,Plant-24,FL-8213-411,111,29,0,2026-07-26T14:00:52+00:00,WH-01,in_progress,5
ORD-007794,Plant-13,FL-8851-4857,101,43,0,2026-07-24T22:00:52+00:00,WH-01,in_progress,10
ORD-007795,Plant-19,IN-2810-1572,87,34,0,2026-07-23T22:00:52+00:00,WH-02,pending,5
ORD-007796,Plant-05,EL-9225-1070,66,25,0,2026-07-24T16:00:52+00:00,WH-02,completed,8
ORD-007797,Plant-04,IN-8282-1459,38,30,0,2026-07-24T11:00:52+00:00,WH-02,completed,7
ORD-007798,Plant-21,FL-2864-176,20,6,0,2026-07-20T12:00:52+00:00,WH-02,pending,3
ORD-007799,Plant-02,PO-8933-2337,24,12,0,2026-07-23T07:00:52+00:00,WH-02,pending,10
ORD-007800,Plant-17,IN-3855-1609,114,46,0,2026-07-20T16:00:52+00:00,WH-01,completed,5
ORD-007801,Plant-39,FL-3724-1247,60,29,0,2026-07-20T00:00:52+00:00,WH-02,in_progress,6
ORD-007802,Plant-38,PO-6902-201,54,9,0,2026-07-20T16:00:52+00:00,WH-01,in_progress,1
ORD-007803,Plant-34,PO-7715-3906,47,22,0,2026-07-26T08:00:52+00:00,WH-02,in_progress,1
ORD-007804,Plant-19,PO-6139-2646,67,19,0,2026-07-23T02:00:52+00:00,WH-01,completed,2
ORD-007805,Plant-22,FL-9851-1408,30,6,0,2026-07-25T19:00:52+00:00,WH-02,pending,2
ORD-007806,Plant-05,PO-5447-044,75,25,0,2026-07-21T01:00:52+00:00,WH-02,completed,1
ORD-007807,Plant-46,CH-9422-4998,35,17,0,2026-07-25T16:00:52+00:00,WH-02,completed,6
ORD-007808,Plant-15,CH-3278-4650,46,25,0,2026-07-26T10:00:52+00:00,WH-02,completed,9
ORD-007809,Plant-03,CH-9590-760,129,76,0,2026-07-20T06:00:52+00:00,WH-01,pending,9
ORD-007810,Plant-26,EL-4091-3045,127,57,0,2026-07-20T03:00:52+00:00,WH-02,pending,5
ORD-007811,Plant-26,CH-3938-4459,37,11,0,2026-07-21T00:00:52+00:00,WH-02,completed,5
ORD-007812,Plant-14,FL-6795-1229,120,22,0,2026-07-24T08:00:52+00:00,WH-02,in_progress,6
ORD-007813,Plant-15,EL-4483-1140,66,22,0,2026-07-21T13:00:52+00:00,WH-02,completed,7
ORD-007814,Plant-12,IN-2827-4473,64,14,0,2026-07-22T14:00:52+00:00,WH-02,in_progress,4
ORD-007815,Plant-45,CH-1899-1111,9,8,0,2026-07-24T14:00:52+00:00,WH-02,pending,10
ORD-007816,Plant-30,FL-7855-1793,55,33,0,2026-07-25T11:00:52+00:00,WH-01,in_progress,10
ORD-007817,Plant-10,PO-6712-2615,61,43,0,2026-07-23T04:00:52+00:00,WH-02,completed,4
ORD-007818,Plant-05,FL-4504-875,34,2,0,2026-07-23T19:00:52+00:00,WH-02,in_progress,9
ORD-007819,Plant-09,CH-9782-4433,110,81,0,2026-07-22T01:00:52+00:00,WH-01,in_progress,10
ORD-007820,Plant-01,FL-8889-1287,111,81,0,2026-07-23T15:00:52+00:00,WH-02,completed,8
ORD-007821,Plant-20,FL-2203-4911,123,73,0,2026-07-23T16:00:52+00:00,WH-02,completed,6
ORD-007822,Plant-16,IN-5917-1535,104,47,0,2026-07-26T15:00:52+00:00,WH-01,pending,1
ORD-007823,Plant-04,IN-2516-3872,121,90,0,2026-07-24T16:00:52+00:00,WH-01,pending,1
ORD-007824,Plant-47,FL-4271-781,112,33,0,2026-07-20T08:00:52+00:00,WH-02,pending,5
ORD-007825,Plant-18,EL-9186-1837,129,48,0,2026-07-20T01:00:52+00:00,WH-01,pending,9
ORD-007826,Plant-40,FL-2212-4925,40,14,0,2026-07-24T23:00:52+00:00,WH-02,in_progress,6
ORD-007827,Plant-24,IN-3530-147,113,7,0,2026-07-21T05:00:52+00:00,WH-02,pending,10
ORD-007828,Plant-44,IN-6107-986,51,7,0,2026-07-25T10:00:52+00:00,WH-01,completed,3
ORD-007829,Plant-07,PO-8538-3284,129,19,0,2026-07-22T07:00:52+00:00,WH-01,completed,6
ORD-007830,Plant-22,EL-7030-3410,47,19,0,2026-07-25T14:00:52+00:00,WH-01,in_progress,2
ORD-007831,Plant-36,IN-7797-4092,82,28,0,2026-07-22T23:00:52+00:00,WH-02,pending,10
ORD-007832,Plant-19,PO-9369-4587,71,32,0,2026-07-23T02:00:52+00:00,WH-01,pending,4
ORD-007833,Plant-40,EL-2914-622,138,79,0,2026-07-22T14:00:52+00:00,WH-01,in_progress,3
ORD-007834,Plant-46,IN-1300-1433,24,0,0,2026-07-19T19:00:52+00:00,WH-01,pending,3
ORD-007835,Plant-18,EL-1448-861,108,89,0,2026-07-23T00:00:52+00:00,WH-01,pending,2
ORD-007836,Plant-40,CH-3528-4811,88,75,0,2026-07-23T17:00:52+00:00,WH-01,pending,8
ORD-007837,Plant-02,CH-8384-3496,67,14,0,2026-07-23T19:00:52+00:00,WH-02,completed,3
ORD-007838,Plant-47,IN-2128-3627,53,6,0,2026-07-22T08:00:52+00:00,WH-01,completed,10
ORD-007839,Plant-34,IN-1778-3894,132,86,0,2026-07-25T18:00:52+00:00,WH-01,in_progress,2
ORD-007840,Plant-19,EL-7170-2724,148,85,0,2026-07-24T12:00:52+00:00,WH-02,pending,10
ORD-007841,Plant-46,PO-3323-4539,28,28,0,2026-07-26T00:00:52+00:00,WH-02,in_progress,8
ORD-007842,Plant-17,EL-3531-774,38,9,0,2026-07-25T00:00:52+00:00,WH-01,completed,10
ORD-007843,Plant-30,FL-5407-695,20,12,0,2026-07-23T09:00:52+00:00,WH-01,in_progress,1
ORD-007844,Plant-48,IN-7501-2994,32,23,0,2026-07-21T17:00:52+00:00,WH-02,completed,7
ORD-007845,Plant-28,EL-7788-4926,79,67,0,2026-07-21T20:00:52+00:00,WH-02,in_progress,5
ORD-007846,Plant-22,CH-9681-4537,107,102,0,2026-07-26T10:00:52+00:00,WH-02,completed,8
ORD-007847,Plant-27,FL-4414-249,41,2,0,2026-07-23T16:00:52+00:00,WH-01,in_progress,5
ORD-007848,Plant-08,CH-9590-760,53,0,0,2026-07-23T19:00:52+00:00,WH-01,completed,7
ORD-007849,Plant-39,CH-1068-755,127,6,0,2026-07-25T01:00:52+00:00,WH-02,in_progress,6
ORD-007850,Plant-31,FL-8360-3697,55,9,0,2026-07-21T06:00:52+00:00,WH-02,in_progress,7
ORD-007851,Plant-40,IN-7274-2283,142,79,0,2026-07-25T21:00:52+00:00,WH-02,pending,8
ORD-007852,Plant-21,FL-6445-2297,83,4,0,2026-07-26T05:00:52+00:00,WH-01,in_progress,1
ORD-007853,Plant-41,IN-1625-2174,30,20,0,2026-07-23T07:00:52+00:00,WH-01,completed,7
ORD-007854,Plant-48,PO-4111-4175,104,80,0,2026-07-24T02:00:52+00:00,WH-02,in_progress,3
ORD-007855,Plant-27,IN-2316-3439,76,36,0,2026-07-22T10:00:52+00:00,WH-02,in_progress,4
ORD-007856,Plant-27,FL-7797-971,97,61,0,2026-07-25T00:00:52+00:00,WH-02,in_progress,5
ORD-007857,Plant-09,FL-5600-2928,130,106,0,2026-07-21T06:00:52+00:00,WH-02,pending,10
ORD-007858,Plant-44,FL-7875-3724,125,116,0,2026-07-24T21:00:52+00:00,WH-02,in_progress,4
ORD-007859,Plant-08,EL-7554-4156,68,23,0,2026-07-20T14:00:52+00:00,WH-02,in_progress,7
ORD-007860,Plant-37,PO-6811-4483,46,12,0,2026-07-26T15:00:52+00:00,WH-02,completed,8
ORD-007861,Plant-26,IN-6509-857,114,34,0,2026-07-25T18:00:52+00:00,WH-01,completed,6
ORD-007862,Plant-04,IN-4451-276,74,44,0,2026-07-19T23:00:52+00:00,WH-01,pending,2
ORD-007863,Plant-07,PO-2434-1260,125,17,0,2026-07-22T18:00:52+00:00,WH-02,in_progress,4
ORD-007864,Plant-36,CH-2937-2006,107,48,0,2026-07-21T15:00:52+00:00,WH-01,in_progress,8
ORD-007865,Plant-13,EL-8100-2361,114,102,0,2026-07-24T16:00:52+00:00,WH-02,in_progress,2
ORD-007866,Plant-01,IN-2732-4152,65,49,0,2026-07-21T00:00:52+00:00,WH-02,completed,6
ORD-007867,Plant-08,PO-1403-3529,102,58,0,2026-07-25T14:00:52+00:00,WH-01,in_progress,2
ORD-007868,Plant-06,CH-3497-2342,12,10,0,2026-07-22T20:00:52+00:00,WH-02,in_progress,3
ORD-007869,Plant-27,IN-2383-1649,111,74,0,2026-07-26T09:00:52+00:00,WH-01,in_progress,7
ORD-007870,Plant-07,IN-5396-3191,53,37,0,2026-07-20T01:00:52+00:00,WH-01,in_progress,1
ORD-007871,Plant-09,FL-7350-3247,57,44,0,2026-07-24T11:00:52+00:00,WH-01,in_progress,7
ORD-007872,Plant-12,CH-1605-3807,113,66,0,2026-07-20T09:00:52+00:00,WH-01,in_progress,8
ORD-007873,Plant-19,PO-6159-493,77,34,0,2026-07-25T20:00:52+00:00,WH-01,completed,4
ORD-007874,Plant-35,EL-8400-1267,93,81,0,2026-07-25T00:00:52+00:00,WH-01,in_progress,3
ORD-007875,Plant-41,CH-2414-788,120,36,0,2026-07-22T17:00:52+00:00,WH-01,pending,7
ORD-007876,Plant-30,IN-3949-1525,84,74,0,2026-07-25T08:00:52+00:00,WH-01,pending,10
ORD-007877,Plant-48,IN-7797-4092,4,1,0,2026-07-21T22:00:52+00:00,WH-02,pending,1
ORD-007878,Plant-24,FL-3265-641,4,0,0,2026-07-25T18:00:52+00:00,WH-01,in_progress,3
ORD-007879,Plant-06,CH-1742-3935,11,3,0,2026-07-20T06:00:52+00:00,WH-02,completed,2
ORD-007880,Plant-11,EL-4986-2813,104,102,0,2026-07-24T15:00:52+00:00,WH-02,in_progress,3
ORD-007881,Plant-06,IN-9945-4972,125,125,0,2026-07-25T01:00:52+00:00,WH-01,pending,7
ORD-007882,Plant-13,FL-4614-4211,52,40,0,2026-07-20T08:00:52+00:00,WH-01,in_progress,4
ORD-007883,Plant-35,FL-4655-929,22,22,0,2026-07-22T22:00:52+00:00,WH-02,pending,10
ORD-007884,Plant-24,PO-2451-144,84,15,0,2026-07-21T08:00:52+00:00,WH-01,in_progress,2
ORD-007885,Plant-11,IN-7011-251,84,43,0,2026-07-23T07:00:52+00:00,WH-01,in_progress,7
ORD-007886,Plant-11,EL-6416-4518,96,59,0,2026-07-23T08:00:52+00:00,WH-01,completed,5
ORD-007887,Plant-30,PO-9700-4360,83,48,0,2026-07-22T21:00:52+00:00,WH-02,in_progress,2
ORD-007888,Plant-27,CH-4710-651,135,0,0,2026-07-20T09:00:52+00:00,WH-01,completed,5
ORD-007889,Plant-13,IN-5582-4738,60,6,0,2026-07-21T22:00:52+00:00,WH-01,completed,9
ORD-007890,Plant-34,EL-9942-1313,67,11,0,2026-07-25T01:00:52+00:00,WH-01,in_progress,10
ORD-007891,Plant-15,EL-5435-387,45,1,0,2026-07-26T04:00:52+00:00,WH-01,pending,8
ORD-007892,Plant-31,PO-8230-2834,14,14,0,2026-07-24T07:00:52+00:00,WH-01,in_progress,1
ORD-007893,Plant-12,EL-1177-2901,13,12,0,2026-07-22T17:00:52+00:00,WH-02,completed,5
ORD-007894,Plant-15,FL-7042-2327,12,9,0,2026-07-24T07:00:52+00:00,WH-02,in_progress,9
ORD-007895,Plant-14,CH-4083-2495,109,57,0,2026-07-21T18:00:52+00:00,WH-02,in_progress,6
ORD-007896,Plant-15,PO-1922-2963,50,2,0,2026-07-23T08:00:52+00:00,WH-01,completed,7
ORD-007897,Plant-28,FL-9247-3234,67,20,0,2026-07-20T01:00:52+00:00,WH-01,completed,3
ORD-007898,Plant-24,EL-9794-4981,79,28,0,2026-07-21T12:00:52+00:00,WH-02,in_progress,3
ORD-007899,Plant-39,CH-2281-3209,5,5,0,2026-07-23T02:00:52+00:00,WH-01,pending,6
ORD-007900,Plant-28,FL-4883-975,92,92,0,2026-07-26T07:00:52+00:00,WH-02,completed,9
ORD-007901,Plant-35,FL-1262-4025,121,43,0,2026-07-21T18:00:52+00:00,WH-02,in_progress,6
ORD-007902,Plant-25,PO-8501-708,129,18,0,2026-07-20T05:00:52+00:00,WH-01,completed,9
ORD-007903,Plant-05,IN-9927-2853,138,131,0,2026-07-24T01:00:52+00:00,WH-01,completed,2
ORD-007904,Plant-34,FL-1826-2823,30,19,0,2026-07-24T05:00:52+00:00,WH-01,in_progress,10
ORD-007905,Plant-03,PO-6235-1922,117,55,0,2026-07-25T05:00:52+00:00,WH-01,completed,9
ORD-007906,Plant-05,IN-6918-1448,73,31,0,2026-07-22T13:00:52+00:00,WH-02,in_progress,4
ORD-007907,Plant-12,FL-6109-2345,15,8,0,2026-07-26T08:00:52+00:00,WH-01,pending,8
ORD-007908,Plant-44,FL-5569-2154,86,71,0,2026-07-23T00:00:52+00:00,WH-02,completed,3
ORD-007909,Plant-16,CH-7751-3261,146,95,0,2026-07-23T08:00:52+00:00,WH-02,completed,6
ORD-007910,Plant-20,IN-7475-1516,31,10,0,2026-07-25T20:00:52+00:00,WH-01,pending,10
ORD-007911,Plant-21,CH-9966-876,45,22,0,2026-07-20T22:00:52+00:00,WH-01,completed,9
ORD-007912,Plant-09,EL-6632-3788,54,14,0,2026-07-22T07:00:52+00:00,WH-02,completed,9
ORD-007913,Plant-16,IN-6918-1448,35,28,0,2026-07-24T14:00:52+00:00,WH-02,completed,10
ORD-007914,Plant-45,IN-5064-3626,127,20,0,2026-07-21T12:00:52+00:00,WH-02,pending,3
ORD-007915,Plant-41,CH-2532-2579,107,74,0,2026-07-23T14:00:52+00:00,WH-02,pending,4
ORD-007916,Plant-48,CH-1659-892,43,21,0,2026-07-26T00:00:52+00:00,WH-02,pending,3
ORD-007917,Plant-13,PO-3864-1672,37,14,0,2026-07-26T12:00:52+00:00,WH-02,in_progress,4
ORD-007918,Plant-07,FL-7709-4737,108,103,0,2026-07-23T04:00:52+00:00,WH-01,pending,8
ORD-007919,Plant-38,PO-2339-4509,105,63,0,2026-07-26T07:00:52+00:00,WH-02,completed,1
ORD-007920,Plant-28,PO-6726-3653,95,94,0,2026-07-23T17:00:52+00:00,WH-01,in_progress,4
ORD-007921,Plant-25,EL-8755-1571,84,70,0,2026-07-25T03:00:52+00:00,WH-02,pending,8
ORD-007922,Plant-11,IN-4580-4301,68,38,0,2026-07-21T16:00:52+00:00,WH-02,completed,9
ORD-007923,Plant-47,IN-9208-1567,55,29,0,2026-07-23T14:00:52+00:00,WH-01,in_progress,1
ORD-007924,Plant-10,EL-2230-127,37,27,0,2026-07-20T09:00:52+00:00,WH-01,in_progress,6
ORD-007925,Plant-34,CH-3360-3421,136,23,0,2026-07-20T21:00:52+00:00,WH-01,pending,10
ORD-007926,Plant-35,IN-2988-4033,83,75,0,2026-07-26T14:00:52+00:00,WH-02,pending,5
ORD-007927,Plant-05,CH-3368-101,60,14,0,2026-07-21T10:00:52+00:00,WH-01,in_progress,10
ORD-007928,Plant-19,EL-6058-4931,85,28,0,2026-07-24T20:00:52+00:00,WH-02,completed,8
ORD-007929,Plant-46,CH-3457-3647,87,17,0,2026-07-22T02:00:52+00:00,WH-01,completed,1
ORD-007930,Plant-07,FL-1026-2388,95,75,0,2026-07-22T19:00:52+00:00,WH-01,pending,5
ORD-007931,Plant-26,FL-9485-3519,145,84,0,2026-07-26T02:00:52+00:00,WH-01,completed,3
ORD-007932,Plant-41,PO-1923-2801,111,11,0,2026-07-20T02:00:52+00:00,WH-01,in_progress,8
ORD-007933,Plant-11,FL-2081-483,8,7,0,2026-07-26T08:00:52+00:00,WH-02,in_progress,2
ORD-007934,Plant-16,FL-5595-1479,142,69,0,2026-07-19T21:00:52+00:00,WH-02,completed,7
ORD-007935,Plant-28,PO-5435-031,30,9,0,2026-07-25T23:00:52+00:00,WH-02,completed,3
ORD-007936,Plant-34,EL-7571-3086,110,94,0,2026-07-26T14:00:52+00:00,WH-01,completed,9
ORD-007937,Plant-31,EL-3193-412,102,14,0,2026-07-20T16:00:52+00:00,WH-01,completed,6
ORD-007938,Plant-19,IN-7459-1888,47,41,0,2026-07-21T09:00:52+00:00,WH-02,completed,7
ORD-007939,Plant-38,EL-6629-4728,54,10,0,2026-07-23T03:00:52+00:00,WH-01,completed,6
ORD-007940,Plant-29,PO-5685-954,100,73,0,2026-07-19T23:00:52+00:00,WH-02,completed,6
ORD-007941,Plant-23,IN-8967-1301,116,68,0,2026-07-21T17:00:52+00:00,WH-01,in_progress,6
ORD-007942,Plant-07,IN-3695-4707,37,29,0,2026-07-20T01:00:52+00:00,WH-01,completed,8
ORD-007943,Plant-22,IN-3198-3870,87,67,0,2026-07-20T11:00:52+00:00,WH-02,in_progress,8
ORD-007944,Plant-21,CH-1922-2078,135,65,0,2026-07-21T14:00:52+00:00,WH-02,in_progress,7
ORD-007945,Plant-20,IN-4573-3168,47,22,0,2026-07-22T17:00:52+00:00,WH-02,completed,5
ORD-007946,Plant-38,CH-7043-2987,79,76,0,2026-07-22T21:00:52+00:00,WH-02,completed,7
ORD-007947,Plant-45,PO-6563-1749,90,45,0,2026-07-19T19:00:52+00:00,WH-01,completed,4
ORD-007948,Plant-39,PO-9948-3755,117,109,0,2026-07-20T10:00:52+00:00,WH-02,completed,9
ORD-007949,Plant-18,EL-2516-2144,78,44,0,2026-07-25T22:00:52+00:00,WH-01,in_progress,6
ORD-007950,Plant-12,CH-8086-3514,135,113,0,2026-07-21T18:00:52+00:00,WH-01,pending,4
ORD-007951,Plant-29,CH-6053-1436,48,2,0,2026-07-23T09:00:52+00:00,WH-01,pending,7
ORD-007952,Plant-25,EL-9134-2005,11,4,0,2026-07-22T01:00:52+00:00,WH-02,completed,4
ORD-007953,Plant-02,PO-2724-4502,109,99,0,2026-07-22T12:00:52+00:00,WH-01,pending,5
ORD-007954,Plant-44,FL-1953-2417,80,32,0,2026-07-24T03:00:52+00:00,WH-02,completed,2
ORD-007955,Plant-26,PO-9752-4263,29,2,0,2026-07-25T13:00:52+00:00,WH-01,completed,4
ORD-007956,Plant-17,FL-5733-4749,44,13,0,2026-07-22T10:00:52+00:00,WH-01,in_progress,10
ORD-007957,Plant-25,IN-7553-809,108,37,0,2026-07-25T00:00:52+00:00,WH-02,in_progress,4
ORD-007958,Plant-33,FL-3783-2586,128,4,0,2026-07-21T11:00:52+00:00,WH-01,in_progress,9
ORD-007959,Plant-18,CH-7639-4495,17,7,0,2026-07-20T10:00:52+00:00,WH-01,completed,1
ORD-007960,Plant-17,EL-6786-400,109,95,0,2026-07-23T14:00:52+00:00,WH-01,pending,5
ORD-007961,Plant-33,EL-4287-2141,111,36,0,2026-07-25T13:00:52+00:00,WH-02,in_progress,3
ORD-007962,Plant-01,CH-9715-2774,106,28,0,2026-07-25T11:00:52+00:00,WH-01,pending,7
ORD-007963,Plant-24,IN-2988-4033,20,18,0,2026-07-23T21:00:52+00:00,WH-01,completed,8
ORD-007964,Plant-32,CH-8739-4266,49,37,0,2026-07-24T20:00:52+00:00,WH-02,pending,10
ORD-007965,Plant-29,CH-1449-1954,74,65,0,2026-07-25T21:00:52+00:00,WH-01,completed,10
ORD-007966,Plant-18,FL-9033-668,90,30,0,2026-07-25T13:00:52+00:00,WH-01,pending,5
ORD-007967,Plant-19,EL-2098-3564,106,24,0,2026-07-25T22:00:52+00:00,WH-02,completed,10
ORD-007968,Plant-43,CH-3169-352,98,77,0,2026-07-21T22:00:52+00:00,WH-02,completed,4
ORD-007969,Plant-18,CH-5940-2066,116,96,0,2026-07-22T17:00:52+00:00,WH-01,pending,2
ORD-007970,Plant-04,IN-8799-706,34,20,0,2026-07-24T23:00:52+00:00,WH-01,pending,1
ORD-007971,Plant-26,FL-7695-099,40,7,0,2026-07-24T13:00:52+00:00,WH-02,pending,3
ORD-007972,Plant-38,PO-1846-1001,71,47,0,2026-07-23T21:00:52+00:00,WH-02,pending,8
ORD-007973,Plant-27,CH-9616-2167,150,46,0,2026-07-21T23:00:52+00:00,WH-01,pending,3
ORD-007974,Plant-40,PO-8609-527,80,18,0,2026-07-26T06:00:52+00:00,WH-01,pending,10
ORD-007975,Plant-04,PO-6323-1989,79,76,0,2026-07-21T16:00:52+00:00,WH-02,completed,7
ORD-007976,Plant-39,FL-6570-1746,4,3,0,2026-07-22T06:00:52+00:00,WH-01,in_progress,2
ORD-007977,Plant-07,IN-4759-3695,68,7,0,2026-07-22T12:00:52+00:00,WH-02,in_progress,6
ORD-007978,Plant-02,CH-7999-2632,54,36,0,2026-07-25T06:00:52+00:00,WH-01,completed,9
ORD-007979,Plant-34,IN-1171-4722,41,27,0,2026-07-23T22:00:52+00:00,WH-02,completed,7
ORD-007980,Plant-14,IN-6857-4880,77,17,0,2026-07-20T15:00:52+00:00,WH-02,pending,9
ORD-007981,Plant-43,PO-3476-2540,79,34,0,2026-07-25T00:00:52+00:00,WH-01,completed,6
ORD-007982,Plant-10,EL-1177-2901,45,12,0,2026-07-25T03:00:52+00:00,WH-02,completed,8
ORD-007983,Plant-38,EL-3634-3615,65,30,0,2026-07-21T06:00:52+00:00,WH-02,completed,9
ORD-007984,Plant-23,IN-5573-019,133,13,0,2026-07-20T15:00:52+00:00,WH-02,in_progress,3
ORD-007985,Plant-08,PO-4512-4816,133,56,0,2026-07-26T00:00:52+00:00,WH-02,completed,1
ORD-007986,Plant-25,EL-1894-3453,117,1,0,2026-07-24T13:00:52+00:00,WH-01,completed,9
ORD-007987,Plant-29,PO-9922-3898,112,17,0,2026-07-20T17:00:52+00:00,WH-02,completed,4
ORD-007988,Plant-48,IN-4927-3951,99,72,0,2026-07-25T10:00:52+00:00,WH-01,pending,3
ORD-007989,Plant-02,PO-1443-3559,103,81,0,2026-07-25T15:00:52+00:00,WH-01,completed,10
ORD-007990,Plant-37,IN-7787-2654,8,3,0,2026-07-20T08:00:52+00:00,WH-01,completed,5
ORD-007991,Plant-35,EL-4287-2141,150,3,0,2026-07-21T10:00:52+00:00,WH-01,completed,2
ORD-007992,Plant-31,CH-9355-345,53,2,0,2026-07-21T11:00:52+00:00,WH-01,in_progress,10
ORD-007993,Plant-12,CH-5275-1505,73,25,0,2026-07-21T21:00:52+00:00,WH-01,in_progress,10
ORD-007994,Plant-11,IN-7692-4655,82,63,0,2026-07-26T17:00:52+00:00,WH-02,in_progress,8
ORD-007995,Plant-31,EL-2708-1050,32,3,0,2026-07-22T04:00:52+00:00,WH-01,completed,4
ORD-007996,Plant-12,EL-3309-3833,130,114,0,2026-07-24T02:00:52+00:00,WH-01,completed,4
ORD-007997,Plant-09,FL-6795-4792,52,31,0,2026-07-26T13:00:52+00:00,WH-02,pending,1
ORD-007998,Plant-18,FL-8185-3392,115,72,0,2026-07-22T08:00:52+00:00,WH-02,pending,9
ORD-007999,Plant-08,CH-2997-1636,56,15,0,2026-07-22T05:00:52+00:00,WH-01,in_progress,6
ORD-008000,Plant-20,IN-8289-4559,84,13,0,2026-07-22T07:00:52+00:00,WH-02,pending,5
ORD-008001,Plant-03,FL-8001-2974,140,87,0,2026-07-23T03:00:52+00:00,WH-02,in_progress,4
ORD-008002,Plant-22,FL-9952-3610,52,47,0,2026-07-19T19:00:52+00:00,WH-02,completed,10
ORD-008003,Plant-38,CH-4765-3114,112,86,0,2026-07-26T08:00:52+00:00,WH-01,in_progress,5
ORD-008004,Plant-01,PO-6713-1188,130,104,0,2026-07-24T10:00:52+00:00,WH-01,pending,5
ORD-008005,Plant-16,IN-7972-1863,121,12,0,2026-07-20T05:00:52+00:00,WH-02,completed,3
ORD-008006,Plant-12,CH-9419-1473,74,28,0,2026-07-24T11:00:52+00:00,WH-02,pending,7
ORD-008007,Plant-41,CH-4413-1935,49,25,0,2026-07-25T07:00:52+00:00,WH-02,pending,4
ORD-008008,Plant-44,IN-8976-3340,16,16,0,2026-07-24T18:00:52+00:00,WH-02,in_progress,2
ORD-008009,Plant-47,EL-7747-262,148,41,0,2026-07-26T01:00:52+00:00,WH-01,completed,6
ORD-008010,Plant-43,CH-7355-3373,58,36,0,2026-07-25T00:00:52+00:00,WH-01,in_progress,9
ORD-008011,Plant-21,CH-4348-995,104,12,0,2026-07-26T12:00:52+00:00,WH-01,pending,3
ORD-008012,Plant-14,CH-4402-3056,135,111,0,2026-07-23T07:00:52+00:00,WH-01,pending,8
ORD-008013,Plant-06,CH-2729-2577,145,61,0,2026-07-19T22:00:52+00:00,WH-01,in_progress,4
ORD-008014,Plant-41,EL-8299-4331,38,21,0,2026-07-21T21:00:52+00:00,WH-02,pending,1
ORD-008015,Plant-23,CH-1498-1561,39,1,0,2026-07-20T01:00:52+00:00,WH-01,in_progress,4
ORD-008016,Plant-42,PO-9051-3024,138,98,0,2026-07-19T20:00:52+00:00,WH-02,in_progress,8
ORD-008017,Plant-40,EL-4939-233,6,4,0,2026-07-21T01:00:52+00:00,WH-02,pending,8
ORD-008018,Plant-43,EL-1994-2884,143,104,0,2026-07-21T15:00:52+00:00,WH-01,in_progress,1
ORD-008019,Plant-04,EL-4496-4320,115,60,0,2026-07-26T01:00:52+00:00,WH-02,pending,9
ORD-008020,Plant-24,PO-6082-3000,140,46,0,2026-07-25T13:00:52+00:00,WH-02,in_progress,8
ORD-008021,Plant-36,CH-6441-3150,84,20,0,2026-07-24T03:00:52+00:00,WH-01,completed,9
ORD-008022,Plant-46,PO-3288-1514,22,20,0,2026-07-22T11:00:52+00:00,WH-02,completed,5
ORD-008023,Plant-31,CH-4173-322,69,12,0,2026-07-24T16:00:52+00:00,WH-01,pending,5
ORD-008024,Plant-25,CH-7534-1152,5,0,0,2026-07-26T11:00:52+00:00,WH-01,completed,5
ORD-008025,Plant-42,IN-5362-3644,118,8,0,2026-07-21T01:00:52+00:00,WH-02,pending,5
ORD-008026,Plant-23,FL-8074-4766,69,41,0,2026-07-21T02:00:52+00:00,WH-01,completed,8
ORD-008027,Plant-32,EL-4061-3714,64,38,0,2026-07-26T06:00:52+00:00,WH-01,pending,9
ORD-008028,Plant-27,PO-8696-4229,118,79,0,2026-07-26T01:00:52+00:00,WH-01,pending,2
ORD-008029,Plant-37,PO-5137-3899,81,61,0,2026-07-24T22:00:52+00:00,WH-02,pending,2
ORD-008030,Plant-11,IN-3565-2104,22,0,0,2026-07-23T17:00:52+00:00,WH-01,in_progress,6
ORD-008031,Plant-23,EL-7764-4512,148,140,0,2026-07-20T06:00:52+00:00,WH-01,completed,9
ORD-008032,Plant-29,IN-7352-3096,22,3,0,2026-07-23T05:00:52+00:00,WH-01,in_progress,5
ORD-008033,Plant-45,IN-4198-1031,97,79,0,2026-07-24T09:00:52+00:00,WH-02,pending,3
ORD-008034,Plant-18,CH-5640-194,116,11,0,2026-07-19T18:00:52+00:00,WH-01,pending,10
ORD-008035,Plant-25,PO-2934-4796,137,22,0,2026-07-22T07:00:52+00:00,WH-02,in_progress,9
ORD-008036,Plant-20,FL-2166-4919,118,25,0,2026-07-24T02:00:52+00:00,WH-01,pending,5
ORD-008037,Plant-29,FL-6439-3572,99,64,0,2026-07-26T08:00:52+00:00,WH-01,in_progress,7
ORD-008038,Plant-36,IN-1047-161,123,68,0,2026-07-23T01:00:52+00:00,WH-02,in_progress,10
ORD-008039,Plant-36,IN-5573-3385,116,94,0,2026-07-21T21:00:52+00:00,WH-02,pending,5
ORD-008040,Plant-32,CH-8405-604,129,73,0,2026-07-22T23:00:52+00:00,WH-02,in_progress,1
ORD-008041,Plant-33,PO-4383-658,145,92,0,2026-07-21T23:00:52+00:00,WH-02,in_progress,8
ORD-008042,Plant-19,IN-8273-2150,99,5,0,2026-07-20T03:00:52+00:00,WH-01,in_progress,4
ORD-008043,Plant-10,IN-6813-2366,140,48,0,2026-07-19T19:00:52+00:00,WH-01,completed,8
ORD-008044,Plant-43,EL-2366-2394,77,1,0,2026-07-20T01:00:52+00:00,WH-02,completed,10
ORD-008045,Plant-48,PO-6713-1188,95,17,0,2026-07-22T19:00:52+00:00,WH-02,pending,1
ORD-008046,Plant-47,FL-8824-1951,33,23,0,2026-07-24T16:00:52+00:00,WH-01,completed,10
ORD-008047,Plant-10,CH-8635-899,32,14,0,2026-07-24T11:00:52+00:00,WH-01,completed,4
ORD-008048,Plant-19,FL-6698-3127,52,23,0,2026-07-26T15:00:52+00:00,WH-02,in_progress,7
ORD-008049,Plant-24,CH-9475-417,28,24,0,2026-07-20T07:00:52+00:00,WH-02,pending,9
ORD-008050,Plant-39,PO-2893-1923,53,36,0,2026-07-22T22:00:52+00:00,WH-02,completed,4
ORD-008051,Plant-06,EL-6682-3769,9,6,0,2026-07-23T05:00:52+00:00,WH-02,pending,2
ORD-008052,Plant-22,EL-5749-3740,21,13,0,2026-07-25T10:00:52+00:00,WH-02,completed,9
ORD-008053,Plant-02,FL-8511-4869,107,26,0,2026-07-22T18:00:52+00:00,WH-02,in_progress,8
ORD-008054,Plant-20,CH-7441-465,31,10,0,2026-07-22T12:00:52+00:00,WH-02,completed,1
ORD-008055,Plant-05,EL-4728-715,111,8,0,2026-07-21T14:00:52+00:00,WH-02,pending,6
ORD-008056,Plant-42,EL-1194-1095,52,37,0,2026-07-21T01:00:52+00:00,WH-02,pending,3
ORD-008057,Plant-19,EL-3004-4852,15,0,0,2026-07-22T01:00:52+00:00,WH-01,pending,8
ORD-008058,Plant-08,EL-5635-1101,92,26,0,2026-07-25T20:00:52+00:00,WH-02,in_progress,1
ORD-008059,Plant-40,EL-6991-3527,91,18,0,2026-07-26T03:00:52+00:00,WH-01,completed,6
ORD-008060,Plant-30,CH-2762-3616,24,6,0,2026-07-21T17:00:52+00:00,WH-01,completed,6
ORD-008061,Plant-11,PO-9887-384,85,23,0,2026-07-21T13:00:52+00:00,WH-01,completed,8
ORD-008062,Plant-21,PO-6137-4940,19,3,0,2026-07-22T13:00:52+00:00,WH-02,completed,4
ORD-008063,Plant-32,FL-1476-890,139,60,0,2026-07-20T13:00:52+00:00,WH-02,in_progress,4
ORD-008064,Plant-01,CH-8793-2788,20,17,0,2026-07-25T10:00:52+00:00,WH-02,completed,1
ORD-008065,Plant-29,PO-4727-4348,29,15,0,2026-07-23T07:00:52+00:00,WH-01,completed,6
ORD-008066,Plant-14,CH-4015-2472,119,57,0,2026-07-22T04:00:52+00:00,WH-01,in_progress,6
ORD-008067,Plant-40,CH-7395-2470,4,3,0,2026-07-20T23:00:52+00:00,WH-02,completed,7
ORD-008068,Plant-08,PO-2018-4253,75,53,0,2026-07-25T10:00:52+00:00,WH-01,pending,10
ORD-008069,Plant-36,IN-4574-2072,105,15,0,2026-07-20T08:00:52+00:00,WH-01,pending,1
ORD-008070,Plant-07,EL-3619-1273,123,103,0,2026-07-24T19:00:52+00:00,WH-02,completed,7
ORD-008071,Plant-11,FL-1673-4841,100,23,0,2026-07-21T14:00:52+00:00,WH-01,in_progress,4
ORD-008072,Plant-23,FL-1477-2795,116,20,0,2026-07-24T14:00:52+00:00,WH-01,pending,5
ORD-008073,Plant-10,IN-9669-3587,48,31,0,2026-07-21T14:00:52+00:00,WH-02,completed,7
ORD-008074,Plant-33,FL-4264-047,70,9,0,2026-07-22T23:00:52+00:00,WH-01,completed,4
ORD-008075,Plant-14,FL-9061-2028,51,50,0,2026-07-26T04:00:52+00:00,WH-02,pending,9
ORD-008076,Plant-09,IN-8118-1655,31,6,0,2026-07-24T04:00:52+00:00,WH-01,pending,1
ORD-008077,Plant-45,IN-6932-3546,95,80,0,2026-07-21T05:00:52+00:00,WH-01,in_progress,1
ORD-008078,Plant-01,IN-5575-083,78,72,0,2026-07-23T00:00:52+00:00,WH-02,completed,9
ORD-008079,Plant-41,CH-3163-4316,18,10,0,2026-07-21T19:00:52+00:00,WH-02,in_progress,3
ORD-008080,Plant-15,PO-9468-4734,135,117,0,2026-07-23T16:00:52+00:00,WH-01,completed,4
ORD-008081,Plant-35,EL-4190-1824,132,90,0,2026-07-25T08:00:52+00:00,WH-01,pending,1
ORD-008082,Plant-19,IN-6548-4725,128,78,0,2026-07-24T15:00:52+00:00,WH-02,completed,7
ORD-008083,Plant-16,PO-7114-1634,117,114,0,2026-07-23T14:00:52+00:00,WH-02,completed,5
ORD-008084,Plant-05,EL-7383-925,28,11,0,2026-07-26T12:00:52+00:00,WH-02,in_progress,10
ORD-008085,Plant-46,FL-9072-614,16,1,0,2026-07-20T00:00:52+00:00,WH-01,completed,6
ORD-008086,Plant-36,FL-4787-798,137,133,0,2026-07-20T01:00:52+00:00,WH-01,pending,6
ORD-008087,Plant-30,EL-1497-1960,55,49,0,2026-07-21T01:00:52+00:00,WH-01,pending,1
ORD-008088,Plant-43,IN-5028-164,29,25,0,2026-07-20T01:00:52+00:00,WH-01,pending,10
ORD-008089,Plant-13,EL-6583-2083,95,16,0,2026-07-24T00:00:52+00:00,WH-02,in_progress,9
ORD-008090,Plant-26,FL-6098-601,35,12,0,2026-07-23T10:00:52+00:00,WH-02,completed,3
ORD-008091,Plant-46,IN-4613-125,116,84,0,2026-07-25T19:00:52+00:00,WH-01,in_progress,2
ORD-008092,Plant-40,PO-3058-3368,17,7,0,2026-07-22T13:00:52+00:00,WH-01,completed,7
ORD-008093,Plant-27,IN-9127-3994,85,10,0,2026-07-20T00:00:52+00:00,WH-01,in_progress,3
ORD-008094,Plant-24,FL-6089-1048,26,8,0,2026-07-21T13:00:52+00:00,WH-02,pending,8
ORD-008095,Plant-05,EL-1393-3263,35,28,0,2026-07-22T21:00:52+00:00,WH-01,completed,6
ORD-008096,Plant-17,CH-8591-835,72,37,0,2026-07-20T03:00:52+00:00,WH-02,pending,10
ORD-008097,Plant-11,FL-7587-1464,67,8,0,2026-07-23T07:00:52+00:00,WH-01,completed,4
ORD-008098,Plant-17,EL-8755-1571,113,74,0,2026-07-22T09:00:52+00:00,WH-02,in_progress,3
ORD-008099,Plant-07,CH-7745-2879,19,8,0,2026-07-20T13:00:52+00:00,WH-02,completed,4
ORD-008100,Plant-12,EL-1591-725,10,1,0,2026-07-21T16:00:52+00:00,WH-02,pending,4
ORD-008101,Plant-27,CH-5936-295,118,46,0,2026-07-23T17:00:52+00:00,WH-02,pending,10
ORD-008102,Plant-44,CH-4084-2079,43,34,0,2026-07-23T15:00:52+00:00,WH-01,pending,2
ORD-008103,Plant-47,FL-6676-2574,26,25,0,2026-07-21T09:00:52+00:00,WH-02,completed,5
ORD-008104,Plant-13,EL-7108-837,107,3,0,2026-07-22T08:00:52+00:00,WH-02,pending,7
ORD-008105,Plant-29,EL-4526-1709,79,47,0,2026-07-25T23:00:52+00:00,WH-01,in_progress,7
ORD-008106,Plant-25,PO-8923-719,68,51,0,2026-07-25T10:00:52+00:00,WH-01,completed,1
ORD-008107,Plant-17,CH-2082-984,128,87,0,2026-07-22T22:00:52+00:00,WH-02,pending,3
ORD-008108,Plant-25,PO-6887-4016,58,44,0,2026-07-20T02:00:52+00:00,WH-02,pending,8
ORD-008109,Plant-33,EL-4453-4035,63,28,0,2026-07-26T03:00:52+00:00,WH-02,pending,10
ORD-008110,Plant-09,EL-2850-1710,113,59,0,2026-07-20T16:00:52+00:00,WH-01,in_progress,6
ORD-008111,Plant-48,EL-2788-018,99,24,0,2026-07-22T12:00:52+00:00,WH-02,in_progress,3
ORD-008112,Plant-37,FL-6578-3973,146,135,0,2026-07-20T18:00:52+00:00,WH-01,in_progress,7
ORD-008113,Plant-42,EL-7503-2686,61,34,0,2026-07-26T00:00:52+00:00,WH-02,completed,1
ORD-008114,Plant-11,EL-3298-2039,145,33,0,2026-07-24T14:00:52+00:00,WH-01,pending,3
ORD-008115,Plant-03,IN-8750-4954,43,28,0,2026-07-20T11:00:52+00:00,WH-02,in_progress,9
ORD-008116,Plant-09,PO-4356-139,73,15,0,2026-07-21T14:00:52+00:00,WH-01,in_progress,5
ORD-008117,Plant-01,PO-7706-2353,144,98,0,2026-07-25T10:00:52+00:00,WH-02,completed,10
ORD-008118,Plant-04,CH-4683-3328,9,6,0,2026-07-24T07:00:52+00:00,WH-01,pending,4
ORD-008119,Plant-23,EL-2058-2625,75,19,0,2026-07-25T03:00:52+00:00,WH-01,pending,5
ORD-008120,Plant-16,CH-2419-3802,40,7,0,2026-07-25T16:00:52+00:00,WH-02,completed,8
ORD-008121,Plant-47,PO-8490-2373,133,113,0,2026-07-20T03:00:52+00:00,WH-02,pending,9
ORD-008122,Plant-15,IN-9734-3592,28,20,0,2026-07-26T04:00:52+00:00,WH-02,pending,7
ORD-008123,Plant-39,PO-5996-2190,32,10,0,2026-07-23T12:00:52+00:00,WH-01,completed,9
ORD-008124,Plant-19,IN-2932-3858,77,34,0,2026-07-21T20:00:52+00:00,WH-01,completed,8
ORD-008125,Plant-45,IN-6377-2713,89,4,0,2026-07-24T18:00:52+00:00,WH-02,pending,4
ORD-008126,Plant-11,PO-5350-3012,45,33,0,2026-07-20T11:00:52+00:00,WH-01,pending,6
ORD-008127,Plant-39,CH-2947-3148,150,4,0,2026-07-26T03:00:52+00:00,WH-02,in_progress,1
ORD-008128,Plant-26,EL-4391-2465,125,114,0,2026-07-22T18:00:52+00:00,WH-02,pending,6
ORD-008129,Plant-02,IN-1188-2376,26,25,0,2026-07-24T06:00:52+00:00,WH-01,in_progress,6
ORD-008130,Plant-06,PO-2360-3963,46,12,0,2026-07-26T13:00:52+00:00,WH-02,completed,10
ORD-008131,Plant-18,EL-3546-2359,54,52,0,2026-07-26T06:00:52+00:00,WH-01,in_progress,3
ORD-008132,Plant-45,FL-4775-4875,72,29,0,2026-07-26T18:00:52+00:00,WH-01,pending,1
ORD-008133,Plant-04,PO-2018-4253,43,12,0,2026-07-23T18:00:52+00:00,WH-02,in_progress,5
ORD-008134,Plant-36,PO-8606-1821,5,5,0,2026-07-25T22:00:52+00:00,WH-01,pending,7
ORD-008135,Plant-44,FL-3118-4465,102,47,0,2026-07-21T10:00:52+00:00,WH-01,completed,7
ORD-008136,Plant-30,FL-1846-903,97,77,0,2026-07-19T22:00:52+00:00,WH-01,pending,6
ORD-008137,Plant-27,PO-9829-4136,71,33,0,2026-07-19T23:00:52+00:00,WH-01,pending,9
ORD-008138,Plant-31,IN-1284-2656,98,43,0,2026-07-25T11:00:52+00:00,WH-01,pending,10
ORD-008139,Plant-05,PO-3295-1193,140,132,0,2026-07-19T21:00:52+00:00,WH-01,completed,7
ORD-008140,Plant-08,CH-5792-4823,144,31,0,2026-07-24T22:00:52+00:00,WH-01,in_progress,4
ORD-008141,Plant-48,IN-8239-1206,83,72,0,2026-07-21T01:00:52+00:00,WH-02,in_progress,8
ORD-008142,Plant-36,FL-6358-2921,95,90,0,2026-07-22T08:00:52+00:00,WH-02,pending,1
ORD-008143,Plant-31,CH-2838-2285,37,23,0,2026-07-23T06:00:52+00:00,WH-02,pending,1
ORD-008144,Plant-35,EL-8554-3568,19,3,0,2026-07-22T12:00:52+00:00,WH-02,pending,4
ORD-008145,Plant-32,PO-2149-3380,114,35,0,2026-07-23T03:00:52+00:00,WH-01,completed,1
ORD-008146,Plant-30,IN-1169-4094,21,3,0,2026-07-23T00:00:52+00:00,WH-01,in_progress,10
ORD-008147,Plant-47,IN-4743-1056,72,31,0,2026-07-25T10:00:52+00:00,WH-02,in_progress,7
ORD-008148,Plant-12,FL-6980-1854,138,113,0,2026-07-25T15:00:52+00:00,WH-01,completed,10
ORD-008149,Plant-21,IN-9767-289,111,39,0,2026-07-26T06:00:52+00:00,WH-02,completed,9
ORD-008150,Plant-17,IN-9476-2783,16,16,0,2026-07-23T22:00:52+00:00,WH-01,completed,1
ORD-008151,Plant-20,CH-9986-4991,89,56,0,2026-07-22T04:00:52+00:00,WH-02,completed,6
ORD-008152,Plant-33,FL-8812-4709,106,10,0,2026-07-26T15:00:52+00:00,WH-02,in_progress,8
ORD-008153,Plant-17,EL-9715-2101,47,21,0,2026-07-26T07:00:52+00:00,WH-01,pending,3
ORD-008154,Plant-08,PO-1155-4993,83,74,0,2026-07-20T20:00:52+00:00,WH-02,pending,8
ORD-008155,Plant-29,PO-6449-4501,35,7,0,2026-07-20T09:00:52+00:00,WH-02,in_progress,2
ORD-008156,Plant-22,IN-9632-2551,52,14,0,2026-07-25T22:00:52+00:00,WH-02,pending,8
ORD-008157,Plant-45,CH-1976-024,93,59,0,2026-07-22T14:00:52+00:00,WH-02,completed,8
ORD-008158,Plant-24,IN-5175-2016,143,108,0,2026-07-21T08:00:52+00:00,WH-01,in_progress,10
ORD-008159,Plant-20,EL-8793-3929,106,57,0,2026-07-22T12:00:52+00:00,WH-01,completed,8
ORD-008160,Plant-35,FL-4915-1686,47,33,0,2026-07-20T23:00:52+00:00,WH-01,completed,9
ORD-008161,Plant-07,FL-6575-4372,121,53,0,2026-07-21T21:00:52+00:00,WH-02,completed,6
ORD-008162,Plant-41,IN-7457-3482,11,8,0,2026-07-20T02:00:52+00:00,WH-02,pending,3
ORD-008163,Plant-32,FL-1540-210,77,56,0,2026-07-26T17:00:52+00:00,WH-01,in_progress,4
ORD-008164,Plant-47,FL-5152-4185,126,102,0,2026-07-25T06:00:52+00:00,WH-01,pending,7
ORD-008165,Plant-13,IN-6698-361,38,28,0,2026-07-24T11:00:52+00:00,WH-02,pending,8
ORD-008166,Plant-26,PO-5855-869,99,79,0,2026-07-20T13:00:52+00:00,WH-01,completed,2
ORD-008167,Plant-15,FL-6889-2122,118,1,0,2026-07-23T05:00:52+00:00,WH-01,in_progress,3
ORD-008168,Plant-43,EL-5568-4536,74,13,0,2026-07-20T18:00:52+00:00,WH-01,pending,5
ORD-008169,Plant-46,IN-7290-1261,140,101,0,2026-07-21T07:00:52+00:00,WH-02,completed,8
ORD-008170,Plant-37,CH-6936-2858,32,24,0,2026-07-20T08:00:52+00:00,WH-02,completed,8
ORD-008171,Plant-15,CH-9254-769,149,41,0,2026-07-20T04:00:52+00:00,WH-01,pending,4
ORD-008172,Plant-46,PO-3214-1222,114,109,0,2026-07-20T11:00:52+00:00,WH-02,in_progress,1
ORD-008173,Plant-04,CH-1931-1221,131,74,0,2026-07-26T04:00:52+00:00,WH-02,in_progress,4
ORD-008174,Plant-46,EL-1828-014,42,33,0,2026-07-25T19:00:52+00:00,WH-01,pending,3
ORD-008175,Plant-26,CH-7534-847,27,13,0,2026-07-24T13:00:52+00:00,WH-02,completed,9
ORD-008176,Plant-17,IN-1278-1230,100,100,0,2026-07-22T07:00:52+00:00,WH-02,in_progress,3
ORD-008177,Plant-39,EL-6961-4294,149,89,0,2026-07-22T06:00:52+00:00,WH-02,completed,5
ORD-008178,Plant-09,IN-7466-1401,24,10,0,2026-07-20T09:00:52+00:00,WH-02,completed,10
ORD-008179,Plant-29,CH-7869-3853,145,118,0,2026-07-19T21:00:52+00:00,WH-01,completed,5
ORD-008180,Plant-22,FL-2186-2722,40,27,0,2026-07-26T01:00:52+00:00,WH-01,pending,6
ORD-008181,Plant-24,IN-5575-083,53,41,0,2026-07-22T03:00:52+00:00,WH-01,pending,10
ORD-008182,Plant-23,FL-9181-1550,31,14,0,2026-07-20T07:00:52+00:00,WH-02,pending,3
ORD-008183,Plant-15,IN-6479-011,81,0,0,2026-07-24T17:00:52+00:00,WH-01,pending,5
ORD-008184,Plant-04,PO-7123-2308,121,39,0,2026-07-26T14:00:52+00:00,WH-01,completed,7
ORD-008185,Plant-48,EL-9514-611,65,29,0,2026-07-25T12:00:52+00:00,WH-02,in_progress,1
ORD-008186,Plant-16,CH-7639-4495,32,11,0,2026-07-21T18:00:52+00:00,WH-02,in_progress,10
ORD-008187,Plant-12,CH-1682-4681,48,45,0,2026-07-26T13:00:52+00:00,WH-02,completed,6
ORD-008188,Plant-08,EL-3619-1273,119,42,0,2026-07-20T01:00:52+00:00,WH-01,in_progress,3
ORD-008189,Plant-32,EL-7426-523,126,3,0,2026-07-26T08:00:52+00:00,WH-02,in_progress,7
ORD-008190,Plant-43,CH-2896-979,31,12,0,2026-07-20T06:00:52+00:00,WH-01,completed,2
ORD-008191,Plant-11,IN-1114-1592,23,4,0,2026-07-25T16:00:52+00:00,WH-02,completed,2
ORD-008192,Plant-01,CH-7092-2181,30,12,0,2026-07-25T11:00:52+00:00,WH-02,pending,8
ORD-008193,Plant-09,CH-8785-366,5,0,0,2026-07-20T20:00:52+00:00,WH-01,pending,8
ORD-008194,Plant-16,IN-8602-3212,41,23,0,2026-07-25T02:00:52+00:00,WH-02,pending,10
ORD-008195,Plant-25,FL-9424-4670,75,3,0,2026-07-23T02:00:52+00:00,WH-01,completed,9
ORD-008196,Plant-48,EL-1196-4930,140,33,0,2026-07-25T23:00:52+00:00,WH-02,in_progress,7
ORD-008197,Plant-36,EL-1919-1937,144,42,0,2026-07-24T23:00:52+00:00,WH-02,pending,7
ORD-008198,Plant-12,FL-8862-3533,109,93,0,2026-07-22T14:00:52+00:00,WH-02,pending,9
ORD-008199,Plant-04,IN-8282-1459,147,90,0,2026-07-20T00:00:52+00:00,WH-01,in_progress,6
ORD-008200,Plant-45,PO-5658-4632,105,47,0,2026-07-20T14:00:52+00:00,WH-01,pending,4
ORD-008201,Plant-32,CH-6697-4860,114,7,0,2026-07-26T07:00:52+00:00,WH-02,pending,8
ORD-008202,Plant-34,IN-7064-3093,89,58,0,2026-07-26T06:00:52+00:00,WH-02,pending,4
ORD-008203,Plant-07,CH-3722-3273,147,27,0,2026-07-24T03:00:52+00:00,WH-02,completed,6
ORD-008204,Plant-35,CH-4281-1069,102,90,0,2026-07-23T18:00:52+00:00,WH-01,pending,8
ORD-008205,Plant-17,FL-8564-4450,39,4,0,2026-07-23T11:00:52+00:00,WH-02,in_progress,6
ORD-008206,Plant-11,EL-9817-1658,92,17,0,2026-07-20T09:00:52+00:00,WH-01,pending,8
ORD-008207,Plant-04,IN-7586-4045,64,19,0,2026-07-24T05:00:52+00:00,WH-02,in_progress,8
ORD-008208,Plant-26,CH-3205-974,141,117,0,2026-07-20T12:00:52+00:00,WH-02,pending,1
ORD-008209,Plant-37,IN-2887-3017,32,6,0,2026-07-21T09:00:52+00:00,WH-01,completed,10
ORD-008210,Plant-30,FL-9053-2062,76,19,0,2026-07-20T06:00:52+00:00,WH-02,pending,2
ORD-008211,Plant-37,IN-1774-966,39,18,0,2026-07-19T23:00:52+00:00,WH-01,completed,7
ORD-008212,Plant-41,CH-1344-342,12,12,0,2026-07-20T01:00:52+00:00,WH-02,in_progress,7
ORD-008213,Plant-05,CH-8530-4780,144,124,0,2026-07-23T17:00:52+00:00,WH-02,pending,2
ORD-008214,Plant-43,PO-9465-2590,83,68,0,2026-07-21T12:00:52+00:00,WH-02,pending,8
ORD-008215,Plant-06,CH-8086-3514,112,108,0,2026-07-25T11:00:52+00:00,WH-02,in_progress,7
ORD-008216,Plant-07,CH-3077-4589,148,93,0,2026-07-22T13:00:52+00:00,WH-01,completed,10
ORD-008217,Plant-22,IN-1698-3781,129,113,0,2026-07-19T18:00:52+00:00,WH-02,in_progress,4
ORD-008218,Plant-27,PO-9146-3975,131,54,0,2026-07-23T06:00:52+00:00,WH-02,in_progress,5
ORD-008219,Plant-27,EL-5507-1547,81,22,0,2026-07-23T11:00:52+00:00,WH-01,pending,2
ORD-008220,Plant-02,EL-2077-3920,21,9,0,2026-07-21T06:00:52+00:00,WH-01,pending,3
ORD-008221,Plant-06,FL-3183-3910,6,4,0,2026-07-21T12:00:52+00:00,WH-02,completed,2
ORD-008222,Plant-29,CH-4164-199,131,49,0,2026-07-23T07:00:52+00:00,WH-01,in_progress,8
ORD-008223,Plant-33,CH-6266-1691,17,12,0,2026-07-25T20:00:52+00:00,WH-01,in_progress,9
ORD-008224,Plant-27,PO-6594-1664,145,144,0,2026-07-26T11:00:52+00:00,WH-02,pending,9
ORD-008225,Plant-35,EL-2592-1243,100,42,0,2026-07-22T21:00:52+00:00,WH-01,pending,8
ORD-008226,Plant-05,IN-2135-3147,147,125,0,2026-07-20T18:00:52+00:00,WH-01,in_progress,4
ORD-008227,Plant-08,CH-8162-4987,33,18,0,2026-07-22T06:00:52+00:00,WH-02,completed,4
ORD-008228,Plant-01,PO-9948-3755,81,73,0,2026-07-23T16:00:52+00:00,WH-02,in_progress,6
ORD-008229,Plant-04,PO-3929-138,105,60,0,2026-07-22T10:00:52+00:00,WH-01,completed,10
ORD-008230,Plant-26,PO-9228-2475,12,3,0,2026-07-25T12:00:52+00:00,WH-02,completed,9
ORD-008231,Plant-32,IN-1286-2241,134,20,0,2026-07-25T17:00:52+00:00,WH-01,completed,7
ORD-008232,Plant-21,IN-7290-1261,103,9,0,2026-07-26T12:00:52+00:00,WH-02,in_progress,5
ORD-008233,Plant-02,PO-1862-3460,91,42,0,2026-07-23T09:00:52+00:00,WH-01,pending,10
ORD-008234,Plant-10,CH-6302-063,139,5,0,2026-07-22T07:00:52+00:00,WH-01,completed,8
ORD-008235,Plant-32,CH-2821-2467,142,74,0,2026-07-23T08:00:52+00:00,WH-01,in_progress,7
ORD-008236,Plant-39,CH-9736-2664,88,55,0,2026-07-24T21:00:52+00:00,WH-01,pending,6
ORD-008237,Plant-44,CH-2930-4167,144,0,0,2026-07-20T09:00:52+00:00,WH-01,completed,2
ORD-008238,Plant-24,IN-3855-1609,12,0,0,2026-07-20T15:00:52+00:00,WH-01,pending,3
ORD-008239,Plant-44,PO-7448-114,85,32,0,2026-07-24T20:00:52+00:00,WH-02,completed,2
ORD-008240,Plant-20,IN-6708-1438,36,12,0,2026-07-21T00:00:52+00:00,WH-01,completed,2
ORD-008241,Plant-42,CH-9999-2870,121,75,0,2026-07-20T00:00:52+00:00,WH-01,pending,2
ORD-008242,Plant-48,FL-9316-1074,143,143,0,2026-07-22T12:00:52+00:00,WH-01,completed,10
ORD-008243,Plant-11,CH-7608-2977,74,68,0,2026-07-19T23:00:52+00:00,WH-01,pending,2
ORD-008244,Plant-13,PO-1404-2840,68,11,0,2026-07-25T05:00:52+00:00,WH-01,completed,9
ORD-008245,Plant-17,IN-9543-4099,105,72,0,2026-07-20T13:00:52+00:00,WH-01,completed,9
ORD-008246,Plant-07,EL-6674-3355,39,8,0,2026-07-21T17:00:52+00:00,WH-01,completed,8
ORD-008247,Plant-23,FL-7204-2032,129,18,0,2026-07-26T06:00:52+00:00,WH-02,in_progress,4
ORD-008248,Plant-16,EL-1963-2916,82,12,0,2026-07-21T10:00:52+00:00,WH-02,completed,7
ORD-008249,Plant-25,IN-7487-3224,145,9,0,2026-07-20T19:00:52+00:00,WH-02,in_progress,7
ORD-008250,Plant-25,EL-1820-656,126,123,0,2026-07-22T06:00:52+00:00,WH-02,completed,4
ORD-008251,Plant-30,PO-7368-1546,60,22,0,2026-07-23T10:00:52+00:00,WH-01,completed,6
ORD-008252,Plant-12,CH-7187-391,37,23,0,2026-07-26T15:00:52+00:00,WH-02,completed,4
ORD-008253,Plant-37,FL-7328-1855,135,64,0,2026-07-21T00:00:52+00:00,WH-02,completed,6
ORD-008254,Plant-32,CH-4260-4850,10,6,0,2026-07-22T19:00:52+00:00,WH-02,in_progress,9
ORD-008255,Plant-21,IN-9371-4397,12,9,0,2026-07-26T09:00:52+00:00,WH-02,completed,8
ORD-008256,Plant-11,IN-5405-4616,55,51,0,2026-07-22T06:00:52+00:00,WH-01,in_progress,4
ORD-008257,Plant-35,CH-1104-2023,112,10,0,2026-07-24T19:00:52+00:00,WH-02,completed,4
ORD-008258,Plant-36,FL-8848-1407,132,131,0,2026-07-25T01:00:52+00:00,WH-02,in_progress,1
ORD-008259,Plant-33,PO-2775-2512,100,50,0,2026-07-22T08:00:52+00:00,WH-02,pending,1
ORD-008260,Plant-04,EL-2365-3295,14,12,0,2026-07-26T01:00:52+00:00,WH-01,pending,8
ORD-008261,Plant-02,FL-1457-2944,149,34,0,2026-07-21T10:00:52+00:00,WH-02,completed,10
ORD-008262,Plant-19,EL-9750-1528,29,14,0,2026-07-22T23:00:52+00:00,WH-01,completed,7
ORD-008263,Plant-30,IN-9783-3964,139,44,0,2026-07-20T20:00:52+00:00,WH-01,in_progress,10
ORD-008264,Plant-47,CH-4362-1502,51,7,0,2026-07-22T00:00:52+00:00,WH-02,pending,8
ORD-008265,Plant-22,CH-9986-4991,111,24,0,2026-07-21T04:00:52+00:00,WH-01,completed,2
ORD-008266,Plant-07,IN-4610-229,78,1,0,2026-07-25T12:00:52+00:00,WH-02,completed,9
ORD-008267,Plant-04,FL-3767-1544,16,11,0,2026-07-22T08:00:52+00:00,WH-01,pending,10
ORD-008268,Plant-12,IN-2194-076,35,20,0,2026-07-25T00:00:52+00:00,WH-02,in_progress,9
ORD-008269,Plant-43,CH-7040-2836,95,15,0,2026-07-23T02:00:52+00:00,WH-02,completed,5
ORD-008270,Plant-34,CH-3805-1498,14,13,0,2026-07-26T17:00:52+00:00,WH-01,pending,7
ORD-008271,Plant-29,CH-7017-4346,41,22,0,2026-07-23T05:00:52+00:00,WH-01,completed,2
ORD-008272,Plant-45,EL-2313-4693,19,1,0,2026-07-21T22:00:52+00:00,WH-01,in_progress,7
ORD-008273,Plant-14,CH-5108-4334,50,25,0,2026-07-24T06:00:52+00:00,WH-01,completed,9
ORD-008274,Plant-42,PO-4338-3567,99,20,0,2026-07-26T11:00:52+00:00,WH-01,in_progress,4
ORD-008275,Plant-35,CH-3730-4290,80,70,0,2026-07-24T13:00:52+00:00,WH-02,pending,4
ORD-008276,Plant-04,EL-1243-2957,19,7,0,2026-07-23T06:00:52+00:00,WH-01,pending,4
ORD-008277,Plant-43,PO-8273-155,125,15,0,2026-07-21T00:00:52+00:00,WH-02,in_progress,7
ORD-008278,Plant-48,CH-3099-2733,114,60,0,2026-07-21T18:00:52+00:00,WH-01,pending,3
ORD-008279,Plant-04,IN-8004-4363,63,48,0,2026-07-26T04:00:52+00:00,WH-02,completed,1
ORD-008280,Plant-42,EL-3298-2039,107,9,0,2026-07-19T23:00:52+00:00,WH-02,completed,6
ORD-008281,Plant-46,IN-9666-3461,19,6,0,2026-07-26T06:00:52+00:00,WH-02,in_progress,1
ORD-008282,Plant-06,PO-7063-3020,146,136,0,2026-07-25T23:00:52+00:00,WH-02,completed,10
ORD-008283,Plant-16,IN-2505-2003,71,39,0,2026-07-24T04:00:52+00:00,WH-02,completed,1
ORD-008284,Plant-08,CH-1751-355,56,25,0,2026-07-23T00:00:52+00:00,WH-01,in_progress,8
ORD-008285,Plant-04,EL-1151-1356,35,24,0,2026-07-21T20:00:52+00:00,WH-02,completed,5
ORD-008286,Plant-24,CH-1418-1591,66,5,0,2026-07-24T07:00:52+00:00,WH-01,pending,2
ORD-008287,Plant-12,EL-3298-2039,7,0,0,2026-07-20T16:00:52+00:00,WH-01,in_progress,3
ORD-008288,Plant-16,IN-3731-073,23,1,0,2026-07-25T14:00:52+00:00,WH-01,pending,10
ORD-008289,Plant-06,PO-2171-1597,93,93,0,2026-07-22T09:00:52+00:00,WH-02,completed,10
ORD-008290,Plant-05,CH-4344-1231,115,13,0,2026-07-24T20:00:52+00:00,WH-02,in_progress,6
ORD-008291,Plant-28,EL-1376-232,109,25,0,2026-07-24T22:00:52+00:00,WH-01,in_progress,5
ORD-008292,Plant-08,PO-6583-4893,7,3,0,2026-07-25T10:00:52+00:00,WH-01,completed,6
ORD-008293,Plant-20,PO-9819-2566,32,11,0,2026-07-21T10:00:52+00:00,WH-01,in_progress,2
ORD-008294,Plant-39,PO-8023-1693,12,6,0,2026-07-20T11:00:52+00:00,WH-01,in_progress,2
ORD-008295,Plant-28,CH-7998-1751,8,8,0,2026-07-25T02:00:52+00:00,WH-01,in_progress,10
ORD-008296,Plant-09,CH-7701-4625,69,32,0,2026-07-26T07:00:52+00:00,WH-02,completed,5
ORD-008297,Plant-16,FL-9824-2790,57,15,0,2026-07-24T07:00:52+00:00,WH-02,pending,5
ORD-008298,Plant-46,FL-8643-3047,125,38,0,2026-07-23T18:00:52+00:00,WH-01,completed,1
ORD-008299,Plant-20,FL-3474-4580,40,20,0,2026-07-23T08:00:52+00:00,WH-02,pending,5
ORD-008300,Plant-29,PO-7211-1123,32,0,0,2026-07-21T17:00:52+00:00,WH-02,in_progress,7
ORD-008301,Plant-37,PO-1575-458,58,52,0,2026-07-21T00:00:52+00:00,WH-02,pending,2
ORD-008302,Plant-15,FL-6575-3580,62,23,0,2026-07-20T01:00:52+00:00,WH-01,in_progress,10
ORD-008303,Plant-18,FL-5280-1931,129,3,0,2026-07-22T16:00:52+00:00,WH-01,pending,6
ORD-008304,Plant-17,PO-6712-2615,74,30,0,2026-07-22T21:00:52+00:00,WH-01,completed,7
ORD-008305,Plant-47,IN-5320-2888,39,39,0,2026-07-26T05:00:52+00:00,WH-02,completed,4
ORD-008306,Plant-02,PO-5179-4980,48,41,0,2026-07-21T19:00:52+00:00,WH-02,in_progress,8
ORD-008307,Plant-24,PO-3626-336,86,63,0,2026-07-21T13:00:52+00:00,WH-01,pending,7
ORD-008308,Plant-07,EL-8492-444,17,1,0,2026-07-26T10:00:52+00:00,WH-02,in_progress,1
ORD-008309,Plant-43,CH-2889-2995,93,55,0,2026-07-22T10:00:52+00:00,WH-01,pending,5
ORD-008310,Plant-13,EL-4496-4320,50,37,0,2026-07-21T01:00:52+00:00,WH-01,in_progress,6
ORD-008311,Plant-16,CH-7271-4947,31,27,0,2026-07-25T10:00:52+00:00,WH-02,pending,6
ORD-008312,Plant-09,FL-7424-1579,118,7,0,2026-07-23T01:00:52+00:00,WH-02,completed,9
ORD-008313,Plant-33,IN-6907-3722,113,85,0,2026-07-23T12:00:52+00:00,WH-02,in_progress,10
ORD-008314,Plant-10,PO-9938-566,63,37,0,2026-07-26T12:00:52+00:00,WH-01,in_progress,7
ORD-008315,Plant-07,CH-8237-3112,96,28,0,2026-07-25T12:00:52+00:00,WH-01,in_progress,8
ORD-008316,Plant-15,IN-5196-1677,12,3,0,2026-07-24T08:00:52+00:00,WH-02,in_progress,9
ORD-008317,Plant-42,EL-6387-145,34,12,0,2026-07-24T09:00:52+00:00,WH-02,in_progress,3
ORD-008318,Plant-13,FL-1776-3664,144,18,0,2026-07-23T16:00:52+00:00,WH-01,pending,9
ORD-008319,Plant-14,EL-2803-4996,113,92,0,2026-07-20T04:00:52+00:00,WH-01,completed,5
ORD-008320,Plant-12,FL-8254-1404,148,65,0,2026-07-25T11:00:52+00:00,WH-02,in_progress,7
ORD-008321,Plant-34,PO-1814-3861,136,39,0,2026-07-22T17:00:52+00:00,WH-01,completed,3
ORD-008322,Plant-40,CH-2244-4986,19,13,0,2026-07-25T10:00:52+00:00,WH-02,pending,7
ORD-008323,Plant-14,CH-8188-4644,71,47,0,2026-07-26T09:00:52+00:00,WH-01,completed,9
ORD-008324,Plant-29,FL-5879-3812,25,22,0,2026-07-21T23:00:52+00:00,WH-01,completed,2
ORD-008325,Plant-27,EL-7511-4135,53,18,0,2026-07-26T08:00:52+00:00,WH-02,completed,9
ORD-008326,Plant-36,FL-8594-1460,71,1,0,2026-07-25T11:00:52+00:00,WH-02,in_progress,9
ORD-008327,Plant-38,IN-7971-4836,74,53,0,2026-07-21T08:00:52+00:00,WH-01,in_progress,2
ORD-008328,Plant-29,PO-1993-806,86,43,0,2026-07-21T12:00:52+00:00,WH-01,in_progress,5
ORD-008329,Plant-07,FL-1825-423,8,6,0,2026-07-23T14:00:52+00:00,WH-02,pending,6
ORD-008330,Plant-40,CH-6563-1637,91,17,0,2026-07-25T03:00:52+00:00,WH-01,completed,4
ORD-008331,Plant-01,CH-5041-1549,26,6,0,2026-07-19T20:00:52+00:00,WH-02,pending,8
ORD-008332,Plant-19,EL-2308-2952,4,3,0,2026-07-26T03:00:52+00:00,WH-02,in_progress,9
ORD-008333,Plant-07,IN-1937-4879,80,20,0,2026-07-21T19:00:52+00:00,WH-02,in_progress,3
ORD-008334,Plant-23,FL-3558-816,40,21,0,2026-07-26T15:00:52+00:00,WH-02,in_progress,4
ORD-008335,Plant-15,IN-3354-529,26,1,0,2026-07-22T22:00:52+00:00,WH-01,completed,4
ORD-008336,Plant-29,EL-6688-1342,98,18,0,2026-07-26T03:00:52+00:00,WH-02,in_progress,3
ORD-008337,Plant-32,EL-3760-2096,129,64,0,2026-07-21T15:00:52+00:00,WH-01,in_progress,5
ORD-008338,Plant-37,CH-7189-2127,139,1,0,2026-07-25T18:00:52+00:00,WH-02,completed,5
ORD-008339,Plant-34,CH-7998-4936,31,13,0,2026-07-25T20:00:52+00:00,WH-01,completed,5
ORD-008340,Plant-32,PO-6675-3847,18,12,0,2026-07-26T07:00:52+00:00,WH-01,pending,5
ORD-008341,Plant-06,EL-4781-3837,8,4,0,2026-07-24T11:00:52+00:00,WH-01,in_progress,1
ORD-008342,Plant-06,FL-6432-1786,42,5,0,2026-07-23T19:00:52+00:00,WH-02,completed,2
ORD-008343,Plant-05,FL-2472-4683,150,58,0,2026-07-22T15:00:52+00:00,WH-01,in_progress,5
ORD-008344,Plant-38,PO-3466-3100,122,106,0,2026-07-24T20:00:52+00:00,WH-02,in_progress,10
ORD-008345,Plant-43,PO-8933-2337,126,13,0,2026-07-25T11:00:52+00:00,WH-01,in_progress,9
ORD-008346,Plant-21,CH-4681-2126,105,2,0,2026-07-24T19:00:52+00:00,WH-01,completed,1
ORD-008347,Plant-22,PO-6853-826,47,31,0,2026-07-23T14:00:52+00:00,WH-01,in_progress,8
ORD-008348,Plant-09,CH-6563-1637,28,9,0,2026-07-22T13:00:52+00:00,WH-01,completed,9
ORD-008349,Plant-31,EL-7292-2251,31,13,0,2026-07-21T17:00:52+00:00,WH-01,pending,1
ORD-008350,Plant-22,EL-8212-2890,84,44,0,2026-07-26T11:00:52+00:00,WH-02,completed,6
ORD-008351,Plant-38,FL-2700-2310,9,6,0,2026-07-24T11:00:52+00:00,WH-02,pending,10
ORD-008352,Plant-11,PO-5593-597,93,20,0,2026-07-25T17:00:52+00:00,WH-01,pending,3
ORD-008353,Plant-13,IN-9666-3461,108,35,0,2026-07-19T22:00:52+00:00,WH-02,completed,7
ORD-008354,Plant-21,IN-8221-4563,80,56,0,2026-07-22T01:00:52+00:00,WH-01,pending,1
ORD-008355,Plant-45,CH-6083-102,89,19,0,2026-07-26T17:00:52+00:00,WH-01,in_progress,2
ORD-008356,Plant-39,PO-4473-2643,98,46,0,2026-07-25T21:00:52+00:00,WH-01,in_progress,3
ORD-008357,Plant-39,CH-6658-1121,5,2,0,2026-07-23T14:00:52+00:00,WH-01,in_progress,5
ORD-008358,Plant-08,EL-8302-4699,115,6,0,2026-07-20T14:00:52+00:00,WH-01,pending,10
ORD-008359,Plant-11,PO-2669-3294,129,6,0,2026-07-19T19:00:52+00:00,WH-01,in_progress,4
ORD-008360,Plant-26,PO-8861-2852,41,19,0,2026-07-23T06:00:52+00:00,WH-02,in_progress,6
ORD-008361,Plant-31,IN-6961-3382,146,112,0,2026-07-25T10:00:52+00:00,WH-02,completed,8
ORD-008362,Plant-12,IN-3041-1456,35,26,0,2026-07-26T09:00:52+00:00,WH-02,pending,6
ORD-008363,Plant-05,EL-2860-4410,106,11,0,2026-07-22T18:00:52+00:00,WH-02,completed,1
ORD-008364,Plant-02,IN-1565-2835,146,28,0,2026-07-24T14:00:52+00:00,WH-01,pending,9
ORD-008365,Plant-34,PO-6997-2935,15,10,0,2026-07-21T22:00:52+00:00,WH-01,completed,7
ORD-008366,Plant-44,IN-5575-083,78,21,0,2026-07-25T20:00:52+00:00,WH-01,completed,3
ORD-008367,Plant-44,CH-4986-2084,70,70,0,2026-07-26T18:00:52+00:00,WH-01,completed,9
ORD-008368,Plant-35,PO-5177-3331,137,29,0,2026-07-23T03:00:52+00:00,WH-01,in_progress,4
ORD-008369,Plant-32,IN-8036-3205,67,19,0,2026-07-21T00:00:52+00:00,WH-01,in_progress,3
ORD-008370,Plant-40,CH-3325-1530,55,39,0,2026-07-22T21:00:52+00:00,WH-02,pending,4
ORD-008371,Plant-10,EL-4862-4202,112,66,0,2026-07-26T14:00:52+00:00,WH-02,completed,8
ORD-008372,Plant-28,CH-9625-4834,55,18,0,2026-07-21T11:00:52+00:00,WH-01,in_progress,2
ORD-008373,Plant-36,EL-8104-838,142,28,0,2026-07-23T20:00:52+00:00,WH-02,completed,9
ORD-008374,Plant-24,FL-1713-406,32,9,0,2026-07-20T06:00:52+00:00,WH-02,pending,6
ORD-008375,Plant-24,IN-3841-2171,56,9,0,2026-07-25T05:00:52+00:00,WH-02,completed,2
ORD-008376,Plant-18,FL-5879-3812,38,12,0,2026-07-25T11:00:52+00:00,WH-02,completed,3
ORD-008377,Plant-47,CH-3188-3950,11,4,0,2026-07-25T07:00:52+00:00,WH-01,completed,9
ORD-008378,Plant-47,FL-7586-030,42,41,0,2026-07-22T21:00:52+00:00,WH-01,completed,7
ORD-008379,Plant-29,IN-2212-2175,108,33,0,2026-07-26T05:00:52+00:00,WH-02,completed,5
ORD-008380,Plant-36,IN-9721-4100,81,22,0,2026-07-22T08:00:52+00:00,WH-01,completed,3
ORD-008381,Plant-04,FL-9732-1743,73,35,0,2026-07-20T06:00:52+00:00,WH-02,completed,2
ORD-008382,Plant-11,PO-9673-2720,34,10,0,2026-07-20T04:00:52+00:00,WH-01,in_progress,2
ORD-008383,Plant-03,PO-7638-1504,30,11,0,2026-07-25T18:00:52+00:00,WH-02,in_progress,10
ORD-008384,Plant-03,FL-2801-4508,90,64,0,2026-07-19T19:00:52+00:00,WH-01,pending,1
ORD-008385,Plant-27,EL-5380-2900,69,67,0,2026-07-26T07:00:52+00:00,WH-02,pending,5
ORD-008386,Plant-11,IN-4373-3777,100,85,0,2026-07-21T16:00:52+00:00,WH-01,pending,9
ORD-008387,Plant-33,EL-2673-4173,7,6,0,2026-07-25T20:00:52+00:00,WH-02,pending,2
ORD-008388,Plant-42,FL-4775-4875,30,6,0,2026-07-26T10:00:52+00:00,WH-02,completed,10
ORD-008389,Plant-39,CH-9840-3136,95,59,0,2026-07-24T05:00:52+00:00,WH-01,completed,7
ORD-008390,Plant-39,EL-7192-2124,122,45,0,2026-07-22T13:00:52+00:00,WH-01,in_progress,2
ORD-008391,Plant-27,CH-9965-1012,28,12,0,2026-07-26T16:00:52+00:00,WH-01,in_progress,10
ORD-008392,Plant-47,IN-6751-3586,78,62,0,2026-07-24T22:00:52+00:00,WH-01,completed,3
ORD-008393,Plant-08,EL-3946-2305,74,54,0,2026-07-25T09:00:52+00:00,WH-02,in_progress,3
ORD-008394,Plant-20,EL-3946-2305,4,0,0,2026-07-24T04:00:52+00:00,WH-01,pending,2
ORD-008395,Plant-36,IN-6507-3851,69,63,0,2026-07-21T09:00:52+00:00,WH-02,in_progress,8
ORD-008396,Plant-48,IN-2451-480,18,11,0,2026-07-25T13:00:52+00:00,WH-01,in_progress,7
ORD-008397,Plant-12,PO-5304-4427,71,4,0,2026-07-20T20:00:52+00:00,WH-02,in_progress,10
ORD-008398,Plant-22,PO-2764-3923,90,77,0,2026-07-26T13:00:52+00:00,WH-02,in_progress,9
ORD-008399,Plant-06,IN-9514-2508,22,6,0,2026-07-24T12:00:52+00:00,WH-02,in_progress,8
ORD-008400,Plant-27,PO-7296-1349,57,1,0,2026-07-24T13:00:52+00:00,WH-02,pending,2
ORD-008401,Plant-25,CH-3473-310,137,87,0,2026-07-25T10:00:52+00:00,WH-02,in_progress,3
ORD-008402,Plant-08,PO-6978-747,51,42,0,2026-07-23T14:00:52+00:00,WH-01,pending,3
ORD-008403,Plant-15,CH-4052-1724,77,42,0,2026-07-25T05:00:52+00:00,WH-02,pending,10
ORD-008404,Plant-17,EL-5846-2980,85,53,0,2026-07-23T11:00:52+00:00,WH-02,in_progress,7
ORD-008405,Plant-20,CH-6170-924,102,34,0,2026-07-22T00:00:52+00:00,WH-01,in_progress,2
ORD-008406,Plant-07,CH-9296-1478,52,14,0,2026-07-21T07:00:52+00:00,WH-01,completed,5
ORD-008407,Plant-11,IN-8707-2325,12,10,0,2026-07-21T13:00:52+00:00,WH-01,pending,9
ORD-008408,Plant-47,FL-2898-2553,77,30,0,2026-07-26T16:00:52+00:00,WH-02,in_progress,9
ORD-008409,Plant-15,FL-9531-1071,72,70,0,2026-07-26T08:00:52+00:00,WH-01,pending,8
ORD-008410,Plant-01,EL-4396-163,30,23,0,2026-07-23T12:00:52+00:00,WH-01,in_progress,5
ORD-008411,Plant-07,CH-5649-717,83,48,0,2026-07-22T13:00:52+00:00,WH-01,pending,2
ORD-008412,Plant-06,PO-9468-4734,5,2,0,2026-07-26T06:00:52+00:00,WH-01,pending,5
ORD-008413,Plant-42,FL-2879-1995,41,11,0,2026-07-20T15:00:52+00:00,WH-01,completed,6
ORD-008414,Plant-45,PO-4337-482,150,14,0,2026-07-20T01:00:52+00:00,WH-02,in_progress,2
ORD-008415,Plant-20,FL-7535-3821,34,3,0,2026-07-22T09:00:52+00:00,WH-01,pending,7
ORD-008416,Plant-17,IN-7119-4983,135,34,0,2026-07-19T22:00:52+00:00,WH-01,in_progress,1
ORD-008417,Plant-46,FL-4622-1811,41,24,0,2026-07-20T05:00:52+00:00,WH-01,in_progress,7
ORD-008418,Plant-20,EL-1224-648,48,34,0,2026-07-21T15:00:52+00:00,WH-02,completed,10
ORD-008419,Plant-38,PO-8086-4999,36,21,0,2026-07-23T18:00:52+00:00,WH-01,pending,5
ORD-008420,Plant-43,EL-5130-4586,18,9,0,2026-07-24T13:00:52+00:00,WH-01,in_progress,4
ORD-008421,Plant-14,FL-9913-255,141,0,0,2026-07-21T21:00:52+00:00,WH-01,pending,1
ORD-008422,Plant-42,IN-7388-3962,114,33,0,2026-07-20T17:00:52+00:00,WH-01,completed,1
ORD-008423,Plant-05,PO-6139-2646,117,86,0,2026-07-24T02:00:52+00:00,WH-02,completed,6
ORD-008424,Plant-11,FL-5180-4899,79,16,0,2026-07-22T09:00:52+00:00,WH-01,in_progress,8
ORD-008425,Plant-40,EL-1820-656,56,35,0,2026-07-24T17:00:52+00:00,WH-01,completed,10
ORD-008426,Plant-28,CH-9269-362,127,107,0,2026-07-21T19:00:52+00:00,WH-01,completed,6
ORD-008427,Plant-37,EL-2251-1109,135,47,0,2026-07-21T01:00:52+00:00,WH-01,pending,4
ORD-008428,Plant-11,EL-5746-4877,59,25,0,2026-07-22T10:00:52+00:00,WH-02,in_progress,5
ORD-008429,Plant-37,CH-9906-2088,107,31,0,2026-07-25T20:00:52+00:00,WH-01,completed,9
ORD-008430,Plant-09,EL-5742-1827,36,25,0,2026-07-21T17:00:52+00:00,WH-02,completed,5
ORD-008431,Plant-35,EL-8324-3692,34,22,0,2026-07-25T11:00:52+00:00,WH-02,completed,10
ORD-008432,Plant-40,PO-8041-1799,109,92,0,2026-07-22T20:00:52+00:00,WH-01,in_progress,3
ORD-008433,Plant-19,IN-7813-2219,31,18,0,2026-07-26T05:00:52+00:00,WH-02,in_progress,4
ORD-008434,Plant-48,IN-6342-4020,97,93,0,2026-07-25T20:00:52+00:00,WH-01,completed,4
ORD-008435,Plant-46,FL-1560-1507,136,106,0,2026-07-25T10:00:52+00:00,WH-02,pending,8
ORD-008436,Plant-19,EL-3240-297,38,36,0,2026-07-26T05:00:52+00:00,WH-01,in_progress,3
ORD-008437,Plant-11,EL-6304-4313,17,7,0,2026-07-26T01:00:52+00:00,WH-01,pending,7
ORD-008438,Plant-13,PO-4545-1856,70,16,0,2026-07-21T13:00:52+00:00,WH-02,in_progress,5
ORD-008439,Plant-23,FL-1447-3228,141,119,0,2026-07-21T06:00:52+00:00,WH-02,pending,10
ORD-008440,Plant-39,IN-8676-1066,117,53,0,2026-07-26T06:00:52+00:00,WH-02,completed,8
ORD-008441,Plant-40,EL-2043-1562,12,2,0,2026-07-26T03:00:52+00:00,WH-01,completed,7
ORD-008442,Plant-46,IN-7003-4756,110,64,0,2026-07-22T01:00:52+00:00,WH-02,completed,7
ORD-008443,Plant-19,IN-4878-3014,111,79,0,2026-07-20T22:00:52+00:00,WH-02,in_progress,3
ORD-008444,Plant-15,EL-9598-3667,109,43,0,2026-07-24T06:00:52+00:00,WH-02,pending,3
ORD-008445,Plant-10,EL-6563-1086,78,58,0,2026-07-21T11:00:52+00:00,WH-02,completed,9
ORD-008446,Plant-01,EL-9195-1185,16,15,0,2026-07-25T10:00:52+00:00,WH-02,in_progress,2
ORD-008447,Plant-31,IN-2477-3364,13,4,0,2026-07-20T22:00:52+00:00,WH-02,in_progress,6
ORD-008448,Plant-23,FL-5601-4920,13,3,0,2026-07-26T17:00:52+00:00,WH-02,pending,10
ORD-008449,Plant-15,EL-5230-4149,44,26,0,2026-07-26T04:00:52+00:00,WH-01,completed,5
ORD-008450,Plant-18,FL-8692-2956,118,46,0,2026-07-24T21:00:52+00:00,WH-01,completed,9
ORD-008451,Plant-19,IN-2285-3756,110,86,0,2026-07-25T05:00:52+00:00,WH-02,in_progress,4
ORD-008452,Plant-44,CH-6337-4121,125,112,0,2026-07-26T13:00:52+00:00,WH-01,pending,5
ORD-008453,Plant-38,FL-8066-866,34,21,0,2026-07-25T23:00:52+00:00,WH-01,in_progress,10
ORD-008454,Plant-18,FL-8966-1458,119,98,0,2026-07-23T11:00:52+00:00,WH-01,in_progress,10
ORD-008455,Plant-27,IN-5449-3207,55,52,0,2026-07-22T08:00:52+00:00,WH-01,pending,1
ORD-008456,Plant-19,PO-4684-3039,111,29,0,2026-07-24T00:00:52+00:00,WH-01,in_progress,10
ORD-008457,Plant-29,IN-7166-2996,34,5,0,2026-07-25T19:00:52+00:00,WH-02,completed,1
ORD-008458,Plant-13,IN-5489-4147,150,73,0,2026-07-25T05:00:52+00:00,WH-02,completed,1
ORD-008459,Plant-41,FL-9901-4275,59,46,0,2026-07-22T01:00:52+00:00,WH-01,in_progress,7
ORD-008460,Plant-16,IN-4332-2526,45,15,0,2026-07-26T16:00:52+00:00,WH-01,pending,2
ORD-008461,Plant-10,EL-4781-3837,88,78,0,2026-07-25T08:00:52+00:00,WH-01,pending,9
ORD-008462,Plant-17,CH-8590-3918,7,0,0,2026-07-25T15:00:52+00:00,WH-01,in_progress,2
ORD-008463,Plant-16,CH-9324-2975,53,18,0,2026-07-26T08:00:52+00:00,WH-02,in_progress,2
ORD-008464,Plant-42,PO-1028-2086,92,28,0,2026-07-26T04:00:52+00:00,WH-01,pending,5
ORD-008465,Plant-23,EL-7554-4156,10,3,0,2026-07-21T04:00:52+00:00,WH-02,in_progress,9
ORD-008466,Plant-37,EL-4988-868,99,90,0,2026-07-22T16:00:52+00:00,WH-01,pending,6
ORD-008467,Plant-15,IN-3154-3391,41,12,0,2026-07-24T15:00:52+00:00,WH-02,completed,6
ORD-008468,Plant-34,EL-2478-3832,23,11,0,2026-07-22T21:00:52+00:00,WH-02,pending,9
ORD-008469,Plant-40,FL-7590-3307,113,55,0,2026-07-20T18:00:52+00:00,WH-01,pending,5
ORD-008470,Plant-48,CH-7998-4936,71,67,0,2026-07-20T00:00:52+00:00,WH-02,completed,6
ORD-008471,Plant-13,PO-4394-3541,33,4,0,2026-07-26T14:00:52+00:00,WH-01,in_progress,9
ORD-008472,Plant-33,CH-1407-057,70,8,0,2026-07-24T16:00:52+00:00,WH-02,in_progress,9
ORD-008473,Plant-14,EL-5518-1208,110,29,0,2026-07-24T11:00:52+00:00,WH-01,pending,8
ORD-008474,Plant-07,PO-7390-370,141,83,0,2026-07-23T12:00:52+00:00,WH-02,in_progress,7
ORD-008475,Plant-27,FL-1165-4779,86,85,0,2026-07-22T09:00:52+00:00,WH-02,in_progress,3
ORD-008476,Plant-22,FL-8213-411,58,18,0,2026-07-23T18:00:52+00:00,WH-02,completed,2
ORD-008477,Plant-04,EL-2251-1109,39,38,0,2026-07-22T05:00:52+00:00,WH-02,in_progress,8
ORD-008478,Plant-35,PO-8456-4870,129,36,0,2026-07-24T05:00:52+00:00,WH-01,completed,10
ORD-008479,Plant-38,CH-8839-4237,66,64,0,2026-07-26T12:00:52+00:00,WH-02,completed,8
ORD-008480,Plant-03,CH-1785-1866,105,7,0,2026-07-20T03:00:52+00:00,WH-01,pending,7
ORD-008481,Plant-14,CH-4624-3388,56,53,0,2026-07-24T06:00:52+00:00,WH-01,completed,8
ORD-008482,Plant-19,EL-1733-1139,81,41,0,2026-07-26T07:00:52+00:00,WH-01,completed,3
ORD-008483,Plant-36,EL-7457-1049,61,54,0,2026-07-20T05:00:52+00:00,WH-01,pending,8
ORD-008484,Plant-34,PO-1764-1167,106,10,0,2026-07-20T18:00:52+00:00,WH-01,completed,10
ORD-008485,Plant-05,CH-7670-2679,126,40,0,2026-07-20T17:00:52+00:00,WH-02,pending,8
ORD-008486,Plant-47,FL-1026-2388,131,105,0,2026-07-22T18:00:52+00:00,WH-01,pending,6
ORD-008487,Plant-02,IN-6177-3517,58,45,0,2026-07-21T21:00:52+00:00,WH-02,completed,6
ORD-008488,Plant-27,EL-3601-1189,49,30,0,2026-07-21T22:00:52+00:00,WH-01,pending,8
ORD-008489,Plant-18,CH-5710-1440,134,50,0,2026-07-22T03:00:52+00:00,WH-01,in_progress,1
ORD-008490,Plant-21,CH-4828-3214,24,10,0,2026-07-25T01:00:52+00:00,WH-02,completed,6
ORD-008491,Plant-11,FL-9841-3042,43,35,0,2026-07-20T18:00:52+00:00,WH-01,in_progress,10
ORD-008492,Plant-42,PO-4273-4364,22,7,0,2026-07-22T11:00:52+00:00,WH-02,in_progress,6
ORD-008493,Plant-14,FL-5569-2154,45,25,0,2026-07-26T03:00:52+00:00,WH-02,pending,5
ORD-008494,Plant-15,CH-6055-2001,128,92,0,2026-07-22T00:00:52+00:00,WH-02,in_progress,2
ORD-008495,Plant-48,IN-7466-2365,103,33,0,2026-07-26T11:00:52+00:00,WH-01,in_progress,2
ORD-008496,Plant-01,PO-8273-155,96,7,0,2026-07-24T15:00:52+00:00,WH-01,in_progress,8
ORD-008497,Plant-28,IN-8492-1157,103,98,0,2026-07-26T15:00:52+00:00,WH-02,completed,10
ORD-008498,Plant-17,FL-4325-2832,55,19,0,2026-07-20T06:00:52+00:00,WH-01,in_progress,10
ORD-008499,Plant-09,PO-8826-2234,28,3,0,2026-07-21T09:00:52+00:00,WH-02,in_progress,9
ORD-008500,Plant-17,EL-9180-1541,107,29,0,2026-07-26T14:00:52+00:00,WH-02,completed,5
ORD-008501,Plant-28,CH-2747-1341,74,11,0,2026-07-19T23:00:52+00:00,WH-01,in_progress,4
ORD-008502,Plant-39,PO-2370-4155,31,11,0,2026-07-21T02:00:52+00:00,WH-01,completed,3
ORD-008503,Plant-10,EL-3148-4169,6,4,0,2026-07-22T17:00:52+00:00,WH-02,in_progress,9
ORD-008504,Plant-47,PO-8505-546,114,72,0,2026-07-23T06:00:52+00:00,WH-02,in_progress,6
ORD-008505,Plant-43,EL-4741-4384,132,107,0,2026-07-23T12:00:52+00:00,WH-02,completed,7
ORD-008506,Plant-21,CH-6951-667,18,0,0,2026-07-21T06:00:52+00:00,WH-01,pending,4
ORD-008507,Plant-01,CH-7212-227,97,79,0,2026-07-20T00:00:52+00:00,WH-01,completed,5
ORD-008508,Plant-13,FL-2420-4352,35,5,0,2026-07-21T19:00:52+00:00,WH-02,pending,9
ORD-008509,Plant-03,IN-4184-824,47,9,0,2026-07-26T17:00:52+00:00,WH-01,pending,5
ORD-008510,Plant-14,FL-8267-977,16,12,0,2026-07-26T17:00:52+00:00,WH-02,in_progress,2
ORD-008511,Plant-36,EL-8401-3038,13,11,0,2026-07-21T17:00:52+00:00,WH-02,pending,8
ORD-008512,Plant-05,IN-7487-1218,21,3,0,2026-07-26T12:00:52+00:00,WH-01,completed,8
ORD-008513,Plant-44,FL-8216-2468,42,8,0,2026-07-22T16:00:52+00:00,WH-02,pending,3
ORD-008514,Plant-13,FL-4244-2491,75,29,0,2026-07-20T16:00:52+00:00,WH-02,completed,5
ORD-008515,Plant-43,IN-1457-2433,138,14,0,2026-07-20T02:00:52+00:00,WH-02,pending,4
ORD-008516,Plant-26,EL-4751-1289,116,70,0,2026-07-24T12:00:52+00:00,WH-01,pending,8
ORD-008517,Plant-07,EL-1620-2653,15,13,0,2026-07-21T00:00:52+00:00,WH-01,in_progress,5
ORD-008518,Plant-34,IN-6973-1057,125,105,0,2026-07-26T15:00:52+00:00,WH-01,pending,7
ORD-008519,Plant-26,PO-8360-3551,140,85,0,2026-07-20T01:00:52+00:00,WH-01,in_progress,6
ORD-008520,Plant-38,CH-4077-1661,59,19,0,2026-07-25T12:00:52+00:00,WH-01,pending,6
ORD-008521,Plant-42,EL-9556-4511,150,88,0,2026-07-21T10:00:52+00:00,WH-02,in_progress,7
ORD-008522,Plant-02,CH-6184-2369,116,94,0,2026-07-21T06:00:52+00:00,WH-02,pending,4
ORD-008523,Plant-37,PO-4203-1878,131,112,0,2026-07-26T18:00:52+00:00,WH-02,completed,3
ORD-008524,Plant-26,CH-4562-2069,18,13,0,2026-07-19T22:00:52+00:00,WH-02,in_progress,3
ORD-008525,Plant-40,FL-6181-2700,101,46,0,2026-07-22T09:00:52+00:00,WH-01,in_progress,6
ORD-008526,Plant-09,PO-7229-4293,45,21,0,2026-07-25T15:00:52+00:00,WH-01,pending,2
ORD-008527,Plant-40,CH-9422-4998,27,5,0,2026-07-21T02:00:52+00:00,WH-02,in_progress,10
ORD-008528,Plant-17,IN-3946-1517,29,1,0,2026-07-25T19:00:52+00:00,WH-01,completed,6
ORD-008529,Plant-46,EL-1191-2480,32,11,0,2026-07-26T02:00:52+00:00,WH-01,in_progress,6
ORD-008530,Plant-03,CH-2419-3802,17,4,0,2026-07-19T23:00:52+00:00,WH-01,pending,2
ORD-008531,Plant-34,EL-4318-3531,107,93,0,2026-07-24T07:00:52+00:00,WH-01,in_progress,7
ORD-008532,Plant-04,EL-4960-3121,43,12,0,2026-07-21T23:00:52+00:00,WH-01,pending,7
ORD-008533,Plant-11,EL-5601-228,97,10,0,2026-07-25T21:00:52+00:00,WH-02,in_progress,1
ORD-008534,Plant-26,CH-2003-2293,45,27,0,2026-07-26T00:00:52+00:00,WH-02,in_progress,8
ORD-008535,Plant-31,IN-8673-1116,51,37,0,2026-07-25T02:00:52+00:00,WH-01,completed,7
ORD-008536,Plant-19,PO-4528-653,108,91,0,2026-07-23T19:00:52+00:00,WH-02,in_progress,1
ORD-008537,Plant-29,CH-7580-3507,47,16,0,2026-07-21T18:00:52+00:00,WH-01,pending,6
ORD-008538,Plant-16,EL-5052-3516,105,23,0,2026-07-24T06:00:52+00:00,WH-02,pending,7
ORD-008539,Plant-04,IN-9549-2471,67,8,0,2026-07-23T12:00:52+00:00,WH-01,in_progress,2
ORD-008540,Plant-23,EL-7251-4286,9,2,0,2026-07-25T08:00:52+00:00,WH-02,pending,5
ORD-008541,Plant-05,IN-3465-2775,83,48,0,2026-07-21T21:00:52+00:00,WH-02,pending,8
ORD-008542,Plant-17,FL-1598-1441,61,21,0,2026-07-24T23:00:52+00:00,WH-02,pending,10
ORD-008543,Plant-44,CH-3489-273,131,131,0,2026-07-23T12:00:52+00:00,WH-02,pending,1
ORD-008544,Plant-29,PO-3671-3399,49,1,0,2026-07-21T09:00:52+00:00,WH-01,pending,2
ORD-008545,Plant-10,EL-2028-2902,19,13,0,2026-07-25T01:00:52+00:00,WH-02,in_progress,4
ORD-008546,Plant-45,FL-3558-816,50,28,0,2026-07-23T15:00:52+00:00,WH-02,in_progress,3
ORD-008547,Plant-28,EL-1215-4798,146,85,0,2026-07-21T04:00:52+00:00,WH-02,in_progress,6
ORD-008548,Plant-46,PO-7068-2411,117,84,0,2026-07-21T06:00:52+00:00,WH-01,pending,7
ORD-008549,Plant-41,IN-8758-446,75,38,0,2026-07-20T02:00:52+00:00,WH-01,completed,10
ORD-008550,Plant-26,IN-3798-311,150,28,0,2026-07-26T02:00:52+00:00,WH-02,pending,2
ORD-008551,Plant-29,IN-6505-3156,98,60,0,2026-07-19T18:00:52+00:00,WH-02,completed,6
ORD-008552,Plant-33,PO-4987-928,8,3,0,2026-07-25T08:00:52+00:00,WH-02,pending,10
ORD-008553,Plant-02,EL-9804-1190,54,17,0,2026-07-23T21:00:52+00:00,WH-02,completed,2
ORD-008554,Plant-38,EL-5559-494,54,17,0,2026-07-22T19:00:52+00:00,WH-01,pending,5
ORD-008555,Plant-44,IN-7459-1888,123,59,0,2026-07-24T20:00:52+00:00,WH-02,in_progress,7
ORD-008556,Plant-08,EL-3782-4578,104,7,0,2026-07-21T19:00:52+00:00,WH-01,pending,7
ORD-008557,Plant-09,PO-9639-3528,61,8,0,2026-07-25T13:00:52+00:00,WH-01,pending,2
ORD-008558,Plant-16,EL-2200-3561,30,16,0,2026-07-20T03:00:52+00:00,WH-02,pending,3
ORD-008559,Plant-02,IN-9645-1483,121,121,0,2026-07-24T23:00:52+00:00,WH-02,pending,4
ORD-008560,Plant-10,FL-2340-3620,68,32,0,2026-07-21T07:00:52+00:00,WH-01,in_progress,2
ORD-008561,Plant-07,CH-5751-4215,55,2,0,2026-07-21T00:00:52+00:00,WH-02,completed,9
ORD-008562,Plant-32,PO-4124-2151,85,46,0,2026-07-25T06:00:52+00:00,WH-01,pending,3
ORD-008563,Plant-26,CH-7466-4724,10,5,0,2026-07-20T19:00:52+00:00,WH-01,pending,9
ORD-008564,Plant-44,FL-5185-2592,77,41,0,2026-07-24T08:00:52+00:00,WH-01,in_progress,10
ORD-008565,Plant-29,FL-9229-487,57,30,0,2026-07-20T22:00:52+00:00,WH-02,pending,9
ORD-008566,Plant-21,PO-2531-1765,67,36,0,2026-07-20T10:00:52+00:00,WH-01,in_progress,4
ORD-008567,Plant-48,IN-2936-2434,56,18,0,2026-07-25T19:00:52+00:00,WH-02,in_progress,9
ORD-008568,Plant-11,EL-5452-3140,21,18,0,2026-07-25T22:00:52+00:00,WH-02,pending,2
ORD-008569,Plant-14,EL-2803-4996,139,101,0,2026-07-25T13:00:52+00:00,WH-02,completed,10
ORD-008570,Plant-47,IN-4512-4068,10,5,0,2026-07-21T12:00:52+00:00,WH-01,pending,10
ORD-008571,Plant-31,EL-1787-4727,112,46,0,2026-07-20T22:00:52+00:00,WH-02,in_progress,2
ORD-008572,Plant-22,CH-3346-2314,39,21,0,2026-07-20T05:00:52+00:00,WH-01,completed,2
ORD-008573,Plant-04,FL-7956-1629,67,55,0,2026-07-21T05:00:52+00:00,WH-01,in_progress,6
ORD-008574,Plant-19,EL-7170-2724,5,1,0,2026-07-20T09:00:52+00:00,WH-02,pending,10
ORD-008575,Plant-07,EL-8531-191,138,85,0,2026-07-20T10:00:52+00:00,WH-02,pending,10
ORD-008576,Plant-46,EL-3085-682,109,89,0,2026-07-20T22:00:52+00:00,WH-01,completed,4
ORD-008577,Plant-46,EL-2540-784,71,6,0,2026-07-22T00:00:52+00:00,WH-02,in_progress,1
ORD-008578,Plant-27,FL-2171-3598,99,48,0,2026-07-25T17:00:52+00:00,WH-02,pending,5
ORD-008579,Plant-45,CH-4868-1272,41,40,0,2026-07-19T21:00:52+00:00,WH-02,in_progress,10
ORD-008580,Plant-18,FL-4158-2647,131,14,0,2026-07-24T06:00:52+00:00,WH-01,in_progress,9
ORD-008581,Plant-26,FL-5253-1297,118,25,0,2026-07-24T17:00:52+00:00,WH-01,completed,3
ORD-008582,Plant-32,FL-5597-2698,106,83,0,2026-07-21T10:00:52+00:00,WH-02,in_progress,3
ORD-008583,Plant-18,FL-6425-1828,107,16,0,2026-07-21T04:00:52+00:00,WH-02,in_progress,10
ORD-008584,Plant-06,CH-7745-2879,23,10,0,2026-07-24T05:00:52+00:00,WH-01,in_progress,3
ORD-008585,Plant-36,CH-7949-416,21,8,0,2026-07-20T21:00:52+00:00,WH-02,completed,7
ORD-008586,Plant-20,FL-5218-3153,14,0,0,2026-07-22T19:00:52+00:00,WH-02,pending,10
ORD-008587,Plant-07,IN-6509-857,14,10,0,2026-07-24T04:00:52+00:00,WH-02,completed,4
ORD-008588,Plant-21,EL-9134-4445,71,42,0,2026-07-21T09:00:52+00:00,WH-01,in_progress,2
ORD-008589,Plant-08,IN-8509-1072,139,25,0,2026-07-25T03:00:52+00:00,WH-01,completed,5
ORD-008590,Plant-11,PO-6324-1959,60,58,0,2026-07-24T14:00:52+00:00,WH-02,in_progress,2
ORD-008591,Plant-14,EL-4939-233,16,3,0,2026-07-22T06:00:52+00:00,WH-01,completed,8
ORD-008592,Plant-26,IN-6377-2713,94,29,0,2026-07-23T12:00:52+00:00,WH-02,completed,8
ORD-008593,Plant-33,CH-1513-3220,102,85,0,2026-07-25T03:00:52+00:00,WH-01,pending,6
ORD-008594,Plant-22,CH-1709-4742,53,9,0,2026-07-21T08:00:52+00:00,WH-02,pending,7
ORD-008595,Plant-11,EL-4112-1763,62,34,0,2026-07-25T18:00:52+00:00,WH-02,in_progress,6
ORD-008596,Plant-27,EL-9804-1190,18,3,0,2026-07-23T12:00:52+00:00,WH-01,completed,2
ORD-008597,Plant-40,EL-7362-1659,18,18,0,2026-07-25T13:00:52+00:00,WH-02,pending,4
ORD-008598,Plant-39,FL-3423-4678,8,7,0,2026-07-21T19:00:52+00:00,WH-01,completed,7
ORD-008599,Plant-37,IN-1707-2549,25,5,0,2026-07-23T21:00:52+00:00,WH-02,in_progress,5
ORD-008600,Plant-39,CH-3366-1174,122,47,0,2026-07-25T21:00:52+00:00,WH-02,completed,4
ORD-008601,Plant-07,CH-1612-3317,94,42,0,2026-07-23T02:00:52+00:00,WH-02,completed,6
ORD-008602,Plant-07,PO-9659-3880,60,56,0,2026-07-19T19:00:52+00:00,WH-02,completed,4
ORD-008603,Plant-16,FL-9210-1682,104,59,0,2026-07-20T19:00:52+00:00,WH-02,in_progress,6
ORD-008604,Plant-26,CH-6243-3628,142,48,0,2026-07-20T02:00:52+00:00,WH-01,in_progress,3
ORD-008605,Plant-12,EL-2609-1676,39,28,0,2026-07-25T01:00:52+00:00,WH-01,in_progress,6
ORD-008606,Plant-03,CH-3147-3006,16,13,0,2026-07-21T15:00:52+00:00,WH-01,pending,2
ORD-008607,Plant-40,EL-5100-1545,22,7,0,2026-07-25T00:00:52+00:00,WH-01,completed,5
ORD-008608,Plant-32,PO-3130-3696,87,25,0,2026-07-24T01:00:52+00:00,WH-01,in_progress,2
ORD-008609,Plant-39,PO-5462-3535,35,34,0,2026-07-25T20:00:52+00:00,WH-01,completed,6
ORD-008610,Plant-34,CH-3293-3882,96,31,0,2026-07-23T05:00:52+00:00,WH-02,completed,2
ORD-008611,Plant-12,EL-1733-1139,43,2,0,2026-07-24T01:00:52+00:00,WH-02,completed,10
ORD-008612,Plant-33,PO-7321-1158,135,18,0,2026-07-21T11:00:52+00:00,WH-01,pending,7
ORD-008613,Plant-31,FL-5374-459,137,18,0,2026-07-21T16:00:52+00:00,WH-02,in_progress,7
ORD-008614,Plant-10,FL-2501-3098,27,12,0,2026-07-20T20:00:52+00:00,WH-02,in_progress,3
ORD-008615,Plant-36,FL-8485-4736,104,78,0,2026-07-20T20:00:52+00:00,WH-01,in_progress,2
ORD-008616,Plant-23,FL-4883-975,133,58,0,2026-07-24T09:00:52+00:00,WH-02,completed,1
ORD-008617,Plant-36,PO-9154-2642,14,7,0,2026-07-26T12:00:52+00:00,WH-01,pending,1
ORD-008618,Plant-15,IN-6117-4482,36,10,0,2026-07-25T11:00:52+00:00,WH-02,pending,6
ORD-008619,Plant-16,IN-8004-4363,111,34,0,2026-07-23T09:00:52+00:00,WH-01,in_progress,9
ORD-008620,Plant-19,EL-8173-4318,69,25,0,2026-07-26T04:00:52+00:00,WH-01,completed,2
ORD-008621,Plant-34,CH-9416-3434,107,71,0,2026-07-24T16:00:52+00:00,WH-02,pending,5
ORD-008622,Plant-26,FL-9506-2589,63,62,0,2026-07-24T01:00:52+00:00,WH-01,completed,6
ORD-008623,Plant-13,FL-4571-2070,36,9,0,2026-07-26T11:00:52+00:00,WH-02,completed,1
ORD-008624,Plant-17,PO-4545-1856,89,83,0,2026-07-23T01:00:52+00:00,WH-02,completed,2
ORD-008625,Plant-19,CH-7820-2291,44,44,0,2026-07-26T08:00:52+00:00,WH-01,in_progress,9
ORD-008626,Plant-29,PO-4054-4295,140,13,0,2026-07-22T16:00:52+00:00,WH-01,pending,9
ORD-008627,Plant-27,IN-3630-3411,48,2,0,2026-07-25T14:00:52+00:00,WH-01,in_progress,7
ORD-008628,Plant-22,FL-2648-3959,30,0,0,2026-07-26T06:00:52+00:00,WH-01,in_progress,2
ORD-008629,Plant-07,EL-1572-815,19,7,0,2026-07-21T14:00:52+00:00,WH-02,pending,8
ORD-008630,Plant-31,IN-2583-3241,69,2,0,2026-07-22T19:00:52+00:00,WH-01,pending,4
ORD-008631,Plant-08,IN-9303-957,142,25,0,2026-07-24T10:00:52+00:00,WH-01,completed,8
ORD-008632,Plant-34,PO-9381-4443,97,45,0,2026-07-24T17:00:52+00:00,WH-01,completed,5
ORD-008633,Plant-17,EL-4903-3299,39,30,0,2026-07-21T05:00:52+00:00,WH-01,in_progress,10
ORD-008634,Plant-36,IN-5362-3644,91,53,0,2026-07-22T23:00:52+00:00,WH-02,completed,5
ORD-008635,Plant-39,PO-8887-2993,62,19,0,2026-07-20T06:00:52+00:00,WH-02,completed,3
ORD-008636,Plant-38,FL-6106-1166,150,15,0,2026-07-20T19:00:52+00:00,WH-02,completed,2
ORD-008637,Plant-42,CH-3278-4650,52,47,0,2026-07-23T17:00:52+00:00,WH-02,pending,8
ORD-008638,Plant-23,CH-1104-396,56,27,0,2026-07-22T18:00:52+00:00,WH-01,pending,9
ORD-008639,Plant-35,PO-4205-510,85,73,0,2026-07-25T20:00:52+00:00,WH-02,pending,1
ORD-008640,Plant-25,EL-3702-631,133,76,0,2026-07-21T08:00:52+00:00,WH-02,completed,9
ORD-008641,Plant-22,IN-9945-4972,79,61,0,2026-07-20T17:00:52+00:00,WH-01,pending,2
ORD-008642,Plant-20,FL-8951-751,100,49,0,2026-07-22T22:00:52+00:00,WH-02,completed,4
ORD-008643,Plant-28,FL-1746-1085,41,7,0,2026-07-25T07:00:52+00:00,WH-02,in_progress,1
ORD-008644,Plant-04,EL-5474-2117,35,6,0,2026-07-26T12:00:52+00:00,WH-02,completed,7
ORD-008645,Plant-40,EL-4620-3497,17,6,0,2026-07-25T04:00:52+00:00,WH-01,pending,8
ORD-008646,Plant-16,IN-1399-2459,118,20,0,2026-07-23T09:00:52+00:00,WH-02,completed,4
ORD-008647,Plant-42,CH-6815-4897,114,75,0,2026-07-24T14:00:52+00:00,WH-01,pending,1
ORD-008648,Plant-28,IN-2186-241,78,23,0,2026-07-26T12:00:52+00:00,WH-01,in_progress,3
ORD-008649,Plant-44,CH-9559-4171,150,56,0,2026-07-26T08:00:52+00:00,WH-02,completed,3
ORD-008650,Plant-16,FL-6734-4856,30,10,0,2026-07-25T10:00:52+00:00,WH-01,completed,2
ORD-008651,Plant-02,FL-1041-1241,117,82,0,2026-07-24T01:00:52+00:00,WH-02,in_progress,5
ORD-008652,Plant-46,PO-4425-516,82,23,0,2026-07-21T23:00:52+00:00,WH-01,pending,1
ORD-008653,Plant-03,EL-7134-758,141,10,0,2026-07-20T21:00:52+00:00,WH-02,in_progress,2
ORD-008654,Plant-29,EL-9934-4776,115,106,0,2026-07-26T06:00:52+00:00,WH-02,in_progress,2
ORD-008655,Plant-20,FL-5347-3268,5,3,0,2026-07-23T12:00:52+00:00,WH-02,in_progress,6
ORD-008656,Plant-13,IN-2513-2416,79,41,0,2026-07-20T20:00:52+00:00,WH-02,in_progress,1
ORD-008657,Plant-14,CH-3497-2342,123,109,0,2026-07-23T01:00:52+00:00,WH-01,completed,9
ORD-008658,Plant-24,FL-7587-1464,17,11,0,2026-07-23T03:00:52+00:00,WH-02,pending,4
ORD-008659,Plant-43,EL-4842-519,135,3,0,2026-07-20T10:00:52+00:00,WH-02,pending,5
ORD-008660,Plant-07,FL-1096-557,20,6,0,2026-07-25T12:00:52+00:00,WH-01,in_progress,4
ORD-008661,Plant-01,FL-3998-2658,137,45,0,2026-07-24T11:00:52+00:00,WH-02,completed,2
ORD-008662,Plant-22,FL-7606-1685,144,35,0,2026-07-24T12:00:52+00:00,WH-01,pending,7
ORD-008663,Plant-28,EL-8138-3786,77,1,0,2026-07-20T00:00:52+00:00,WH-01,in_progress,5
ORD-008664,Plant-03,CH-4868-1272,67,42,0,2026-07-21T23:00:52+00:00,WH-02,in_progress,7
ORD-008665,Plant-35,PO-4876-2868,19,18,0,2026-07-20T01:00:52+00:00,WH-01,pending,9
ORD-008666,Plant-08,EL-1289-2455,71,8,0,2026-07-26T18:00:52+00:00,WH-02,pending,2
ORD-008667,Plant-03,CH-3735-2575,103,47,0,2026-07-21T07:00:52+00:00,WH-01,in_progress,6
ORD-008668,Plant-14,IN-9376-1825,69,22,0,2026-07-26T09:00:52+00:00,WH-01,in_progress,9
ORD-008669,Plant-34,IN-7429-3693,110,75,0,2026-07-25T13:00:52+00:00,WH-01,in_progress,3
ORD-008670,Plant-28,CH-9288-1033,112,18,0,2026-07-21T09:00:52+00:00,WH-01,in_progress,5
ORD-008671,Plant-04,PO-7292-4948,24,11,0,2026-07-23T09:00:52+00:00,WH-01,in_progress,2
ORD-008672,Plant-08,FL-6738-3133,115,4,0,2026-07-24T03:00:52+00:00,WH-01,completed,7
ORD-008673,Plant-48,PO-5160-3300,97,83,0,2026-07-25T01:00:52+00:00,WH-01,in_progress,1
ORD-008674,Plant-05,FL-5262-4476,147,137,0,2026-07-22T11:00:52+00:00,WH-01,in_progress,6
ORD-008675,Plant-28,CH-6469-4679,94,55,0,2026-07-20T02:00:52+00:00,WH-01,completed,1
ORD-008676,Plant-10,EL-7022-058,43,21,0,2026-07-21T11:00:52+00:00,WH-02,in_progress,7
ORD-008677,Plant-48,CH-1113-128,86,8,0,2026-07-26T18:00:52+00:00,WH-02,completed,4
ORD-008678,Plant-16,FL-5980-3441,20,12,0,2026-07-22T11:00:52+00:00,WH-01,completed,10
ORD-008679,Plant-09,PO-3527-2809,118,54,0,2026-07-20T22:00:52+00:00,WH-01,pending,6
ORD-008680,Plant-39,PO-3095-884,34,14,0,2026-07-26T07:00:52+00:00,WH-01,pending,9
ORD-008681,Plant-41,PO-3323-4539,21,1,0,2026-07-23T16:00:52+00:00,WH-01,in_progress,7
ORD-008682,Plant-15,IN-4927-3951,144,86,0,2026-07-24T19:00:52+00:00,WH-01,completed,9
ORD-008683,Plant-27,IN-1643-146,120,52,0,2026-07-23T00:00:52+00:00,WH-01,in_progress,6
ORD-008684,Plant-14,EL-3902-2492,114,96,0,2026-07-24T21:00:52+00:00,WH-01,in_progress,10
ORD-008685,Plant-01,IN-9258-3464,104,29,0,2026-07-24T03:00:52+00:00,WH-01,pending,4
ORD-008686,Plant-15,CH-2260-1447,140,86,0,2026-07-22T17:00:52+00:00,WH-01,in_progress,6
ORD-008687,Plant-44,EL-6022-918,93,70,0,2026-07-26T11:00:52+00:00,WH-01,completed,10
ORD-008688,Plant-13,CH-6432-919,32,30,0,2026-07-22T23:00:52+00:00,WH-01,completed,8
ORD-008689,Plant-47,IN-1326-2238,49,36,0,2026-07-24T01:00:52+00:00,WH-01,pending,9
ORD-008690,Plant-40,CH-7689-3231,37,23,0,2026-07-25T04:00:52+00:00,WH-02,pending,7
ORD-008691,Plant-10,PO-7266-1490,98,71,0,2026-07-20T13:00:52+00:00,WH-01,completed,8
ORD-008692,Plant-47,CH-3654-3201,28,26,0,2026-07-26T01:00:52+00:00,WH-02,pending,5
ORD-008693,Plant-29,EL-5286-789,76,50,0,2026-07-24T10:00:52+00:00,WH-01,completed,5
ORD-008694,Plant-33,IN-2532-2258,96,59,0,2026-07-21T10:00:52+00:00,WH-02,completed,4
ORD-008695,Plant-46,IN-2427-4777,59,54,0,2026-07-23T01:00:52+00:00,WH-01,in_progress,6
ORD-008696,Plant-44,IN-9908-320,54,2,0,2026-07-22T02:00:52+00:00,WH-02,pending,8
ORD-008697,Plant-19,EL-4512-2137,81,48,0,2026-07-25T01:00:52+00:00,WH-01,pending,1
ORD-008698,Plant-25,CH-5056-334,26,14,0,2026-07-25T15:00:52+00:00,WH-02,pending,8
ORD-008699,Plant-46,EL-2365-3295,60,22,0,2026-07-22T22:00:52+00:00,WH-01,pending,3
ORD-008700,Plant-28,IN-2059-1065,106,77,0,2026-07-19T18:00:52+00:00,WH-01,pending,10
ORD-008701,Plant-41,FL-2928-1238,74,18,0,2026-07-20T12:00:52+00:00,WH-02,in_progress,3
ORD-008702,Plant-28,EL-3015-2396,95,44,0,2026-07-25T17:00:52+00:00,WH-01,completed,7
ORD-008703,Plant-22,EL-5014-4281,7,4,0,2026-07-24T19:00:52+00:00,WH-02,pending,8
ORD-008704,Plant-24,FL-6110-4258,134,123,0,2026-07-25T00:00:52+00:00,WH-02,pending,10
ORD-008705,Plant-47,CH-5667-2031,45,10,0,2026-07-25T20:00:52+00:00,WH-02,pending,1
ORD-008706,Plant-04,CH-8226-002,126,6,0,2026-07-24T05:00:52+00:00,WH-02,pending,1
ORD-008707,Plant-25,IN-2818-3194,42,9,0,2026-07-20T13:00:52+00:00,WH-02,in_progress,3
ORD-008708,Plant-33,FL-2166-209,146,7,0,2026-07-24T09:00:52+00:00,WH-02,in_progress,5
ORD-008709,Plant-45,CH-4649-4458,67,25,0,2026-07-25T08:00:52+00:00,WH-02,completed,2
ORD-008710,Plant-11,FL-5955-1235,51,28,0,2026-07-20T11:00:52+00:00,WH-02,pending,5
ORD-008711,Plant-25,EL-6137-2357,16,9,0,2026-07-21T06:00:52+00:00,WH-02,pending,3
ORD-008712,Plant-07,IN-8433-4078,97,63,0,2026-07-20T11:00:52+00:00,WH-02,pending,2
ORD-008713,Plant-05,CH-1605-3807,32,11,0,2026-07-25T23:00:52+00:00,WH-01,in_progress,9
ORD-008714,Plant-41,PO-8858-380,35,20,0,2026-07-26T01:00:52+00:00,WH-01,pending,2
ORD-008715,Plant-08,EL-6858-753,81,49,0,2026-07-23T16:00:52+00:00,WH-02,completed,5
ORD-008716,Plant-31,CH-6454-1986,103,95,0,2026-07-25T23:00:52+00:00,WH-02,in_progress,10
ORD-008717,Plant-36,PO-6086-178,41,1,0,2026-07-23T01:00:52+00:00,WH-02,in_progress,3
ORD-008718,Plant-24,IN-8976-3340,56,28,0,2026-07-24T08:00:52+00:00,WH-01,pending,2
ORD-008719,Plant-46,IN-8976-3340,89,43,0,2026-07-25T05:00:52+00:00,WH-02,in_progress,8
ORD-008720,Plant-30,FL-4642-2509,23,5,0,2026-07-26T12:00:52+00:00,WH-01,completed,6
ORD-008721,Plant-25,CH-7441-465,136,64,0,2026-07-24T12:00:52+00:00,WH-02,completed,1
ORD-008722,Plant-31,CH-4794-4269,105,84,0,2026-07-22T07:00:52+00:00,WH-02,pending,5
ORD-008723,Plant-33,PO-5447-1154,125,62,0,2026-07-26T02:00:52+00:00,WH-01,pending,7
ORD-008724,Plant-02,IN-3622-395,40,4,0,2026-07-20T03:00:52+00:00,WH-01,in_progress,3
ORD-008725,Plant-34,PO-5371-1876,103,82,0,2026-07-24T21:00:52+00:00,WH-02,pending,6
ORD-008726,Plant-29,CH-7975-2751,83,17,0,2026-07-21T12:00:52+00:00,WH-01,pending,6
ORD-008727,Plant-08,IN-8363-2107,126,120,0,2026-07-21T02:00:52+00:00,WH-01,in_progress,6
ORD-008728,Plant-27,EL-5062-1024,46,17,0,2026-07-20T03:00:52+00:00,WH-02,pending,5
ORD-008729,Plant-17,FL-6441-2449,58,53,0,2026-07-25T10:00:52+00:00,WH-02,pending,5
ORD-008730,Plant-37,IN-9877-1728,37,21,0,2026-07-21T10:00:52+00:00,WH-01,pending,8
ORD-008731,Plant-01,EL-4249-1648,59,16,0,2026-07-20T13:00:52+00:00,WH-01,in_progress,1
ORD-008732,Plant-12,CH-6331-2899,130,62,0,2026-07-20T13:00:52+00:00,WH-01,completed,2
ORD-008733,Plant-14,FL-2784-2173,40,34,0,2026-07-20T22:00:52+00:00,WH-01,pending,9
ORD-008734,Plant-06,FL-4614-4211,135,58,0,2026-07-19T20:00:52+00:00,WH-02,in_progress,4
ORD-008735,Plant-18,EL-1919-1937,96,85,0,2026-07-24T18:00:52+00:00,WH-02,in_progress,3
ORD-008736,Plant-33,PO-8726-948,29,29,0,2026-07-23T08:00:52+00:00,WH-02,in_progress,2
ORD-008737,Plant-17,CH-1087-4890,74,19,0,2026-07-23T13:00:52+00:00,WH-01,pending,3
ORD-008738,Plant-08,EL-5482-095,138,74,0,2026-07-20T09:00:52+00:00,WH-02,completed,8
ORD-008739,Plant-01,IN-8118-1655,94,26,0,2026-07-22T12:00:52+00:00,WH-01,pending,1
ORD-008740,Plant-21,CH-9338-4066,25,5,0,2026-07-21T15:00:52+00:00,WH-01,pending,9
ORD-008741,Plant-41,FL-1036-724,51,13,0,2026-07-20T01:00:52+00:00,WH-02,pending,5
ORD-008742,Plant-39,CH-7189-2127,12,10,0,2026-07-20T04:00:52+00:00,WH-02,pending,4
ORD-008743,Plant-21,IN-8334-1298,132,96,0,2026-07-19T22:00:52+00:00,WH-02,pending,2
ORD-008744,Plant-40,EL-1415-705,45,17,0,2026-07-25T21:00:52+00:00,WH-02,in_progress,5
ORD-008745,Plant-14,FL-3257-3584,90,43,0,2026-07-21T01:00:52+00:00,WH-02,completed,7
ORD-008746,Plant-29,EL-2543-2910,118,67,0,2026-07-26T15:00:52+00:00,WH-02,in_progress,1
ORD-008747,Plant-31,EL-5410-3409,43,7,0,2026-07-26T11:00:52+00:00,WH-01,in_progress,7
ORD-008748,Plant-44,EL-8324-3692,75,50,0,2026-07-25T02:00:52+00:00,WH-02,completed,7
ORD-008749,Plant-24,IN-8707-4381,52,28,0,2026-07-22T00:00:52+00:00,WH-02,completed,10
ORD-008750,Plant-01,FL-8620-4454,140,44,0,2026-07-20T06:00:52+00:00,WH-01,in_progress,6
ORD-008751,Plant-14,EL-3771-1809,81,39,0,2026-07-23T07:00:52+00:00,WH-02,pending,7
ORD-008752,Plant-47,PO-8273-155,67,55,0,2026-07-21T05:00:52+00:00,WH-01,completed,2
ORD-008753,Plant-12,PO-9598-3169,133,58,0,2026-07-26T07:00:52+00:00,WH-02,pending,2
ORD-008754,Plant-32,IN-8526-4903,68,14,0,2026-07-26T07:00:52+00:00,WH-02,in_progress,8
ORD-008755,Plant-40,EL-3035-3041,137,107,0,2026-07-25T08:00:52+00:00,WH-01,pending,9
ORD-008756,Plant-17,CH-7917-2110,140,93,0,2026-07-26T10:00:52+00:00,WH-01,in_progress,5
ORD-008757,Plant-33,PO-9290-2098,51,29,0,2026-07-25T20:00:52+00:00,WH-02,pending,1
ORD-008758,Plant-12,CH-7620-505,35,34,0,2026-07-21T02:00:52+00:00,WH-02,in_progress,10
ORD-008759,Plant-23,EL-9952-4653,92,40,0,2026-07-26T01:00:52+00:00,WH-02,in_progress,6
ORD-008760,Plant-30,IN-7119-4983,125,24,0,2026-07-22T23:00:52+00:00,WH-01,pending,8
ORD-008761,Plant-47,FL-7024-3313,106,20,0,2026-07-24T21:00:52+00:00,WH-02,in_progress,4
ORD-008762,Plant-45,EL-9514-611,101,3,0,2026-07-25T17:00:52+00:00,WH-02,completed,4
ORD-008763,Plant-08,FL-6441-2449,150,60,0,2026-07-23T23:00:52+00:00,WH-01,in_progress,6
ORD-008764,Plant-27,PO-6547-4014,29,24,0,2026-07-26T02:00:52+00:00,WH-02,completed,3
ORD-008765,Plant-43,EL-6056-3196,75,72,0,2026-07-21T07:00:52+00:00,WH-01,pending,2
ORD-008766,Plant-40,PO-1028-2086,87,50,0,2026-07-25T06:00:52+00:00,WH-01,completed,4
ORD-008767,Plant-33,IN-8960-265,102,2,0,2026-07-24T10:00:52+00:00,WH-02,in_progress,9
ORD-008768,Plant-17,EL-8199-2276,72,38,0,2026-07-20T17:00:52+00:00,WH-02,completed,6
ORD-008769,Plant-16,CH-1356-663,115,8,0,2026-07-21T06:00:52+00:00,WH-01,pending,8
ORD-008770,Plant-32,CH-4173-322,74,33,0,2026-07-21T08:00:52+00:00,WH-02,completed,7
ORD-008771,Plant-45,IN-8433-4078,81,13,0,2026-07-24T23:00:52+00:00,WH-01,completed,10
ORD-008772,Plant-10,FL-1713-406,33,33,0,2026-07-23T15:00:52+00:00,WH-01,pending,9
ORD-008773,Plant-46,IN-8963-1883,104,47,0,2026-07-21T09:00:52+00:00,WH-01,pending,7
ORD-008774,Plant-39,PO-7666-003,107,71,0,2026-07-21T04:00:52+00:00,WH-01,completed,7
ORD-008775,Plant-46,FL-9876-331,128,7,0,2026-07-23T12:00:52+00:00,WH-01,completed,7
ORD-008776,Plant-04,CH-3333-2169,136,34,0,2026-07-21T00:00:52+00:00,WH-02,in_progress,5
ORD-008777,Plant-34,IN-5038-177,27,7,0,2026-07-25T17:00:52+00:00,WH-01,pending,10
ORD-008778,Plant-40,IN-3895-1872,54,47,0,2026-07-21T16:00:52+00:00,WH-02,in_progress,5
ORD-008779,Plant-18,PO-5241-632,107,32,0,2026-07-23T11:00:52+00:00,WH-01,pending,10
ORD-008780,Plant-02,PO-6143-2633,12,0,0,2026-07-21T09:00:52+00:00,WH-01,pending,6
ORD-008781,Plant-02,IN-9975-4557,39,34,0,2026-07-22T12:00:52+00:00,WH-01,in_progress,9
ORD-008782,Plant-23,CH-8866-3034,130,107,0,2026-07-24T12:00:52+00:00,WH-02,in_progress,3
ORD-008783,Plant-28,PO-7694-679,7,0,0,2026-07-22T22:00:52+00:00,WH-01,completed,6
ORD-008784,Plant-48,PO-1384-3353,60,34,0,2026-07-21T17:00:52+00:00,WH-02,pending,7
ORD-008785,Plant-45,EL-8730-4785,56,22,0,2026-07-20T09:00:52+00:00,WH-01,in_progress,8
ORD-008786,Plant-24,PO-7715-3906,87,75,0,2026-07-25T06:00:52+00:00,WH-02,completed,3
ORD-008787,Plant-43,PO-2399-1040,17,16,0,2026-07-21T20:00:52+00:00,WH-02,in_progress,2
ORD-008788,Plant-04,CH-7171-430,130,55,0,2026-07-20T08:00:52+00:00,WH-02,pending,6
ORD-008789,Plant-17,PO-9196-1789,113,64,0,2026-07-21T11:00:52+00:00,WH-02,in_progress,2
ORD-008790,Plant-31,PO-3789-4585,105,22,0,2026-07-21T12:00:52+00:00,WH-01,completed,3
ORD-008791,Plant-43,PO-1451-4637,134,32,0,2026-07-21T01:00:52+00:00,WH-01,completed,2
ORD-008792,Plant-43,IN-1030-4773,113,90,0,2026-07-24T09:00:52+00:00,WH-01,pending,10
ORD-008793,Plant-21,EL-2230-127,144,131,0,2026-07-26T13:00:52+00:00,WH-01,completed,10
ORD-008794,Plant-44,IN-2142-448,130,5,0,2026-07-26T15:00:52+00:00,WH-02,completed,7
ORD-008795,Plant-10,CH-4919-1713,104,45,0,2026-07-22T14:00:52+00:00,WH-02,in_progress,4
ORD-008796,Plant-44,IN-6477-4477,38,23,0,2026-07-23T23:00:52+00:00,WH-02,pending,3
ORD-008797,Plant-28,FL-4023-4013,135,98,0,2026-07-26T12:00:52+00:00,WH-01,in_progress,1
ORD-008798,Plant-44,PO-4601-479,25,15,0,2026-07-24T23:00:52+00:00,WH-01,in_progress,5
ORD-008799,Plant-22,IN-1399-2459,94,60,0,2026-07-23T11:00:52+00:00,WH-02,in_progress,7
ORD-008800,Plant-38,FL-2487-559,56,29,0,2026-07-20T20:00:52+00:00,WH-01,pending,8
ORD-008801,Plant-33,FL-2532-2673,93,55,0,2026-07-26T18:00:52+00:00,WH-01,completed,2
ORD-008802,Plant-08,FL-7577-4333,101,72,0,2026-07-24T20:00:52+00:00,WH-01,in_progress,4
ORD-008803,Plant-25,EL-6056-3196,40,29,0,2026-07-25T21:00:52+00:00,WH-02,completed,7
ORD-008804,Plant-23,PO-6388-956,27,10,0,2026-07-25T07:00:52+00:00,WH-01,pending,9
ORD-008805,Plant-03,FL-4282-1599,114,113,0,2026-07-21T13:00:52+00:00,WH-02,completed,4
ORD-008806,Plant-16,FL-7254-3210,33,31,0,2026-07-24T18:00:52+00:00,WH-02,pending,6
ORD-008807,Plant-29,IN-5608-790,16,0,0,2026-07-21T09:00:52+00:00,WH-02,in_progress,3
ORD-008808,Plant-41,CH-4562-2069,14,9,0,2026-07-24T17:00:52+00:00,WH-01,pending,3
ORD-008809,Plant-27,EL-4972-2317,91,2,0,2026-07-24T10:00:52+00:00,WH-01,completed,1
ORD-008810,Plant-41,EL-2251-1109,14,0,0,2026-07-23T00:00:52+00:00,WH-02,pending,1
ORD-008811,Plant-10,PO-7374-4401,74,12,0,2026-07-25T08:00:52+00:00,WH-01,pending,10
ORD-008812,Plant-03,PO-9113-1300,41,40,0,2026-07-21T10:00:52+00:00,WH-02,pending,6
ORD-008813,Plant-48,FL-8692-2956,33,16,0,2026-07-21T10:00:52+00:00,WH-01,in_progress,3
ORD-008814,Plant-04,EL-4918-2409,144,127,0,2026-07-24T02:00:52+00:00,WH-02,in_progress,10
ORD-008815,Plant-23,CH-1839-1716,73,39,0,2026-07-24T19:00:52+00:00,WH-01,completed,6
ORD-008816,Plant-03,FL-4749-1333,123,35,0,2026-07-21T21:00:52+00:00,WH-01,completed,8
ORD-008817,Plant-39,EL-8104-838,65,1,0,2026-07-23T19:00:52+00:00,WH-02,in_progress,10
ORD-008818,Plant-33,CH-7340-2261,139,53,0,2026-07-19T18:00:52+00:00,WH-01,completed,1
ORD-008819,Plant-42,CH-3125-025,76,0,0,2026-07-21T17:00:52+00:00,WH-01,in_progress,10
ORD-008820,Plant-19,FL-1360-3269,93,32,0,2026-07-19T21:00:52+00:00,WH-01,completed,3
ORD-008821,Plant-26,FL-8951-021,150,128,0,2026-07-26T14:00:52+00:00,WH-01,pending,4
ORD-008822,Plant-28,FL-4192-2050,75,17,0,2026-07-24T08:00:52+00:00,WH-01,pending,3
ORD-008823,Plant-22,PO-3288-1514,139,37,0,2026-07-22T07:00:52+00:00,WH-01,pending,10
ORD-008824,Plant-15,FL-4192-2050,115,104,0,2026-07-21T18:00:52+00:00,WH-01,in_progress,4
ORD-008825,Plant-47,CH-7473-2038,11,6,0,2026-07-22T20:00:52+00:00,WH-02,in_progress,5
ORD-008826,Plant-18,IN-2732-4152,101,25,0,2026-07-21T23:00:52+00:00,WH-02,completed,10
ORD-008827,Plant-28,PO-2360-3963,137,58,0,2026-07-21T19:00:52+00:00,WH-02,in_progress,6
ORD-008828,Plant-02,PO-3466-3100,78,71,0,2026-07-22T02:00:52+00:00,WH-02,completed,3
ORD-008829,Plant-05,EL-3100-4113,147,116,0,2026-07-25T14:00:52+00:00,WH-01,in_progress,8
ORD-008830,Plant-41,FL-7948-3474,117,89,0,2026-07-22T06:00:52+00:00,WH-01,completed,8
ORD-008831,Plant-02,PO-5460-1445,70,67,0,2026-07-25T01:00:52+00:00,WH-01,pending,9
ORD-008832,Plant-20,CH-3497-2342,68,51,0,2026-07-25T14:00:52+00:00,WH-02,completed,10
ORD-008833,Plant-14,CH-6329-1384,108,105,0,2026-07-20T23:00:52+00:00,WH-02,in_progress,4
ORD-008834,Plant-27,IN-7698-888,41,18,0,2026-07-20T18:00:52+00:00,WH-02,in_progress,3
ORD-008835,Plant-06,CH-8743-4923,76,2,0,2026-07-21T18:00:52+00:00,WH-02,pending,8
ORD-008836,Plant-26,PO-3977-4593,142,20,0,2026-07-19T22:00:52+00:00,WH-01,in_progress,10
ORD-008837,Plant-42,CH-1169-598,12,9,0,2026-07-26T05:00:52+00:00,WH-02,pending,9
ORD-008838,Plant-42,FL-2128-3843,7,7,0,2026-07-22T04:00:52+00:00,WH-02,in_progress,4
ORD-008839,Plant-37,EL-6235-4909,39,0,0,2026-07-20T16:00:52+00:00,WH-02,completed,6
ORD-008840,Plant-34,PO-6713-1188,7,1,0,2026-07-21T07:00:52+00:00,WH-01,pending,4
ORD-008841,Plant-20,FL-6358-982,69,26,0,2026-07-20T05:00:52+00:00,WH-01,completed,8
ORD-008842,Plant-33,PO-9350-3575,70,48,0,2026-07-22T15:00:52+00:00,WH-02,completed,5
ORD-008843,Plant-40,CH-9369-500,108,54,0,2026-07-25T13:00:52+00:00,WH-02,completed,1
ORD-008844,Plant-27,FL-3028-4847,38,27,0,2026-07-22T08:00:52+00:00,WH-02,in_progress,4
ORD-008845,Plant-26,CH-4135-041,58,48,0,2026-07-22T02:00:52+00:00,WH-02,in_progress,6
ORD-008846,Plant-30,CH-8192-1611,45,45,0,2026-07-22T16:00:52+00:00,WH-01,completed,4
ORD-008847,Plant-41,EL-7059-1097,42,42,0,2026-07-23T01:00:52+00:00,WH-01,pending,10
ORD-008848,Plant-20,FL-1441-2880,48,22,0,2026-07-23T15:00:52+00:00,WH-01,in_progress,8
ORD-008849,Plant-35,EL-3681-881,53,53,0,2026-07-26T01:00:52+00:00,WH-01,completed,4
ORD-008850,Plant-01,IN-9127-3994,54,8,0,2026-07-21T15:00:52+00:00,WH-01,pending,7
ORD-008851,Plant-21,EL-6086-2170,67,38,0,2026-07-20T19:00:52+00:00,WH-02,completed,10
ORD-008852,Plant-04,CH-2591-4775,21,3,0,2026-07-22T03:00:52+00:00,WH-02,in_progress,3
ORD-008853,Plant-43,IN-7049-4267,150,35,0,2026-07-24T16:00:52+00:00,WH-01,completed,5
ORD-008854,Plant-21,PO-3261-4140,57,25,0,2026-07-22T08:00:52+00:00,WH-01,in_progress,10
ORD-008855,Plant-27,FL-6065-3982,44,43,0,2026-07-26T08:00:52+00:00,WH-02,completed,2
ORD-008856,Plant-29,FL-6110-4258,149,18,0,2026-07-20T05:00:52+00:00,WH-01,completed,4
ORD-008857,Plant-23,CH-2532-2579,101,64,0,2026-07-25T09:00:52+00:00,WH-01,in_progress,6
ORD-008858,Plant-23,IN-9141-3789,147,80,0,2026-07-25T05:00:52+00:00,WH-01,completed,9
ORD-008859,Plant-26,CH-1262-1427,82,39,0,2026-07-22T04:00:52+00:00,WH-02,completed,2
ORD-008860,Plant-32,IN-4602-4440,94,55,0,2026-07-23T05:00:52+00:00,WH-02,in_progress,3
ORD-008861,Plant-08,IN-2603-818,51,50,0,2026-07-24T21:00:52+00:00,WH-01,in_progress,9
ORD-008862,Plant-44,CH-7608-2977,150,15,0,2026-07-21T08:00:52+00:00,WH-02,in_progress,3
ORD-008863,Plant-09,CH-4048-2381,74,68,0,2026-07-22T00:00:52+00:00,WH-02,pending,9
ORD-008864,Plant-14,FL-2125-4424,88,59,0,2026-07-26T00:00:52+00:00,WH-01,pending,1
ORD-008865,Plant-24,IN-3292-2527,32,24,0,2026-07-22T08:00:52+00:00,WH-01,in_progress,5
ORD-008866,Plant-01,CH-8446-3509,100,81,0,2026-07-21T23:00:52+00:00,WH-01,completed,6
ORD-008867,Plant-04,IN-3895-1872,145,28,0,2026-07-24T02:00:52+00:00,WH-01,in_progress,7
ORD-008868,Plant-03,CH-3366-1174,98,95,0,2026-07-20T19:00:52+00:00,WH-02,completed,2
ORD-008869,Plant-10,EL-1627-1520,34,20,0,2026-07-26T10:00:52+00:00,WH-01,completed,4
ORD-008870,Plant-05,FL-7594-1844,51,32,0,2026-07-25T03:00:52+00:00,WH-02,completed,8
ORD-008871,Plant-32,FL-3701-912,123,8,0,2026-07-25T15:00:52+00:00,WH-01,in_progress,6
ORD-008872,Plant-03,PO-4273-4364,11,8,0,2026-07-24T11:00:52+00:00,WH-01,completed,2
ORD-008873,Plant-04,EL-9042-4666,15,13,0,2026-07-23T04:00:52+00:00,WH-01,in_progress,9
ORD-008874,Plant-16,CH-8742-1625,116,11,0,2026-07-23T06:00:52+00:00,WH-02,in_progress,7
ORD-008875,Plant-39,IN-4028-2967,14,7,0,2026-07-21T08:00:52+00:00,WH-02,pending,1
ORD-008876,Plant-26,PO-7095-1128,11,9,0,2026-07-20T11:00:52+00:00,WH-01,pending,3
ORD-008877,Plant-21,IN-1752-779,86,26,0,2026-07-22T18:00:52+00:00,WH-02,pending,4
ORD-008878,Plant-11,FL-9033-668,43,13,0,2026-07-19T22:00:52+00:00,WH-01,pending,5
ORD-008879,Plant-38,EL-6414-1554,113,17,0,2026-07-22T01:00:52+00:00,WH-02,pending,4
ORD-008880,Plant-33,EL-2172-871,28,18,0,2026-07-22T04:00:52+00:00,WH-02,completed,5
ORD-008881,Plant-02,IN-9628-4358,107,37,0,2026-07-20T04:00:52+00:00,WH-01,completed,8
ORD-008882,Plant-39,CH-8090-3648,29,17,0,2026-07-21T12:00:52+00:00,WH-01,in_progress,9
ORD-008883,Plant-21,IN-4116-3718,78,18,0,2026-07-22T04:00:52+00:00,WH-01,completed,10
ORD-008884,Plant-32,PO-4112-2973,108,76,0,2026-07-22T06:00:52+00:00,WH-01,pending,5
ORD-008885,Plant-23,CH-7998-1751,75,27,0,2026-07-20T02:00:52+00:00,WH-02,pending,8
ORD-008886,Plant-16,FL-5280-851,115,84,0,2026-07-24T11:00:52+00:00,WH-02,completed,10
ORD-008887,Plant-42,EL-5771-1500,140,0,0,2026-07-24T07:00:52+00:00,WH-02,pending,3
ORD-008888,Plant-23,EL-2666-3900,51,1,0,2026-07-24T11:00:52+00:00,WH-02,pending,8
ORD-008889,Plant-28,FL-6159-1317,93,5,0,2026-07-25T15:00:52+00:00,WH-02,in_progress,2
ORD-008890,Plant-37,CH-5495-3836,68,11,0,2026-07-26T10:00:52+00:00,WH-02,pending,1
ORD-008891,Plant-17,CH-4221-4822,39,3,0,2026-07-24T22:00:52+00:00,WH-02,in_progress,1
ORD-008892,Plant-16,CH-6616-1681,109,4,0,2026-07-26T09:00:52+00:00,WH-01,pending,9
ORD-008893,Plant-33,EL-2885-3472,126,103,0,2026-07-22T02:00:52+00:00,WH-01,pending,10
ORD-008894,Plant-24,FL-4206-2135,67,9,0,2026-07-26T12:00:52+00:00,WH-02,pending,1
ORD-008895,Plant-18,PO-3789-4585,117,54,0,2026-07-19T21:00:52+00:00,WH-02,completed,10
ORD-008896,Plant-48,EL-5672-4827,122,114,0,2026-07-21T22:00:52+00:00,WH-01,pending,2
ORD-008897,Plant-15,FL-8977-4402,24,20,0,2026-07-25T20:00:52+00:00,WH-01,in_progress,2
ORD-008898,Plant-24,IN-2887-3017,10,5,0,2026-07-20T08:00:52+00:00,WH-01,completed,9
ORD-008899,Plant-22,CH-2040-4645,34,7,0,2026-07-22T20:00:52+00:00,WH-01,pending,5
ORD-008900,Plant-25,FL-2100-1997,86,5,0,2026-07-25T18:00:52+00:00,WH-02,completed,9
ORD-008901,Plant-14,FL-4436-153,104,5,0,2026-07-22T04:00:52+00:00,WH-01,in_progress,6
ORD-008902,Plant-08,FL-5505-4807,135,41,0,2026-07-23T15:00:52+00:00,WH-02,pending,3
ORD-008903,Plant-16,CH-3769-3762,103,23,0,2026-07-23T15:00:52+00:00,WH-02,completed,3
ORD-008904,Plant-08,FL-9302-3274,25,16,0,2026-07-20T15:00:52+00:00,WH-01,in_progress,10
ORD-008905,Plant-47,PO-9898-4688,58,43,0,2026-07-19T18:00:52+00:00,WH-02,in_progress,6
ORD-008906,Plant-20,PO-8696-4229,121,100,0,2026-07-20T19:00:52+00:00,WH-01,in_progress,1
ORD-008907,Plant-35,IN-9721-4100,27,14,0,2026-07-22T08:00:52+00:00,WH-01,in_progress,5
ORD-008908,Plant-34,FL-2186-2722,39,4,0,2026-07-25T23:00:52+00:00,WH-01,completed,2
ORD-008909,Plant-22,PO-5539-2244,60,54,0,2026-07-25T00:00:52+00:00,WH-02,pending,3
ORD-008910,Plant-04,IN-6115-2782,30,5,0,2026-07-26T17:00:52+00:00,WH-01,pending,1
ORD-008911,Plant-33,EL-8254-579,80,78,0,2026-07-26T15:00:52+00:00,WH-02,completed,10
ORD-008912,Plant-21,PO-3021-1039,127,9,0,2026-07-25T10:00:52+00:00,WH-02,completed,6
ORD-008913,Plant-18,FL-9938-4073,132,24,0,2026-07-23T22:00:52+00:00,WH-02,completed,8
ORD-008914,Plant-27,CH-6441-3150,134,131,0,2026-07-23T09:00:52+00:00,WH-01,pending,7
ORD-008915,Plant-35,CH-2608-1052,8,6,0,2026-07-23T23:00:52+00:00,WH-01,completed,3
ORD-008916,Plant-13,PO-1158-1004,49,12,0,2026-07-22T14:00:52+00:00,WH-02,in_progress,9
ORD-008917,Plant-18,EL-4903-629,143,118,0,2026-07-26T14:00:52+00:00,WH-02,completed,5
ORD-008918,Plant-35,EL-7383-925,20,0,0,2026-07-21T18:00:52+00:00,WH-01,in_progress,1
ORD-008919,Plant-09,PO-7999-911,76,10,0,2026-07-23T10:00:52+00:00,WH-02,completed,10
ORD-008920,Plant-07,CH-6111-4058,138,135,0,2026-07-19T23:00:52+00:00,WH-01,pending,9
ORD-008921,Plant-28,EL-4986-2813,119,26,0,2026-07-23T15:00:52+00:00,WH-02,completed,3
ORD-008922,Plant-38,IN-2158-2741,113,67,0,2026-07-24T23:00:52+00:00,WH-02,completed,1
ORD-008923,Plant-04,IN-9975-4557,19,12,0,2026-07-24T12:00:52+00:00,WH-02,pending,8
ORD-008924,Plant-12,IN-2281-180,87,34,0,2026-07-20T04:00:52+00:00,WH-02,pending,2
ORD-008925,Plant-11,FL-6067-4848,19,8,0,2026-07-20T01:00:52+00:00,WH-02,pending,2
ORD-008926,Plant-13,FL-5047-1813,55,20,0,2026-07-22T04:00:52+00:00,WH-01,in_progress,9
ORD-008927,Plant-37,EL-3634-3615,60,15,0,2026-07-19T18:00:52+00:00,WH-02,in_progress,10
ORD-008928,Plant-14,IN-8435-2425,70,37,0,2026-07-25T01:00:52+00:00,WH-02,in_progress,7
ORD-008929,Plant-31,PO-6993-4214,108,65,0,2026-07-26T17:00:52+00:00,WH-01,completed,4
ORD-008930,Plant-18,IN-2581-1194,18,11,0,2026-07-24T16:00:52+00:00,WH-02,in_progress,2
ORD-008931,Plant-43,CH-5344-3026,60,46,0,2026-07-19T20:00:52+00:00,WH-01,pending,5
ORD-008932,Plant-39,PO-2865-335,105,19,0,2026-07-23T21:00:52+00:00,WH-02,in_progress,2
ORD-008933,Plant-46,EL-8961-1201,85,2,0,2026-07-26T15:00:52+00:00,WH-01,completed,6
ORD-008934,Plant-02,CH-9580-4051,36,0,0,2026-07-20T07:00:52+00:00,WH-02,pending,5
ORD-008935,Plant-11,FL-8381-3623,50,26,0,2026-07-21T08:00:52+00:00,WH-02,pending,1
ORD-008936,Plant-32,FL-2942-1202,97,19,0,2026-07-22T14:00:52+00:00,WH-01,in_progress,5
ORD-008937,Plant-23,FL-6368-1360,54,34,0,2026-07-23T00:00:52+00:00,WH-01,pending,7
ORD-008938,Plant-34,IN-9708-3547,26,21,0,2026-07-19T21:00:52+00:00,WH-01,in_progress,10
ORD-008939,Plant-46,PO-2360-3170,16,13,0,2026-07-26T09:00:52+00:00,WH-02,completed,9
ORD-008940,Plant-36,PO-5445-4883,83,12,0,2026-07-21T12:00:52+00:00,WH-02,pending,4
ORD-008941,Plant-24,CH-3028-4582,86,42,0,2026-07-20T03:00:52+00:00,WH-02,pending,8
ORD-008942,Plant-27,CH-1074-2710,124,106,0,2026-07-22T13:00:52+00:00,WH-02,pending,2
ORD-008943,Plant-34,PO-3527-2809,44,22,0,2026-07-20T14:00:52+00:00,WH-02,pending,7
ORD-008944,Plant-38,FL-7013-2950,73,22,0,2026-07-25T13:00:52+00:00,WH-01,completed,4
ORD-008945,Plant-21,CH-4293-2040,108,51,0,2026-07-25T09:00:52+00:00,WH-02,completed,9
ORD-008946,Plant-17,EL-8006-4254,9,1,0,2026-07-26T11:00:52+00:00,WH-02,completed,3
ORD-008947,Plant-24,EL-6414-1554,101,55,0,2026-07-26T06:00:52+00:00,WH-01,completed,7
ORD-008948,Plant-47,FL-8977-4402,35,31,0,2026-07-24T22:00:52+00:00,WH-02,pending,8
ORD-008949,Plant-36,PO-8443-2267,117,45,0,2026-07-20T09:00:52+00:00,WH-02,completed,6
ORD-008950,Plant-40,CH-4422-238,146,55,0,2026-07-20T07:00:52+00:00,WH-01,pending,9
ORD-008951,Plant-43,IN-2776-1601,73,23,0,2026-07-25T02:00:52+00:00,WH-01,completed,6
ORD-008952,Plant-04,CH-8724-3831,101,88,0,2026-07-26T08:00:52+00:00,WH-02,completed,4
ORD-008953,Plant-22,PO-8041-1799,34,12,0,2026-07-24T15:00:52+00:00,WH-01,completed,4
ORD-008954,Plant-16,PO-8204-1403,79,61,0,2026-07-23T11:00:52+00:00,WH-02,in_progress,9
ORD-008955,Plant-02,EL-1620-2653,129,28,0,2026-07-23T16:00:52+00:00,WH-01,pending,1
ORD-008956,Plant-31,PO-5472-4022,14,5,0,2026-07-21T13:00:52+00:00,WH-01,completed,4
ORD-008957,Plant-23,EL-7737-2262,37,13,0,2026-07-20T08:00:52+00:00,WH-01,pending,7
ORD-008958,Plant-38,PO-7364-006,26,17,0,2026-07-25T19:00:52+00:00,WH-02,in_progress,6
ORD-008959,Plant-24,EL-7391-955,111,73,0,2026-07-25T04:00:52+00:00,WH-02,in_progress,6
ORD-008960,Plant-04,FL-8579-3302,44,32,0,2026-07-24T15:00:52+00:00,WH-01,pending,9
ORD-008961,Plant-45,IN-6708-1438,102,46,0,2026-07-25T15:00:52+00:00,WH-01,completed,10
ORD-008962,Plant-47,IN-3721-1887,25,7,0,2026-07-25T09:00:52+00:00,WH-02,in_progress,8
ORD-008963,Plant-11,EL-7737-2262,120,118,0,2026-07-21T13:00:52+00:00,WH-01,completed,8
ORD-008964,Plant-16,FL-7848-1784,129,63,0,2026-07-25T23:00:52+00:00,WH-02,pending,1
ORD-008965,Plant-18,EL-5773-1795,20,8,0,2026-07-23T03:00:52+00:00,WH-02,in_progress,1
ORD-008966,Plant-17,FL-9851-1408,48,8,0,2026-07-20T22:00:52+00:00,WH-01,completed,7
ORD-008967,Plant-15,PO-1442-2479,143,42,0,2026-07-21T17:00:52+00:00,WH-01,in_progress,3
ORD-008968,Plant-11,IN-1772-3938,7,2,0,2026-07-20T21:00:52+00:00,WH-01,in_progress,8
ORD-008969,Plant-26,CH-7935-4962,40,6,0,2026-07-20T16:00:52+00:00,WH-02,pending,9
ORD-008970,Plant-20,IN-1645-2569,54,1,0,2026-07-24T21:00:52+00:00,WH-01,completed,9
ORD-008971,Plant-13,EL-4823-2516,133,23,0,2026-07-20T21:00:52+00:00,WH-02,completed,7
ORD-008972,Plant-39,EL-7590-814,139,8,0,2026-07-24T05:00:52+00:00,WH-02,in_progress,2
ORD-008973,Plant-01,CH-4867-2111,12,5,0,2026-07-20T04:00:52+00:00,WH-02,pending,6
ORD-008974,Plant-46,CH-3033-1791,64,45,0,2026-07-25T09:00:52+00:00,WH-02,pending,10
ORD-008975,Plant-32,IN-4670-4845,68,56,0,2026-07-22T17:00:52+00:00,WH-01,pending,2
ORD-008976,Plant-33,CH-3151-347,52,33,0,2026-07-24T07:00:52+00:00,WH-02,in_progress,8
ORD-008977,Plant-39,FL-4749-1333,97,73,0,2026-07-26T02:00:52+00:00,WH-02,in_progress,6
ORD-008978,Plant-28,CH-5156-4161,97,0,0,2026-07-26T02:00:52+00:00,WH-02,in_progress,8
ORD-008979,Plant-41,FL-9628-2476,41,25,0,2026-07-22T11:00:52+00:00,WH-01,pending,4
ORD-008980,Plant-37,FL-9150-874,10,3,0,2026-07-26T04:00:52+00:00,WH-02,pending,4
ORD-008981,Plant-05,EL-4078-4892,97,35,0,2026-07-22T19:00:52+00:00,WH-02,in_progress,7
ORD-008982,Plant-31,PO-6375-3072,87,62,0,2026-07-23T10:00:52+00:00,WH-01,completed,3
ORD-008983,Plant-19,IN-2603-2207,126,21,0,2026-07-24T09:00:52+00:00,WH-02,completed,8
ORD-008984,Plant-41,PO-3323-470,40,25,0,2026-07-20T12:00:52+00:00,WH-02,completed,7
ORD-008985,Plant-14,CH-3487-4221,84,28,0,2026-07-20T15:00:52+00:00,WH-01,pending,4
ORD-008986,Plant-16,IN-9122-2452,85,36,0,2026-07-24T15:00:52+00:00,WH-01,pending,10
ORD-008987,Plant-15,IN-6268-734,99,73,0,2026-07-21T03:00:52+00:00,WH-01,completed,10
ORD-008988,Plant-41,EL-5812-3996,137,58,0,2026-07-21T04:00:52+00:00,WH-01,completed,8
ORD-008989,Plant-25,PO-1458-662,12,12,0,2026-07-23T06:00:52+00:00,WH-02,pending,7
ORD-008990,Plant-35,IN-6135-1622,121,52,0,2026-07-20T10:00:52+00:00,WH-02,in_progress,5
ORD-008991,Plant-19,PO-6327-4624,66,27,0,2026-07-24T01:00:52+00:00,WH-02,in_progress,6
ORD-008992,Plant-27,CH-6919-3185,148,108,0,2026-07-26T08:00:52+00:00,WH-02,in_progress,2
ORD-008993,Plant-09,EL-7124-3810,69,24,0,2026-07-26T13:00:52+00:00,WH-01,pending,5
ORD-008994,Plant-28,FL-4487-1266,103,88,0,2026-07-26T12:00:52+00:00,WH-02,pending,6
ORD-008995,Plant-26,EL-3938-2593,82,44,0,2026-07-23T00:00:52+00:00,WH-02,completed,9
ORD-008996,Plant-42,IN-7797-4092,42,11,0,2026-07-20T00:00:52+00:00,WH-02,in_progress,8
ORD-008997,Plant-21,PO-6380-2245,67,28,0,2026-07-22T02:00:52+00:00,WH-01,in_progress,4
ORD-008998,Plant-06,PO-8249-4564,5,1,0,2026-07-21T12:00:52+00:00,WH-01,completed,2
ORD-008999,Plant-08,CH-8237-3112,40,36,0,2026-07-22T02:00:52+00:00,WH-02,completed,10
ORD-009000,Plant-30,FL-2036-745,140,70,0,2026-07-22T14:00:52+00:00,WH-01,completed,2
ORD-009001,Plant-07,EL-8895-3891,101,41,0,2026-07-25T11:00:52+00:00,WH-02,pending,3
ORD-009002,Plant-03,PO-3126-513,103,46,0,2026-07-20T21:00:52+00:00,WH-01,completed,8
ORD-009003,Plant-08,FL-3835-441,109,8,0,2026-07-23T13:00:52+00:00,WH-02,pending,10
ORD-009004,Plant-05,IN-9339-2057,86,13,0,2026-07-21T15:00:52+00:00,WH-01,completed,3
ORD-009005,Plant-07,IN-2123-4733,46,40,0,2026-07-26T00:00:52+00:00,WH-02,in_progress,6
ORD-009006,Plant-30,FL-7779-2233,58,50,0,2026-07-22T12:00:52+00:00,WH-01,pending,10
ORD-009007,Plant-18,CH-9114-2768,56,45,0,2026-07-21T08:00:52+00:00,WH-02,completed,7
ORD-009008,Plant-16,FL-9594-2634,56,2,0,2026-07-21T09:00:52+00:00,WH-01,pending,4
ORD-009009,Plant-03,IN-9750-3381,98,86,0,2026-07-21T05:00:52+00:00,WH-01,completed,6
ORD-009010,Plant-28,FL-5108-3013,8,5,0,2026-07-24T05:00:52+00:00,WH-01,in_progress,8
ORD-009011,Plant-12,EL-2366-2394,121,47,0,2026-07-26T13:00:52+00:00,WH-02,pending,2
ORD-009012,Plant-01,EL-4616-3059,74,38,0,2026-07-20T00:00:52+00:00,WH-01,completed,10
ORD-009013,Plant-05,PO-3342-2112,97,82,0,2026-07-24T07:00:52+00:00,WH-01,completed,4
ORD-009014,Plant-01,PO-2440-325,61,8,0,2026-07-24T22:00:52+00:00,WH-01,pending,4
ORD-009015,Plant-32,PO-3356-2200,53,47,0,2026-07-22T19:00:52+00:00,WH-02,completed,9
ORD-009016,Plant-21,EL-3893-1727,93,41,0,2026-07-20T23:00:52+00:00,WH-02,completed,9
ORD-009017,Plant-23,PO-7962-4661,7,7,0,2026-07-26T10:00:52+00:00,WH-01,pending,1
ORD-009018,Plant-16,PO-1155-4993,79,52,0,2026-07-23T23:00:52+00:00,WH-01,in_progress,1
ORD-009019,Plant-40,CH-4034-688,37,21,0,2026-07-22T02:00:52+00:00,WH-02,in_progress,8
ORD-009020,Plant-12,EL-6090-2247,140,52,0,2026-07-20T02:00:52+00:00,WH-01,pending,8
ORD-009021,Plant-31,CH-4867-2111,7,1,0,2026-07-20T21:00:52+00:00,WH-01,pending,10
ORD-009022,Plant-30,IN-5573-906,126,98,0,2026-07-26T09:00:52+00:00,WH-02,completed,9
ORD-009023,Plant-04,FL-2882-192,93,29,0,2026-07-20T09:00:52+00:00,WH-02,in_progress,10
ORD-009024,Plant-32,FL-6010-3588,23,17,0,2026-07-21T19:00:52+00:00,WH-01,completed,4
ORD-009025,Plant-42,EL-3946-3321,60,7,0,2026-07-22T16:00:52+00:00,WH-01,completed,7
ORD-009026,Plant-18,CH-1785-1518,25,4,0,2026-07-21T05:00:52+00:00,WH-01,completed,3
ORD-009027,Plant-36,CH-9681-4537,74,0,0,2026-07-20T11:00:52+00:00,WH-01,pending,1
ORD-009028,Plant-03,PO-7539-2991,75,7,0,2026-07-24T16:00:52+00:00,WH-01,completed,6
ORD-009029,Plant-23,CH-4683-3328,149,31,0,2026-07-26T17:00:52+00:00,WH-02,in_progress,1
ORD-009030,Plant-18,FL-7424-1579,15,14,0,2026-07-26T12:00:52+00:00,WH-01,pending,2
ORD-009031,Plant-24,FL-6763-3511,76,62,0,2026-07-23T04:00:52+00:00,WH-02,pending,2
ORD-009032,Plant-09,CH-8615-3118,25,25,0,2026-07-25T23:00:52+00:00,WH-01,in_progress,8
ORD-009033,Plant-22,EL-5052-3516,39,20,0,2026-07-24T15:00:52+00:00,WH-02,pending,8
ORD-009034,Plant-47,PO-5317-1623,94,42,0,2026-07-25T13:00:52+00:00,WH-02,pending,5
ORD-009035,Plant-06,CH-7080-2142,148,8,0,2026-07-21T22:00:52+00:00,WH-01,pending,5
ORD-009036,Plant-39,PO-4908-2348,89,70,0,2026-07-19T19:00:52+00:00,WH-02,in_progress,10
ORD-009037,Plant-14,IN-5169-1858,69,61,0,2026-07-23T10:00:52+00:00,WH-01,in_progress,10
ORD-009038,Plant-40,CH-5996-4021,15,0,0,2026-07-22T15:00:52+00:00,WH-01,completed,8
ORD-009039,Plant-17,CH-8188-4644,138,47,0,2026-07-20T03:00:52+00:00,WH-01,in_progress,10
ORD-009040,Plant-31,EL-3681-881,39,9,0,2026-07-25T09:00:52+00:00,WH-02,pending,10
ORD-009041,Plant-06,PO-7943-3574,12,6,0,2026-07-25T09:00:52+00:00,WH-01,completed,7
ORD-009042,Plant-14,EL-9457-4915,115,53,0,2026-07-20T22:00:52+00:00,WH-02,completed,5
ORD-009043,Plant-46,EL-3509-1245,89,66,0,2026-07-25T11:00:52+00:00,WH-02,pending,5
ORD-009044,Plant-37,CH-3372-2199,137,85,0,2026-07-20T14:00:52+00:00,WH-01,in_progress,3
ORD-009045,Plant-48,FL-9603-1745,90,29,0,2026-07-21T04:00:52+00:00,WH-01,pending,6
ORD-009046,Plant-12,EL-1499-4272,89,52,0,2026-07-19T23:00:52+00:00,WH-01,pending,3
ORD-009047,Plant-31,PO-4974-181,5,1,0,2026-07-24T21:00:52+00:00,WH-01,in_progress,7
ORD-009048,Plant-05,PO-8196-1149,147,25,0,2026-07-24T19:00:52+00:00,WH-01,in_progress,2
ORD-009049,Plant-42,EL-3920-4503,44,22,0,2026-07-22T02:00:52+00:00,WH-01,completed,5
ORD-009050,Plant-47,CH-3546-4303,126,124,0,2026-07-24T22:00:52+00:00,WH-02,pending,2
ORD-009051,Plant-29,CH-8756-3330,29,22,0,2026-07-24T08:00:52+00:00,WH-01,in_progress,7
ORD-009052,Plant-40,IN-8118-1655,41,13,0,2026-07-26T09:00:52+00:00,WH-02,in_progress,9
ORD-009053,Plant-42,IN-2603-818,125,0,0,2026-07-26T11:00:52+00:00,WH-01,in_progress,3
ORD-009054,Plant-38,EL-9081-1010,73,70,0,2026-07-25T04:00:52+00:00,WH-01,pending,7
ORD-009055,Plant-25,FL-5264-3770,147,54,0,2026-07-22T05:00:52+00:00,WH-02,completed,8
ORD-009056,Plant-25,PO-1446-1953,43,9,0,2026-07-19T18:00:52+00:00,WH-02,pending,10
ORD-009057,Plant-42,PO-5292-1775,28,23,0,2026-07-25T08:00:52+00:00,WH-02,pending,5
ORD-009058,Plant-07,EL-5922-4049,94,59,0,2026-07-22T01:00:52+00:00,WH-02,completed,1
ORD-009059,Plant-39,CH-6190-4988,96,64,0,2026-07-24T21:00:52+00:00,WH-01,completed,3
ORD-009060,Plant-08,FL-9503-4855,62,31,0,2026-07-23T06:00:52+00:00,WH-02,pending,5
ORD-009061,Plant-15,FL-2279-3350,24,5,0,2026-07-25T14:00:52+00:00,WH-01,completed,3
ORD-009062,Plant-27,PO-6005-1761,109,102,0,2026-07-23T04:00:52+00:00,WH-02,completed,10
ORD-009063,Plant-21,FL-7006-3293,145,37,0,2026-07-22T00:00:52+00:00,WH-02,completed,10
ORD-009064,Plant-48,FL-7076-304,129,52,0,2026-07-21T00:00:52+00:00,WH-01,pending,8
ORD-009065,Plant-13,FL-3313-914,44,23,0,2026-07-25T21:00:52+00:00,WH-02,completed,1
ORD-009066,Plant-23,FL-4624-1389,74,57,0,2026-07-23T09:00:52+00:00,WH-02,completed,9
ORD-009067,Plant-46,CH-5786-1417,41,11,0,2026-07-21T09:00:52+00:00,WH-01,completed,7
ORD-009068,Plant-07,EL-7637-4395,96,85,0,2026-07-24T22:00:52+00:00,WH-02,completed,2
ORD-009069,Plant-41,IN-9934-2453,83,71,0,2026-07-20T02:00:52+00:00,WH-01,completed,3
ORD-009070,Plant-25,FL-8812-4709,137,90,0,2026-07-23T22:00:52+00:00,WH-02,in_progress,8
ORD-009071,Plant-33,EL-7906-515,89,25,0,2026-07-21T14:00:52+00:00,WH-02,pending,1
ORD-009072,Plant-26,CH-3169-352,13,1,0,2026-07-22T02:00:52+00:00,WH-01,completed,5
ORD-009073,Plant-32,EL-2934-1600,122,48,0,2026-07-20T11:00:52+00:00,WH-02,in_progress,6
ORD-009074,Plant-40,IN-1031-2257,54,40,0,2026-07-24T10:00:52+00:00,WH-01,pending,1
ORD-009075,Plant-35,IN-5575-2458,97,92,0,2026-07-24T09:00:52+00:00,WH-01,pending,5
ORD-009076,Plant-03,CH-2730-4134,52,25,0,2026-07-26T10:00:52+00:00,WH-02,pending,7
ORD-009077,Plant-16,FL-7590-2484,98,3,0,2026-07-21T01:00:52+00:00,WH-02,pending,3
ORD-009078,Plant-02,IN-7300-3614,108,60,0,2026-07-23T10:00:52+00:00,WH-02,pending,10
ORD-009079,Plant-38,EL-6387-145,14,1,0,2026-07-25T14:00:52+00:00,WH-01,in_progress,8
ORD-009080,Plant-30,EL-2857-394,82,26,0,2026-07-22T11:00:52+00:00,WH-01,completed,6
ORD-009081,Plant-04,FL-3580-2197,53,39,0,2026-07-20T07:00:52+00:00,WH-01,in_progress,6
ORD-009082,Plant-09,EL-3531-3759,45,5,0,2026-07-22T15:00:52+00:00,WH-02,in_progress,8
ORD-009083,Plant-22,CH-2832-1948,79,78,0,2026-07-21T13:00:52+00:00,WH-01,pending,5
ORD-009084,Plant-05,EL-8659-4226,10,0,0,2026-07-20T16:00:52+00:00,WH-01,completed,2
ORD-009085,Plant-40,FL-7013-2950,141,4,0,2026-07-23T06:00:52+00:00,WH-02,completed,2
ORD-009086,Plant-40,CH-3967-503,41,25,0,2026-07-22T23:00:52+00:00,WH-02,in_progress,6
ORD-009087,Plant-28,CH-1554-4174,111,20,0,2026-07-25T10:00:52+00:00,WH-02,pending,4
ORD-009088,Plant-13,PO-4023-540,62,56,0,2026-07-26T16:00:52+00:00,WH-02,in_progress,8
ORD-009089,Plant-11,IN-7047-4599,135,8,0,2026-07-21T17:00:52+00:00,WH-02,pending,1
ORD-009090,Plant-20,IN-3760-1303,65,33,0,2026-07-25T07:00:52+00:00,WH-02,in_progress,10
ORD-009091,Plant-48,FL-6008-3358,38,37,0,2026-07-24T03:00:52+00:00,WH-02,in_progress,9
ORD-009092,Plant-38,PO-7216-2793,82,72,0,2026-07-21T02:00:52+00:00,WH-01,pending,2
ORD-009093,Plant-22,EL-1685-1741,147,69,0,2026-07-24T11:00:52+00:00,WH-01,pending,9
ORD-009094,Plant-21,CH-7231-3675,150,9,0,2026-07-22T14:00:52+00:00,WH-02,in_progress,1
ORD-009095,Plant-25,EL-5028-4357,65,27,0,2026-07-23T08:00:52+00:00,WH-01,in_progress,5
ORD-009096,Plant-28,IN-2451-480,41,24,0,2026-07-21T09:00:52+00:00,WH-02,in_progress,7
ORD-009097,Plant-33,IN-3933-4533,71,46,0,2026-07-25T01:00:52+00:00,WH-01,in_progress,1
ORD-009098,Plant-06,IN-8750-4954,23,14,0,2026-07-21T14:00:52+00:00,WH-02,completed,6
ORD-009099,Plant-24,PO-6110-752,132,50,0,2026-07-23T05:00:52+00:00,WH-02,completed,3
ORD-009100,Plant-12,CH-3393-2648,43,1,0,2026-07-22T20:00:52+00:00,WH-01,pending,9
ORD-009101,Plant-03,IN-1122-1187,77,42,0,2026-07-24T14:00:52+00:00,WH-02,pending,3
ORD-009102,Plant-37,EL-5969-4571,40,26,0,2026-07-21T18:00:52+00:00,WH-01,completed,9
ORD-009103,Plant-35,CH-6469-4679,75,3,0,2026-07-23T02:00:52+00:00,WH-02,completed,2
ORD-009104,Plant-09,CH-1066-3830,73,71,0,2026-07-24T12:00:52+00:00,WH-01,pending,4
ORD-009105,Plant-39,EL-2717-1064,106,15,0,2026-07-24T10:00:52+00:00,WH-02,pending,1
ORD-009106,Plant-47,EL-5969-4571,75,53,0,2026-07-22T00:00:52+00:00,WH-01,completed,6
ORD-009107,Plant-39,EL-4255-1022,89,83,0,2026-07-25T05:00:52+00:00,WH-02,completed,2
ORD-009108,Plant-11,PO-1752-3822,150,52,0,2026-07-25T05:00:52+00:00,WH-02,pending,9
ORD-009109,Plant-07,EL-4304-4216,131,9,0,2026-07-26T04:00:52+00:00,WH-02,completed,7
ORD-009110,Plant-34,IN-4351-1410,32,7,0,2026-07-26T05:00:52+00:00,WH-02,pending,2
ORD-009111,Plant-18,PO-1402-407,47,8,0,2026-07-23T15:00:52+00:00,WH-02,pending,9
ORD-009112,Plant-40,PO-3100-4351,87,40,0,2026-07-23T08:00:52+00:00,WH-01,completed,9
ORD-009113,Plant-23,FL-6322-187,91,58,0,2026-07-26T14:00:52+00:00,WH-02,in_progress,2
ORD-009114,Plant-37,FL-1618-318,99,21,0,2026-07-25T11:00:52+00:00,WH-01,in_progress,6
ORD-009115,Plant-44,EL-7368-4754,145,90,0,2026-07-21T10:00:52+00:00,WH-02,completed,2
ORD-009116,Plant-02,EL-9081-1010,111,4,0,2026-07-25T09:00:52+00:00,WH-02,in_progress,10
ORD-009117,Plant-20,FL-1760-4665,123,31,0,2026-07-20T07:00:52+00:00,WH-02,in_progress,8
ORD-009118,Plant-04,PO-5623-3239,5,2,0,2026-07-20T00:00:52+00:00,WH-02,pending,10
ORD-009119,Plant-44,EL-4616-3059,43,6,0,2026-07-20T14:00:52+00:00,WH-02,completed,1
ORD-009120,Plant-39,EL-1580-3424,146,145,0,2026-07-21T21:00:52+00:00,WH-02,completed,10
ORD-009121,Plant-33,EL-4555-3092,36,1,0,2026-07-24T16:00:52+00:00,WH-01,in_progress,1
ORD-009122,Plant-02,CH-8826-4553,149,36,0,2026-07-20T19:00:52+00:00,WH-01,completed,5
ORD-009123,Plant-21,PO-4997-4522,25,14,0,2026-07-24T04:00:52+00:00,WH-02,in_progress,1
ORD-009124,Plant-36,EL-1295-3289,87,86,0,2026-07-23T23:00:52+00:00,WH-02,completed,8
ORD-009125,Plant-34,FL-3314-2406,47,24,0,2026-07-22T00:00:52+00:00,WH-02,in_progress,5
ORD-009126,Plant-23,EL-3193-412,53,50,0,2026-07-23T05:00:52+00:00,WH-01,completed,3
ORD-009127,Plant-43,CH-5988-3343,76,28,0,2026-07-23T12:00:52+00:00,WH-01,in_progress,6
ORD-009128,Plant-21,IN-5400-3494,144,74,0,2026-07-20T02:00:52+00:00,WH-02,in_progress,4
ORD-009129,Plant-40,EL-6017-2979,68,26,0,2026-07-26T04:00:52+00:00,WH-02,in_progress,2
ORD-009130,Plant-45,PO-7068-2411,130,113,0,2026-07-25T05:00:52+00:00,WH-02,in_progress,5
ORD-009131,Plant-12,FL-2761-2185,146,34,0,2026-07-25T23:00:52+00:00,WH-01,pending,1
ORD-009132,Plant-32,PO-3789-4585,122,72,0,2026-07-25T05:00:52+00:00,WH-02,pending,10
ORD-009133,Plant-10,CH-7468-4469,61,32,0,2026-07-23T17:00:52+00:00,WH-02,pending,10
ORD-009134,Plant-24,CH-3887-1707,13,3,0,2026-07-20T08:00:52+00:00,WH-02,completed,4
ORD-009135,Plant-03,FL-5432-3108,136,104,0,2026-07-20T07:00:52+00:00,WH-02,completed,8
ORD-009136,Plant-02,CH-9217-2059,12,9,0,2026-07-20T03:00:52+00:00,WH-02,pending,4
ORD-009137,Plant-14,EL-9499-1835,146,22,0,2026-07-24T18:00:52+00:00,WH-01,completed,5
ORD-009138,Plant-16,IN-5238-1925,97,28,0,2026-07-22T11:00:52+00:00,WH-01,in_progress,5
ORD-009139,Plant-05,CH-4710-651,92,13,0,2026-07-22T21:00:52+00:00,WH-01,in_progress,2
ORD-009140,Plant-08,PO-7415-2067,128,53,0,2026-07-21T14:00:52+00:00,WH-02,completed,1
ORD-009141,Plant-01,EL-3814-219,33,33,0,2026-07-21T03:00:52+00:00,WH-01,pending,7
ORD-009142,Plant-14,IN-1772-3938,58,27,0,2026-07-23T22:00:52+00:00,WH-02,in_progress,1
ORD-009143,Plant-48,CH-9314-1463,77,4,0,2026-07-25T09:00:52+00:00,WH-02,completed,1
ORD-009144,Plant-44,EL-5610-1280,5,2,0,2026-07-23T18:00:52+00:00,WH-01,pending,7
ORD-009145,Plant-17,IN-9141-3789,80,12,0,2026-07-22T05:00:52+00:00,WH-02,in_progress,8
ORD-009146,Plant-48,PO-3145-253,126,114,0,2026-07-20T23:00:52+00:00,WH-01,completed,10
ORD-009147,Plant-08,EL-5053-4122,92,3,0,2026-07-25T06:00:52+00:00,WH-02,completed,10
ORD-009148,Plant-03,EL-8861-3406,47,15,0,2026-07-21T03:00:52+00:00,WH-02,completed,1
ORD-009149,Plant-44,FL-2371-2924,79,20,0,2026-07-21T10:00:52+00:00,WH-02,completed,3
ORD-009150,Plant-23,IN-4116-3718,67,34,0,2026-07-25T09:00:52+00:00,WH-02,pending,6
ORD-009151,Plant-08,EL-3321-1043,35,18,0,2026-07-24T01:00:52+00:00,WH-02,in_progress,6
ORD-009152,Plant-42,PO-5160-3300,5,3,0,2026-07-25T19:00:52+00:00,WH-02,in_progress,1
ORD-009153,Plant-06,EL-6304-4313,106,69,0,2026-07-20T16:00:52+00:00,WH-02,pending,8
ORD-009154,Plant-29,FL-9574-3188,82,39,0,2026-07-25T21:00:52+00:00,WH-01,in_progress,8
ORD-009155,Plant-23,FL-6110-4258,127,1,0,2026-07-21T23:00:52+00:00,WH-02,completed,5
ORD-009156,Plant-18,PO-8659-3352,106,69,0,2026-07-20T12:00:52+00:00,WH-01,completed,1
ORD-009157,Plant-48,FL-8594-1460,52,48,0,2026-07-25T02:00:52+00:00,WH-02,in_progress,8
ORD-009158,Plant-36,PO-7806-2481,91,67,0,2026-07-21T14:00:52+00:00,WH-02,completed,5
ORD-009159,Plant-15,FL-1414-2849,25,17,0,2026-07-25T20:00:52+00:00,WH-02,pending,2
ORD-009160,Plant-38,IN-1532-525,104,5,0,2026-07-22T13:00:52+00:00,WH-01,in_progress,7
ORD-009161,Plant-21,FL-6968-2990,80,6,0,2026-07-20T23:00:52+00:00,WH-01,completed,10
ORD-009162,Plant-41,IN-2187-2004,33,13,0,2026-07-26T06:00:52+00:00,WH-02,in_progress,5
ORD-009163,Plant-05,IN-9221-2532,22,19,0,2026-07-25T18:00:52+00:00,WH-02,completed,6
ORD-009164,Plant-17,FL-6330-2494,136,43,0,2026-07-23T04:00:52+00:00,WH-02,completed,7
ORD-009165,Plant-27,EL-8050-4934,98,55,0,2026-07-21T07:00:52+00:00,WH-01,pending,3
ORD-009166,Plant-12,CH-2604-711,102,39,0,2026-07-24T02:00:52+00:00,WH-02,completed,3
ORD-009167,Plant-43,CH-1977-1051,112,87,0,2026-07-26T13:00:52+00:00,WH-01,pending,10
ORD-009168,Plant-38,EL-9574-2796,31,16,0,2026-07-26T01:00:52+00:00,WH-02,pending,5
ORD-009169,Plant-31,IN-4086-3116,57,25,0,2026-07-23T00:00:52+00:00,WH-02,completed,4
ORD-009170,Plant-09,FL-4457-2333,37,18,0,2026-07-26T02:00:52+00:00,WH-02,pending,5
ORD-009171,Plant-47,FL-2111-972,112,7,0,2026-07-20T19:00:52+00:00,WH-01,pending,4
ORD-009172,Plant-06,CH-1118-713,93,35,0,2026-07-23T19:00:52+00:00,WH-02,completed,7
ORD-009173,Plant-48,CH-4602-1277,29,24,0,2026-07-21T00:00:52+00:00,WH-02,completed,9
ORD-009174,Plant-42,FL-2160-1734,141,80,0,2026-07-19T23:00:52+00:00,WH-01,in_progress,4
ORD-009175,Plant-16,FL-9574-3188,74,46,0,2026-07-26T01:00:52+00:00,WH-01,pending,1
ORD-009176,Plant-29,IN-2932-3858,71,34,0,2026-07-23T05:00:52+00:00,WH-02,pending,4
ORD-009177,Plant-40,CH-7975-2751,136,81,0,2026-07-25T22:00:52+00:00,WH-01,pending,9
ORD-009178,Plant-18,IN-2827-4473,102,75,0,2026-07-24T08:00:52+00:00,WH-02,pending,3
ORD-009179,Plant-20,FL-4559-484,146,34,0,2026-07-23T09:00:52+00:00,WH-01,in_progress,9
ORD-009180,Plant-34,PO-9752-2598,89,64,0,2026-07-21T02:00:52+00:00,WH-02,pending,1
ORD-009181,Plant-39,CH-3453-3060,77,31,0,2026-07-24T10:00:52+00:00,WH-02,pending,4
ORD-009182,Plant-08,EL-3174-4595,62,27,0,2026-07-21T02:00:52+00:00,WH-01,pending,5
ORD-009183,Plant-40,PO-5855-869,23,6,0,2026-07-26T12:00:52+00:00,WH-01,completed,10
ORD-009184,Plant-30,CH-1651-4968,7,5,0,2026-07-21T20:00:52+00:00,WH-01,in_progress,8
ORD-009185,Plant-22,CH-5554-878,43,23,0,2026-07-23T13:00:52+00:00,WH-02,in_progress,6
ORD-009186,Plant-06,EL-8492-444,47,32,0,2026-07-22T04:00:52+00:00,WH-01,in_progress,7
ORD-009187,Plant-21,EL-1155-4067,67,4,0,2026-07-23T20:00:52+00:00,WH-02,completed,5
ORD-009188,Plant-01,PO-9190-4186,58,16,0,2026-07-20T23:00:52+00:00,WH-02,pending,5
ORD-009189,Plant-33,PO-6993-4214,115,112,0,2026-07-20T12:00:52+00:00,WH-01,completed,2
ORD-009190,Plant-26,PO-3323-4539,60,59,0,2026-07-23T16:00:52+00:00,WH-02,completed,2
ORD-009191,Plant-05,FL-8254-1404,144,1,0,2026-07-23T08:00:52+00:00,WH-01,in_progress,8
ORD-009192,Plant-04,IN-6973-1057,52,19,0,2026-07-25T13:00:52+00:00,WH-01,completed,8
ORD-009193,Plant-21,FL-5176-4506,27,3,0,2026-07-22T06:00:52+00:00,WH-01,in_progress,7
ORD-009194,Plant-16,IN-2153-575,46,41,0,2026-07-22T01:00:52+00:00,WH-01,completed,6
ORD-009195,Plant-01,PO-4690-4288,135,6,0,2026-07-22T13:00:52+00:00,WH-01,in_progress,7
ORD-009196,Plant-05,PO-1138-3432,6,4,0,2026-07-23T12:00:52+00:00,WH-01,completed,6
ORD-009197,Plant-39,EL-6137-2357,109,22,0,2026-07-20T08:00:52+00:00,WH-02,pending,10
ORD-009198,Plant-29,FL-3707-162,69,41,0,2026-07-25T10:00:52+00:00,WH-02,pending,6
ORD-009199,Plant-16,PO-5472-4022,141,90,0,2026-07-25T10:00:52+00:00,WH-01,pending,4
ORD-009200,Plant-08,PO-8973-2547,39,12,0,2026-07-22T08:00:52+00:00,WH-02,pending,5
ORD-009201,Plant-14,IN-2617-3242,82,19,0,2026-07-21T10:00:52+00:00,WH-01,completed,4
ORD-009202,Plant-09,CH-4402-3056,65,43,0,2026-07-26T02:00:52+00:00,WH-02,in_progress,6
ORD-009203,Plant-37,PO-3797-1430,66,28,0,2026-07-26T03:00:52+00:00,WH-02,in_progress,6
ORD-009204,Plant-22,CH-8630-4102,81,54,0,2026-07-26T07:00:52+00:00,WH-01,pending,6
ORD-009205,Plant-17,PO-3095-884,119,35,0,2026-07-23T05:00:52+00:00,WH-01,in_progress,6
ORD-009206,Plant-20,FL-2351-1359,123,121,0,2026-07-26T05:00:52+00:00,WH-01,pending,2
ORD-009207,Plant-24,PO-4859-2847,33,32,0,2026-07-25T09:00:52+00:00,WH-01,completed,8
ORD-009208,Plant-10,EL-1093-1588,6,0,0,2026-07-26T07:00:52+00:00,WH-02,in_progress,4
ORD-009209,Plant-31,FL-7116-2431,147,110,0,2026-07-22T11:00:52+00:00,WH-02,in_progress,8
ORD-009210,Plant-08,IN-1416-368,129,129,0,2026-07-22T23:00:52+00:00,WH-02,pending,6
ORD-009211,Plant-18,CH-5172-3070,133,61,0,2026-07-24T12:00:52+00:00,WH-01,in_progress,5
ORD-009212,Plant-08,IN-5362-3644,150,50,0,2026-07-21T05:00:52+00:00,WH-02,in_progress,10
ORD-009213,Plant-27,IN-9508-1642,141,41,0,2026-07-23T06:00:52+00:00,WH-02,pending,1
ORD-009214,Plant-24,PO-6583-4893,79,24,0,2026-07-23T22:00:52+00:00,WH-01,completed,1
ORD-009215,Plant-35,IN-6408-172,70,41,0,2026-07-22T11:00:52+00:00,WH-01,completed,9
ORD-009216,Plant-09,IN-3913-3867,144,57,0,2026-07-25T14:00:52+00:00,WH-02,pending,3
ORD-009217,Plant-34,IN-8016-4007,75,22,0,2026-07-26T08:00:52+00:00,WH-02,completed,8
ORD-009218,Plant-47,CH-7999-2632,129,38,0,2026-07-24T03:00:52+00:00,WH-02,completed,9
ORD-009219,Plant-32,FL-2158-673,135,124,0,2026-07-22T08:00:52+00:00,WH-02,completed,7
ORD-009220,Plant-39,FL-6968-2990,13,2,0,2026-07-22T10:00:52+00:00,WH-02,in_progress,2
ORD-009221,Plant-43,CH-9478-3465,67,12,0,2026-07-22T05:00:52+00:00,WH-02,completed,10
ORD-009222,Plant-03,CH-7874-3155,58,49,0,2026-07-25T09:00:52+00:00,WH-02,in_progress,3
ORD-009223,Plant-30,CH-6479-2845,46,11,0,2026-07-21T07:00:52+00:00,WH-01,pending,1
ORD-009224,Plant-46,EL-8554-3568,31,18,0,2026-07-21T19:00:52+00:00,WH-01,completed,9
ORD-009225,Plant-28,CH-5126-4716,113,36,0,2026-07-19T22:00:52+00:00,WH-02,in_progress,4
ORD-009226,Plant-02,EL-2838-3661,125,27,0,2026-07-22T23:00:52+00:00,WH-01,completed,10
ORD-009227,Plant-01,IN-4253-1125,140,11,0,2026-07-26T09:00:52+00:00,WH-02,pending,9
ORD-009228,Plant-20,CH-9538-111,72,10,0,2026-07-25T02:00:52+00:00,WH-01,pending,8
ORD-009229,Plant-07,PO-5996-2190,138,19,0,2026-07-20T06:00:52+00:00,WH-01,completed,10
ORD-009230,Plant-29,FL-8579-3302,22,10,0,2026-07-24T19:00:52+00:00,WH-01,completed,8
ORD-009231,Plant-01,IN-1565-4492,123,23,0,2026-07-26T14:00:52+00:00,WH-02,in_progress,7
ORD-009232,Plant-30,IN-7692-4655,105,76,0,2026-07-22T11:00:52+00:00,WH-01,completed,6
ORD-009233,Plant-44,EL-7521-4497,42,13,0,2026-07-26T15:00:52+00:00,WH-02,pending,10
ORD-009234,Plant-35,EL-7170-2724,34,3,0,2026-07-21T00:00:52+00:00,WH-02,in_progress,6
ORD-009235,Plant-48,PO-9045-1191,16,15,0,2026-07-22T15:00:52+00:00,WH-01,pending,5
ORD-009236,Plant-28,EL-1820-656,82,43,0,2026-07-22T00:00:52+00:00,WH-01,completed,8
ORD-009237,Plant-09,EL-7718-659,129,21,0,2026-07-25T15:00:52+00:00,WH-01,completed,2
ORD-009238,Plant-10,CH-9326-4355,132,106,0,2026-07-23T02:00:52+00:00,WH-01,pending,5
ORD-009239,Plant-34,CH-9824-4154,114,84,0,2026-07-20T20:00:52+00:00,WH-02,in_progress,6
ORD-009240,Plant-33,EL-8212-2890,14,10,0,2026-07-21T14:00:52+00:00,WH-01,in_progress,10
ORD-009241,Plant-28,IN-3312-1508,17,14,0,2026-07-24T12:00:52+00:00,WH-02,completed,9
ORD-009242,Plant-24,PO-6160-963,10,4,0,2026-07-22T23:00:52+00:00,WH-01,in_progress,5
ORD-009243,Plant-18,FL-7197-2130,44,13,0,2026-07-20T07:00:52+00:00,WH-01,completed,10
ORD-009244,Plant-25,IN-8145-1361,105,41,0,2026-07-21T19:00:52+00:00,WH-02,in_progress,4
ORD-009245,Plant-29,EL-9474-2498,8,8,0,2026-07-24T21:00:52+00:00,WH-01,completed,4
ORD-009246,Plant-44,IN-7003-4756,147,140,0,2026-07-20T06:00:52+00:00,WH-01,pending,7
ORD-009247,Plant-29,FL-8260-4772,125,104,0,2026-07-20T17:00:52+00:00,WH-02,completed,5
ORD-009248,Plant-15,EL-8755-1571,5,1,0,2026-07-26T03:00:52+00:00,WH-02,pending,4
ORD-009249,Plant-28,EL-8554-4188,90,17,0,2026-07-21T22:00:52+00:00,WH-02,in_progress,1
ORD-009250,Plant-27,IN-7273-022,21,2,0,2026-07-25T23:00:52+00:00,WH-01,completed,8
ORD-009251,Plant-27,FL-6886-1107,26,13,0,2026-07-20T17:00:52+00:00,WH-01,pending,9
ORD-009252,Plant-43,IN-9454-4720,10,3,0,2026-07-20T13:00:52+00:00,WH-01,completed,6
ORD-009253,Plant-30,FL-9197-460,93,32,0,2026-07-22T03:00:52+00:00,WH-02,pending,6
ORD-009254,Plant-33,IN-2732-4152,29,20,0,2026-07-21T20:00:52+00:00,WH-01,completed,8
ORD-009255,Plant-40,FL-5639-832,120,8,0,2026-07-21T19:00:52+00:00,WH-01,completed,5
ORD-009256,Plant-14,IN-9772-1768,54,53,0,2026-07-25T07:00:52+00:00,WH-02,completed,2
ORD-009257,Plant-47,CH-2997-1636,101,17,0,2026-07-23T15:00:52+00:00,WH-02,pending,6
ORD-009258,Plant-46,CH-9254-769,116,96,0,2026-07-23T02:00:52+00:00,WH-01,pending,4
ORD-009259,Plant-35,FL-9480-4285,8,7,0,2026-07-24T21:00:52+00:00,WH-01,completed,3
ORD-009260,Plant-35,EL-1044-1377,36,13,0,2026-07-25T16:00:52+00:00,WH-02,completed,6
ORD-009261,Plant-38,CH-2591-4775,70,24,0,2026-07-26T15:00:52+00:00,WH-02,pending,3
ORD-009262,Plant-23,CH-2915-1559,35,4,0,2026-07-21T04:00:52+00:00,WH-01,completed,5
ORD-009263,Plant-31,CH-1642-1519,56,26,0,2026-07-20T12:00:52+00:00,WH-02,in_progress,6
ORD-009264,Plant-43,IN-1057-754,67,42,0,2026-07-20T17:00:52+00:00,WH-02,completed,1
ORD-009265,Plant-01,PO-1328-1515,48,38,0,2026-07-23T00:00:52+00:00,WH-01,completed,4
ORD-009266,Plant-17,IN-8673-1116,56,53,0,2026-07-20T07:00:52+00:00,WH-01,completed,9
ORD-009267,Plant-32,CH-1839-1716,134,106,0,2026-07-23T00:00:52+00:00,WH-01,pending,5
ORD-009268,Plant-19,FL-8889-1287,21,17,0,2026-07-26T07:00:52+00:00,WH-02,pending,3
ORD-009269,Plant-28,PO-7539-2991,7,4,0,2026-07-23T01:00:52+00:00,WH-01,pending,5
ORD-009270,Plant-16,EL-2937-4735,6,5,0,2026-07-20T07:00:52+00:00,WH-01,in_progress,10
ORD-009271,Plant-04,EL-9921-549,57,26,0,2026-07-21T17:00:52+00:00,WH-02,completed,7
ORD-009272,Plant-31,PO-3281-1602,110,62,0,2026-07-21T00:00:52+00:00,WH-01,completed,9
ORD-009273,Plant-46,CH-2596-156,74,33,0,2026-07-21T08:00:52+00:00,WH-01,in_progress,3
ORD-009274,Plant-22,CH-7778-1733,131,92,0,2026-07-25T13:00:52+00:00,WH-01,in_progress,9
ORD-009275,Plant-04,PO-1645-4837,105,18,0,2026-07-26T17:00:52+00:00,WH-01,completed,6
ORD-009276,Plant-27,IN-7457-3482,47,29,0,2026-07-26T14:00:52+00:00,WH-02,in_progress,4
ORD-009277,Plant-07,EL-4142-1487,103,96,0,2026-07-22T22:00:52+00:00,WH-02,completed,1
ORD-009278,Plant-06,PO-4609-3483,136,136,0,2026-07-22T00:00:52+00:00,WH-01,completed,7
ORD-009279,Plant-12,CH-5845-4245,94,15,0,2026-07-21T00:00:52+00:00,WH-02,in_progress,2
ORD-009280,Plant-14,EL-9828-3655,13,10,0,2026-07-20T13:00:52+00:00,WH-02,completed,1
ORD-009281,Plant-29,PO-5946-2113,70,39,0,2026-07-25T07:00:52+00:00,WH-02,in_progress,2
ORD-009282,Plant-06,PO-2934-4796,42,30,0,2026-07-22T14:00:52+00:00,WH-01,completed,6
ORD-009283,Plant-29,CH-4279-1583,15,3,0,2026-07-22T10:00:52+00:00,WH-01,completed,2
ORD-009284,Plant-03,CH-9847-478,129,77,0,2026-07-21T22:00:52+00:00,WH-01,completed,2
ORD-009285,Plant-45,CH-9324-2975,15,11,0,2026-07-21T15:00:52+00:00,WH-01,completed,9
ORD-009286,Plant-27,FL-9181-1550,92,21,0,2026-07-23T08:00:52+00:00,WH-01,in_progress,6
ORD-009287,Plant-26,FL-5463-1668,109,11,0,2026-07-25T23:00:52+00:00,WH-01,completed,4
ORD-009288,Plant-21,PO-6005-1761,92,18,0,2026-07-22T12:00:52+00:00,WH-02,pending,4
ORD-009289,Plant-30,PO-4709-3742,26,22,0,2026-07-23T14:00:52+00:00,WH-02,pending,2
ORD-009290,Plant-37,EL-1114-2578,110,51,0,2026-07-25T02:00:52+00:00,WH-02,completed,6
ORD-009291,Plant-27,IN-6217-1161,89,48,0,2026-07-24T20:00:52+00:00,WH-02,completed,3
ORD-009292,Plant-28,EL-6304-4313,109,105,0,2026-07-26T03:00:52+00:00,WH-02,completed,5
ORD-009293,Plant-43,EL-8740-2030,58,19,0,2026-07-19T19:00:52+00:00,WH-01,in_progress,2
ORD-009294,Plant-03,CH-1646-698,23,4,0,2026-07-26T02:00:52+00:00,WH-02,completed,7
ORD-009295,Plant-36,PO-5658-4632,84,39,0,2026-07-22T16:00:52+00:00,WH-01,pending,10
ORD-009296,Plant-45,CH-4476-4759,130,3,0,2026-07-26T13:00:52+00:00,WH-02,in_progress,6
ORD-009297,Plant-20,EL-1421-1945,93,60,0,2026-07-24T19:00:52+00:00,WH-01,in_progress,1
ORD-009298,Plant-34,CH-1104-396,77,76,0,2026-07-25T22:00:52+00:00,WH-01,in_progress,1
ORD-009299,Plant-27,EL-2200-3561,76,47,0,2026-07-26T10:00:52+00:00,WH-02,in_progress,8
ORD-009300,Plant-22,PO-6050-2864,138,12,0,2026-07-24T22:00:52+00:00,WH-01,completed,8
ORD-009301,Plant-48,CH-9196-1980,47,36,0,2026-07-20T01:00:52+00:00,WH-01,completed,4
ORD-009302,Plant-35,PO-8749-2599,106,71,0,2026-07-20T04:00:52+00:00,WH-01,pending,7
ORD-009303,Plant-30,PO-8196-2306,121,95,0,2026-07-19T19:00:52+00:00,WH-02,in_progress,5
ORD-009304,Plant-34,EL-7224-2815,19,2,0,2026-07-26T11:00:52+00:00,WH-01,completed,2
ORD-009305,Plant-07,EL-5721-4715,126,62,0,2026-07-24T21:00:52+00:00,WH-02,in_progress,9
ORD-009306,Plant-36,IN-5396-2158,33,5,0,2026-07-23T05:00:52+00:00,WH-01,pending,2
ORD-009307,Plant-01,IN-8707-2325,56,8,0,2026-07-24T09:00:52+00:00,WH-02,completed,10
ORD-009308,Plant-47,EL-7061-4808,68,52,0,2026-07-24T00:00:52+00:00,WH-02,in_progress,7
ORD-009309,Plant-31,EL-4485-4225,56,19,0,2026-07-24T21:00:52+00:00,WH-02,completed,6
ORD-009310,Plant-37,PO-2119-3725,54,9,0,2026-07-22T15:00:52+00:00,WH-01,pending,4
ORD-009311,Plant-25,EL-8381-2063,112,52,0,2026-07-20T03:00:52+00:00,WH-02,pending,4
ORD-009312,Plant-39,IN-3699-2281,142,105,0,2026-07-24T15:00:52+00:00,WH-01,completed,4
ORD-009313,Plant-17,FL-8254-2375,50,24,0,2026-07-21T03:00:52+00:00,WH-01,pending,2
ORD-009314,Plant-33,PO-9635-3779,9,9,0,2026-07-21T02:00:52+00:00,WH-01,in_progress,3
ORD-009315,Plant-26,FL-9250-012,71,25,0,2026-07-24T00:00:52+00:00,WH-01,in_progress,9
ORD-009316,Plant-23,EL-8236-1702,148,132,0,2026-07-20T17:00:52+00:00,WH-02,in_progress,3
ORD-009317,Plant-13,IN-3041-1456,111,111,0,2026-07-25T00:00:52+00:00,WH-01,pending,9
ORD-009318,Plant-44,FL-4928-4418,38,28,0,2026-07-23T00:00:52+00:00,WH-02,completed,2
ORD-009319,Plant-44,EL-2885-3472,140,66,0,2026-07-25T10:00:52+00:00,WH-02,in_progress,3
ORD-009320,Plant-01,EL-7158-880,48,34,0,2026-07-20T01:00:52+00:00,WH-01,pending,4
ORD-009321,Plant-16,IN-3863-2102,73,2,0,2026-07-19T21:00:52+00:00,WH-01,in_progress,5
ORD-009322,Plant-02,CH-6088-3932,73,13,0,2026-07-26T14:00:52+00:00,WH-02,completed,8
ORD-009323,Plant-35,FL-9247-3234,98,2,0,2026-07-22T14:00:52+00:00,WH-01,in_progress,8
ORD-009324,Plant-14,CH-6340-4009,143,14,0,2026-07-21T17:00:52+00:00,WH-01,pending,2
ORD-009325,Plant-12,CH-7077-1236,95,5,0,2026-07-22T10:00:52+00:00,WH-02,in_progress,4
ORD-009326,Plant-25,EL-2945-4399,103,49,0,2026-07-24T14:00:52+00:00,WH-02,in_progress,9
ORD-009327,Plant-02,PO-5117-4701,112,51,0,2026-07-20T05:00:52+00:00,WH-01,pending,7
ORD-009328,Plant-10,PO-9551-415,56,41,0,2026-07-21T23:00:52+00:00,WH-01,in_progress,8
ORD-009329,Plant-39,FL-7609-709,30,27,0,2026-07-23T03:00:52+00:00,WH-01,completed,2
ORD-009330,Plant-39,PO-5733-212,41,40,0,2026-07-22T07:00:52+00:00,WH-01,completed,3
ORD-009331,Plant-08,CH-4344-1231,116,92,0,2026-07-21T12:00:52+00:00,WH-02,in_progress,7
ORD-009332,Plant-38,CH-3169-4634,5,2,0,2026-07-20T15:00:52+00:00,WH-01,pending,3
ORD-009333,Plant-39,CH-8630-4102,114,77,0,2026-07-20T12:00:52+00:00,WH-01,pending,2
ORD-009334,Plant-29,PO-9898-4688,28,25,0,2026-07-25T10:00:52+00:00,WH-01,pending,2
ORD-009335,Plant-48,IN-6051-3573,30,11,0,2026-07-21T11:00:52+00:00,WH-02,in_progress,5
ORD-009336,Plant-12,CH-4405-015,11,5,0,2026-07-25T18:00:52+00:00,WH-02,completed,10
ORD-009337,Plant-43,IN-2999-3915,17,1,0,2026-07-20T16:00:52+00:00,WH-02,in_progress,6
ORD-009338,Plant-44,IN-6792-4194,84,36,0,2026-07-25T22:00:52+00:00,WH-02,in_progress,10
ORD-009339,Plant-38,CH-6170-924,61,28,0,2026-07-25T20:00:52+00:00,WH-01,pending,8
ORD-009340,Plant-03,CH-4916-4627,120,44,0,2026-07-21T10:00:52+00:00,WH-01,pending,3
ORD-009341,Plant-28,EL-4983-4614,102,21,0,2026-07-23T04:00:52+00:00,WH-01,pending,10
ORD-009342,Plant-25,PO-7461-3023,30,17,0,2026-07-23T14:00:52+00:00,WH-01,pending,5
ORD-009343,Plant-43,PO-3816-2969,103,93,0,2026-07-20T12:00:52+00:00,WH-01,pending,3
ORD-009344,Plant-35,CH-7325-4828,107,55,0,2026-07-26T16:00:52+00:00,WH-01,completed,10
ORD-009345,Plant-04,CH-9422-4998,109,62,0,2026-07-21T04:00:52+00:00,WH-02,in_progress,5
ORD-009346,Plant-09,EL-9706-953,25,1,0,2026-07-25T21:00:52+00:00,WH-01,in_progress,4
ORD-009347,Plant-19,CH-8291-3101,62,32,0,2026-07-24T18:00:52+00:00,WH-02,pending,9
ORD-009348,Plant-01,EL-1685-1741,121,32,0,2026-07-19T23:00:52+00:00,WH-01,in_progress,1
ORD-009349,Plant-02,PO-9902-2684,30,23,0,2026-07-23T15:00:52+00:00,WH-02,in_progress,9
ORD-009350,Plant-02,CH-5033-3389,9,3,0,2026-07-22T13:00:52+00:00,WH-02,completed,10
ORD-009351,Plant-48,FL-4436-153,29,19,0,2026-07-25T14:00:52+00:00,WH-02,pending,2
ORD-009352,Plant-22,IN-6907-3722,118,88,0,2026-07-20T22:00:52+00:00,WH-01,pending,6
ORD-009353,Plant-25,PO-8273-155,132,110,0,2026-07-25T17:00:52+00:00,WH-02,pending,9
ORD-009354,Plant-37,PO-4302-3835,13,0,0,2026-07-20T09:00:52+00:00,WH-01,pending,5
ORD-009355,Plant-15,IN-5516-3792,39,1,0,2026-07-26T06:00:52+00:00,WH-01,in_progress,2
ORD-009356,Plant-06,FL-1044-3106,94,61,0,2026-07-23T15:00:52+00:00,WH-01,in_progress,1
ORD-009357,Plant-02,PO-8159-613,119,48,0,2026-07-23T06:00:52+00:00,WH-02,in_progress,2
ORD-009358,Plant-21,EL-9499-1835,124,84,0,2026-07-20T12:00:52+00:00,WH-02,pending,10
ORD-009359,Plant-22,FL-9506-2589,56,17,0,2026-07-23T09:00:52+00:00,WH-02,pending,6
ORD-009360,Plant-43,IN-2672-3221,110,20,0,2026-07-23T16:00:52+00:00,WH-01,completed,1
ORD-009361,Plant-30,FL-3833-863,88,22,0,2026-07-25T16:00:52+00:00,WH-01,in_progress,1
ORD-009362,Plant-26,EL-8254-579,59,55,0,2026-07-23T10:00:52+00:00,WH-02,pending,4
ORD-009363,Plant-08,PO-4061-1575,69,48,0,2026-07-23T01:00:52+00:00,WH-02,pending,1
ORD-009364,Plant-17,CH-8765-4361,78,69,0,2026-07-20T12:00:52+00:00,WH-02,pending,7
ORD-009365,Plant-23,IN-2603-2207,22,22,0,2026-07-26T05:00:52+00:00,WH-02,completed,6
ORD-009366,Plant-37,EL-5514-2427,107,81,0,2026-07-24T10:00:52+00:00,WH-01,pending,7
ORD-009367,Plant-15,CH-1302-3390,95,64,0,2026-07-24T08:00:52+00:00,WH-02,pending,9
ORD-009368,Plant-23,FL-8333-576,98,57,0,2026-07-20T07:00:52+00:00,WH-01,completed,9
ORD-009369,Plant-17,CH-5665-1499,125,31,0,2026-07-20T13:00:52+00:00,WH-01,completed,2
ORD-009370,Plant-31,FL-5413-2493,53,48,0,2026-07-23T08:00:52+00:00,WH-02,completed,10
ORD-009371,Plant-25,EL-2903-4338,90,77,0,2026-07-20T21:00:52+00:00,WH-01,pending,2
ORD-009372,Plant-11,FL-4210-2912,108,73,0,2026-07-20T12:00:52+00:00,WH-02,in_progress,8
ORD-009373,Plant-22,FL-1355-4278,72,5,0,2026-07-25T19:00:52+00:00,WH-01,pending,6
ORD-009374,Plant-40,PO-1110-2177,130,36,0,2026-07-24T14:00:52+00:00,WH-02,completed,2
ORD-009375,Plant-43,IN-1199-4858,34,28,0,2026-07-25T13:00:52+00:00,WH-01,in_progress,5
ORD-009376,Plant-27,FL-9956-2630,112,10,0,2026-07-26T03:00:52+00:00,WH-02,pending,9
ORD-009377,Plant-26,EL-9440-1352,4,3,0,2026-07-25T19:00:52+00:00,WH-01,pending,2
ORD-009378,Plant-27,FL-1402-2236,95,80,0,2026-07-22T15:00:52+00:00,WH-01,completed,4
ORD-009379,Plant-32,FL-3523-1083,55,17,0,2026-07-23T02:00:52+00:00,WH-01,completed,6
ORD-009380,Plant-19,EL-7590-814,69,68,0,2026-07-22T10:00:52+00:00,WH-02,in_progress,5
ORD-009381,Plant-35,PO-5155-942,63,36,0,2026-07-19T19:00:52+00:00,WH-01,pending,1
ORD-009382,Plant-35,EL-7764-4512,5,3,0,2026-07-21T08:00:52+00:00,WH-02,completed,7
ORD-009383,Plant-46,CH-2169-2482,113,69,0,2026-07-22T14:00:52+00:00,WH-02,in_progress,3
ORD-009384,Plant-39,CH-8188-4644,106,5,0,2026-07-21T05:00:52+00:00,WH-02,completed,5
ORD-009385,Plant-34,CH-7231-3675,106,85,0,2026-07-21T06:00:52+00:00,WH-01,pending,5
ORD-009386,Plant-02,IN-8556-4425,34,21,0,2026-07-22T14:00:52+00:00,WH-02,in_progress,6
ORD-009387,Plant-26,IN-3630-3411,111,51,0,2026-07-21T08:00:52+00:00,WH-02,completed,10
ORD-009388,Plant-01,IN-8707-4381,135,18,0,2026-07-20T15:00:52+00:00,WH-01,pending,7
ORD-009389,Plant-05,CH-4528-2789,67,7,0,2026-07-26T08:00:52+00:00,WH-01,pending,6
ORD-009390,Plant-34,CH-1612-3317,129,128,0,2026-07-24T21:00:52+00:00,WH-01,in_progress,4
ORD-009391,Plant-45,EL-8969-3414,15,1,0,2026-07-25T16:00:52+00:00,WH-02,in_progress,10
ORD-009392,Plant-19,EL-7762-4101,15,15,0,2026-07-22T12:00:52+00:00,WH-01,pending,6
ORD-009393,Plant-14,FL-3623-2985,127,22,0,2026-07-21T04:00:52+00:00,WH-02,pending,9
ORD-009394,Plant-47,CH-6833-3479,26,3,0,2026-07-21T14:00:52+00:00,WH-01,in_progress,5
ORD-009395,Plant-13,PO-5117-4701,57,38,0,2026-07-25T04:00:52+00:00,WH-01,pending,8
ORD-009396,Plant-35,CH-2932-158,116,107,0,2026-07-26T00:00:52+00:00,WH-02,completed,6
ORD-009397,Plant-07,CH-3390-1486,21,9,0,2026-07-25T19:00:52+00:00,WH-01,completed,7
ORD-009398,Plant-08,CH-9428-314,5,3,0,2026-07-26T10:00:52+00:00,WH-01,in_progress,1
ORD-009399,Plant-42,EL-6298-1846,106,29,0,2026-07-20T14:00:52+00:00,WH-02,completed,2
ORD-009400,Plant-34,IN-3695-4707,55,39,0,2026-07-20T16:00:52+00:00,WH-01,pending,6
ORD-009401,Plant-38,EL-9845-2601,27,26,0,2026-07-26T06:00:52+00:00,WH-02,completed,7
ORD-009402,Plant-33,FL-4859-2232,43,16,0,2026-07-24T14:00:52+00:00,WH-02,pending,8
ORD-009403,Plant-32,EL-5288-951,107,62,0,2026-07-21T00:00:52+00:00,WH-01,in_progress,5
ORD-009404,Plant-01,FL-6886-1107,23,8,0,2026-07-25T05:00:52+00:00,WH-01,in_progress,7
ORD-009405,Plant-13,IN-6028-4181,68,21,0,2026-07-20T08:00:52+00:00,WH-02,pending,4
ORD-009406,Plant-21,PO-2226-4474,8,4,0,2026-07-24T11:00:52+00:00,WH-02,pending,1
ORD-009407,Plant-14,IN-7266-2602,81,19,0,2026-07-24T07:00:52+00:00,WH-02,in_progress,3
ORD-009408,Plant-24,IN-9882-4162,78,34,0,2026-07-23T11:00:52+00:00,WH-02,completed,8
ORD-009409,Plant-31,EL-5771-1500,46,27,0,2026-07-26T11:00:52+00:00,WH-01,in_progress,2
ORD-009410,Plant-20,FL-7197-2130,25,11,0,2026-07-24T09:00:52+00:00,WH-02,pending,8
ORD-009411,Plant-35,EL-7511-4135,79,36,0,2026-07-22T10:00:52+00:00,WH-01,pending,7
ORD-009412,Plant-43,CH-6684-1148,9,0,0,2026-07-24T22:00:52+00:00,WH-01,completed,6
ORD-009413,Plant-03,FL-5152-4185,7,6,0,2026-07-24T21:00:52+00:00,WH-02,pending,5
ORD-009414,Plant-03,EL-4972-2317,91,27,0,2026-07-21T16:00:52+00:00,WH-01,completed,3
ORD-009415,Plant-10,PO-1725-578,119,56,0,2026-07-26T05:00:52+00:00,WH-02,completed,1
ORD-009416,Plant-44,FL-8997-2998,56,2,0,2026-07-21T08:00:52+00:00,WH-02,in_progress,8
ORD-009417,Plant-42,FL-3264-615,6,3,0,2026-07-24T22:00:52+00:00,WH-02,pending,5
ORD-009418,Plant-16,EL-6757-4588,150,126,0,2026-07-23T08:00:52+00:00,WH-02,pending,6
ORD-009419,Plant-33,IN-1707-2501,111,102,0,2026-07-24T08:00:52+00:00,WH-01,in_progress,3
ORD-009420,Plant-03,FL-9149-1198,11,2,0,2026-07-24T00:00:52+00:00,WH-01,in_progress,10
ORD-009421,Plant-43,CH-2591-4775,30,22,0,2026-07-23T15:00:52+00:00,WH-02,completed,8
ORD-009422,Plant-26,CH-6373-2750,136,66,0,2026-07-25T03:00:52+00:00,WH-02,in_progress,3
ORD-009423,Plant-37,CH-9800-1425,131,46,0,2026-07-22T01:00:52+00:00,WH-01,pending,5
ORD-009424,Plant-10,IN-2259-3591,86,20,0,2026-07-25T04:00:52+00:00,WH-02,pending,3
ORD-009425,Plant-47,EL-8302-4699,23,7,0,2026-07-20T07:00:52+00:00,WH-01,in_progress,9
ORD-009426,Plant-04,EL-8440-3311,35,5,0,2026-07-21T14:00:52+00:00,WH-02,in_progress,7
ORD-009427,Plant-37,EL-4939-233,123,109,0,2026-07-20T03:00:52+00:00,WH-01,completed,4
ORD-009428,Plant-03,EL-2111-3077,38,18,0,2026-07-25T21:00:52+00:00,WH-01,completed,4
ORD-009429,Plant-36,EL-4939-233,142,27,0,2026-07-23T17:00:52+00:00,WH-02,in_progress,5
ORD-009430,Plant-08,CH-1451-3489,103,3,0,2026-07-20T08:00:52+00:00,WH-01,pending,9
ORD-009431,Plant-45,FL-5688-4579,64,40,0,2026-07-24T23:00:52+00:00,WH-02,pending,5
ORD-009432,Plant-07,FL-9506-2589,32,29,0,2026-07-20T17:00:52+00:00,WH-02,in_progress,1
ORD-009433,Plant-46,IN-6282-007,105,34,0,2026-07-21T18:00:52+00:00,WH-02,completed,3
ORD-009434,Plant-30,PO-2571-165,32,30,0,2026-07-22T00:00:52+00:00,WH-02,in_progress,4
ORD-009435,Plant-16,FL-8674-1833,43,10,0,2026-07-21T19:00:52+00:00,WH-01,completed,6
ORD-009436,Plant-02,FL-8851-4857,7,0,0,2026-07-20T10:00:52+00:00,WH-01,in_progress,4
ORD-009437,Plant-09,IN-3566-1705,34,0,0,2026-07-21T16:00:52+00:00,WH-02,completed,7
ORD-009438,Plant-39,EL-8999-1284,62,18,0,2026-07-20T15:00:52+00:00,WH-02,pending,2
ORD-009439,Plant-33,FL-1775-371,124,93,0,2026-07-22T05:00:52+00:00,WH-02,pending,10
ORD-009440,Plant-46,CH-3559-2878,43,22,0,2026-07-21T14:00:52+00:00,WH-01,completed,9
ORD-009441,Plant-12,FL-6295-3785,114,6,0,2026-07-19T20:00:52+00:00,WH-02,pending,10
ORD-009442,Plant-42,EL-7224-2815,117,115,0,2026-07-22T10:00:52+00:00,WH-01,completed,10
ORD-009443,Plant-13,FL-8967-746,41,27,0,2026-07-25T04:00:52+00:00,WH-01,in_progress,8
ORD-009444,Plant-34,EL-2739-121,110,90,0,2026-07-24T02:00:52+00:00,WH-01,completed,6
ORD-009445,Plant-42,IN-6294-2931,90,63,0,2026-07-20T23:00:52+00:00,WH-02,completed,7
ORD-009446,Plant-33,EL-2628-4525,115,105,0,2026-07-25T12:00:52+00:00,WH-02,pending,6
ORD-009447,Plant-41,PO-1403-3529,108,33,0,2026-07-24T11:00:52+00:00,WH-01,in_progress,9
ORD-009448,Plant-36,IN-3292-2527,150,23,0,2026-07-25T07:00:52+00:00,WH-01,completed,3
ORD-009449,Plant-12,CH-1578-1914,8,7,0,2026-07-21T11:00:52+00:00,WH-01,in_progress,7
ORD-009450,Plant-20,EL-9635-4619,104,4,0,2026-07-26T00:00:52+00:00,WH-01,completed,8
ORD-009451,Plant-13,CH-9186-200,48,6,0,2026-07-23T11:00:52+00:00,WH-01,pending,8
ORD-009452,Plant-42,CH-3366-1174,98,1,0,2026-07-24T04:00:52+00:00,WH-02,pending,3
ORD-009453,Plant-21,PO-7706-2353,103,23,0,2026-07-20T21:00:52+00:00,WH-01,completed,7
ORD-009454,Plant-47,IN-2809-2370,41,11,0,2026-07-24T20:00:52+00:00,WH-01,in_progress,5
ORD-009455,Plant-35,IN-7837-1940,59,17,0,2026-07-22T10:00:52+00:00,WH-01,in_progress,6
ORD-009456,Plant-38,PO-3827-3475,5,5,0,2026-07-22T07:00:52+00:00,WH-01,completed,4
ORD-009457,Plant-28,IN-6957-329,21,14,0,2026-07-26T06:00:52+00:00,WH-02,in_progress,5
ORD-009458,Plant-06,CH-5003-3888,101,45,0,2026-07-23T15:00:52+00:00,WH-01,completed,4
ORD-009459,Plant-40,CH-9847-478,35,5,0,2026-07-26T13:00:52+00:00,WH-02,completed,7
ORD-009460,Plant-36,PO-4958-997,109,23,0,2026-07-22T06:00:52+00:00,WH-02,completed,6
ORD-009461,Plant-24,CH-4425-1968,61,55,0,2026-07-22T12:00:52+00:00,WH-01,pending,9
ORD-009462,Plant-40,FL-2986-1485,63,29,0,2026-07-24T05:00:52+00:00,WH-01,completed,5
ORD-009463,Plant-07,IN-8117-3347,77,40,0,2026-07-21T17:00:52+00:00,WH-02,in_progress,6
ORD-009464,Plant-44,CH-5568-4436,132,108,0,2026-07-23T10:00:52+00:00,WH-01,in_progress,2
ORD-009465,Plant-06,PO-1964-286,11,11,0,2026-07-22T17:00:52+00:00,WH-01,in_progress,2
ORD-009466,Plant-10,EL-2579-3333,84,50,0,2026-07-25T07:00:52+00:00,WH-01,completed,5
ORD-009467,Plant-35,PO-2119-3725,4,1,0,2026-07-24T22:00:52+00:00,WH-01,pending,10
ORD-009468,Plant-44,FL-3583-235,43,27,0,2026-07-26T01:00:52+00:00,WH-02,completed,7
ORD-009469,Plant-12,IN-1153-2340,67,22,0,2026-07-24T06:00:52+00:00,WH-02,completed,4
ORD-009470,Plant-05,FL-3822-2758,14,0,0,2026-07-25T19:00:52+00:00,WH-02,pending,10
ORD-009471,Plant-33,PO-9421-1406,18,3,0,2026-07-25T04:00:52+00:00,WH-01,in_progress,7
ORD-009472,Plant-36,FL-5108-3013,109,18,0,2026-07-26T00:00:52+00:00,WH-02,pending,8
ORD-009473,Plant-38,IN-9454-1732,106,98,0,2026-07-25T16:00:52+00:00,WH-02,in_progress,8
ORD-009474,Plant-30,PO-2399-1040,70,21,0,2026-07-20T12:00:52+00:00,WH-01,in_progress,9
ORD-009475,Plant-18,CH-9045-2301,46,19,0,2026-07-21T02:00:52+00:00,WH-02,pending,3
ORD-009476,Plant-44,EL-1814-961,131,42,0,2026-07-24T18:00:52+00:00,WH-01,pending,9
ORD-009477,Plant-21,PO-1256-1079,65,41,0,2026-07-25T17:00:52+00:00,WH-01,pending,5
ORD-009478,Plant-38,PO-3332-2966,91,22,0,2026-07-23T16:00:52+00:00,WH-01,in_progress,10
ORD-009479,Plant-25,EL-3782-4578,36,1,0,2026-07-23T00:00:52+00:00,WH-02,pending,6
ORD-009480,Plant-26,IN-6813-1870,27,19,0,2026-07-24T04:00:52+00:00,WH-01,in_progress,6
ORD-009481,Plant-27,FL-9003-3345,70,2,0,2026-07-22T08:00:52+00:00,WH-02,completed,1
ORD-009482,Plant-31,IN-7797-4092,148,129,0,2026-07-21T18:00:52+00:00,WH-01,in_progress,7
ORD-009483,Plant-03,FL-7587-1464,33,6,0,2026-07-21T20:00:52+00:00,WH-02,completed,1
ORD-009484,Plant-35,CH-5617-1175,61,7,0,2026-07-21T21:00:52+00:00,WH-01,in_progress,1
ORD-009485,Plant-02,FL-6118-2984,83,73,0,2026-07-21T11:00:52+00:00,WH-02,pending,4
ORD-009486,Plant-42,FL-1172-066,30,4,0,2026-07-19T23:00:52+00:00,WH-02,in_progress,6
ORD-009487,Plant-31,CH-8904-1973,100,50,0,2026-07-26T00:00:52+00:00,WH-01,pending,1
ORD-009488,Plant-07,PO-9917-3025,115,100,0,2026-07-25T18:00:52+00:00,WH-02,pending,2
ORD-009489,Plant-15,FL-6896-151,114,20,0,2026-07-24T22:00:52+00:00,WH-02,pending,4
ORD-009490,Plant-10,EL-8423-3061,67,53,0,2026-07-26T00:00:52+00:00,WH-01,pending,3
ORD-009491,Plant-14,CH-2001-4200,105,25,0,2026-07-25T21:00:52+00:00,WH-02,pending,10
ORD-009492,Plant-17,FL-8333-576,59,22,0,2026-07-20T11:00:52+00:00,WH-02,pending,6
ORD-009493,Plant-03,IN-3965-591,26,15,0,2026-07-23T00:00:52+00:00,WH-01,in_progress,1
ORD-009494,Plant-04,CH-7608-2977,48,22,0,2026-07-26T13:00:52+00:00,WH-01,pending,3
ORD-009495,Plant-07,PO-4560-1046,101,85,0,2026-07-22T10:00:52+00:00,WH-01,pending,7
ORD-009496,Plant-12,CH-3875-4273,121,51,0,2026-07-24T18:00:52+00:00,WH-02,pending,4
ORD-009497,Plant-24,EL-6710-3784,65,13,0,2026-07-24T04:00:52+00:00,WH-02,pending,1
ORD-009498,Plant-04,IN-7395-652,147,135,0,2026-07-23T12:00:52+00:00,WH-01,in_progress,1
ORD-009499,Plant-22,EL-8869-4581,44,29,0,2026-07-25T04:00:52+00:00,WH-01,pending,6
ORD-009500,Plant-09,EL-3044-1147,78,75,0,2026-07-21T07:00:52+00:00,WH-02,pending,5
ORD-009501,Plant-34,PO-9902-2684,103,51,0,2026-07-22T01:00:52+00:00,WH-01,pending,8
ORD-009502,Plant-16,IN-4613-125,107,80,0,2026-07-20T03:00:52+00:00,WH-02,pending,3
ORD-009503,Plant-18,EL-8670-4712,128,5,0,2026-07-26T08:00:52+00:00,WH-01,completed,6
ORD-009504,Plant-19,FL-8762-3829,105,86,0,2026-07-21T13:00:52+00:00,WH-02,pending,6
ORD-009505,Plant-23,PO-7250-1484,115,32,0,2026-07-26T09:00:52+00:00,WH-01,in_progress,2
ORD-009506,Plant-18,EL-1393-3263,67,15,0,2026-07-23T09:00:52+00:00,WH-01,pending,6
ORD-009507,Plant-09,PO-5142-1965,37,35,0,2026-07-20T22:00:52+00:00,WH-01,completed,9
ORD-009508,Plant-44,PO-3341-949,55,16,0,2026-07-26T03:00:52+00:00,WH-02,pending,7
ORD-009509,Plant-30,CH-8953-2237,86,34,0,2026-07-21T02:00:52+00:00,WH-01,pending,9
ORD-009510,Plant-37,FL-4758-1778,55,3,0,2026-07-24T14:00:52+00:00,WH-02,completed,7
ORD-009511,Plant-21,FL-9458-3889,117,22,0,2026-07-26T04:00:52+00:00,WH-02,pending,7
ORD-009512,Plant-04,IN-6453-1131,142,72,0,2026-07-21T18:00:52+00:00,WH-01,completed,7
ORD-009513,Plant-11,FL-1018-762,113,42,0,2026-07-21T17:00:52+00:00,WH-02,in_progress,2
ORD-009514,Plant-18,IN-3606-4479,109,85,0,2026-07-25T07:00:52+00:00,WH-01,completed,7
ORD-009515,Plant-05,EL-3681-881,43,31,0,2026-07-24T00:00:52+00:00,WH-01,in_progress,8
ORD-009516,Plant-31,FL-6916-2299,60,11,0,2026-07-21T17:00:52+00:00,WH-01,pending,8
ORD-009517,Plant-30,PO-1417-281,95,58,0,2026-07-24T14:00:52+00:00,WH-01,pending,1
ORD-009518,Plant-11,EL-6238-4630,52,22,0,2026-07-23T15:00:52+00:00,WH-02,completed,2
ORD-009519,Plant-13,EL-6371-071,149,89,0,2026-07-21T11:00:52+00:00,WH-02,pending,1
ORD-009520,Plant-42,CH-9067-852,112,50,0,2026-07-25T04:00:52+00:00,WH-02,completed,7
ORD-009521,Plant-14,FL-7709-4737,95,24,0,2026-07-24T15:00:52+00:00,WH-02,completed,8
ORD-009522,Plant-42,FL-7866-2885,73,55,0,2026-07-24T23:00:52+00:00,WH-01,pending,4
ORD-009523,Plant-18,PO-8403-1220,100,63,0,2026-07-22T12:00:52+00:00,WH-01,pending,3
ORD-009524,Plant-41,FL-2714-2412,12,6,0,2026-07-25T06:00:52+00:00,WH-01,in_progress,8
ORD-009525,Plant-01,PO-3406-1322,55,33,0,2026-07-20T20:00:52+00:00,WH-01,completed,6
ORD-009526,Plant-41,IN-2281-180,24,10,0,2026-07-20T20:00:52+00:00,WH-02,completed,6
ORD-009527,Plant-12,CH-2281-3209,112,12,0,2026-07-25T10:00:52+00:00,WH-01,completed,9
ORD-009528,Plant-45,IN-7649-3976,138,54,0,2026-07-24T19:00:52+00:00,WH-01,in_progress,4
ORD-009529,Plant-41,FL-1653-268,46,16,0,2026-07-24T23:00:52+00:00,WH-01,completed,10
ORD-009530,Plant-48,IN-6250-4952,86,42,0,2026-07-22T07:00:52+00:00,WH-02,completed,6
ORD-009531,Plant-16,FL-7779-2233,130,97,0,2026-07-20T07:00:52+00:00,WH-02,pending,2
ORD-009532,Plant-41,IN-9581-773,13,1,0,2026-07-22T02:00:52+00:00,WH-01,completed,10
ORD-009533,Plant-15,FL-1173-1419,111,14,0,2026-07-24T12:00:52+00:00,WH-01,pending,3
ORD-009534,Plant-33,FL-9285-1782,137,136,0,2026-07-25T08:00:52+00:00,WH-02,completed,3
ORD-009535,Plant-01,PO-3048-1760,73,48,0,2026-07-26T06:00:52+00:00,WH-01,completed,10
ORD-009536,Plant-46,FL-3852-3022,145,57,0,2026-07-25T05:00:52+00:00,WH-02,pending,1
ORD-009537,Plant-01,PO-7386-595,82,12,0,2026-07-22T05:00:52+00:00,WH-02,pending,2
ORD-009538,Plant-35,EL-4812-4487,136,60,0,2026-07-20T00:00:52+00:00,WH-02,pending,7
ORD-009539,Plant-32,IN-3933-4533,127,27,0,2026-07-20T18:00:52+00:00,WH-02,pending,1
ORD-009540,Plant-14,PO-5447-044,114,26,0,2026-07-19T22:00:52+00:00,WH-01,completed,3
ORD-009541,Plant-41,EL-2429-1030,36,25,0,2026-07-20T22:00:52+00:00,WH-01,completed,7
ORD-009542,Plant-26,EL-7014-4922,54,3,0,2026-07-20T15:00:52+00:00,WH-02,pending,3
ORD-009543,Plant-14,EL-5123-811,110,107,0,2026-07-19T23:00:52+00:00,WH-02,pending,9
ORD-009544,Plant-04,PO-8461-1635,6,4,0,2026-07-26T07:00:52+00:00,WH-02,in_progress,6
ORD-009545,Plant-21,FL-4622-1811,30,24,0,2026-07-25T02:00:52+00:00,WH-02,pending,7
ORD-009546,Plant-44,EL-4751-1289,16,4,0,2026-07-24T03:00:52+00:00,WH-01,in_progress,10
ORD-009547,Plant-23,IN-4522-1589,4,1,0,2026-07-24T23:00:52+00:00,WH-02,in_progress,9
ORD-009548,Plant-22,IN-9508-1642,62,4,0,2026-07-21T12:00:52+00:00,WH-02,in_progress,4
ORD-009549,Plant-08,PO-3789-4585,87,27,0,2026-07-21T20:00:52+00:00,WH-01,completed,4
ORD-009550,Plant-47,EL-2572-3534,104,32,0,2026-07-21T03:00:52+00:00,WH-01,in_progress,6
ORD-009551,Plant-23,CH-1600-1647,31,28,0,2026-07-22T18:00:52+00:00,WH-02,in_progress,10
ORD-009552,Plant-27,IN-5702-404,52,20,0,2026-07-21T20:00:52+00:00,WH-02,pending,4
ORD-009553,Plant-04,IN-8343-2622,120,54,0,2026-07-19T22:00:52+00:00,WH-02,completed,7
ORD-009554,Plant-28,EL-1630-1816,16,9,0,2026-07-25T22:00:52+00:00,WH-02,completed,1
ORD-009555,Plant-07,CH-5721-895,58,33,0,2026-07-22T02:00:52+00:00,WH-01,in_progress,4
ORD-009556,Plant-42,FL-4137-2094,108,79,0,2026-07-26T17:00:52+00:00,WH-02,completed,8
ORD-009557,Plant-03,CH-1423-1126,32,28,0,2026-07-25T09:00:52+00:00,WH-02,completed,5
ORD-009558,Plant-20,EL-2008-259,126,82,0,2026-07-24T02:00:52+00:00,WH-02,completed,7
ORD-009559,Plant-14,FL-9351-1569,4,1,0,2026-07-22T17:00:52+00:00,WH-02,completed,4
ORD-009560,Plant-47,FL-3962-4004,126,6,0,2026-07-25T05:00:52+00:00,WH-01,completed,7
ORD-009561,Plant-04,EL-3946-3321,75,54,0,2026-07-24T05:00:52+00:00,WH-02,completed,1
ORD-009562,Plant-06,FL-3835-441,119,112,0,2026-07-24T08:00:52+00:00,WH-02,in_progress,9
ORD-009563,Plant-40,PO-7266-1490,42,11,0,2026-07-22T20:00:52+00:00,WH-01,in_progress,7
ORD-009564,Plant-05,FL-2877-965,5,5,0,2026-07-25T11:00:52+00:00,WH-01,in_progress,3
ORD-009565,Plant-26,PO-1964-286,53,44,0,2026-07-24T06:00:52+00:00,WH-01,completed,2
ORD-009566,Plant-36,EL-7647-2271,49,19,0,2026-07-20T01:00:52+00:00,WH-01,completed,8
ORD-009567,Plant-29,PO-9369-4587,91,71,0,2026-07-25T01:00:52+00:00,WH-01,pending,1
ORD-009568,Plant-10,FL-6358-2921,93,48,0,2026-07-26T10:00:52+00:00,WH-01,pending,3
ORD-009569,Plant-27,FL-2806-842,100,97,0,2026-07-21T03:00:52+00:00,WH-02,completed,2
ORD-009570,Plant-16,CH-4285-3499,140,99,0,2026-07-26T06:00:52+00:00,WH-01,in_progress,2
ORD-009571,Plant-17,EL-5971-3510,110,102,0,2026-07-21T13:00:52+00:00,WH-01,in_progress,2
ORD-009572,Plant-07,FL-2126-3164,57,19,0,2026-07-21T13:00:52+00:00,WH-01,completed,2
ORD-009573,Plant-38,FL-8708-4803,149,93,0,2026-07-22T05:00:52+00:00,WH-01,completed,4
ORD-009574,Plant-09,FL-8267-977,95,88,0,2026-07-25T07:00:52+00:00,WH-02,completed,3
ORD-009575,Plant-36,CH-2148-2320,142,121,0,2026-07-25T01:00:52+00:00,WH-02,completed,5
ORD-009576,Plant-44,FL-3701-912,78,75,0,2026-07-25T18:00:52+00:00,WH-01,completed,4
ORD-009577,Plant-43,IN-6896-531,41,31,0,2026-07-20T13:00:52+00:00,WH-01,pending,7
ORD-009578,Plant-07,EL-7124-3810,28,23,0,2026-07-23T11:00:52+00:00,WH-01,pending,8
ORD-009579,Plant-38,IN-7487-1218,87,30,0,2026-07-26T03:00:52+00:00,WH-02,pending,5
ORD-009580,Plant-09,FL-5024-3917,60,40,0,2026-07-26T05:00:52+00:00,WH-02,in_progress,1
ORD-009581,Plant-26,CH-1133-4541,21,13,0,2026-07-26T05:00:52+00:00,WH-01,in_progress,5
ORD-009582,Plant-39,CH-6737-3083,43,31,0,2026-07-25T23:00:52+00:00,WH-02,pending,10
ORD-009583,Plant-44,PO-1814-3861,66,64,0,2026-07-24T22:00:52+00:00,WH-02,pending,3
ORD-009584,Plant-47,FL-9648-938,45,34,0,2026-07-20T22:00:52+00:00,WH-01,pending,4
ORD-009585,Plant-44,PO-7744-4158,138,111,0,2026-07-26T11:00:52+00:00,WH-02,completed,7
ORD-009586,Plant-48,FL-2189-3767,15,11,0,2026-07-24T14:00:52+00:00,WH-01,completed,7
ORD-009587,Plant-45,IN-6552-3323,81,41,0,2026-07-22T06:00:52+00:00,WH-01,in_progress,8
ORD-009588,Plant-44,CH-9045-2301,115,7,0,2026-07-26T14:00:52+00:00,WH-01,completed,8
ORD-009589,Plant-38,FL-5709-3245,16,7,0,2026-07-25T10:00:52+00:00,WH-02,pending,5
ORD-009590,Plant-17,EL-9715-2101,79,46,0,2026-07-25T01:00:52+00:00,WH-01,in_progress,2
ORD-009591,Plant-14,CH-8189-1155,92,67,0,2026-07-23T18:00:52+00:00,WH-02,completed,9
ORD-009592,Plant-44,IN-9287-3715,42,40,0,2026-07-21T01:00:52+00:00,WH-02,pending,4
ORD-009593,Plant-02,PO-5628-4421,127,37,0,2026-07-22T00:00:52+00:00,WH-02,pending,9
ORD-009594,Plant-17,CH-2430-1402,51,9,0,2026-07-24T09:00:52+00:00,WH-01,in_progress,6
ORD-009595,Plant-30,PO-7879-3726,93,17,0,2026-07-25T06:00:52+00:00,WH-02,pending,2
ORD-009596,Plant-02,EL-5352-3029,13,13,0,2026-07-25T04:00:52+00:00,WH-02,pending,7
ORD-009597,Plant-01,FL-7695-099,136,65,0,2026-07-22T21:00:52+00:00,WH-01,pending,9
ORD-009598,Plant-28,PO-5855-869,90,5,0,2026-07-19T18:00:52+00:00,WH-02,pending,9
ORD-009599,Plant-09,CH-6019-1806,43,14,0,2026-07-21T21:00:52+00:00,WH-01,in_progress,3
ORD-009600,Plant-05,FL-5262-4476,56,7,0,2026-07-20T01:00:52+00:00,WH-02,completed,6
ORD-009601,Plant-43,FL-5152-4185,124,17,0,2026-07-24T04:00:52+00:00,WH-02,pending,9
ORD-009602,Plant-43,CH-3047-2350,40,8,0,2026-07-24T14:00:52+00:00,WH-01,completed,1
ORD-009603,Plant-31,FL-6193-3396,95,42,0,2026-07-22T10:00:52+00:00,WH-02,in_progress,10
ORD-009604,Plant-01,EL-6682-3769,103,30,0,2026-07-23T07:00:52+00:00,WH-01,pending,2
ORD-009605,Plant-20,FL-6106-1166,65,55,0,2026-07-22T11:00:52+00:00,WH-01,in_progress,5
ORD-009606,Plant-08,CH-7187-391,81,47,0,2026-07-25T21:00:52+00:00,WH-01,completed,10
ORD-009607,Plant-37,EL-8360-1449,32,15,0,2026-07-25T23:00:52+00:00,WH-02,pending,9
ORD-009608,Plant-29,FL-7155-1216,65,42,0,2026-07-25T20:00:52+00:00,WH-02,pending,5
ORD-009609,Plant-07,EL-2867-292,35,16,0,2026-07-23T22:00:52+00:00,WH-02,in_progress,5
ORD-009610,Plant-14,CH-6331-2899,28,6,0,2026-07-25T22:00:52+00:00,WH-01,in_progress,1
ORD-009611,Plant-07,PO-8149-4629,51,32,0,2026-07-26T16:00:52+00:00,WH-01,in_progress,8
ORD-009612,Plant-43,EL-5771-1500,31,3,0,2026-07-25T02:00:52+00:00,WH-01,pending,1
ORD-009613,Plant-40,FL-8245-2600,25,0,0,2026-07-24T03:00:52+00:00,WH-01,pending,3
ORD-009614,Plant-03,CH-3967-503,16,1,0,2026-07-23T06:00:52+00:00,WH-01,completed,4
ORD-009615,Plant-32,IN-4892-296,140,42,0,2026-07-26T06:00:52+00:00,WH-01,in_progress,3
ORD-009616,Plant-48,FL-5362-3723,93,58,0,2026-07-22T22:00:52+00:00,WH-01,in_progress,9
ORD-009617,Plant-44,CH-2686-1096,20,16,0,2026-07-25T17:00:52+00:00,WH-01,pending,3
ORD-009618,Plant-27,IN-1357-4668,22,6,0,2026-07-25T06:00:52+00:00,WH-01,in_progress,5
ORD-009619,Plant-21,PO-1903-1758,61,23,0,2026-07-21T18:00:52+00:00,WH-02,in_progress,6
ORD-009620,Plant-41,PO-3918-3916,50,1,0,2026-07-22T23:00:52+00:00,WH-01,completed,8
ORD-009621,Plant-17,PO-5290-2048,113,58,0,2026-07-23T11:00:52+00:00,WH-02,in_progress,6
ORD-009622,Plant-19,PO-2360-3170,21,3,0,2026-07-23T17:00:52+00:00,WH-01,completed,7
ORD-009623,Plant-16,CH-6970-496,62,5,0,2026-07-23T03:00:52+00:00,WH-01,completed,4
ORD-009624,Plant-11,IN-6335-3502,36,2,0,2026-07-24T15:00:52+00:00,WH-02,pending,10
ORD-009625,Plant-01,EL-1631-1861,12,2,0,2026-07-25T11:00:52+00:00,WH-02,completed,9
ORD-009626,Plant-21,CH-1074-2710,122,69,0,2026-07-24T02:00:52+00:00,WH-02,pending,3
ORD-009627,Plant-02,PO-5177-3331,53,43,0,2026-07-25T13:00:52+00:00,WH-02,in_progress,9
ORD-009628,Plant-45,CH-3487-4221,59,15,0,2026-07-21T23:00:52+00:00,WH-01,completed,7
ORD-009629,Plant-02,FL-9913-255,109,98,0,2026-07-26T02:00:52+00:00,WH-01,completed,1
ORD-009630,Plant-27,CH-9045-2301,24,17,0,2026-07-26T04:00:52+00:00,WH-01,in_progress,10
ORD-009631,Plant-40,CH-9423-4362,68,61,0,2026-07-20T10:00:52+00:00,WH-01,completed,1
ORD-009632,Plant-09,IN-8634-3128,16,16,0,2026-07-25T18:00:52+00:00,WH-02,pending,4
ORD-009633,Plant-18,PO-8098-3186,110,13,0,2026-07-21T05:00:52+00:00,WH-02,in_progress,5
ORD-009634,Plant-33,EL-5700-419,23,4,0,2026-07-20T17:00:52+00:00,WH-01,completed,1
ORD-009635,Plant-07,PO-9547-4308,121,116,0,2026-07-22T01:00:52+00:00,WH-02,completed,7
ORD-009636,Plant-10,IN-5138-4884,105,25,0,2026-07-23T14:00:52+00:00,WH-01,pending,1
ORD-009637,Plant-46,FL-1281-3167,99,54,0,2026-07-24T17:00:52+00:00,WH-02,pending,2
ORD-009638,Plant-15,IN-8098-398,124,84,0,2026-07-20T12:00:52+00:00,WH-02,in_progress,9
ORD-009639,Plant-13,IN-2222-2011,126,58,0,2026-07-20T02:00:52+00:00,WH-02,in_progress,5
ORD-009640,Plant-24,PO-7452-3227,124,75,0,2026-07-23T15:00:52+00:00,WH-01,pending,1
ORD-009641,Plant-13,CH-8852-4039,42,41,0,2026-07-24T11:00:52+00:00,WH-02,completed,10
ORD-009642,Plant-21,CH-5960-2883,55,0,0,2026-07-24T02:00:52+00:00,WH-02,in_progress,2
ORD-009643,Plant-41,FL-5185-2592,113,55,0,2026-07-23T01:00:52+00:00,WH-01,pending,7
ORD-009644,Plant-05,CH-5845-4245,90,71,0,2026-07-24T19:00:52+00:00,WH-02,in_progress,7
ORD-009645,Plant-20,CH-9744-2226,26,12,0,2026-07-25T12:00:52+00:00,WH-02,in_progress,2
ORD-009646,Plant-06,FL-8997-2998,130,44,0,2026-07-23T14:00:52+00:00,WH-02,pending,1
ORD-009647,Plant-03,CH-1597-4531,43,35,0,2026-07-22T16:00:52+00:00,WH-01,pending,2
ORD-009648,Plant-41,FL-5619-2803,121,25,0,2026-07-25T11:00:52+00:00,WH-02,in_progress,2
ORD-009649,Plant-11,IN-8750-4954,139,60,0,2026-07-20T01:00:52+00:00,WH-02,pending,9
ORD-009650,Plant-19,EL-5482-095,117,21,0,2026-07-20T11:00:52+00:00,WH-01,completed,2
ORD-009651,Plant-34,PO-7398-4631,138,19,0,2026-07-24T13:00:52+00:00,WH-01,in_progress,8
ORD-009652,Plant-05,PO-9524-1000,48,41,0,2026-07-19T21:00:52+00:00,WH-01,completed,2
ORD-009653,Plant-40,EL-9382-1874,59,29,0,2026-07-26T07:00:52+00:00,WH-01,completed,10
ORD-009654,Plant-43,PO-1575-458,65,20,0,2026-07-24T14:00:52+00:00,WH-01,completed,5
ORD-009655,Plant-11,CH-2644-287,143,115,0,2026-07-26T07:00:52+00:00,WH-02,pending,5
ORD-009656,Plant-26,IN-3410-3937,54,8,0,2026-07-25T21:00:52+00:00,WH-01,completed,10
ORD-009657,Plant-24,EL-1177-2901,41,30,0,2026-07-25T11:00:52+00:00,WH-01,completed,4
ORD-009658,Plant-39,EL-9952-2889,68,54,0,2026-07-23T03:00:52+00:00,WH-01,completed,2
ORD-009659,Plant-20,PO-2119-3725,6,0,0,2026-07-24T18:00:52+00:00,WH-02,pending,3
ORD-009660,Plant-14,PO-3418-2013,14,4,0,2026-07-25T05:00:52+00:00,WH-02,completed,2
ORD-009661,Plant-41,FL-2406-4310,36,28,0,2026-07-23T20:00:52+00:00,WH-02,pending,5
ORD-009662,Plant-38,PO-5850-2651,139,98,0,2026-07-24T16:00:52+00:00,WH-02,completed,5
ORD-009663,Plant-09,FL-5141-4205,77,50,0,2026-07-21T04:00:52+00:00,WH-02,in_progress,9
ORD-009664,Plant-28,CH-3307-4322,8,4,0,2026-07-22T10:00:52+00:00,WH-02,completed,1
ORD-009665,Plant-06,IN-4243-4370,131,104,0,2026-07-21T10:00:52+00:00,WH-02,pending,2
ORD-009666,Plant-29,PO-7535-1725,150,41,0,2026-07-24T17:00:52+00:00,WH-02,pending,9
ORD-009667,Plant-46,CH-7364-4529,69,58,0,2026-07-23T02:00:52+00:00,WH-01,completed,2
ORD-009668,Plant-12,EL-4992-1654,115,1,0,2026-07-24T02:00:52+00:00,WH-01,pending,4
ORD-009669,Plant-47,FL-3343-1805,125,32,0,2026-07-26T06:00:52+00:00,WH-02,in_progress,5
ORD-009670,Plant-39,PO-8856-2395,132,52,0,2026-07-26T00:00:52+00:00,WH-02,completed,3
ORD-009671,Plant-08,PO-9772-023,47,27,0,2026-07-25T02:00:52+00:00,WH-02,pending,8
ORD-009672,Plant-24,EL-2388-2074,137,67,0,2026-07-23T15:00:52+00:00,WH-02,pending,2
ORD-009673,Plant-23,FL-8951-021,103,81,0,2026-07-20T21:00:52+00:00,WH-01,in_progress,1
ORD-009674,Plant-05,PO-4512-4816,56,7,0,2026-07-24T03:00:52+00:00,WH-02,pending,3
ORD-009675,Plant-40,IN-7775-2850,44,31,0,2026-07-22T18:00:52+00:00,WH-01,pending,3
ORD-009676,Plant-08,EL-1289-2455,144,88,0,2026-07-24T01:00:52+00:00,WH-01,pending,7
ORD-009677,Plant-32,IN-3651-526,97,11,0,2026-07-25T22:00:52+00:00,WH-02,pending,4
ORD-009678,Plant-08,PO-3126-513,37,31,0,2026-07-25T23:00:52+00:00,WH-02,in_progress,10
ORD-009679,Plant-34,PO-9938-566,9,2,0,2026-07-20T05:00:52+00:00,WH-02,pending,4
ORD-009680,Plant-15,IN-7537-4324,69,45,0,2026-07-25T13:00:52+00:00,WH-02,pending,5
ORD-009681,Plant-40,FL-8356-3501,79,22,0,2026-07-25T19:00:52+00:00,WH-01,pending,1
ORD-009682,Plant-17,IN-6062-3422,105,77,0,2026-07-24T22:00:52+00:00,WH-01,in_progress,4
ORD-009683,Plant-21,IN-3347-738,105,98,0,2026-07-24T07:00:52+00:00,WH-01,completed,6
ORD-009684,Plant-13,FL-7343-2925,62,42,0,2026-07-23T06:00:52+00:00,WH-02,in_progress,2
ORD-009685,Plant-45,FL-8674-1833,48,43,0,2026-07-20T12:00:52+00:00,WH-01,in_progress,2
ORD-009686,Plant-07,IN-3804-1337,15,15,0,2026-07-25T21:00:52+00:00,WH-01,in_progress,9
ORD-009687,Plant-09,CH-4108-2399,107,79,0,2026-07-21T21:00:52+00:00,WH-01,in_progress,5
ORD-009688,Plant-08,IN-5666-3124,27,0,0,2026-07-25T11:00:52+00:00,WH-02,completed,10
ORD-009689,Plant-41,EL-4137-2515,89,64,0,2026-07-22T16:00:52+00:00,WH-02,completed,7
ORD-009690,Plant-47,EL-7737-2262,29,11,0,2026-07-22T12:00:52+00:00,WH-01,completed,1
ORD-009691,Plant-47,FL-9499-3621,121,10,0,2026-07-25T22:00:52+00:00,WH-02,pending,9
ORD-009692,Plant-22,EL-1509-1595,39,16,0,2026-07-20T13:00:52+00:00,WH-02,pending,2
ORD-009693,Plant-43,EL-4249-1648,56,46,0,2026-07-22T19:00:52+00:00,WH-01,in_progress,10
ORD-009694,Plant-36,EL-3826-2635,63,44,0,2026-07-24T21:00:52+00:00,WH-01,in_progress,8
ORD-009695,Plant-31,EL-5463-183,134,32,0,2026-07-22T11:00:52+00:00,WH-02,in_progress,1
ORD-009696,Plant-04,FL-6575-4372,90,28,0,2026-07-23T06:00:52+00:00,WH-01,in_progress,5
ORD-009697,Plant-09,EL-3596-2002,135,130,0,2026-07-20T10:00:52+00:00,WH-01,completed,4
ORD-009698,Plant-12,IN-5200-4863,143,140,0,2026-07-23T00:00:52+00:00,WH-01,pending,5
ORD-009699,Plant-03,PO-2234-4638,96,2,0,2026-07-26T05:00:52+00:00,WH-02,completed,1
ORD-009700,Plant-14,CH-5478-4072,125,106,0,2026-07-22T21:00:52+00:00,WH-02,completed,6
ORD-009701,Plant-16,PO-6874-554,74,52,0,2026-07-22T22:00:52+00:00,WH-02,completed,3
ORD-009702,Plant-41,PO-3978-4375,30,22,0,2026-07-23T16:00:52+00:00,WH-02,pending,6
ORD-009703,Plant-04,IN-7771-3420,7,1,0,2026-07-23T22:00:52+00:00,WH-02,completed,1
ORD-009704,Plant-23,EL-7295-1496,82,34,0,2026-07-22T00:00:52+00:00,WH-01,completed,8
ORD-009705,Plant-39,PO-7962-4661,82,70,0,2026-07-25T15:00:52+00:00,WH-01,completed,6
ORD-009706,Plant-11,PO-5971-2259,69,31,0,2026-07-24T11:00:52+00:00,WH-01,in_progress,5
ORD-009707,Plant-12,FL-4313-1899,110,60,0,2026-07-24T02:00:52+00:00,WH-01,pending,9
ORD-009708,Plant-13,EL-7110-1153,60,42,0,2026-07-23T21:00:52+00:00,WH-02,in_progress,3
ORD-009709,Plant-40,CH-3125-025,90,74,0,2026-07-20T20:00:52+00:00,WH-02,pending,4
ORD-009710,Plant-29,FL-8260-4772,44,22,0,2026-07-22T07:00:52+00:00,WH-01,in_progress,1
ORD-009711,Plant-42,EL-4903-629,55,52,0,2026-07-20T01:00:52+00:00,WH-01,completed,5
ORD-009712,Plant-35,FL-6836-1651,71,64,0,2026-07-20T23:00:52+00:00,WH-01,pending,8
ORD-009713,Plant-23,IN-7459-1888,140,94,0,2026-07-24T11:00:52+00:00,WH-01,completed,8
ORD-009714,Plant-20,CH-7735-1133,69,22,0,2026-07-24T14:00:52+00:00,WH-02,pending,1
ORD-009715,Plant-23,PO-5460-1445,114,38,0,2026-07-24T12:00:52+00:00,WH-02,in_progress,9
ORD-009716,Plant-47,EL-5720-1978,29,3,0,2026-07-24T21:00:52+00:00,WH-01,pending,10
ORD-009717,Plant-38,CH-9114-2768,107,74,0,2026-07-21T11:00:52+00:00,WH-02,in_progress,1
ORD-009718,Plant-32,EL-2841-4246,44,39,0,2026-07-20T05:00:52+00:00,WH-01,in_progress,8
ORD-009719,Plant-30,PO-8204-1403,59,41,0,2026-07-25T02:00:52+00:00,WH-01,completed,4
ORD-009720,Plant-23,FL-8995-1593,18,9,0,2026-07-22T17:00:52+00:00,WH-02,completed,1
ORD-009721,Plant-43,CH-4476-4759,109,85,0,2026-07-22T07:00:52+00:00,WH-02,in_progress,10
ORD-009722,Plant-28,PO-9426-3965,43,35,0,2026-07-25T19:00:52+00:00,WH-02,in_progress,7
ORD-009723,Plant-38,IN-4982-4222,80,25,0,2026-07-21T04:00:52+00:00,WH-01,in_progress,8
ORD-009724,Plant-11,IN-9828-1774,19,17,0,2026-07-21T06:00:52+00:00,WH-01,in_progress,5
ORD-009725,Plant-23,EL-2543-2910,72,60,0,2026-07-25T00:00:52+00:00,WH-02,completed,9
ORD-009726,Plant-16,EL-7034-3814,139,47,0,2026-07-25T08:00:52+00:00,WH-01,completed,6
ORD-009727,Plant-24,FL-9229-487,147,49,0,2026-07-22T03:00:52+00:00,WH-01,completed,3
ORD-009728,Plant-47,PO-5177-3331,119,116,0,2026-07-22T04:00:52+00:00,WH-01,in_progress,5
ORD-009729,Plant-20,IN-2194-657,26,17,0,2026-07-21T11:00:52+00:00,WH-02,in_progress,9
ORD-009730,Plant-45,CH-8590-3918,114,67,0,2026-07-24T08:00:52+00:00,WH-01,completed,6
ORD-009731,Plant-18,PO-6561-4523,63,13,0,2026-07-25T20:00:52+00:00,WH-01,in_progress,6
ORD-009732,Plant-25,CH-7137-4431,27,6,0,2026-07-24T17:00:52+00:00,WH-02,pending,3
ORD-009733,Plant-17,CH-1642-1519,116,40,0,2026-07-24T16:00:52+00:00,WH-02,in_progress,8
ORD-009734,Plant-28,IN-2729-1819,129,42,0,2026-07-23T05:00:52+00:00,WH-01,pending,4
ORD-009735,Plant-32,IN-3669-1996,20,9,0,2026-07-20T04:00:52+00:00,WH-02,in_progress,7
ORD-009736,Plant-38,CH-6697-4860,8,3,0,2026-07-25T12:00:52+00:00,WH-01,pending,6
ORD-009737,Plant-01,PO-2119-3725,90,9,0,2026-07-20T14:00:52+00:00,WH-02,in_progress,4
ORD-009738,Plant-29,PO-1764-1167,16,4,0,2026-07-25T02:00:52+00:00,WH-01,in_progress,4
ORD-009739,Plant-06,IN-4869-1696,48,37,0,2026-07-22T10:00:52+00:00,WH-01,pending,4
ORD-009740,Plant-07,IN-7211-849,76,16,0,2026-07-24T15:00:52+00:00,WH-01,in_progress,1
ORD-009741,Plant-32,EL-3100-1993,83,14,0,2026-07-25T15:00:52+00:00,WH-02,in_progress,6
ORD-009742,Plant-43,PO-2552-4913,105,102,0,2026-07-21T08:00:52+00:00,WH-02,pending,9
ORD-009743,Plant-03,IN-4670-4845,130,60,0,2026-07-26T13:00:52+00:00,WH-01,completed,1
ORD-009744,Plant-09,IN-6621-1999,20,8,0,2026-07-20T10:00:52+00:00,WH-02,in_progress,2
ORD-009745,Plant-42,PO-3640-2424,89,78,0,2026-07-24T20:00:52+00:00,WH-02,in_progress,1
ORD-009746,Plant-22,CH-2680-2045,16,0,0,2026-07-22T06:00:52+00:00,WH-01,completed,4
ORD-009747,Plant-37,EL-5452-3140,140,40,0,2026-07-21T19:00:52+00:00,WH-01,in_progress,4
ORD-009748,Plant-40,FL-3112-825,145,0,0,2026-07-24T20:00:52+00:00,WH-02,in_progress,8
ORD-009749,Plant-32,EL-3044-1147,131,12,0,2026-07-21T09:00:52+00:00,WH-01,completed,8
ORD-009750,Plant-47,CH-3163-4316,42,35,0,2026-07-21T12:00:52+00:00,WH-02,completed,4
ORD-009751,Plant-22,CH-7745-2879,69,47,0,2026-07-20T20:00:52+00:00,WH-01,pending,9
ORD-009752,Plant-30,IN-3312-399,124,102,0,2026-07-25T04:00:52+00:00,WH-01,in_progress,10
ORD-009753,Plant-19,FL-6795-1229,96,43,0,2026-07-22T03:00:52+00:00,WH-02,in_progress,7
ORD-009754,Plant-02,EL-5900-3650,17,16,0,2026-07-20T03:00:52+00:00,WH-02,in_progress,5
ORD-009755,Plant-46,PO-4927-4347,10,3,0,2026-07-20T06:00:52+00:00,WH-01,in_progress,9
ORD-009756,Plant-02,PO-4646-2682,43,31,0,2026-07-25T14:00:52+00:00,WH-02,completed,4
ORD-009757,Plant-01,EL-6437-272,117,105,0,2026-07-22T18:00:52+00:00,WH-01,completed,2
ORD-009758,Plant-22,CH-7549-1975,33,4,0,2026-07-23T09:00:52+00:00,WH-01,in_progress,7
ORD-009759,Plant-03,PO-6628-2502,66,48,0,2026-07-25T12:00:52+00:00,WH-01,pending,3
ORD-009760,Plant-39,FL-1018-762,37,11,0,2026-07-25T00:00:52+00:00,WH-02,pending,10
ORD-009761,Plant-13,EL-1107-1928,114,101,0,2026-07-21T06:00:52+00:00,WH-02,completed,3
ORD-009762,Plant-01,IN-7290-1261,29,13,0,2026-07-24T05:00:52+00:00,WH-02,in_progress,4
ORD-009763,Plant-12,IN-6505-3156,54,37,0,2026-07-26T11:00:52+00:00,WH-02,pending,1
ORD-009764,Plant-19,EL-7965-2379,83,51,0,2026-07-21T10:00:52+00:00,WH-01,in_progress,10
ORD-009765,Plant-22,PO-9875-588,115,67,0,2026-07-23T12:00:52+00:00,WH-01,pending,9
ORD-009766,Plant-20,IN-3411-2668,57,22,0,2026-07-25T20:00:52+00:00,WH-02,pending,4
ORD-009767,Plant-09,CH-5861-4901,137,21,0,2026-07-21T14:00:52+00:00,WH-01,completed,4
ORD-009768,Plant-46,CH-8571-4128,109,34,0,2026-07-24T17:00:52+00:00,WH-01,pending,2
ORD-009769,Plant-39,EL-8262-1276,57,42,0,2026-07-21T05:00:52+00:00,WH-02,pending,7
ORD-009770,Plant-44,CH-7979-4235,75,19,0,2026-07-26T17:00:52+00:00,WH-02,pending,10
ORD-009771,Plant-01,EL-5544-1255,148,68,0,2026-07-26T18:00:52+00:00,WH-02,in_progress,9
ORD-009772,Plant-33,EL-7118-2595,91,64,0,2026-07-24T09:00:52+00:00,WH-01,in_progress,4
ORD-009773,Plant-21,FL-6441-2449,100,3,0,2026-07-20T07:00:52+00:00,WH-02,in_progress,8
ORD-009774,Plant-21,FL-6488-2507,68,34,0,2026-07-22T19:00:52+00:00,WH-02,in_progress,7
ORD-009775,Plant-26,CH-9411-420,6,3,0,2026-07-22T19:00:52+00:00,WH-02,pending,5
ORD-009776,Plant-11,EL-7870-1059,149,136,0,2026-07-21T04:00:52+00:00,WH-01,pending,2
ORD-009777,Plant-30,PO-9587-2922,125,11,0,2026-07-22T11:00:52+00:00,WH-02,pending,7
ORD-009778,Plant-31,CH-4794-4269,134,55,0,2026-07-20T09:00:52+00:00,WH-02,in_progress,5
ORD-009779,Plant-09,EL-6901-3429,104,104,0,2026-07-20T17:00:52+00:00,WH-02,in_progress,3
ORD-009780,Plant-45,EL-1258-2075,145,134,0,2026-07-20T23:00:52+00:00,WH-01,completed,8
ORD-009781,Plant-41,IN-8814-3468,15,1,0,2026-07-25T08:00:52+00:00,WH-02,in_progress,9
ORD-009782,Plant-18,EL-4393-303,27,14,0,2026-07-21T18:00:52+00:00,WH-02,in_progress,6
ORD-009783,Plant-43,FL-1704-279,134,36,0,2026-07-25T00:00:52+00:00,WH-01,completed,10
ORD-009784,Plant-08,PO-4775-4042,124,49,0,2026-07-22T06:00:52+00:00,WH-01,pending,1
ORD-009785,Plant-05,FL-4472-4623,135,89,0,2026-07-23T13:00:52+00:00,WH-01,pending,8
ORD-009786,Plant-32,FL-6534-1468,49,7,0,2026-07-20T07:00:52+00:00,WH-02,in_progress,6
ORD-009787,Plant-28,PO-4404-1426,46,39,0,2026-07-21T01:00:52+00:00,WH-01,pending,7
ORD-009788,Plant-28,CH-4421-167,148,67,0,2026-07-22T08:00:52+00:00,WH-01,pending,8
ORD-009789,Plant-25,FL-5058-4839,6,1,0,2026-07-19T20:00:52+00:00,WH-02,completed,10
ORD-009790,Plant-48,IN-9842-4367,45,12,0,2026-07-25T07:00:52+00:00,WH-01,in_progress,10
ORD-009791,Plant-14,IN-5833-4268,11,10,0,2026-07-26T03:00:52+00:00,WH-02,in_progress,4
ORD-009792,Plant-19,IN-8222-600,66,39,0,2026-07-21T17:00:52+00:00,WH-02,pending,3
ORD-009793,Plant-05,FL-7905-1892,88,79,0,2026-07-20T03:00:52+00:00,WH-01,in_progress,7
ORD-009794,Plant-01,CH-8388-3985,109,83,0,2026-07-21T13:00:52+00:00,WH-01,completed,7
ORD-009795,Plant-06,CH-6638-389,13,11,0,2026-07-20T11:00:52+00:00,WH-01,in_progress,5
ORD-009796,Plant-01,CH-3029-2194,133,34,0,2026-07-22T03:00:52+00:00,WH-02,in_progress,3
ORD-009797,Plant-10,CH-4824-3178,111,61,0,2026-07-26T15:00:52+00:00,WH-02,in_progress,8
ORD-009798,Plant-39,EL-8670-4712,29,26,0,2026-07-26T17:00:52+00:00,WH-02,pending,10
ORD-009799,Plant-43,EL-9752-2073,62,55,0,2026-07-20T17:00:52+00:00,WH-01,pending,5
ORD-009800,Plant-08,PO-2631-556,6,2,0,2026-07-19T20:00:52+00:00,WH-01,completed,2
ORD-009801,Plant-43,FL-3503-1769,37,37,0,2026-07-21T00:00:52+00:00,WH-02,completed,8
ORD-009802,Plant-20,CH-5719-3232,4,0,0,2026-07-24T14:00:52+00:00,WH-01,completed,7
ORD-009803,Plant-01,CH-5882-2814,125,109,0,2026-07-20T21:00:52+00:00,WH-01,in_progress,7
ORD-009804,Plant-45,IN-1654-078,64,18,0,2026-07-26T17:00:52+00:00,WH-01,completed,9
ORD-009805,Plant-35,FL-7906-1943,99,38,0,2026-07-19T19:00:52+00:00,WH-01,completed,9
ORD-009806,Plant-43,EL-6270-2179,42,35,0,2026-07-22T04:00:52+00:00,WH-01,pending,8
ORD-009807,Plant-38,IN-2633-1747,46,5,0,2026-07-25T19:00:52+00:00,WH-01,pending,8
ORD-009808,Plant-46,FL-5439-2319,144,89,0,2026-07-19T21:00:52+00:00,WH-02,completed,1
ORD-009809,Plant-12,CH-1335-3838,10,0,0,2026-07-23T06:00:52+00:00,WH-02,in_progress,4
ORD-009810,Plant-09,FL-4976-3126,120,108,0,2026-07-26T03:00:52+00:00,WH-02,pending,3
ORD-009811,Plant-12,FL-8692-2956,11,8,0,2026-07-25T02:00:52+00:00,WH-02,pending,7
ORD-009812,Plant-05,CH-5995-4641,72,35,0,2026-07-23T14:00:52+00:00,WH-01,pending,10
ORD-009813,Plant-48,IN-9476-2783,4,4,0,2026-07-20T20:00:52+00:00,WH-01,in_progress,3
ORD-009814,Plant-01,CH-5506-4711,60,38,0,2026-07-26T18:00:52+00:00,WH-01,in_progress,2
ORD-009815,Plant-41,CH-6665-537,84,24,0,2026-07-26T08:00:52+00:00,WH-02,in_progress,10
ORD-009816,Plant-24,PO-5867-3011,95,17,0,2026-07-21T08:00:52+00:00,WH-02,pending,8
ORD-009817,Plant-44,FL-4114-1137,66,54,0,2026-07-20T15:00:52+00:00,WH-01,in_progress,3
ORD-009818,Plant-47,CH-8138-568,129,85,0,2026-07-22T17:00:52+00:00,WH-01,completed,6
ORD-009819,Plant-42,PO-6309-1326,40,20,0,2026-07-20T08:00:52+00:00,WH-01,pending,2
ORD-009820,Plant-09,EL-1376-232,54,44,0,2026-07-24T03:00:52+00:00,WH-01,in_progress,8
ORD-009821,Plant-31,CH-4002-3161,148,50,0,2026-07-23T01:00:52+00:00,WH-01,completed,5
ORD-009822,Plant-34,EL-7425-4804,150,5,0,2026-07-24T12:00:52+00:00,WH-01,pending,5
ORD-009823,Plant-07,FL-2359-3974,20,2,0,2026-07-20T01:00:52+00:00,WH-02,completed,8
ORD-009824,Plant-29,EL-4255-1022,90,41,0,2026-07-25T16:00:52+00:00,WH-01,completed,5
ORD-009825,Plant-24,FL-6380-2749,93,74,0,2026-07-21T23:00:52+00:00,WH-02,in_progress,3
ORD-009826,Plant-23,IN-2641-3066,116,82,0,2026-07-24T05:00:52+00:00,WH-01,completed,10
ORD-009827,Plant-46,CH-2148-2320,5,1,0,2026-07-24T12:00:52+00:00,WH-02,pending,9
ORD-009828,Plant-38,FL-5152-4185,138,18,0,2026-07-23T20:00:52+00:00,WH-01,completed,3
ORD-009829,Plant-24,EL-6373-1831,62,50,0,2026-07-20T08:00:52+00:00,WH-02,completed,9
ORD-009830,Plant-38,EL-3643-117,149,28,0,2026-07-23T07:00:52+00:00,WH-02,pending,3
ORD-009831,Plant-37,IN-1284-2656,26,14,0,2026-07-20T22:00:52+00:00,WH-02,pending,3
ORD-009832,Plant-36,FL-6763-3511,141,94,0,2026-07-22T03:00:52+00:00,WH-02,in_progress,5
ORD-009833,Plant-04,IN-1707-2501,130,85,0,2026-07-22T16:00:52+00:00,WH-01,in_progress,1
ORD-009834,Plant-48,PO-7940-499,16,0,0,2026-07-21T20:00:52+00:00,WH-02,pending,3
ORD-009835,Plant-19,EL-3946-3321,78,32,0,2026-07-23T10:00:52+00:00,WH-02,pending,9
ORD-009836,Plant-41,PO-5658-4632,114,114,0,2026-07-23T01:00:52+00:00,WH-02,in_progress,7
ORD-009837,Plant-29,CH-3464-2249,98,61,0,2026-07-26T00:00:52+00:00,WH-01,in_progress,6
ORD-009838,Plant-47,PO-2439-2007,98,77,0,2026-07-20T16:00:52+00:00,WH-01,completed,8
ORD-009839,Plant-10,FL-5150-599,39,10,0,2026-07-19T23:00:52+00:00,WH-02,completed,4
ORD-009840,Plant-43,IN-7300-3614,144,39,0,2026-07-23T05:00:52+00:00,WH-02,in_progress,9
ORD-009841,Plant-04,FL-2928-1238,42,22,0,2026-07-25T22:00:52+00:00,WH-02,pending,7
ORD-009842,Plant-20,FL-9046-4603,49,39,0,2026-07-23T01:00:52+00:00,WH-02,completed,8
ORD-009843,Plant-33,EL-6557-2300,66,42,0,2026-07-21T03:00:52+00:00,WH-01,pending,5
ORD-009844,Plant-11,CH-8433-3504,118,92,0,2026-07-23T07:00:52+00:00,WH-01,in_progress,9
ORD-009845,Plant-13,CH-3528-4811,12,5,0,2026-07-25T23:00:52+00:00,WH-01,pending,9
ORD-009846,Plant-27,IN-4610-229,118,28,0,2026-07-24T02:00:52+00:00,WH-01,in_progress,1
ORD-009847,Plant-39,IN-1597-1867,41,16,0,2026-07-22T21:00:52+00:00,WH-02,completed,5
ORD-009848,Plant-17,PO-8490-2373,135,14,0,2026-07-21T18:00:52+00:00,WH-01,in_progress,4
ORD-009849,Plant-14,IN-6857-4880,26,23,0,2026-07-25T08:00:52+00:00,WH-01,completed,2
ORD-009850,Plant-40,FL-1549-4079,145,77,0,2026-07-21T22:00:52+00:00,WH-02,completed,10
ORD-009851,Plant-44,FL-7977-4398,34,23,0,2026-07-19T22:00:52+00:00,WH-02,completed,5
ORD-009852,Plant-44,IN-9258-3464,145,27,0,2026-07-25T10:00:52+00:00,WH-01,in_progress,1
ORD-009853,Plant-25,PO-3144-3544,43,34,0,2026-07-20T09:00:52+00:00,WH-02,pending,10
ORD-009854,Plant-10,PO-2890-038,25,0,0,2026-07-23T03:00:52+00:00,WH-02,pending,10
ORD-009855,Plant-13,FL-7577-4333,149,109,0,2026-07-19T22:00:52+00:00,WH-01,in_progress,6
ORD-009856,Plant-37,CH-1899-1111,77,23,0,2026-07-23T06:00:52+00:00,WH-01,in_progress,6
ORD-009857,Plant-23,EL-4772-692,150,116,0,2026-07-24T14:00:52+00:00,WH-01,completed,6
ORD-009858,Plant-04,IN-7119-4983,86,76,0,2026-07-23T12:00:52+00:00,WH-02,completed,2
ORD-009859,Plant-21,IN-6038-1063,49,28,0,2026-07-26T17:00:52+00:00,WH-02,pending,6
ORD-009860,Plant-10,FL-8913-4876,81,0,0,2026-07-21T12:00:52+00:00,WH-02,completed,6
ORD-009861,Plant-32,CH-1171-2674,52,48,0,2026-07-21T02:00:52+00:00,WH-01,in_progress,8
ORD-009862,Plant-07,FL-3314-2406,114,28,0,2026-07-26T06:00:52+00:00,WH-01,pending,7
ORD-009863,Plant-36,EL-5075-2354,6,6,0,2026-07-25T12:00:52+00:00,WH-01,completed,10
ORD-009864,Plant-11,CH-8446-3509,60,6,0,2026-07-25T03:00:52+00:00,WH-02,completed,6
ORD-009865,Plant-22,CH-6056-4704,10,4,0,2026-07-21T14:00:52+00:00,WH-02,completed,10
ORD-009866,Plant-14,PO-9547-4308,74,66,0,2026-07-19T20:00:52+00:00,WH-01,completed,8
ORD-009867,Plant-15,PO-8597-4547,123,32,0,2026-07-22T09:00:52+00:00,WH-02,in_progress,3
ORD-009868,Plant-05,IN-2765-4037,74,20,0,2026-07-22T01:00:52+00:00,WH-02,pending,5
ORD-009869,Plant-43,FL-4655-929,110,20,0,2026-07-25T05:00:52+00:00,WH-01,in_progress,6
ORD-009870,Plant-20,IN-2704-3397,86,31,0,2026-07-20T00:00:52+00:00,WH-02,pending,10
ORD-009871,Plant-18,CH-3570-3866,122,56,0,2026-07-21T08:00:52+00:00,WH-01,pending,10
ORD-009872,Plant-17,CH-6737-3083,124,23,0,2026-07-26T02:00:52+00:00,WH-01,in_progress,3
ORD-009873,Plant-07,PO-5192-4768,123,34,0,2026-07-21T11:00:52+00:00,WH-02,in_progress,9
ORD-009874,Plant-33,IN-4869-1696,98,22,0,2026-07-23T16:00:52+00:00,WH-02,in_progress,4
ORD-009875,Plant-30,CH-2670-3782,143,123,0,2026-07-23T04:00:52+00:00,WH-02,completed,5
ORD-009876,Plant-45,CH-3049-3099,115,30,0,2026-07-23T06:00:52+00:00,WH-02,completed,1
ORD-009877,Plant-27,IN-9346-2535,68,5,0,2026-07-23T23:00:52+00:00,WH-02,pending,10
ORD-009878,Plant-36,CH-9976-3739,135,123,0,2026-07-23T16:00:52+00:00,WH-01,pending,1
ORD-009879,Plant-04,PO-5377-4150,99,23,0,2026-07-20T00:00:52+00:00,WH-02,completed,10
ORD-009880,Plant-16,FL-9952-3610,112,10,0,2026-07-24T00:00:52+00:00,WH-01,in_progress,1
ORD-009881,Plant-29,IN-1937-4879,88,18,0,2026-07-22T07:00:52+00:00,WH-01,completed,7
ORD-009882,Plant-31,CH-2075-1480,107,29,0,2026-07-24T11:00:52+00:00,WH-02,completed,1
ORD-009883,Plant-03,EL-3531-3759,41,38,0,2026-07-23T00:00:52+00:00,WH-02,completed,6
ORD-009884,Plant-17,IN-3903-3216,113,45,0,2026-07-25T21:00:52+00:00,WH-02,pending,5
ORD-009885,Plant-19,EL-4966-4842,12,10,0,2026-07-25T00:00:52+00:00,WH-02,completed,10
ORD-009886,Plant-17,PO-6005-1761,149,104,0,2026-07-22T20:00:52+00:00,WH-01,in_progress,1
ORD-009887,Plant-16,CH-1977-1051,121,52,0,2026-07-24T23:00:52+00:00,WH-01,completed,1
ORD-009888,Plant-26,FL-2189-3767,44,16,0,2026-07-24T22:00:52+00:00,WH-02,pending,5
ORD-009889,Plant-22,CH-6190-4988,21,5,0,2026-07-23T04:00:52+00:00,WH-01,completed,3
ORD-009890,Plant-31,CH-2115-3090,70,56,0,2026-07-22T08:00:52+00:00,WH-02,completed,9
ORD-009891,Plant-11,FL-8997-2998,81,67,0,2026-07-23T10:00:52+00:00,WH-02,completed,6
ORD-009892,Plant-46,PO-6561-4523,8,5,0,2026-07-23T10:00:52+00:00,WH-02,completed,10
ORD-009893,Plant-12,IN-2592-581,20,13,0,2026-07-20T07:00:52+00:00,WH-02,pending,1
ORD-009894,Plant-26,FL-5268-4535,36,32,0,2026-07-26T15:00:52+00:00,WH-01,pending,7
ORD-009895,Plant-25,PO-8224-1984,146,102,0,2026-07-25T15:00:52+00:00,WH-01,in_progress,2
ORD-009896,Plant-25,EL-6901-3429,27,11,0,2026-07-25T09:00:52+00:00,WH-02,completed,4
ORD-009897,Plant-02,EL-8347-3549,102,53,0,2026-07-24T07:00:52+00:00,WH-01,pending,3
ORD-009898,Plant-08,IN-6428-337,83,12,0,2026-07-26T07:00:52+00:00,WH-02,in_progress,9
ORD-009899,Plant-27,EL-4049-1881,104,93,0,2026-07-24T08:00:52+00:00,WH-02,completed,8
ORD-009900,Plant-44,EL-6245-4746,14,5,0,2026-07-21T06:00:52+00:00,WH-02,completed,3
ORD-009901,Plant-09,CH-5945-3040,118,109,0,2026-07-19T21:00:52+00:00,WH-01,in_progress,5
ORD-009902,Plant-13,PO-1446-1953,42,24,0,2026-07-20T21:00:52+00:00,WH-02,pending,7
ORD-009903,Plant-19,CH-1118-713,68,22,0,2026-07-20T07:00:52+00:00,WH-02,completed,8
ORD-009904,Plant-44,FL-5575-797,97,32,0,2026-07-20T16:00:52+00:00,WH-01,completed,2
ORD-009905,Plant-11,FL-8812-4709,118,3,0,2026-07-22T22:00:52+00:00,WH-01,pending,1
ORD-009906,Plant-33,IN-7882-737,113,75,0,2026-07-20T02:00:52+00:00,WH-01,in_progress,8
ORD-009907,Plant-26,FL-3028-4847,72,66,0,2026-07-25T03:00:52+00:00,WH-01,completed,6
ORD-009908,Plant-45,EL-1122-3741,76,23,0,2026-07-20T19:00:52+00:00,WH-02,in_progress,9
ORD-009909,Plant-18,EL-4119-1501,112,103,0,2026-07-23T04:00:52+00:00,WH-01,pending,4
ORD-009910,Plant-38,IN-1153-2340,105,50,0,2026-07-21T20:00:52+00:00,WH-01,completed,3
ORD-009911,Plant-22,IN-2184-3248,23,3,0,2026-07-25T02:00:52+00:00,WH-02,completed,10
ORD-009912,Plant-23,IN-1176-2781,141,140,0,2026-07-20T15:00:52+00:00,WH-02,completed,10
ORD-009913,Plant-40,FL-4304-4029,73,29,0,2026-07-19T20:00:52+00:00,WH-01,in_progress,5
ORD-009914,Plant-29,PO-8098-3186,12,9,0,2026-07-23T18:00:52+00:00,WH-01,pending,1
ORD-009915,Plant-03,EL-2288-1045,27,0,0,2026-07-24T08:00:52+00:00,WH-02,pending,4
ORD-009916,Plant-09,FL-7956-1629,122,47,0,2026-07-23T05:00:52+00:00,WH-01,completed,9
ORD-009917,Plant-39,EL-3826-2635,46,1,0,2026-07-19T20:00:52+00:00,WH-02,pending,8
ORD-009918,Plant-30,PO-8196-1149,97,33,0,2026-07-21T03:00:52+00:00,WH-02,pending,2
ORD-009919,Plant-32,CH-3875-4273,15,15,0,2026-07-24T19:00:52+00:00,WH-01,in_progress,9
ORD-009920,Plant-32,CH-3325-1530,31,21,0,2026-07-20T19:00:52+00:00,WH-02,in_progress,3
ORD-009921,Plant-20,EL-3115-1950,111,107,0,2026-07-22T07:00:52+00:00,WH-01,in_progress,10
ORD-009922,Plant-25,IN-8840-1308,64,51,0,2026-07-24T11:00:52+00:00,WH-01,pending,7
ORD-009923,Plant-21,IN-9185-3687,67,64,0,2026-07-22T00:00:52+00:00,WH-01,completed,10
ORD-009924,Plant-39,PO-7250-1484,14,5,0,2026-07-23T00:00:52+00:00,WH-01,pending,6
ORD-009925,Plant-36,PO-7321-1158,72,13,0,2026-07-26T14:00:52+00:00,WH-01,completed,4
ORD-009926,Plant-45,EL-6672-2010,54,22,0,2026-07-21T07:00:52+00:00,WH-02,completed,10
ORD-009927,Plant-34,PO-5685-954,17,15,0,2026-07-19T21:00:52+00:00,WH-01,in_progress,3
ORD-009928,Plant-26,PO-3342-2112,21,21,0,2026-07-22T05:00:52+00:00,WH-01,in_progress,5
ORD-009929,Plant-24,FL-7204-2032,97,20,0,2026-07-24T02:00:52+00:00,WH-02,in_progress,4
ORD-009930,Plant-27,PO-3827-3475,106,99,0,2026-07-26T09:00:52+00:00,WH-01,pending,4
ORD-009931,Plant-08,CH-1642-1519,16,9,0,2026-07-26T06:00:52+00:00,WH-01,pending,9
ORD-009932,Plant-25,PO-9690-4326,121,100,0,2026-07-24T23:00:52+00:00,WH-01,in_progress,4
ORD-009933,Plant-08,EL-2427-4572,100,37,0,2026-07-20T05:00:52+00:00,WH-02,in_progress,5
ORD-009934,Plant-03,IN-7698-888,4,0,0,2026-07-22T04:00:52+00:00,WH-02,in_progress,10
ORD-009935,Plant-36,PO-7373-118,21,19,0,2026-07-22T19:00:52+00:00,WH-02,in_progress,2
ORD-009936,Plant-32,IN-1480-902,148,81,0,2026-07-20T02:00:52+00:00,WH-01,pending,8
ORD-009937,Plant-17,FL-4754-1078,145,117,0,2026-07-21T07:00:52+00:00,WH-02,pending,9
ORD-009938,Plant-15,FL-6863-767,23,16,0,2026-07-26T12:00:52+00:00,WH-02,completed,4
ORD-009939,Plant-19,EL-1919-1937,43,20,0,2026-07-21T12:00:52+00:00,WH-01,completed,2
ORD-009940,Plant-16,CH-1554-4174,75,36,0,2026-07-25T04:00:52+00:00,WH-02,completed,8
ORD-009941,Plant-20,CH-7536-2275,37,24,0,2026-07-25T13:00:52+00:00,WH-02,pending,8
ORD-009942,Plant-07,IN-8814-3468,129,47,0,2026-07-20T22:00:52+00:00,WH-02,pending,9
ORD-009943,Plant-23,EL-5240-4371,72,47,0,2026-07-22T11:00:52+00:00,WH-02,in_progress,6
ORD-009944,Plant-46,CH-9045-2301,133,45,0,2026-07-25T03:00:52+00:00,WH-01,in_progress,8
ORD-009945,Plant-06,IN-2259-3591,30,18,0,2026-07-20T04:00:52+00:00,WH-01,in_progress,7
ORD-009946,Plant-13,PO-6913-2597,38,17,0,2026-07-21T22:00:52+00:00,WH-02,pending,6
ORD-009947,Plant-25,IN-7307-4463,44,19,0,2026-07-22T13:00:52+00:00,WH-02,completed,5
ORD-009948,Plant-27,IN-7790-3016,111,100,0,2026-07-22T11:00:52+00:00,WH-01,completed,10
ORD-009949,Plant-09,IN-3702-2166,54,26,0,2026-07-25T08:00:52+00:00,WH-02,pending,9
ORD-009950,Plant-03,FL-2111-972,87,15,0,2026-07-25T10:00:52+00:00,WH-01,pending,1
ORD-009951,Plant-10,FL-5527-4965,118,50,0,2026-07-25T17:00:52+00:00,WH-02,pending,7
ORD-009952,Plant-03,FL-5292-1025,63,58,0,2026-07-24T15:00:52+00:00,WH-01,pending,8
ORD-009953,Plant-36,IN-5211-1797,81,17,0,2026-07-21T23:00:52+00:00,WH-02,in_progress,8
ORD-009954,Plant-14,EL-2728-860,48,42,0,2026-07-24T09:00:52+00:00,WH-01,in_progress,3
ORD-009955,Plant-23,PO-4425-516,135,8,0,2026-07-26T14:00:52+00:00,WH-01,completed,2
ORD-009956,Plant-35,PO-1280-1912,134,55,0,2026-07-23T21:00:52+00:00,WH-02,in_progress,10
ORD-009957,Plant-39,FL-3592-502,58,44,0,2026-07-26T04:00:52+00:00,WH-01,in_progress,10
ORD-009958,Plant-10,CH-1372-803,77,21,0,2026-07-20T03:00:52+00:00,WH-01,in_progress,4
ORD-009959,Plant-30,CH-7873-174,44,22,0,2026-07-23T12:00:52+00:00,WH-01,in_progress,2
ORD-009960,Plant-44,IN-5451-1938,82,6,0,2026-07-20T07:00:52+00:00,WH-01,completed,7
ORD-009961,Plant-43,EL-2543-2910,44,34,0,2026-07-20T14:00:52+00:00,WH-01,in_progress,1
ORD-009962,Plant-37,EL-2796-3087,85,28,0,2026-07-22T19:00:52+00:00,WH-02,completed,7
ORD-009963,Plant-36,CH-7355-3373,99,30,0,2026-07-20T20:00:52+00:00,WH-02,in_progress,7
ORD-009964,Plant-43,EL-3362-4602,139,132,0,2026-07-19T23:00:52+00:00,WH-02,pending,4
ORD-009965,Plant-21,CH-7671-1510,12,10,0,2026-07-20T19:00:52+00:00,WH-02,completed,7
ORD-009966,Plant-10,CH-2009-3276,63,27,0,2026-07-23T11:00:52+00:00,WH-02,pending,1
ORD-009967,Plant-09,FL-6358-982,103,59,0,2026-07-20T07:00:52+00:00,WH-01,completed,3
ORD-009968,Plant-40,IN-7068-877,38,28,0,2026-07-22T05:00:52+00:00,WH-01,pending,10
ORD-009969,Plant-44,FL-7636-481,131,47,0,2026-07-26T00:00:52+00:00,WH-01,pending,8
ORD-009970,Plant-48,PO-6875-4598,105,89,0,2026-07-23T03:00:52+00:00,WH-01,completed,6
ORD-009971,Plant-36,CH-8180-1895,30,23,0,2026-07-23T06:00:52+00:00,WH-01,in_progress,2
ORD-009972,Plant-22,CH-6266-1691,21,17,0,2026-07-25T12:00:52+00:00,WH-01,in_progress,9
ORD-009973,Plant-14,CH-2085-897,101,90,0,2026-07-22T20:00:52+00:00,WH-01,in_progress,6
ORD-009974,Plant-40,PO-6949-3459,111,31,0,2026-07-23T20:00:52+00:00,WH-01,in_progress,1
ORD-009975,Plant-28,FL-4170-284,45,38,0,2026-07-20T23:00:52+00:00,WH-02,pending,8
ORD-009976,Plant-10,FL-9061-2028,44,38,0,2026-07-20T08:00:52+00:00,WH-02,completed,4
ORD-009977,Plant-05,IN-2262-3199,114,81,0,2026-07-22T12:00:52+00:00,WH-01,completed,4
ORD-009978,Plant-06,IN-7979-4201,33,31,0,2026-07-22T14:00:52+00:00,WH-02,completed,9
ORD-009979,Plant-11,FL-8203-1058,129,7,0,2026-07-21T20:00:52+00:00,WH-02,completed,2
ORD-009980,Plant-37,FL-6496-438,98,44,0,2026-07-25T21:00:52+00:00,WH-01,pending,9
ORD-009981,Plant-21,FL-7160-456,41,39,0,2026-07-23T03:00:52+00:00,WH-02,in_progress,4
ORD-009982,Plant-29,EL-6125-3911,60,38,0,2026-07-23T10:00:52+00:00,WH-01,pending,4
ORD-009983,Plant-25,FL-7953-2784,70,49,0,2026-07-25T22:00:52+00:00,WH-01,in_progress,5
ORD-009984,Plant-27,CH-9416-3434,91,78,0,2026-07-24T07:00:52+00:00,WH-01,completed,6
ORD-009985,Plant-07,CH-5948-2131,68,65,0,2026-07-24T15:00:52+00:00,WH-02,completed,5
ORD-009986,Plant-48,CH-8722-4703,86,0,0,2026-07-20T10:00:52+00:00,WH-02,pending,1
ORD-009987,Plant-14,IN-8799-4409,105,34,0,2026-07-22T04:00:52+00:00,WH-02,pending,3
ORD-009988,Plant-34,FL-5262-4476,11,1,0,2026-07-25T02:00:52+00:00,WH-01,pending,8
ORD-009989,Plant-43,EL-2857-394,146,106,0,2026-07-24T18:00:52+00:00,WH-01,in_progress,9
ORD-009990,Plant-16,PO-2249-2693,96,42,0,2026-07-22T12:00:52+00:00,WH-02,pending,10
ORD-009991,Plant-16,EL-9765-2466,50,9,0,2026-07-24T09:00:52+00:00,WH-02,pending,6
ORD-009992,Plant-34,FL-8254-2375,136,117,0,2026-07-21T01:00:52+00:00,WH-02,completed,6
ORD-009993,Plant-08,FL-7628-3857,114,63,0,2026-07-22T01:00:52+00:00,WH-01,completed,10
ORD-009994,Plant-37,PO-1306-1921,54,3,0,2026-07-22T07:00:52+00:00,WH-01,completed,5
ORD-009995,Plant-12,CH-3667-2954,60,39,0,2026-07-24T02:00:52+00:00,WH-02,in_progress,10
ORD-009996,Plant-32,CH-4562-2069,44,10,0,2026-07-22T20:00:52+00:00,WH-02,completed,5
ORD-009997,Plant-45,FL-1018-762,122,54,0,2026-07-24T05:00:52+00:00,WH-01,completed,3
ORD-009998,Plant-25,EL-3952-3730,62,55,0,2026-07-23T05:00:52+00:00,WH-02,in_progress,4
ORD-009999,Plant-35,PO-9125-4726,56,26,0,2026-07-20T03:00:52+00:00,WH-02,completed,10
ORD-010000,Plant-18,EL-4039-802,43,11,0,2026-07-23T21:00:52+00:00,WH-02,in_progress,1
